ISO-10303-21;
HEADER;
FILE_DESCRIPTION (( 'STEP AP203' ),
    '1' );
FILE_NAME ('182-009-113.STEP',
    '2025-02-21T14:34:56',
    ( '' ),
    ( '' ),
    'SwSTEP 2.0',
    'SolidWorks 2020',
    '' );
FILE_SCHEMA (( 'CONFIG_CONTROL_DESIGN' ));
ENDSEC;

DATA;
#1 = VECTOR ( 'NONE', #4418, 39.37007874015748143 ) ;
#2 = CC_DESIGN_PERSON_AND_ORGANIZATION_ASSIGNMENT ( #9218, #5256, ( #3575 ) ) ;
#3 = LINE ( 'NONE', #8736, #6704 ) ;
#4 = PLANE ( 'NONE',  #651 ) ;
#5 = EDGE_CURVE ( 'NONE', #9664, #7803, #1260, .T. ) ;
#6 = DIRECTION ( 'NONE',  ( 0.000000000000000000, -1.000000000000000000, -0.000000000000000000 ) ) ;
#7 = CARTESIAN_POINT ( 'NONE',  ( 0.6015000000000000346, 0.2904999999999998139, 0.2379999999999999893 ) ) ;
#8 = ORIENTED_EDGE ( 'NONE', *, *, #412, .F. ) ;
#9 = ORIENTED_EDGE ( 'NONE', *, *, #9630, .F. ) ;
#10 = VERTEX_POINT ( 'NONE', #1950 ) ;
#11 = CARTESIAN_POINT ( 'NONE',  ( 0.3677413038504020459, 0.1424999999999999878, 0.2379999999999999893 ) ) ;
#12 = FACE_OUTER_BOUND ( 'NONE', #7056, .T. ) ;
#13 = EDGE_CURVE ( 'NONE', #9148, #7006, #6018, .T. ) ;
#14 = DIRECTION ( 'NONE',  ( -0.000000000000000000, -0.000000000000000000, -1.000000000000000000 ) ) ;
#15 = EDGE_LOOP ( 'NONE', ( #10113, #7436, #6893, #252 ) ) ;
#16 = AXIS2_PLACEMENT_3D ( 'NONE', #3190, #8153, #4180 ) ;
#17 = EDGE_CURVE ( 'NONE', #4827, #9932, #4400, .T. ) ;
#18 = ORIENTED_EDGE ( 'NONE', *, *, #1737, .F. ) ;
#19 = VERTEX_POINT ( 'NONE', #2733 ) ;
#20 = DIRECTION ( 'NONE',  ( 1.000000000000000000, 0.000000000000000000, 0.000000000000000000 ) ) ;
#21 = VECTOR ( 'NONE', #10280, 39.37007874015748143 ) ;
#22 = EDGE_LOOP ( 'NONE', ( #506, #8195, #9839, #2007 ) ) ;
#23 = CARTESIAN_POINT ( 'NONE',  ( 0.7684280395708678046, 0.1630738456189906871, 0.000000000000000000 ) ) ;
#24 = CARTESIAN_POINT ( 'NONE',  ( 0.8350285682149465316, 0.3336665925924848231, 0.000000000000000000 ) ) ;
#25 = CARTESIAN_POINT ( 'NONE',  ( 0.8295000000000000151, 0.2904999999999998139, 0.2379999999999999893 ) ) ;
#26 = CARTESIAN_POINT ( 'NONE',  ( 0.7684280395708678046, 0.1630738456189906871, 0.000000000000000000 ) ) ;
#27 = EDGE_CURVE ( 'NONE', #19, #1055, #530, .T. ) ;
#28 = CARTESIAN_POINT ( 'NONE',  ( 0.8223911576717619631, 0.3308751982020680660, 0.000000000000000000 ) ) ;
#29 = ORIENTED_EDGE ( 'NONE', *, *, #9205, .T. ) ;
#30 = AXIS2_PLACEMENT_3D ( 'NONE', #5460, #8689, #7077 ) ;
#31 = DIRECTION ( 'NONE',  ( -0.000000000000000000, 1.000000000000000000, -0.000000000000000000 ) ) ;
#32 = VECTOR ( 'NONE', #3929, 39.37007874015748143 ) ;
#33 = CARTESIAN_POINT ( 'NONE',  ( 0.4370419913543520107, 0.1516027016097293567, 0.000000000000000000 ) ) ;
#34 = CARTESIAN_POINT ( 'NONE',  ( 0.7750398991600717657, 0.1653146440708669618, 0.000000000000000000 ) ) ;
#35 = VECTOR ( 'NONE', #8309, 39.37007874015748143 ) ;
#36 = LINE ( 'NONE', #6423, #49 ) ;
#37 = ORIENTED_EDGE ( 'NONE', *, *, #281, .F. ) ;
#38 = CARTESIAN_POINT ( 'NONE',  ( 0.8163273202156631214, 0.3314581819964155796, 0.002000000000000000042 ) ) ;
#39 = DIRECTION ( 'NONE',  ( -0.000000000000000000, 1.000000000000000000, -0.000000000000000000 ) ) ;
#40 = CARTESIAN_POINT ( 'NONE',  ( 0.7785428972627880251, 0.1566171947923149788, 0.002000000000000000042 ) ) ;
#41 = FACE_OUTER_BOUND ( 'NONE', #6959, .T. ) ;
#42 = VECTOR ( 'NONE', #7536, 39.37007874015748143 ) ;
#43 = EDGE_CURVE ( 'NONE', #4619, #2321, #7486, .T. ) ;
#44 = CARTESIAN_POINT ( 'NONE',  ( 0.8119999999999999440, 0.3154999999999998361, 0.2305000000000000104 ) ) ;
#45 = CARTESIAN_POINT ( 'NONE',  ( 0.5389999999999999236, 0.2034999999999998199, 0.000000000000000000 ) ) ;
#46 = ADVANCED_FACE ( 'NONE', ( #5289 ), #8427, .F. ) ;
#47 = ADVANCED_FACE ( 'NONE', ( #9983 ), #4697, .T. ) ;
#48 = EDGE_LOOP ( 'NONE', ( #10231, #7996, #7284, #5361 ) ) ;
#49 = VECTOR ( 'NONE', #6361, 39.37007874015748143 ) ;
#50 = LINE ( 'NONE', #4810, #7809 ) ;
#51 = EDGE_LOOP ( 'NONE', ( #9408, #2115, #3081, #695 ) ) ;
#52 = AXIS2_PLACEMENT_3D ( 'NONE', #6591, #9765, #7367 ) ;
#53 = ORIENTED_EDGE ( 'NONE', *, *, #2015, .F. ) ;
#54 = CARTESIAN_POINT ( 'NONE',  ( 1.212999999999999856, 0.4040000000000004143, -0.1649999999999999523 ) ) ;
#55 = EDGE_LOOP ( 'NONE', ( #1996, #4055, #797, #3579 ) ) ;
#56 = LINE ( 'NONE', #5704, #10224 ) ;
#57 = LINE ( 'NONE', #3293, #4694 ) ;
#58 = CARTESIAN_POINT ( 'NONE',  ( 0.8259364350229871921, 0.3289407063042043555, 0.002000000000000000042 ) ) ;
#59 = VECTOR ( 'NONE', #7203, 39.37007874015748143 ) ;
#60 = CARTESIAN_POINT ( 'NONE',  ( 0.3759999999999999454, -0.1250000000000000000, -0.4250000000000000444 ) ) ;
#61 = AXIS2_PLACEMENT_3D ( 'NONE', #8363, #5176, #6900 ) ;
#62 = CARTESIAN_POINT ( 'NONE',  ( 0.8452586961495975881, 0.08049999999999998823, 0.2379999999999999893 ) ) ;
#63 = CARTESIAN_POINT ( 'NONE',  ( 0.5939999999999999725, 0.3154999999999998361, 0.2379999999999999893 ) ) ;
#64 = CARTESIAN_POINT ( 'NONE',  ( 0.3347413038504020721, 0.3514999999999999791, 0.2379999999999999893 ) ) ;
#65 = ORIENTED_EDGE ( 'NONE', *, *, #9045, .T. ) ;
#66 = VERTEX_POINT ( 'NONE', #9410 ) ;
#67 = ORIENTED_EDGE ( 'NONE', *, *, #2026, .F. ) ;
#68 = CARTESIAN_POINT ( 'NONE',  ( 0.4009999999999999676, 0.2904999999999998139, 0.000000000000000000 ) ) ;
#69 = CARTESIAN_POINT ( 'NONE',  ( 0.7761540835335105637, 0.1710579172731814257, 0.000000000000000000 ) ) ;
#70 = ADVANCED_FACE ( 'NONE', ( #2299 ), #7846, .T. ) ;
#71 = DIRECTION ( 'NONE',  ( -0.000000000000000000, -0.000000000000000000, -1.000000000000000000 ) ) ;
#72 = ADVANCED_FACE ( 'NONE', ( #9459 ), #6174, .T. ) ;
#73 = EDGE_CURVE ( 'NONE', #5825, #5593, #10144, .T. ) ;
#74 = ORIENTED_EDGE ( 'NONE', *, *, #9338, .F. ) ;
#75 = ORIENTED_EDGE ( 'NONE', *, *, #9850, .F. ) ;
#76 = CARTESIAN_POINT ( 'NONE',  ( 0.8295000000000000151, -0.1250000000000000000, -0.4249999999999999889 ) ) ;
#77 = LINE ( 'NONE', #5876, #8708 ) ;
#78 = CARTESIAN_POINT ( 'NONE',  ( 0.6729999999999999316, 0.1784999999999998255, 0.2304999999999999827 ) ) ;
#79 = LINE ( 'NONE', #3269, #738 ) ;
#80 = DIRECTION ( 'NONE',  ( -0.000000000000000000, -0.000000000000000000, -1.000000000000000000 ) ) ;
#81 = EDGE_LOOP ( 'NONE', ( #799, #2182, #923, #5443 ) ) ;
#82 = CARTESIAN_POINT ( 'NONE',  ( 0.8228345453307983615, 0.3361391133616208893, 0.002000000000000000042 ) ) ;
#84 = AXIS2_PLACEMENT_3D ( 'NONE', #5878, #9009, #9066 ) ;
#83 = CARTESIAN_POINT ( 'NONE',  ( 0.4406942551763622373, 0.1473979079166187756, 0.000000000000000000 ) ) ;
#85 = PLANE ( 'NONE',  #6294 ) ;
#86 = CARTESIAN_POINT ( 'NONE',  ( 0.8119999999999999440, 0.3154999999999998361, 0.000000000000000000 ) ) ;
#87 = ORIENTED_EDGE ( 'NONE', *, *, #257, .F. ) ;
#88 = CARTESIAN_POINT ( 'NONE',  ( 0.8295431898153227124, 0.3312698693530841121, 0.002000000000000000042 ) ) ;
#89 = DIRECTION ( 'NONE',  ( 0.000000000000000000, 0.000000000000000000, -1.000000000000000000 ) ) ;
#90 = DIRECTION ( 'NONE',  ( -0.000000000000000000, 0.000000000000000000, 1.000000000000000000 ) ) ;
#91 = PLANE ( 'NONE',  #6737 ) ;
#92 = LINE ( 'NONE', #2504, #4041 ) ;
#93 = CARTESIAN_POINT ( 'NONE',  ( 0.1869999999999998885, 0.000000000000000000, -0.3734999999999999432 ) ) ;
#94 = ADVANCED_FACE ( 'NONE', ( #4766 ), #1414, .F. ) ;
#95 = ORIENTED_EDGE ( 'NONE', *, *, #7227, .T. ) ;
#96 = CARTESIAN_POINT ( 'NONE',  ( 0.8119999999999999440, 0.2904999999999998139, 0.2379999999999999893 ) ) ;
#97 = ORIENTED_EDGE ( 'NONE', *, *, #6267, .T. ) ;
#98 = ADVANCED_FACE ( 'NONE', ( #3974 ), #8734, .T. ) ;
#99 = EDGE_LOOP ( 'NONE', ( #3624, #2095, #3677, #6282 ) ) ;
#100 = CARTESIAN_POINT ( 'NONE',  ( 0.5714999999999998970, 0.06550000000000003042, 0.2080000000000000182 ) ) ;
#101 = ORIENTED_EDGE ( 'NONE', *, *, #2014, .T. ) ;
#102 = FACE_OUTER_BOUND ( 'NONE', #4443, .T. ) ;
#103 = DIRECTION ( 'NONE',  ( 0.000000000000000000, 0.000000000000000000, -1.000000000000000000 ) ) ;
#104 = CARTESIAN_POINT ( 'NONE',  ( 0.8299936168305240836, 0.3334923922655684270, 0.000000000000000000 ) ) ;
#105 = B_SPLINE_SURFACE_WITH_KNOTS ( 'NONE', 3, 1, ( 
 ( #6105, #5324 ),
 ( #5270, #9387 ),
 ( #1340, #667 ),
 ( #9439, #2281 ),
 ( #7877, #4533 ),
 ( #566, #3757 ),
 ( #8453, #718 ),
 ( #3910, #10276 ),
 ( #7091, #3375 ),
 ( #10328, #83 ),
 ( #8710, #3274 ) ),
 .UNSPECIFIED., .F., .F., .F.,
 ( 4, 1, 1, 1, 1, 1, 1, 1, 4 ),
 ( 2, 2 ),
 ( 0.000000000000000000, 0.1211522424913088480, 0.2376005895733886986, 0.3560524880869264663, 0.4805249744886062602, 0.6076386115432850232, 0.7334299283789966761, 0.8621816073824772886, 1.000000000000000000 ),
 ( 0.000000000000000000, 1.000000000000000000 ),
 .UNSPECIFIED. ) ;
#106 = DIRECTION ( 'NONE',  ( 0.000000000000000000, 1.000000000000000000, 0.000000000000000000 ) ) ;
#107 = CARTESIAN_POINT ( 'NONE',  ( 0.7029999999999999583, 0.2979999999999998206, 0.2379999999999999893 ) ) ;
#108 = CARTESIAN_POINT ( 'NONE',  ( 0.8119999999999999440, 0.2979999999999998206, 0.2379999999999999893 ) ) ;
#109 = CARTESIAN_POINT ( 'NONE',  ( 0.3835000000000000075, -0.1250000000000000000, -0.4425000000000000044 ) ) ;
#110 = ORIENTED_EDGE ( 'NONE', *, *, #6507, .F. ) ;
#111 = VERTEX_POINT ( 'NONE', #7111 ) ;
#112 = ORIENTED_EDGE ( 'NONE', *, *, #7171, .T. ) ;
#113 = CARTESIAN_POINT ( 'NONE',  ( 0.5389999999999999236, 0.1784999999999998255, 0.000000000000000000 ) ) ;
#114 = CARTESIAN_POINT ( 'NONE',  ( 0.6489999999999999103, -0.1250000000000000000, -0.3054999999999999938 ) ) ;
#115 = AXIS2_PLACEMENT_3D ( 'NONE', #4135, #1154, #214 ) ;
#116 = LINE ( 'NONE', #2317, #2008 ) ;
#117 = EDGE_LOOP ( 'NONE', ( #5845, #941, #10033, #7740 ) ) ;
#118 = VERTEX_POINT ( 'NONE', #9356 ) ;
#119 = ORIENTED_EDGE ( 'NONE', *, *, #3548, .T. ) ;
#120 = DIRECTION ( 'NONE',  ( -1.000000000000000000, 0.000000000000000000, -0.000000000000000000 ) ) ;
#121 = DIRECTION ( 'NONE',  ( 1.000000000000000000, 0.000000000000000000, 0.000000000000000000 ) ) ;
#122 = CARTESIAN_POINT ( 'NONE',  ( 0.3871760831755033383, 0.3246250336889850985, 0.002000000000000000042 ) ) ;
#123 = CARTESIAN_POINT ( 'NONE',  ( 0.8414999999999999147, 0.06550000000000003042, 0.2079999999999999627 ) ) ;
#124 = EDGE_CURVE ( 'NONE', #8372, #3094, #5499, .T. ) ;
#125 = ADVANCED_FACE ( 'NONE', ( #2199 ), #3876, .F. ) ;
#126 = EDGE_CURVE ( 'NONE', #7080, #5959, #5340, .T. ) ;
#127 = FACE_OUTER_BOUND ( 'NONE', #4978, .T. ) ;
#128 = VECTOR ( 'NONE', #10302, 39.37007874015748143 ) ;
#129 = VERTEX_POINT ( 'NONE', #8579 ) ;
#130 = LINE ( 'NONE', #9599, #5514 ) ;
#131 = CARTESIAN_POINT ( 'NONE',  ( 0.4337403957416710587, 0.1492212194414283266, 0.000000000000000000 ) ) ;
#132 = PLANE ( 'NONE',  #2796 ) ;
#133 = AXIS2_PLACEMENT_3D ( 'NONE', #779, #1615, #9501 ) ;
#134 = DIRECTION ( 'NONE',  ( 0.7071067811865499042, 0.7071067811865450192, 0.000000000000000000 ) ) ;
#135 = ORIENTED_EDGE ( 'NONE', *, *, #7227, .F. ) ;
#136 = DIRECTION ( 'NONE',  ( -2.439149994343095118E-16, 0.000000000000000000, -1.000000000000000000 ) ) ;
#137 = CARTESIAN_POINT ( 'NONE',  ( 0.3759999999999999454, 0.2904999999999998139, 0.000000000000000000 ) ) ;
#138 = PLANE ( 'NONE',  #4954 ) ;
#139 = DIRECTION ( 'NONE',  ( 0.000000000000000000, 0.000000000000000000, -1.000000000000000000 ) ) ;
#140 = AXIS2_PLACEMENT_3D ( 'NONE', #1833, #6693, #9874 ) ;
#141 = EDGE_CURVE ( 'NONE', #3318, #2143, #3927, .T. ) ;
#142 = CARTESIAN_POINT ( 'NONE',  ( 0.7720918658014966907, 0.1591402898499106322, 0.000000000000000000 ) ) ;
#143 = CARTESIAN_POINT ( 'NONE',  ( 0.8295431898153227124, 0.3312698693530841121, 0.000000000000000000 ) ) ;
#144 = CARTESIAN_POINT ( 'NONE',  ( 0.7679316100563823300, 0.1711025273159249571, 0.000000000000000000 ) ) ;
#145 = ORIENTED_EDGE ( 'NONE', *, *, #3544, .T. ) ;
#146 = LINE ( 'NONE', #4280, #1127 ) ;
#147 = ORIENTED_EDGE ( 'NONE', *, *, #808, .F. ) ;
#148 = VERTEX_POINT ( 'NONE', #10296 ) ;
#149 = CARTESIAN_POINT ( 'NONE',  ( 0.3677413038504020459, 0.1424999999999999878, 0.000000000000000000 ) ) ;
#150 = ORIENTED_EDGE ( 'NONE', *, *, #3035, .T. ) ;
#151 = CARTESIAN_POINT ( 'NONE',  ( 0.6479999999999999094, 0.1784999999999998255, 0.2304999999999999827 ) ) ;
#152 = VECTOR ( 'NONE', #8006, 39.37007874015748143 ) ;
#153 = PLANE ( 'NONE',  #8713 ) ;
#154 = CARTESIAN_POINT ( 'NONE',  ( 0.3759999999999999454, 0.2904999999999998139, 0.2305000000000000104 ) ) ;
#155 = EDGE_CURVE ( 'NONE', #7080, #1194, #6325, .T. ) ;
#156 = FACE_OUTER_BOUND ( 'NONE', #2522, .T. ) ;
#157 = EDGE_CURVE ( 'NONE', #2321, #1841, #7059, .T. ) ;
#158 = FACE_OUTER_BOUND ( 'NONE', #6909, .T. ) ;
#159 = CARTESIAN_POINT ( 'NONE',  ( 0.3922110345599258419, 0.3246250336889850985, 0.002000000000000000042 ) ) ;
#160 = CARTESIAN_POINT ( 'NONE',  ( 1.026000000000000023, 0.05400000000000002714, -0.01500000000000001679 ) ) ;
#161 = ORIENTED_EDGE ( 'NONE', *, *, #5323, .T. ) ;
#162 = EDGE_LOOP ( 'NONE', ( #10141, #8, #4705, #3886 ) ) ;
#163 = ORIENTED_EDGE ( 'NONE', *, *, #8518, .F. ) ;
#164 = PLANE ( 'NONE',  #7719 ) ;
#165 = VECTOR ( 'NONE', #6822, 39.37007874015748143 ) ;
#166 = LINE ( 'NONE', #221, #5381 ) ;
#167 = ADVANCED_FACE ( 'NONE', ( #1513, #9509 ), #4713, .F. ) ;
#168 = CARTESIAN_POINT ( 'NONE',  ( 0.5939999999999999725, 0.2904999999999998139, 0.2305000000000000104 ) ) ;
#169 = ORIENTED_EDGE ( 'NONE', *, *, #6694, .T. ) ;
#170 = EDGE_LOOP ( 'NONE', ( #6432, #4733, #4252, #4186 ) ) ;
#171 = VERTEX_POINT ( 'NONE', #4866 ) ;
#172 = CARTESIAN_POINT ( 'NONE',  ( 0.8299936168305240836, 0.3334923922655684270, 0.000000000000000000 ) ) ;
#173 = EDGE_CURVE ( 'NONE', #4604, #4592, #2151, .T. ) ;
#174 = CARTESIAN_POINT ( 'NONE',  ( 0.5714999999999998970, 0.07050000000000002098, 0.1079999999999999988 ) ) ;
#175 = LINE ( 'NONE', #6566, #4597 ) ;
#176 = CARTESIAN_POINT ( 'NONE',  ( 0.04199999999999991934, 0.000000000000000000, -0.01499999999999999944 ) ) ;
#177 = VECTOR ( 'NONE', #5395, 39.37007874015748143 ) ;
#178 = CARTESIAN_POINT ( 'NONE',  ( 0.3934999999999999054, -0.1250000000000000000, -0.4174999999999999822 ) ) ;
#179 = EDGE_LOOP ( 'NONE', ( #2483, #5900, #1354, #8257 ) ) ;
#180 = CARTESIAN_POINT ( 'NONE',  ( 0.7637337448298890941, 0.1659360676826054093, 0.000000000000000000 ) ) ;
#181 = VECTOR ( 'NONE', #2860, 39.37007874015748143 ) ;
#182 = CARTESIAN_POINT ( 'NONE',  ( 0.4335439718178204505, 0.1484705574134032591, 0.002000000000000000042 ) ) ;
#183 = AXIS2_PLACEMENT_3D ( 'NONE', #9290, #9968, #7781 ) ;
#184 = CARTESIAN_POINT ( 'NONE',  ( 0.1869999999999998885, 0.05400000000000002714, -0.01499999999999999944 ) ) ;
#185 = ORIENTED_EDGE ( 'NONE', *, *, #2162, .F. ) ;
#186 = DIRECTION ( 'NONE',  ( -0.000000000000000000, 0.7071067811865491270, 0.7071067811865459074 ) ) ;
#187 = CARTESIAN_POINT ( 'NONE',  ( 0.3922110345599258419, 0.3526769056879103248, 0.000000000000000000 ) ) ;
#188 = B_SPLINE_SURFACE_WITH_KNOTS ( 'NONE', 3, 1, ( 
 ( #5311, #1331 ),
 ( #6146, #2751 ),
 ( #5359, #5938 ),
 ( #4522, #3587 ),
 ( #5989, #4420 ),
 ( #2852, #4320 ),
 ( #3635, #556 ),
 ( #3747, #3055 ),
 ( #2270, #5467 ),
 ( #9589, #9429 ),
 ( #5519, #8547 ),
 ( #4736, #5576 ),
 ( #757, #9479 ),
 ( #6349, #6295 ),
 ( #2323, #4681 ),
 ( #1386, #8753 ),
 ( #8597, #7864 ),
 ( #3993, #2433 ),
 ( #8645, #8699 ) ),
 .UNSPECIFIED., .F., .F., .F.,
 ( 4, 1, 1, 1, 1, 1, 1, 1, 1, 1, 1, 1, 1, 1, 1, 1, 4 ),
 ( 2, 2 ),
 ( 0.000000000000000000, 0.06339601836289873726, 0.1244617226243858454, 0.1847049086637313764, 0.2441526070095913215, 0.3037409563612796792, 0.3643326347388935460, 0.4258645909534893303, 0.4895799197185350948, 0.5536829170969708169, 0.6164516082757900417, 0.6783780743951841607, 0.7404259476885982627, 0.8028474634932083465, 0.8665906558158602557, 0.9320847206626867720, 1.000000000000000000 ),
 ( 0.000000000000000000, 1.000000000000000000 ),
 .UNSPECIFIED. ) ;
#189 = DIRECTION ( 'NONE',  ( 0.000000000000000000, 0.000000000000000000, 1.000000000000000000 ) ) ;
#190 = FACE_OUTER_BOUND ( 'NONE', #228, .T. ) ;
#191 = EDGE_CURVE ( 'NONE', #1922, #1541, #8150, .T. ) ;
#192 = ADVANCED_FACE ( 'NONE', ( #2611 ), #4023, .T. ) ;
#193 = VECTOR ( 'NONE', #8074, 39.37007874015748143 ) ;
#194 = CARTESIAN_POINT ( 'NONE',  ( 0.3844282135025317015, 0.3526769056879103248, 0.002000000000000000042 ) ) ;
#195 = VECTOR ( 'NONE', #2226, 39.37007874015748143 ) ;
#196 = FACE_OUTER_BOUND ( 'NONE', #7713, .T. ) ;
#197 = CARTESIAN_POINT ( 'NONE',  ( 0.7702680069760240444, 0.1719460592857508241, 0.000000000000000000 ) ) ;
#198 = EDGE_CURVE ( 'NONE', #2694, #9214, #2564, .T. ) ;
#199 = ORIENTED_EDGE ( 'NONE', *, *, #752, .F. ) ;
#200 = CARTESIAN_POINT ( 'NONE',  ( 0.6529999999999998028, 0.1834999999999998299, 0.2354999999999999871 ) ) ;
#201 = VERTEX_POINT ( 'NONE', #4177 ) ;
#202 = VERTEX_POINT ( 'NONE', #5659 ) ;
#203 = CARTESIAN_POINT ( 'NONE',  ( 0.7806344231218973473, 0.1641528766572182274, 0.002000000000000000042 ) ) ;
#204 = VERTEX_POINT ( 'NONE', #1047 ) ;
#205 = FACE_OUTER_BOUND ( 'NONE', #6223, .T. ) ;
#206 = AXIS2_PLACEMENT_3D ( 'NONE', #8429, #4301, #4449 ) ;
#207 = DIRECTION ( 'NONE',  ( -0.000000000000000000, 1.000000000000000000, -0.000000000000000000 ) ) ;
#208 = CARTESIAN_POINT ( 'NONE',  ( 0.7684280395708678046, 0.1630738456189906871, 0.002000000000000000042 ) ) ;
#209 = CARTESIAN_POINT ( 'NONE',  ( 0.7702680069760240444, 0.1719460592857508241, 0.002000000000000000042 ) ) ;
#210 = CARTESIAN_POINT ( 'NONE',  ( 0.3714999999999998304, 0.07050000000000002098, 0.2080000000000000460 ) ) ;
#211 = VECTOR ( 'NONE', #7251, 39.37007874015748854 ) ;
#212 = VECTOR ( 'NONE', #6161, 39.37007874015748143 ) ;
#213 = DIRECTION ( 'NONE',  ( 2.765028333668283566E-16, -1.000000000000000000, 0.000000000000000000 ) ) ;
#214 = DIRECTION ( 'NONE',  ( -3.524965153115178140E-16, 0.000000000000000000, 1.000000000000000000 ) ) ;
#215 = ORIENTED_EDGE ( 'NONE', *, *, #1427, .F. ) ;
#216 = ORIENTED_EDGE ( 'NONE', *, *, #6154, .T. ) ;
#217 = ORIENTED_EDGE ( 'NONE', *, *, #6989, .T. ) ;
#218 = CARTESIAN_POINT ( 'NONE',  ( 0.2599999999999998979, 0.4039999999999999702, -0.4899999999999999911 ) ) ;
#219 = ORIENTED_EDGE ( 'NONE', *, *, #4152, .T. ) ;
#220 = DIRECTION ( 'NONE',  ( -1.000000000000000000, -0.000000000000000000, -0.000000000000000000 ) ) ;
#221 = CARTESIAN_POINT ( 'NONE',  ( 1.026000000000000023, 0.000000000000000000, -0.01500000000000001679 ) ) ;
#222 = CIRCLE ( 'NONE', #7400, 0.07199999999999993905 ) ;
#223 = CIRCLE ( 'NONE', #4392, 0.06249999999999995143 ) ;
#224 = AXIS2_PLACEMENT_3D ( 'NONE', #4699, #9498, #8719 ) ;
#225 = CARTESIAN_POINT ( 'NONE',  ( 1.150499999999999856, 0.4314999999999999392, 0.000000000000000000 ) ) ;
#226 = EDGE_LOOP ( 'NONE', ( #7521, #2980, #7634, #6466 ) ) ;
#227 = EDGE_CURVE ( 'NONE', #7576, #7589, #995, .T. ) ;
#228 = EDGE_LOOP ( 'NONE', ( #9615, #9119, #5336, #4813 ) ) ;
#229 = EDGE_LOOP ( 'NONE', ( #6093, #4709, #7175, #9617 ) ) ;
#230 = DIRECTION ( 'NONE',  ( 0.000000000000000000, -1.000000000000000000, 0.000000000000000000 ) ) ;
#231 = CARTESIAN_POINT ( 'NONE',  ( 0.7718393941060530672, 0.1591543286195481466, 0.000000000000000000 ) ) ;
#232 = CARTESIAN_POINT ( 'NONE',  ( 0.7829999999999999183, -0.1250000000000000000, -0.3230000000000000093 ) ) ;
#233 = VECTOR ( 'NONE', #969, 39.37007874015748854 ) ;
#234 = DIRECTION ( 'NONE',  ( -0.000000000000000000, -0.000000000000000000, -1.000000000000000000 ) ) ;
#235 = DIRECTION ( 'NONE',  ( 0.000000000000000000, 0.000000000000000000, 1.000000000000000000 ) ) ;
#236 = ORIENTED_EDGE ( 'NONE', *, *, #867, .F. ) ;
#237 = CARTESIAN_POINT ( 'NONE',  ( 0.7686740178978462845, 0.1714675587123215550, 0.002000000000000000042 ) ) ;
#238 = PLANE ( 'NONE',  #1974 ) ;
#239 = FACE_OUTER_BOUND ( 'NONE', #2897, .T. ) ;
#240 = EDGE_LOOP ( 'NONE', ( #6881, #5651, #7134, #3310 ) ) ;
#241 = DIRECTION ( 'NONE',  ( -0.4530362792511486436, -0.8914920805493872225, 0.000000000000000000 ) ) ;
#242 = CARTESIAN_POINT ( 'NONE',  ( 0.4299999999999999378, 0.2034999999999998199, 0.2379999999999999893 ) ) ;
#243 = LINE ( 'NONE', #8347, #6880 ) ;
#244 = DESIGN_CONTEXT ( 'detailed design', #9464, 'design' ) ;
#245 = DIRECTION ( 'NONE',  ( 0.000000000000000000, -0.7071067811865491270, 0.7071067811865459074 ) ) ;
#246 = CARTESIAN_POINT ( 'NONE',  ( 0.1139999999999998792, 0.000000000000000000, -0.3734999999999999432 ) ) ;
#247 = FACE_OUTER_BOUND ( 'NONE', #4688, .T. ) ;
#248 = CARTESIAN_POINT ( 'NONE',  ( 0.7105000000000000204, -0.1250000000000000000, -0.4349999999999999978 ) ) ;
#249 = ORIENTED_EDGE ( 'NONE', *, *, #155, .T. ) ;
#250 = CARTESIAN_POINT ( 'NONE',  ( 0.4284896704840947534, 0.1480868418086040417, 0.002000000000000000042 ) ) ;
#251 = ORIENTED_EDGE ( 'NONE', *, *, #366, .T. ) ;
#252 = ORIENTED_EDGE ( 'NONE', *, *, #7721, .T. ) ;
#253 = DIRECTION ( 'NONE',  ( 1.000000000000000000, 0.000000000000000000, -0.000000000000000000 ) ) ;
#254 = DIRECTION ( 'NONE',  ( 1.000000000000000000, 0.000000000000000000, 0.000000000000000000 ) ) ;
#255 = DIRECTION ( 'NONE',  ( -0.7071067811865475727, 0.000000000000000000, 0.7071067811865475727 ) ) ;
#256 = CARTESIAN_POINT ( 'NONE',  ( 0.4447688737410823157, 0.1432492468514029449, 0.000000000000000000 ) ) ;
#257 = EDGE_CURVE ( 'NONE', #10340, #1695, #9193, .T. ) ;
#258 = CARTESIAN_POINT ( 'NONE',  ( 0.7653101062965729229, 0.1689100258656248410, 0.002000000000000000042 ) ) ;
#259 = EDGE_CURVE ( 'NONE', #171, #6357, #57, .T. ) ;
#260 = CARTESIAN_POINT ( 'NONE',  ( 0.4404586590865010032, 0.1460991277879150618, 0.002000000000000000042 ) ) ;
#261 = ORIENTED_EDGE ( 'NONE', *, *, #511, .T. ) ;
#262 = CARTESIAN_POINT ( 'NONE',  ( 0.4401334505621712911, 0.1498978277912006718, 0.002000000000000000042 ) ) ;
#263 = ORIENTED_EDGE ( 'NONE', *, *, #4194, .T. ) ;
#264 = ORIENTED_EDGE ( 'NONE', *, *, #9309, .T. ) ;
#265 = ORIENTED_EDGE ( 'NONE', *, *, #2377, .F. ) ;
#266 = CARTESIAN_POINT ( 'NONE',  ( 0.4425923973245762255, 0.1405970889594438389, 0.002000000000000000042 ) ) ;
#267 = ORIENTED_EDGE ( 'NONE', *, *, #4475, .T. ) ;
#268 = CARTESIAN_POINT ( 'NONE',  ( 0.8316132629808397070, 0.3260594898354562399, 0.002000000000000000042 ) ) ;
#269 = CARTESIAN_POINT ( 'NONE',  ( 0.4284998476553403268, 0.1465826686638243559, 0.000000000000000000 ) ) ;
#270 = DIRECTION ( 'NONE',  ( -0.000000000000000000, 1.000000000000000000, -0.000000000000000000 ) ) ;
#271 = B_SPLINE_CURVE_WITH_KNOTS ( 'NONE', 3,
 ( #2959, #2273, #6884, #8499, #2171, #497, #7817 ),
 .UNSPECIFIED., .F., .F.,
 ( 4, 1, 1, 1, 4 ),
 ( 0.000000000000000000, 0.2636542475285776344, 0.5199803460206469108, 0.7671028029252388025, 1.000000000000000000 ),
 .UNSPECIFIED. ) ;
#272 = PLANE ( 'NONE',  #8516 ) ;
#273 = ORIENTED_EDGE ( 'NONE', *, *, #3585, .T. ) ;
#274 = ORIENTED_EDGE ( 'NONE', *, *, #7916, .T. ) ;
#275 = ORIENTED_EDGE ( 'NONE', *, *, #10210, .F. ) ;
#276 = FACE_OUTER_BOUND ( 'NONE', #179, .T. ) ;
#277 = PLANE ( 'NONE',  #9703 ) ;
#278 = AXIS2_PLACEMENT_3D ( 'NONE', #10256, #4875, #9517 ) ;
#279 = CARTESIAN_POINT ( 'NONE',  ( 0.3934999999999999609, 0.3079999999999998295, 0.2379999999999999893 ) ) ;
#280 = DATE_AND_TIME ( #5982, #9583 ) ;
#281 = EDGE_CURVE ( 'NONE', #4071, #1773, #5863, .T. ) ;
#282 = CARTESIAN_POINT ( 'NONE',  ( 0.8185975438309606167, 0.3371112635731220997, 0.002000000000000000042 ) ) ;
#283 = EDGE_CURVE ( 'NONE', #9392, #5358, #6442, .T. ) ;
#284 = ORIENTED_EDGE ( 'NONE', *, *, #6453, .T. ) ;
#285 = CARTESIAN_POINT ( 'NONE',  ( 0.7716887859514414139, 0.1720797514912898452, 0.000000000000000000 ) ) ;
#286 = CIRCLE ( 'NONE', #5803, 0.07200000000000000844 ) ;
#287 = CARTESIAN_POINT ( 'NONE',  ( 1.171000000000000041, 0.000000000000000000, -0.3734999999999999987 ) ) ;
#288 = CARTESIAN_POINT ( 'NONE',  ( 0.4381413477985718896, 0.1562558067095849434, 0.000000000000000000 ) ) ;
#289 = ORIENTED_EDGE ( 'NONE', *, *, #9914, .F. ) ;
#290 = CARTESIAN_POINT ( 'NONE',  ( 0.4305909598930606763, 0.1541426547634781874, 0.002000000000000000042 ) ) ;
#291 = FACE_OUTER_BOUND ( 'NONE', #99, .T. ) ;
#292 = LINE ( 'NONE', #7564, #9210 ) ;
#293 = PLANE ( 'NONE',  #2734 ) ;
#294 = AXIS2_PLACEMENT_3D ( 'NONE', #4639, #3805, #5478 ) ;
#295 = EDGE_CURVE ( 'NONE', #3610, #9494, #2514, .T. ) ;
#296 = LINE ( 'NONE', #1138, #6369 ) ;
#297 = ADVANCED_FACE ( 'NONE', ( #7369 ), #1624, .T. ) ;
#298 = DIRECTION ( 'NONE',  ( 0.000000000000000000, -0.000000000000000000, -1.000000000000000000 ) ) ;
#299 = LINE ( 'NONE', #3493, #3131 ) ;
#300 = ORIENTED_EDGE ( 'NONE', *, *, #9947, .F. ) ;
#301 = DIRECTION ( 'NONE',  ( -1.000000000000000000, 0.000000000000000000, -0.000000000000000000 ) ) ;
#302 = ORIENTED_EDGE ( 'NONE', *, *, #4611, .T. ) ;
#303 = VECTOR ( 'NONE', #7980, 39.37007874015748143 ) ;
#304 = ORIENTED_EDGE ( 'NONE', *, *, #6218, .F. ) ;
#305 = CARTESIAN_POINT ( 'NONE',  ( 0.7803220894008182640, 0.1657904491619146270, 0.002000000000000000042 ) ) ;
#306 = DIRECTION ( 'NONE',  ( 1.000000000000000000, 0.000000000000000000, 0.000000000000000000 ) ) ;
#307 = VECTOR ( 'NONE', #6082, 39.37007874015748143 ) ;
#308 = CARTESIAN_POINT ( 'NONE',  ( 0.3834999999999999520, 0.2904999999999998139, 0.2379999999999999893 ) ) ;
#309 = ADVANCED_FACE ( 'NONE', ( #2465 ), #153, .T. ) ;
#310 = CARTESIAN_POINT ( 'NONE',  ( 0.8295622325301642563, 0.3356511457944886812, 0.000000000000000000 ) ) ;
#311 = VECTOR ( 'NONE', #8810, 39.37007874015748143 ) ;
#312 = CARTESIAN_POINT ( 'NONE',  ( 0.7716887859514414139, 0.1720797514912898452, 0.002000000000000000042 ) ) ;
#313 = CARTESIAN_POINT ( 'NONE',  ( 0.7829999999999999183, -0.1250000000000000000, -0.3054999999999999938 ) ) ;
#314 = VERTEX_POINT ( 'NONE', #5017 ) ;
#315 = DIRECTION ( 'NONE',  ( -1.000000000000000000, 0.000000000000000000, -0.000000000000000000 ) ) ;
#316 = ORIENTED_EDGE ( 'NONE', *, *, #6534, .T. ) ;
#317 = ORIENTED_EDGE ( 'NONE', *, *, #456, .T. ) ;
#318 = VERTEX_POINT ( 'NONE', #6386 ) ;
#319 = CARTESIAN_POINT ( 'NONE',  ( 0.2599999999999998979, 0.4039999999999999702, -0.1649999999999999523 ) ) ;
#320 = CARTESIAN_POINT ( 'NONE',  ( 0.7800490015921506259, 0.1665712734488480617, 0.000000000000000000 ) ) ;
#321 = CARTESIAN_POINT ( 'NONE',  ( 0.8119999999999999440, 0.2904999999999998139, 0.000000000000000000 ) ) ;
#322 = ADVANCED_FACE ( 'NONE', ( #4817 ), #2037, .T. ) ;
#323 = LINE ( 'NONE', #3514, #1203 ) ;
#324 = FACE_OUTER_BOUND ( 'NONE', #8253, .T. ) ;
#325 = EDGE_CURVE ( 'NONE', #8937, #8661, #407, .T. ) ;
#326 = CARTESIAN_POINT ( 'NONE',  ( 0.8257373564820671419, 0.3289482668293949863, 0.002000000000000000042 ) ) ;
#327 = PLANE ( 'NONE',  #5295 ) ;
#328 = EDGE_LOOP ( 'NONE', ( #5405, #9052, #6661, #9750 ) ) ;
#329 = VERTEX_POINT ( 'NONE', #9140 ) ;
#330 = VERTEX_POINT ( 'NONE', #9036 ) ;
#331 = ADVANCED_FACE ( 'NONE', ( #4285 ), #3445, .T. ) ;
#332 = LINE ( 'NONE', #9995, #562 ) ;
#333 = CARTESIAN_POINT ( 'NONE',  ( 0.4349999999999999423, 0.1984999999999998155, 0.2354999999999999871 ) ) ;
#334 = VECTOR ( 'NONE', #5258, 39.37007874015748143 ) ;
#335 = EDGE_CURVE ( 'NONE', #6408, #5135, #1197, .T. ) ;
#336 = ORIENTED_EDGE ( 'NONE', *, *, #1854, .T. ) ;
#337 = DIRECTION ( 'NONE',  ( 0.000000000000000000, -1.000000000000000000, 0.000000000000000000 ) ) ;
#338 = DIRECTION ( 'NONE',  ( 0.7071067811865483499, -0.7071067811865466846, 0.000000000000000000 ) ) ;
#339 = CARTESIAN_POINT ( 'NONE',  ( 0.4412832998108461302, 0.1552918406235914983, 0.000000000000000000 ) ) ;
#340 = ORIENTED_EDGE ( 'NONE', *, *, #5972, .T. ) ;
#341 = LINE ( 'NONE', #9699, #693 ) ;
#342 = LINE ( 'NONE', #4323, #2229 ) ;
#343 = CARTESIAN_POINT ( 'NONE',  ( 0.4309999999999999387, 0.03300000000000000155, -0.3305000000000000160 ) ) ;
#344 = PLANE ( 'NONE',  #7072 ) ;
#345 = CIRCLE ( 'NONE', #10200, 0.06250000000000001388 ) ;
#346 = DIRECTION ( 'NONE',  ( -1.000000000000000000, 0.000000000000000000, 0.000000000000000000 ) ) ;
#347 = LINE ( 'NONE', #1189, #976 ) ;
#348 = CARTESIAN_POINT ( 'NONE',  ( 0.7105000000000000204, 0.3079999999999998295, 0.2379999999999999893 ) ) ;
#349 = CARTESIAN_POINT ( 'NONE',  ( 0.7633930881864453566, 0.1633435751574418837, 0.000000000000000000 ) ) ;
#350 = ORIENTED_EDGE ( 'NONE', *, *, #335, .T. ) ;
#351 = LINE ( 'NONE', #1824, #6137 ) ;
#352 = VERTEX_POINT ( 'NONE', #4386 ) ;
#353 = EDGE_LOOP ( 'NONE', ( #9059, #3896, #10247, #3535 ) ) ;
#354 = CARTESIAN_POINT ( 'NONE',  ( 0.7761540835335105637, 0.1710579172731814257, 0.002000000000000000042 ) ) ;
#355 = CARTESIAN_POINT ( 'NONE',  ( 0.6739999999999999325, -0.1174999999999999933, -0.3305000000000000160 ) ) ;
#356 = CARTESIAN_POINT ( 'NONE',  ( 0.5939999999999999725, 0.03300000000000000155, -0.4425000000000000044 ) ) ;
#357 = DIRECTION ( 'NONE',  ( -1.000000000000000000, 0.000000000000000000, 0.000000000000000000 ) ) ;
#358 = VECTOR ( 'NONE', #9173, 39.37007874015748143 ) ;
#359 = CARTESIAN_POINT ( 'NONE',  ( 0.8282728709416398161, 0.3428184292884038364, 0.002000000000000000042 ) ) ;
#360 = EDGE_CURVE ( 'NONE', #7829, #3982, #6638, .T. ) ;
#361 = DIRECTION ( 'NONE',  ( 1.000000000000000000, -1.323569764372220076E-16, 0.000000000000000000 ) ) ;
#362 = EDGE_CURVE ( 'NONE', #6055, #9980, #1149, .T. ) ;
#363 = VECTOR ( 'NONE', #6452, 39.37007874015748143 ) ;
#364 = AXIS2_PLACEMENT_3D ( 'NONE', #1614, #6429, #935 ) ;
#365 = EDGE_LOOP ( 'NONE', ( #169, #2092, #1424, #7121 ) ) ;
#366 = EDGE_CURVE ( 'NONE', #1332, #10314, #2823, .T. ) ;
#367 = DIRECTION ( 'NONE',  ( -0.000000000000000000, -1.000000000000000000, -0.000000000000000000 ) ) ;
#368 = EDGE_LOOP ( 'NONE', ( #2896, #468, #5441, #4885 ) ) ;
#369 = ORIENTED_EDGE ( 'NONE', *, *, #10310, .F. ) ;
#370 = EDGE_LOOP ( 'NONE', ( #9614, #7105, #8790, #7383 ) ) ;
#371 = DIRECTION ( 'NONE',  ( 0.000000000000000000, 1.000000000000000000, 0.000000000000000000 ) ) ;
#372 = CARTESIAN_POINT ( 'NONE',  ( 0.7728811175534917588, 0.1720687484304752046, 0.000000000000000000 ) ) ;
#373 = CARTESIAN_POINT ( 'NONE',  ( 0.7647733655375199557, 0.1583550817730179638, 0.002000000000000000042 ) ) ;
#374 = PLANE ( 'NONE',  #206 ) ;
#375 = DIRECTION ( 'NONE',  ( 0.000000000000000000, -0.7071067811865500152, -0.7071067811865451302 ) ) ;
#376 = AXIS2_PLACEMENT_3D ( 'NONE', #3185, #7058, #1460 ) ;
#377 = DIRECTION ( 'NONE',  ( -1.000000000000000000, -0.000000000000000000, -0.000000000000000000 ) ) ;
#378 = LINE ( 'NONE', #6709, #7631 ) ;
#379 = ORIENTED_EDGE ( 'NONE', *, *, #7780, .T. ) ;
#380 = ORIENTED_EDGE ( 'NONE', *, *, #8814, .F. ) ;
#381 = EDGE_LOOP ( 'NONE', ( #7330, #2106, #954, #956 ) ) ;
#382 = AXIS2_PLACEMENT_3D ( 'NONE', #1710, #9798, #9749 ) ;
#383 = CARTESIAN_POINT ( 'NONE',  ( 0.3959999999999999631, 0.2954999999999998184, 0.2354999999999999871 ) ) ;
#384 = VECTOR ( 'NONE', #7318, 39.37007874015748143 ) ;
#385 = CARTESIAN_POINT ( 'NONE',  ( 0.4396790430646638770, 0.1504928883462755274, 0.002000000000000000042 ) ) ;
#386 = AXIS2_PLACEMENT_3D ( 'NONE', #6113, #7526, #1941 ) ;
#387 = EDGE_CURVE ( 'NONE', #8302, #7285, #9818, .T. ) ;
#388 = EDGE_LOOP ( 'NONE', ( #4782, #2752, #1693, #3857 ) ) ;
#389 = ADVANCED_FACE ( 'NONE', ( #1249 ), #5175, .F. ) ;
#390 = FACE_OUTER_BOUND ( 'NONE', #9163, .T. ) ;
#391 = CARTESIAN_POINT ( 'NONE',  ( 0.7205000000000000293, -0.1250000000000000000, -0.4425000000000000044 ) ) ;
#392 = CARTESIAN_POINT ( 'NONE',  ( 0.8228345453307983615, 0.3361391133616208893, 0.002000000000000000042 ) ) ;
#393 = VERTEX_POINT ( 'NONE', #7525 ) ;
#394 = CARTESIAN_POINT ( 'NONE',  ( 0.5989999999999999769, 0.2954999999999998184, 0.2354999999999999871 ) ) ;
#395 = CARTESIAN_POINT ( 'NONE',  ( 0.8185975438309606167, 0.3371112635731220442, 0.000000000000000000 ) ) ;
#396 = LINE ( 'NONE', #3591, #7712 ) ;
#397 = CARTESIAN_POINT ( 'NONE',  ( 0.3759999999999999454, 0.2979999999999998206, 0.2379999999999999893 ) ) ;
#398 = DIRECTION ( 'NONE',  ( 1.000000000000000000, 0.000000000000000000, 0.000000000000000000 ) ) ;
#399 = DIRECTION ( 'NONE',  ( 0.000000000000000000, 0.000000000000000000, -1.000000000000000000 ) ) ;
#400 = CARTESIAN_POINT ( 'NONE',  ( 0.7684280395708678046, 0.1630738456189906871, 0.002000000000000000042 ) ) ;
#401 = CARTESIAN_POINT ( 'NONE',  ( 0.8265345791645276607, 0.3379256641452954568, 0.002000000000000000042 ) ) ;
#402 = CARTESIAN_POINT ( 'NONE',  ( 0.7756081428408930778, 0.1633297901984075706, 0.002000000000000000042 ) ) ;
#403 = ORIENTED_EDGE ( 'NONE', *, *, #3070, .T. ) ;
#404 = VERTEX_POINT ( 'NONE', #9870 ) ;
#405 = CARTESIAN_POINT ( 'NONE',  ( 0.8202631052967811476, 0.3254441326448611616, 0.002000000000000000042 ) ) ;
#406 = CARTESIAN_POINT ( 'NONE',  ( 0.2586835555200637238, 0.3394908818425781405, 0.2379999999999999893 ) ) ;
#407 = LINE ( 'NONE', #1100, #4208 ) ;
#408 = DIRECTION ( 'NONE',  ( -0.000000000000000000, 0.000000000000000000, 1.000000000000000000 ) ) ;
#409 = CARTESIAN_POINT ( 'NONE',  ( 0.7633930881864453566, 0.1633435751574418837, 0.002000000000000000042 ) ) ;
#410 = EDGE_CURVE ( 'NONE', #8371, #837, #8260, .T. ) ;
#411 = DIRECTION ( 'NONE',  ( -0.000000000000000000, 0.000000000000000000, 1.000000000000000000 ) ) ;
#412 = EDGE_CURVE ( 'NONE', #9494, #2995, #4238, .T. ) ;
#413 = EDGE_CURVE ( 'NONE', #111, #1828, #3604, .T. ) ;
#414 = EDGE_LOOP ( 'NONE', ( #1409, #7328, #4776, #940 ) ) ;
#415 = CARTESIAN_POINT ( 'NONE',  ( 0.6489999999999999103, -0.1250000000000000000, -0.3130000000000000004 ) ) ;
#416 = VERTEX_POINT ( 'NONE', #6689 ) ;
#417 = EDGE_LOOP ( 'NONE', ( #10104, #5201, #9903, #10192, #9931, #2672 ) ) ;
#418 = VERTEX_POINT ( 'NONE', #3656 ) ;
#419 = CARTESIAN_POINT ( 'NONE',  ( 0.4457187570928756171, 0.1465005023646544502, 0.002000000000000000042 ) ) ;
#420 = CARTESIAN_POINT ( 'NONE',  ( 0.7800490015921506259, 0.1665712734488480617, 0.002000000000000000042 ) ) ;
#421 = FACE_OUTER_BOUND ( 'NONE', #240, .T. ) ;
#422 = FACE_OUTER_BOUND ( 'NONE', #5756, .T. ) ;
#423 = DIRECTION ( 'NONE',  ( -0.000000000000000000, 1.000000000000000000, -0.000000000000000000 ) ) ;
#424 = EDGE_CURVE ( 'NONE', #9148, #8265, #8460, .T. ) ;
#425 = CARTESIAN_POINT ( 'NONE',  ( 0.4484999999999998987, -0.1250000000000000000, -0.3130000000000000560 ) ) ;
#426 = CARTESIAN_POINT ( 'NONE',  ( 0.8252903368011861307, 0.3378270755322314023, 0.002000000000000000042 ) ) ;
#427 = EDGE_LOOP ( 'NONE', ( #3264, #3887, #1207, #1909 ) ) ;
#428 = ORIENTED_EDGE ( 'NONE', *, *, #9850, .T. ) ;
#429 = EDGE_LOOP ( 'NONE', ( #7854, #5464, #2509, #8269 ) ) ;
#430 = CARTESIAN_POINT ( 'NONE',  ( 0.5439999999999999281, 0.1834999999999998299, 0.2354999999999999871 ) ) ;
#431 = DIRECTION ( 'NONE',  ( 1.000000000000000000, 0.000000000000000000, 0.000000000000000000 ) ) ;
#432 = MECHANICAL_CONTEXT ( 'NONE', #8403, 'mechanical' ) ;
#433 = VERTEX_POINT ( 'NONE', #356 ) ;
#434 = DIRECTION ( 'NONE',  ( -0.5773502691896257311, -0.5773502691896257311, -0.5773502691896257311 ) ) ;
#435 = DIRECTION ( 'NONE',  ( -0.000000000000000000, 0.000000000000000000, -1.000000000000000000 ) ) ;
#436 = VECTOR ( 'NONE', #10283, 39.37007874015748143 ) ;
#437 = CARTESIAN_POINT ( 'NONE',  ( 0.4457173756285661703, 0.1483052793090132715, 0.002000000000000000042 ) ) ;
#438 = VERTEX_POINT ( 'NONE', #3554 ) ;
#439 = EDGE_CURVE ( 'NONE', #5724, #1109, #9925, .T. ) ;
#440 = PLANE ( 'NONE',  #3864 ) ;
#441 = CARTESIAN_POINT ( 'NONE',  ( 0.8313318613576787808, 0.3415033911334287020, 0.000000000000000000 ) ) ;
#442 = CARTESIAN_POINT ( 'NONE',  ( 0.3759999999999999454, -0.1250000000000000000, -0.4250000000000000444 ) ) ;
#443 = LINE ( 'NONE', #5060, #8407 ) ;
#444 = EDGE_CURVE ( 'NONE', #1109, #5444, #9971, .T. ) ;
#445 = CARTESIAN_POINT ( 'NONE',  ( 0.4284780785085262056, 0.1474275131291200580, 0.002000000000000000042 ) ) ;
#446 = AXIS2_PLACEMENT_3D ( 'NONE', #694, #2840, #3674 ) ;
#447 = EDGE_CURVE ( 'NONE', #6755, #7999, #458, .T. ) ;
#448 = CARTESIAN_POINT ( 'NONE',  ( 0.4299999999999999378, 0.1959999999999998410, 0.2379999999999999893 ) ) ;
#449 = CARTESIAN_POINT ( 'NONE',  ( -1.193109725977863671E-16, 0.4314999999999999392, -0.4899999999999999911 ) ) ;
#450 = CARTESIAN_POINT ( 'NONE',  ( 0.8299936168305240836, 0.3334923922655684270, 0.000000000000000000 ) ) ;
#451 = LINE ( 'NONE', #2764, #5894 ) ;
#452 = ORIENTED_EDGE ( 'NONE', *, *, #5228, .T. ) ;
#453 = EDGE_LOOP ( 'NONE', ( #3834, #1847, #9895, #5351 ) ) ;
#454 = CARTESIAN_POINT ( 'NONE',  ( 0.4286855862897321900, 0.1494062019822583187, 0.002000000000000000042 ) ) ;
#455 = CARTESIAN_POINT ( 'NONE',  ( 0.7279999999999999805, 0.2904999999999998139, 0.2305000000000000104 ) ) ;
#456 = EDGE_CURVE ( 'NONE', #2367, #10338, #514, .T. ) ;
#457 = VECTOR ( 'NONE', #7723, 39.37007874015748143 ) ;
#458 = LINE ( 'NONE', #10020, #2375 ) ;
#459 = LINE ( 'NONE', #1350, #1067 ) ;
#460 = CARTESIAN_POINT ( 'NONE',  ( 0.8341010382057908457, 0.3381937060592244415, 0.000000000000000000 ) ) ;
#461 = PLANE ( 'NONE',  #6823 ) ;
#462 = AXIS2_PLACEMENT_3D ( 'NONE', #1553, #2335, #2180 ) ;
#463 = EDGE_CURVE ( 'NONE', #2828, #8096, #6111, .T. ) ;
#464 = EDGE_LOOP ( 'NONE', ( #9014, #5055, #8072, #2730 ) ) ;
#465 = CARTESIAN_POINT ( 'NONE',  ( 1.026000000000000023, 0.5082634147716499351, -0.01500000000000001679 ) ) ;
#466 = ORIENTED_EDGE ( 'NONE', *, *, #6513, .T. ) ;
#467 = EDGE_LOOP ( 'NONE', ( #4138, #7599, #8701, #1838 ) ) ;
#468 = ORIENTED_EDGE ( 'NONE', *, *, #2440, .F. ) ;
#469 = VECTOR ( 'NONE', #8657, 39.37007874015748143 ) ;
#470 = DIRECTION ( 'NONE',  ( -0.000000000000000000, -0.000000000000000000, -1.000000000000000000 ) ) ;
#471 = EDGE_CURVE ( 'NONE', #8372, #2347, #3861, .T. ) ;
#472 = CARTESIAN_POINT ( 'NONE',  ( 0.7775540763638868480, 0.1700512535007670800, 0.002000000000000000042 ) ) ;
#473 = CARTESIAN_POINT ( 'NONE',  ( 0.7756102954488707235, 0.1627897441268046641, 0.002000000000000000042 ) ) ;
#474 = LINE ( 'NONE', #6807, #2204 ) ;
#475 = EDGE_CURVE ( 'NONE', #7792, #5905, #1877, .T. ) ;
#476 = VECTOR ( 'NONE', #2668, 39.37007874015748143 ) ;
#477 = FACE_OUTER_BOUND ( 'NONE', #7630, .T. ) ;
#478 = CARTESIAN_POINT ( 'NONE',  ( 0.5100000000000000089, 0.2904999999999998139, 0.2305000000000000104 ) ) ;
#479 = FACE_OUTER_BOUND ( 'NONE', #226, .T. ) ;
#480 = CARTESIAN_POINT ( 'NONE',  ( 0.7079999999999999627, -0.1225000000000000117, -0.4375000000000000000 ) ) ;
#481 = EDGE_LOOP ( 'NONE', ( #2231, #2714, #8441, #5913 ) ) ;
#482 = VERTEX_POINT ( 'NONE', #8664 ) ;
#483 = ORIENTED_EDGE ( 'NONE', *, *, #3009, .T. ) ;
#484 = CARTESIAN_POINT ( 'NONE',  ( 0.3677413038504020459, 0.06550000000000003042, 0.000000000000000000 ) ) ;
#485 = CARTESIAN_POINT ( 'NONE',  ( 0.3759999999999999454, 0.2904999999999998139, 0.2379999999999999893 ) ) ;
#486 = EDGE_CURVE ( 'NONE', #2192, #5358, #7731, .T. ) ;
#487 = VECTOR ( 'NONE', #4825, 39.37007874015748143 ) ;
#488 = B_SPLINE_CURVE_WITH_KNOTS ( 'NONE', 3,
 ( #620, #1401, #3810, #6997, #3017, #5433, #8610, #7579, #405, #3602, #2819, #6003, #9187, #2035, #5222, #3957, #5641, #6260, #3173 ),
 .UNSPECIFIED., .F., .F.,
 ( 4, 1, 1, 1, 1, 1, 1, 1, 1, 1, 1, 1, 1, 1, 1, 1, 4 ),
 ( 0.000000000000000000, 0.06593481762567481030, 0.1300372587941702740, 0.1923620702496563195, 0.2538195214289220014, 0.3141994357375474389, 0.3746698781567828762, 0.4351541180379880358, 0.4964786684939738182, 0.5578092661396436558, 0.6190309229821167047, 0.6796911875192884755, 0.7409612864102661511, 0.8033752905051773086, 0.8668176884999617693, 0.9323179771745099265, 1.000000000000000000 ),
 .UNSPECIFIED. ) ;
#489 = ORIENTED_EDGE ( 'NONE', *, *, #865, .F. ) ;
#490 = PLANE ( 'NONE',  #9512 ) ;
#491 = ADVANCED_FACE ( 'NONE', ( #5330 ), #2186, .T. ) ;
#492 = CARTESIAN_POINT ( 'NONE',  ( 0.3064999999999997726, 0.1328303204446733277, 0.2379999999999999893 ) ) ;
#493 = EDGE_CURVE ( 'NONE', #7043, #1583, #7099, .T. ) ;
#494 = CARTESIAN_POINT ( 'NONE',  ( 0.4456049352533203445, 0.1491998533589793674, 0.002000000000000000042 ) ) ;
#495 = ORIENTED_EDGE ( 'NONE', *, *, #9228, .F. ) ;
#496 = CARTESIAN_POINT ( 'NONE',  ( 0.5939999999999999725, 0.3154999999999998361, 0.000000000000000000 ) ) ;
#497 = CARTESIAN_POINT ( 'NONE',  ( 0.8263895854460688861, 0.3429631920372863130, 0.002000000000000000042 ) ) ;
#498 = LINE ( 'NONE', #4633, #4712 ) ;
#499 = FACE_OUTER_BOUND ( 'NONE', #527, .T. ) ;
#500 = AXIS2_PLACEMENT_3D ( 'NONE', #7296, #2393, #5588 ) ;
#501 = PLANE ( 'NONE',  #521 ) ;
#502 = CARTESIAN_POINT ( 'NONE',  ( 0.6114999999999999325, -0.1250000000000000000, -0.4425000000000000044 ) ) ;
#503 = LINE ( 'NONE', #616, #457 ) ;
#504 = CARTESIAN_POINT ( 'NONE',  ( 0.04199999999999988465, 0.1140000000000000041, -0.2199999999999999456 ) ) ;
#505 = CARTESIAN_POINT ( 'NONE',  ( 1.026000000000000245, 0.05399999999999999245, -0.2919999999999999263 ) ) ;
#506 = ORIENTED_EDGE ( 'NONE', *, *, #8673, .T. ) ;
#507 = EDGE_LOOP ( 'NONE', ( #8991, #7161, #2881, #7909 ) ) ;
#508 = CARTESIAN_POINT ( 'NONE',  ( 0.4474999999999999534, 0.1784999999999998255, 0.2379999999999999893 ) ) ;
#509 = ADVANCED_FACE ( 'NONE', ( #573 ), #10083, .F. ) ;
#510 = CARTESIAN_POINT ( 'NONE',  ( 0.8119999999999999440, -0.1174999999999999933, -0.4425000000000000044 ) ) ;
#511 = EDGE_CURVE ( 'NONE', #7057, #6098, #512, .T. ) ;
#512 = LINE ( 'NONE', #5485, #436 ) ;
#513 = DIRECTION ( 'NONE',  ( 0.000000000000000000, 0.000000000000000000, 1.000000000000000000 ) ) ;
#514 = B_SPLINE_CURVE_WITH_KNOTS ( 'NONE', 3,
 ( #6062, #2088, #2923, #10237, #6162, #3074, #9397, #7833, #3020, #1403, #9446 ),
 .UNSPECIFIED., .F., .F.,
 ( 4, 1, 1, 1, 1, 1, 1, 1, 4 ),
 ( 0.000000000000000000, 0.1213709152894187071, 0.2383107987948463180, 0.3569764961416287408, 0.4822940445794957065, 0.6096371144050468649, 0.7348147291848068363, 0.8637987975302436894, 1.000000000000000000 ),
 .UNSPECIFIED. ) ;
#515 = CARTESIAN_POINT ( 'NONE',  ( 0.4345552671548617019, 0.1448263110696073885, 0.000000000000000000 ) ) ;
#516 = DIRECTION ( 'NONE',  ( 1.000000000000000000, 0.000000000000000000, 0.000000000000000000 ) ) ;
#517 = VECTOR ( 'NONE', #7794, 39.37007874015748143 ) ;
#518 = EDGE_CURVE ( 'NONE', #438, #1774, #4540, .T. ) ;
#519 = AXIS2_PLACEMENT_3D ( 'NONE', #5611, #8103, #9670 ) ;
#520 = ADVANCED_FACE ( 'NONE', ( #6949 ), #1448, .T. ) ;
#521 = AXIS2_PLACEMENT_3D ( 'NONE', #1394, #2078, #4586 ) ;
#522 = ORIENTED_EDGE ( 'NONE', *, *, #9139, .F. ) ;
#523 = CARTESIAN_POINT ( 'NONE',  ( 1.098999999999999977, 0.5082634147716499351, -0.4455000000000000071 ) ) ;
#524 = EDGE_LOOP ( 'NONE', ( #4995, #5286, #6982, #992 ) ) ;
#525 = AXIS2_PLACEMENT_3D ( 'NONE', #2561, #4283, #991 ) ;
#526 = ORIENTED_EDGE ( 'NONE', *, *, #8248, .T. ) ;
#527 = EDGE_LOOP ( 'NONE', ( #5859, #9419, #6753, #5136 ) ) ;
#528 = EDGE_CURVE ( 'NONE', #582, #6376, #3121, .T. ) ;
#529 = CARTESIAN_POINT ( 'NONE',  ( 0.4370588494505051602, 0.1436906351484940059, 0.002000000000000000042 ) ) ;
#530 = LINE ( 'NONE', #3722, #3692 ) ;
#531 = CARTESIAN_POINT ( 'NONE',  ( 0.6554999999999998606, 0.1959999999999998410, 0.2379999999999999893 ) ) ;
#532 = CARTESIAN_POINT ( 'NONE',  ( 0.8247900844845694746, 0.3426969127652157443, 0.000000000000000000 ) ) ;
#533 = DIRECTION ( 'NONE',  ( -0.000000000000000000, -1.000000000000000000, -0.000000000000000000 ) ) ;
#534 = VECTOR ( 'NONE', #8904, 39.37007874015748143 ) ;
#535 = FACE_OUTER_BOUND ( 'NONE', #1848, .T. ) ;
#536 = VECTOR ( 'NONE', #9357, 39.37007874015748143 ) ;
#537 = VECTOR ( 'NONE', #8601, 39.37007874015748143 ) ;
#538 = LINE ( 'NONE', #8380, #4007 ) ;
#539 = VECTOR ( 'NONE', #2973, 39.37007874015748143 ) ;
#540 = CYLINDRICAL_SURFACE ( 'NONE', #6468, 0.07200000000000000844 ) ;
#541 = EDGE_LOOP ( 'NONE', ( #8198, #8424, #1527, #8890 ) ) ;
#542 = ORIENTED_EDGE ( 'NONE', *, *, #8543, .T. ) ;
#543 = ORIENTED_EDGE ( 'NONE', *, *, #6722, .T. ) ;
#544 = CARTESIAN_POINT ( 'NONE',  ( 0.2580000000000000626, 0.1299999999999998379, -0.1659999999999999531 ) ) ;
#545 = LINE ( 'NONE', #2947, #8379 ) ;
#546 = AXIS2_PLACEMENT_3D ( 'NONE', #6397, #1585, #3046 ) ;
#547 = DATE_AND_TIME ( #1530, #7412 ) ;
#548 = VERTEX_POINT ( 'NONE', #2287 ) ;
#549 = CARTESIAN_POINT ( 'NONE',  ( 0.7820000000000000284, 0.1784999999999998255, 0.000000000000000000 ) ) ;
#550 = VECTOR ( 'NONE', #9224, 39.37007874015748143 ) ;
#551 = VECTOR ( 'NONE', #9188, 39.37007874015748143 ) ;
#552 = DIRECTION ( 'NONE',  ( -1.000000000000000000, -0.000000000000000000, -1.237249997130554240E-16 ) ) ;
#553 = EDGE_CURVE ( 'NONE', #4347, #2660, #1501, .T. ) ;
#554 = ORIENTED_EDGE ( 'NONE', *, *, #2537, .F. ) ;
#555 = ADVANCED_FACE ( 'NONE', ( #7884 ), #726, .F. ) ;
#556 = CARTESIAN_POINT ( 'NONE',  ( 0.7678503080641863043, 0.1554508300714546321, -5.335640612625514099E-19 ) ) ;
#557 = ORIENTED_EDGE ( 'NONE', *, *, #7101, .T. ) ;
#558 = DIRECTION ( 'NONE',  ( 0.000000000000000000, 1.000000000000000000, 0.000000000000000000 ) ) ;
#559 = LINE ( 'NONE', #6198, #1224 ) ;
#560 = CARTESIAN_POINT ( 'NONE',  ( 0.5639999999999999458, 0.2034999999999998199, 0.2379999999999999893 ) ) ;
#561 = CARTESIAN_POINT ( 'NONE',  ( 1.171000000000000041, 0.1139999999999998653, -0.2919999999999999263 ) ) ;
#562 = VECTOR ( 'NONE', #1914, 39.37007874015748143 ) ;
#563 = VECTOR ( 'NONE', #2135, 39.37007874015748143 ) ;
#564 = DIRECTION ( 'NONE',  ( -0.000000000000000000, -1.000000000000000000, -0.000000000000000000 ) ) ;
#565 = CARTESIAN_POINT ( 'NONE',  ( 0.7713537370483718458, 0.1670120670013416353, 0.000000000000000000 ) ) ;
#566 = CARTESIAN_POINT ( 'NONE',  ( 0.4396510713489324984, 0.1448094837889112030, 0.002000000000000000042 ) ) ;
#567 = VECTOR ( 'NONE', #7410, 39.37007874015748143 ) ;
#568 = LINE ( 'NONE', #2918, #2641 ) ;
#569 = CARTESIAN_POINT ( 'NONE',  ( 0.7756208272628999367, 0.1630569875228374821, 0.002000000000000000042 ) ) ;
#570 = ORIENTED_EDGE ( 'NONE', *, *, #2952, .T. ) ;
#571 = FACE_OUTER_BOUND ( 'NONE', #6600, .T. ) ;
#572 = DIRECTION ( 'NONE',  ( -1.000000000000000000, 0.000000000000000000, 0.000000000000000000 ) ) ;
#573 = FACE_OUTER_BOUND ( 'NONE', #1268, .T. ) ;
#574 = DIRECTION ( 'NONE',  ( -1.000000000000000000, -0.000000000000000000, -0.000000000000000000 ) ) ;
#575 = VECTOR ( 'NONE', #1755, 39.37007874015748143 ) ;
#576 = CARTESIAN_POINT ( 'NONE',  ( 0.8344364198490813456, 0.3373743161794441336, 0.002000000000000000042 ) ) ;
#577 = DIRECTION ( 'NONE',  ( -1.000000000000000000, -0.000000000000000000, -0.000000000000000000 ) ) ;
#578 = ORIENTED_EDGE ( 'NONE', *, *, #8853, .T. ) ;
#579 = CARTESIAN_POINT ( 'NONE',  ( 0.8240428688053148543, 0.3372287215368550695, 0.000000000000000000 ) ) ;
#580 = ORIENTED_EDGE ( 'NONE', *, *, #1855, .T. ) ;
#581 = ORIENTED_EDGE ( 'NONE', *, *, #10024, .F. ) ;
#582 = VERTEX_POINT ( 'NONE', #2239 ) ;
#583 = DIRECTION ( 'NONE',  ( -1.000000000000000000, -0.000000000000000000, -0.000000000000000000 ) ) ;
#584 = CARTESIAN_POINT ( 'NONE',  ( 0.3714999999999998304, 0.4234999999999998765, 0.2080000000000000460 ) ) ;
#585 = CARTESIAN_POINT ( 'NONE',  ( 0.7652731129087035900, 0.1576539605841200398, 0.002000000000000000042 ) ) ;
#586 = CARTESIAN_POINT ( 'NONE',  ( 0.7785428972627880251, 0.1566171947923149788, 0.000000000000000000 ) ) ;
#587 = ADVANCED_FACE ( 'NONE', ( #1300 ), #5435, .F. ) ;
#588 = ADVANCED_FACE ( 'NONE', ( #8036 ), #827, .T. ) ;
#589 = ADVANCED_FACE ( 'NONE', ( #3233 ), #4950, .T. ) ;
#590 = LINE ( 'NONE', #5343, #8536 ) ;
#591 = DIRECTION ( 'NONE',  ( 0.000000000000000000, 0.000000000000000000, -1.000000000000000000 ) ) ;
#592 = VECTOR ( 'NONE', #1803, 39.37007874015748143 ) ;
#593 = CARTESIAN_POINT ( 'NONE',  ( 0.4315799424402823048, 0.1406917796870962856, 0.000000000000000000 ) ) ;
#594 = DIRECTION ( 'NONE',  ( 0.7071067811865474617, 0.000000000000000000, -0.7071067811865474617 ) ) ;
#595 = ORIENTED_EDGE ( 'NONE', *, *, #1200, .T. ) ;
#596 = ORIENTED_EDGE ( 'NONE', *, *, #5209, .F. ) ;
#597 = ORIENTED_EDGE ( 'NONE', *, *, #1912, .F. ) ;
#598 = CARTESIAN_POINT ( 'NONE',  ( 0.7798508425204120353, 0.1594764679076589864, 0.002000000000000000042 ) ) ;
#599 = PLANE ( 'NONE',  #9376 ) ;
#600 = EDGE_CURVE ( 'NONE', #3749, #10110, #8770, .T. ) ;
#601 = ADVANCED_FACE ( 'NONE', ( #2598 ), #4802, .F. ) ;
#602 = VERTEX_POINT ( 'NONE', #40 ) ;
#603 = CARTESIAN_POINT ( 'NONE',  ( 0.7728044751776775856, 0.1591822432287026412, 0.002000000000000000042 ) ) ;
#604 = CARTESIAN_POINT ( 'NONE',  ( 0.8229675004310079700, 0.3362814433919988355, 0.000000000000000000 ) ) ;
#605 = ORIENTED_EDGE ( 'NONE', *, *, #471, .T. ) ;
#606 = LINE ( 'NONE', #3002, #9559 ) ;
#607 = ORIENTED_EDGE ( 'NONE', *, *, #1512, .F. ) ;
#608 = CARTESIAN_POINT ( 'NONE',  ( 0.9213164444799359920, 0.1304908818425781492, 0.2379999999999999893 ) ) ;
#609 = CARTESIAN_POINT ( 'NONE',  ( 0.8347011316343856402, 0.3365108747419189306, 0.000000000000000000 ) ) ;
#610 = EDGE_CURVE ( 'NONE', #748, #6086, #1662, .T. ) ;
#611 = CARTESIAN_POINT ( 'NONE',  ( 0.7804487402909927596, 0.1613329491194824550, 0.002000000000000000042 ) ) ;
#612 = CARTESIAN_POINT ( 'NONE',  ( 0.8346619011805697097, 0.3307622907221423603, 0.002000000000000000042 ) ) ;
#613 = EDGE_CURVE ( 'NONE', #1959, #2332, #8133, .T. ) ;
#614 = DIRECTION ( 'NONE',  ( -1.000000000000000000, 0.000000000000000000, -0.000000000000000000 ) ) ;
#615 = LINE ( 'NONE', #3012, #6315 ) ;
#616 = CARTESIAN_POINT ( 'NONE',  ( 1.171000000000000041, 0.05400000000000002714, -0.01499999999999999944 ) ) ;
#617 = CARTESIAN_POINT ( 'NONE',  ( 0.4407058175849807857, 0.1476747652060336757, 0.000000000000000000 ) ) ;
#618 = CARTESIAN_POINT ( 'NONE',  ( 1.098999999999999977, 0.000000000000000000, -0.4455000000000000071 ) ) ;
#619 = ORIENTED_EDGE ( 'NONE', *, *, #2038, .T. ) ;
#620 = CARTESIAN_POINT ( 'NONE',  ( 0.8256498473883827627, 0.3239057549197819075, 0.002000000000000000042 ) ) ;
#621 = DIRECTION ( 'NONE',  ( 0.000000000000000000, 0.000000000000000000, -1.000000000000000000 ) ) ;
#622 = DIRECTION ( 'NONE',  ( 0.000000000000000000, -1.000000000000000000, 0.000000000000000000 ) ) ;
#623 = CARTESIAN_POINT ( 'NONE',  ( 0.8259364350229871921, 0.3289407063042043555, 0.002000000000000000042 ) ) ;
#624 = EDGE_CURVE ( 'NONE', #697, #8340, #775, .T. ) ;
#625 = AXIS2_PLACEMENT_3D ( 'NONE', #1895, #6644, #2618 ) ;
#626 = ADVANCED_FACE ( 'NONE', ( #6427 ), #138, .F. ) ;
#627 = CARTESIAN_POINT ( 'NONE',  ( 0.8350055356323132782, 0.3346491010666485799, 0.002000000000000000042 ) ) ;
#628 = DIRECTION ( 'NONE',  ( -0.000000000000000000, -0.000000000000000000, -1.000000000000000000 ) ) ;
#629 = ORIENTED_EDGE ( 'NONE', *, *, #4930, .F. ) ;
#630 = VECTOR ( 'NONE', #4959, 39.37007874015748143 ) ;
#631 = LINE ( 'NONE', #3080, #2628 ) ;
#632 = ORIENTED_EDGE ( 'NONE', *, *, #1099, .T. ) ;
#633 = EDGE_CURVE ( 'NONE', #1651, #1651, #2615, .T. ) ;
#634 = ORIENTED_EDGE ( 'NONE', *, *, #4240, .T. ) ;
#635 = ORIENTED_EDGE ( 'NONE', *, *, #1990, .T. ) ;
#636 = CARTESIAN_POINT ( 'NONE',  ( 0.4438185964616371826, 0.1418327411595082521, 0.000000000000000000 ) ) ;
#637 = CARTESIAN_POINT ( 'NONE',  ( 0.7780000000000000249, -0.1225000000000000117, -0.3255000000000000115 ) ) ;
#638 = CARTESIAN_POINT ( 'NONE',  ( 0.4456049352533203445, 0.1491998533589793674, 0.002000000000000000042 ) ) ;
#639 = DIRECTION ( 'NONE',  ( 1.000000000000000000, 0.000000000000000000, 0.000000000000000000 ) ) ;
#640 = CARTESIAN_POINT ( 'NONE',  ( 0.8179674091615299902, 0.3276427282875094549, 0.002000000000000000042 ) ) ;
#641 = VECTOR ( 'NONE', #5157, 39.37007874015748854 ) ;
#642 = DIRECTION ( 'NONE',  ( -0.5773502691896248429, 0.5773502691896248429, -0.5773502691896275074 ) ) ;
#643 = LINE ( 'NONE', #6584, #1137 ) ;
#644 = VECTOR ( 'NONE', #2505, 39.37007874015748143 ) ;
#645 = DIRECTION ( 'NONE',  ( 0.7071067811865459074, 0.000000000000000000, 0.7071067811865491270 ) ) ;
#646 = ORIENTED_EDGE ( 'NONE', *, *, #9657, .T. ) ;
#647 = EDGE_LOOP ( 'NONE', ( #4759, #4200, #1743, #10206 ) ) ;
#648 = ORIENTED_EDGE ( 'NONE', *, *, #2110, .T. ) ;
#649 = CARTESIAN_POINT ( 'NONE',  ( 0.7750683783485551315, 0.1608469645032826190, 0.000000000000000000 ) ) ;
#650 = FACE_OUTER_BOUND ( 'NONE', #647, .T. ) ;
#651 = AXIS2_PLACEMENT_3D ( 'NONE', #210, #4771, #7954 ) ;
#652 = EDGE_CURVE ( 'NONE', #10091, #8059, #7256, .T. ) ;
#653 = LINE ( 'NONE', #7705, #9177 ) ;
#654 = EDGE_CURVE ( 'NONE', #5039, #6450, #8866, .T. ) ;
#655 = EDGE_LOOP ( 'NONE', ( #5929, #9726, #721, #2130 ) ) ;
#656 = VECTOR ( 'NONE', #8106, 39.37007874015748143 ) ;
#657 = LINE ( 'NONE', #3844, #8228 ) ;
#658 = ORIENTED_EDGE ( 'NONE', *, *, #486, .T. ) ;
#659 = CARTESIAN_POINT ( 'NONE',  ( 0.7700089553022927413, 0.1597599427297942964, 0.002000000000000000042 ) ) ;
#660 = CARTESIAN_POINT ( 'NONE',  ( 0.4299999999999999378, 0.1784999999999998255, 0.2304999999999999827 ) ) ;
#661 = PLANE ( 'NONE',  #2873 ) ;
#662 = CARTESIAN_POINT ( 'NONE',  ( 0.8323079081556196135, 0.3267172956489783342, 0.002000000000000000042 ) ) ;
#663 = ADVANCED_FACE ( 'NONE', ( #4110 ), #7354, .F. ) ;
#664 = LINE ( 'NONE', #2915, #9531 ) ;
#665 = ORIENTED_EDGE ( 'NONE', *, *, #5856, .T. ) ;
#666 = CARTESIAN_POINT ( 'NONE',  ( 0.7684280395708678046, 0.1630738456189906871, 0.002000000000000000042 ) ) ;
#667 = CARTESIAN_POINT ( 'NONE',  ( 0.4377789369910308204, 0.1437327271573288490, 0.000000000000000000 ) ) ;
#668 = CARTESIAN_POINT ( 'NONE',  ( 0.7755834686115824494, 0.1638604565362231646, 0.000000000000000000 ) ) ;
#669 = DIRECTION ( 'NONE',  ( -0.5773502691896270633, 0.5773502691896230665, 0.5773502691896270633 ) ) ;
#670 = VERTEX_POINT ( 'NONE', #6528 ) ;
#671 = CARTESIAN_POINT ( 'NONE',  ( 0.7279999999999999805, -0.1250000000000000000, -0.4174999999999999822 ) ) ;
#672 = DIRECTION ( 'NONE',  ( 0.5773502691896248429, 0.5773502691896248429, 0.5773502691896275074 ) ) ;
#673 = DIRECTION ( 'NONE',  ( 0.000000000000000000, -0.000000000000000000, -1.000000000000000000 ) ) ;
#674 = CARTESIAN_POINT ( 'NONE',  ( 0.8278569513451469186, 0.3294337083104098562, 0.002000000000000000042 ) ) ;
#675 = CARTESIAN_POINT ( 'NONE',  ( 0.4340872745334477534, 0.1454270871149139222, 0.000000000000000000 ) ) ;
#676 = CARTESIAN_POINT ( 'NONE',  ( 0.8316132629808397070, 0.3260594898354562399, 0.000000000000000000 ) ) ;
#677 = EDGE_LOOP ( 'NONE', ( #1228, #6538, #1685, #8767 ) ) ;
#678 = CARTESIAN_POINT ( 'NONE',  ( 0.3714999999999998304, 0.4284999999999998810, 0.1080000000000000265 ) ) ;
#679 = EDGE_LOOP ( 'NONE', ( #1118, #786, #6339, #4335 ) ) ;
#680 = VERTEX_POINT ( 'NONE', #9701 ) ;
#681 = ORIENTED_EDGE ( 'NONE', *, *, #3882, .T. ) ;
#682 = CARTESIAN_POINT ( 'NONE',  ( 0.4371543786620399330, 0.1386556837640715301, 0.000000000000000000 ) ) ;
#683 = CARTESIAN_POINT ( 'NONE',  ( 0.4309999999999999387, -0.1250000000000000000, -0.3305000000000000160 ) ) ;
#684 = CARTESIAN_POINT ( 'NONE',  ( 0.4397785624361815193, 0.1559309693472737957, 0.002000000000000000042 ) ) ;
#685 = CARTESIAN_POINT ( 'NONE',  ( 0.8346689288303448251, 0.3526769056879103248, 0.002000000000000000042 ) ) ;
#686 = ADVANCED_FACE ( 'NONE', ( #2548 ), #5744, .T. ) ;
#687 = B_SPLINE_SURFACE_WITH_KNOTS ( 'NONE', 3, 1, ( 
 ( #8330, #1165 ),
 ( #3360, #1747 ),
 ( #6557, #8276 ),
 ( #2681, #8223 ),
 ( #9682, #7388 ),
 ( #8166, #4256 ),
 ( #5721, #9735 ),
 ( #1907, #6708 ),
 ( #7542, #6607 ),
 ( #326, #8113 ),
 ( #4142, #4932 ) ),
 .UNSPECIFIED., .F., .F., .F.,
 ( 4, 1, 1, 1, 1, 1, 1, 1, 4 ),
 ( 2, 2 ),
 ( 0.000000000000000000, 0.1381137870618464325, 0.2684083835837791088, 0.3941909055405368179, 0.5170923452347715443, 0.6374931640526638743, 0.7570041724766231050, 0.8772941249553409815, 1.000000000000000000 ),
 ( 0.000000000000000000, 1.000000000000000000 ),
 .UNSPECIFIED. ) ;
#688 = FACE_OUTER_BOUND ( 'NONE', #4903, .T. ) ;
#689 = CARTESIAN_POINT ( 'NONE',  ( 0.4294339157489338032, 0.1434165467920270887, 0.002000000000000000042 ) ) ;
#690 = VECTOR ( 'NONE', #922, 39.37007874015748143 ) ;
#691 = EDGE_CURVE ( 'NONE', #7576, #2694, #5891, .T. ) ;
#692 = DIRECTION ( 'NONE',  ( -0.000000000000000000, -0.000000000000000000, -1.000000000000000000 ) ) ;
#693 = VECTOR ( 'NONE', #6675, 39.37007874015747433 ) ;
#694 = CARTESIAN_POINT ( 'NONE',  ( 0.3814218530218776437, 0.3480015936880894167, 0.002000000000000000042 ) ) ;
#695 = ORIENTED_EDGE ( 'NONE', *, *, #8835, .F. ) ;
#696 = EDGE_LOOP ( 'NONE', ( #6766, #7037, #403, #835, #8018, #2791 ) ) ;
#697 = VERTEX_POINT ( 'NONE', #3538 ) ;
#698 = DIRECTION ( 'NONE',  ( 0.7071067811865475727, 0.000000000000000000, 0.7071067811865475727 ) ) ;
#699 = DIRECTION ( 'NONE',  ( 0.000000000000000000, 0.000000000000000000, 1.000000000000000000 ) ) ;
#700 = VECTOR ( 'NONE', #4361, 39.37007874015748143 ) ;
#701 = CARTESIAN_POINT ( 'NONE',  ( 0.4849999999999999312, -0.1250000000000000000, -0.4174999999999999822 ) ) ;
#702 = ORIENTED_EDGE ( 'NONE', *, *, #6694, .F. ) ;
#703 = EDGE_LOOP ( 'NONE', ( #5963, #5287, #4160, #7685 ) ) ;
#704 = AXIS2_PLACEMENT_3D ( 'NONE', #6276, #9461, #639 ) ;
#705 = CARTESIAN_POINT ( 'NONE',  ( 0.7714999999999999636, 0.07050000000000002098, 0.1079999999999999849 ) ) ;
#706 = ORIENTED_EDGE ( 'NONE', *, *, #834, .F. ) ;
#707 = PLANE ( 'NONE',  #8205 ) ;
#708 = DIRECTION ( 'NONE',  ( 0.5773502691896248429, 0.5773502691896248429, -0.5773502691896275074 ) ) ;
#709 = DIRECTION ( 'NONE',  ( 0.7071067811865474617, 0.000000000000000000, -0.7071067811865474617 ) ) ;
#710 = LINE ( 'NONE', #7087, #3227 ) ;
#711 = EDGE_CURVE ( 'NONE', #3636, #1947, #1516, .T. ) ;
#712 = EDGE_CURVE ( 'NONE', #1095, #7679, #2704, .T. ) ;
#713 = CARTESIAN_POINT ( 'NONE',  ( 0.3871760831755033383, 0.3480015936880894167, 0.002000000000000000042 ) ) ;
#714 = VECTOR ( 'NONE', #1850, 39.37007874015748143 ) ;
#715 = VECTOR ( 'NONE', #4918, 39.37007874015748854 ) ;
#716 = EDGE_LOOP ( 'NONE', ( #8994, #1674, #6765, #6043 ) ) ;
#717 = CARTESIAN_POINT ( 'NONE',  ( 1.098000000000000087, 0.000000000000000000, -0.4454999999999999516 ) ) ;
#718 = CARTESIAN_POINT ( 'NONE',  ( 0.4401283975617502620, 0.1454034041707691904, 0.000000000000000000 ) ) ;
#719 = CARTESIAN_POINT ( 'NONE',  ( 0.8414999999999999147, 0.4234999999999998765, 0.1079999999999999710 ) ) ;
#720 = CARTESIAN_POINT ( 'NONE',  ( 0.8369999999999999662, -0.1250000000000000000, -0.4425000000000000044 ) ) ;
#721 = ORIENTED_EDGE ( 'NONE', *, *, #2185, .T. ) ;
#722 = DIRECTION ( 'NONE',  ( 0.000000000000000000, -0.000000000000000000, -1.000000000000000000 ) ) ;
#723 = PLANE ( 'NONE',  #9723 ) ;
#724 = VECTOR ( 'NONE', #8019, 39.37007874015748854 ) ;
#725 = CIRCLE ( 'NONE', #2067, 0.06250000000000001388 ) ;
#726 = PLANE ( 'NONE',  #8619 ) ;
#727 = FACE_OUTER_BOUND ( 'NONE', #4185, .T. ) ;
#728 = CARTESIAN_POINT ( 'NONE',  ( 0.7694515405154040977, 0.1602501584134305712, 0.000000000000000000 ) ) ;
#729 = AXIS2_PLACEMENT_3D ( 'NONE', #2342, #7885, #2288 ) ;
#730 = LINE ( 'NONE', #3920, #4824 ) ;
#731 = EDGE_LOOP ( 'NONE', ( #8071, #3392, #7867, #4259 ) ) ;
#732 = CARTESIAN_POINT ( 'NONE',  ( 0.7718446137245830174, 0.1544649778500897797, 0.002000000000000000042 ) ) ;
#733 = ORIENTED_EDGE ( 'NONE', *, *, #1114, .T. ) ;
#734 = ORIENTED_EDGE ( 'NONE', *, *, #2948, .T. ) ;
#735 = ORIENTED_EDGE ( 'NONE', *, *, #7906, .F. ) ;
#736 = CARTESIAN_POINT ( 'NONE',  ( 0.4388658541068234942, 0.1387969269793575822, 0.002000000000000000042 ) ) ;
#737 = DIRECTION ( 'NONE',  ( 0.000000000000000000, 0.000000000000000000, -1.000000000000000000 ) ) ;
#738 = VECTOR ( 'NONE', #8173, 39.37007874015748143 ) ;
#739 = CARTESIAN_POINT ( 'NONE',  ( 0.4368285934183138708, 0.1437046010428923437, -0.000000000000000000 ) ) ;
#740 = DIRECTION ( 'NONE',  ( 1.000000000000000000, 0.000000000000000000, -0.000000000000000000 ) ) ;
#741 = ADVANCED_FACE ( 'NONE', ( #3487 ), #10008, .F. ) ;
#742 = PLANE ( 'NONE',  #3693 ) ;
#743 = ADVANCED_FACE ( 'NONE', ( #1087 ), #9912, .T. ) ;
#744 = CARTESIAN_POINT ( 'NONE',  ( 0.5439999999999999281, 0.1984999999999998155, 0.2354999999999999871 ) ) ;
#745 = FACE_OUTER_BOUND ( 'NONE', #3675, .T. ) ;
#746 = PLANE ( 'NONE',  #3452 ) ;
#747 = EDGE_LOOP ( 'NONE', ( #2674, #8798, #2531, #9965 ) ) ;
#748 = VERTEX_POINT ( 'NONE', #343 ) ;
#749 = EDGE_LOOP ( 'NONE', ( #2779, #2657, #7894, #452 ) ) ;
#750 = DIRECTION ( 'NONE',  ( -0.9782753810969003760, 0.2073096204707214341, 0.000000000000000000 ) ) ;
#751 = PLANE ( 'NONE',  #3707 ) ;
#752 = EDGE_CURVE ( 'NONE', #963, #3309, #1815, .T. ) ;
#753 = DIRECTION ( 'NONE',  ( -1.000000000000000000, 0.000000000000000000, -0.000000000000000000 ) ) ;
#754 = ORIENTED_EDGE ( 'NONE', *, *, #4289, .F. ) ;
#755 = ORIENTED_EDGE ( 'NONE', *, *, #471, .F. ) ;
#756 = ORIENTED_EDGE ( 'NONE', *, *, #9117, .T. ) ;
#757 = CARTESIAN_POINT ( 'NONE',  ( 0.7643377782203436555, 0.1590876259549539040, 0.002000000000000000042 ) ) ;
#758 = EDGE_LOOP ( 'NONE', ( #3478, #3733, #8383, #3843 ) ) ;
#759 = PLANE ( 'NONE',  #1024 ) ;
#760 = DIRECTION ( 'NONE',  ( -1.000000000000000000, 2.626776916984868821E-16, 0.000000000000000000 ) ) ;
#761 = LINE ( 'NONE', #5581, #1420 ) ;
#762 = CARTESIAN_POINT ( 'NONE',  ( 0.5399999999999999245, 0.03300000000000000155, -0.3305000000000000160 ) ) ;
#763 = PLANE ( 'NONE',  #1861 ) ;
#764 = ORIENTED_EDGE ( 'NONE', *, *, #5551, .F. ) ;
#765 = FACE_OUTER_BOUND ( 'NONE', #7402, .T. ) ;
#766 = CARTESIAN_POINT ( 'NONE',  ( 0.7579999999999998961, 0.03300000000000000155, -0.3054999999999999938 ) ) ;
#767 = CARTESIAN_POINT ( 'NONE',  ( 0.7756081428408930778, 0.1633297901984075706, -0.000000000000000000 ) ) ;
#768 = EDGE_CURVE ( 'NONE', #171, #5206, #1133, .T. ) ;
#769 = LINE ( 'NONE', #3069, #7392 ) ;
#770 = EDGE_CURVE ( 'NONE', #118, #2742, #4274, .T. ) ;
#771 = VERTEX_POINT ( 'NONE', #1869 ) ;
#772 = CARTESIAN_POINT ( 'NONE',  ( 0.8260751900951449622, 0.3289459269125435403, 0.002000000000000000042 ) ) ;
#773 = DIRECTION ( 'NONE',  ( -0.000000000000000000, -1.000000000000000000, -0.000000000000000000 ) ) ;
#774 = B_SPLINE_SURFACE_WITH_KNOTS ( 'NONE', 3, 1, ( 
 ( #6264, #10086 ),
 ( #3817, #4599 ),
 ( #3768, #7001 ),
 ( #2136, #8463 ),
 ( #6846, #675 ),
 ( #10023, #515 ),
 ( #2875, #3711 ),
 ( #5332, #5383 ),
 ( #10239, #1405 ),
 ( #6065, #3076 ),
 ( #10185, #9347 ) ),
 .UNSPECIFIED., .F., .F., .F.,
 ( 4, 1, 1, 1, 1, 1, 1, 1, 4 ),
 ( 2, 2 ),
 ( 0.000000000000000000, 0.1372849921823507402, 0.2670284865720569112, 0.3949256401701815578, 0.5243347615083449043, 0.6508125264301011237, 0.7692674670455056374, 0.8834346835668812625, 1.000000000000000000 ),
 ( 0.000000000000000000, 1.000000000000000000 ),
 .UNSPECIFIED. ) ;
#775 = LINE ( 'NONE', #9655, #6794 ) ;
#776 = CARTESIAN_POINT ( 'NONE',  ( 0.8165377475269007812, 0.3306099179377560704, 0.000000000000000000 ) ) ;
#777 = EDGE_CURVE ( 'NONE', #10325, #8791, #6730, .T. ) ;
#778 = CARTESIAN_POINT ( 'NONE',  ( 0.04199999999999988465, 0.1140000000000000041, -0.2199999999999999456 ) ) ;
#779 = CARTESIAN_POINT ( 'NONE',  ( 1.212999999999999856, 0.1139999999999998653, -0.1649999999999999523 ) ) ;
#780 = EDGE_CURVE ( 'NONE', #4271, #7029, #243, .T. ) ;
#781 = EDGE_LOOP ( 'NONE', ( #7738, #3761, #3873, #483 ) ) ;
#782 = FACE_OUTER_BOUND ( 'NONE', #4553, .T. ) ;
#783 = ORIENTED_EDGE ( 'NONE', *, *, #4678, .F. ) ;
#784 = EDGE_LOOP ( 'NONE', ( #961, #833, #2368, #8751 ) ) ;
#785 = DIRECTION ( 'NONE',  ( -0.000000000000000000, -0.000000000000000000, -1.000000000000000000 ) ) ;
#786 = ORIENTED_EDGE ( 'NONE', *, *, #9632, .F. ) ;
#787 = DIRECTION ( 'NONE',  ( 0.000000000000000000, -0.7071067811865483499, -0.7071067811865466846 ) ) ;
#788 = AXIS2_PLACEMENT_3D ( 'NONE', #2894, #1267, #6969 ) ;
#789 = DIRECTION ( 'NONE',  ( 1.000000000000000000, 0.000000000000000000, -0.000000000000000000 ) ) ;
#790 = DIRECTION ( 'NONE',  ( -0.5773502691896248429, 0.5773502691896248429, -0.5773502691896275074 ) ) ;
#791 = CARTESIAN_POINT ( 'NONE',  ( 0.4285674040165208809, 0.1487456572313045899, 0.000000000000000000 ) ) ;
#792 = EDGE_CURVE ( 'NONE', #9149, #416, #5942, .T. ) ;
#793 = CARTESIAN_POINT ( 'NONE',  ( 0.5714999999999998970, 0.4234999999999998765, 0.2080000000000000182 ) ) ;
#794 = VECTOR ( 'NONE', #3609, 39.37007874015748143 ) ;
#795 = CARTESIAN_POINT ( 'NONE',  ( 0.5399999999999999245, -0.1250000000000000000, -0.3305000000000000160 ) ) ;
#796 = CARTESIAN_POINT ( 'NONE',  ( 0.7205000000000000293, -0.1250000000000000000, -0.4349999999999999978 ) ) ;
#797 = ORIENTED_EDGE ( 'NONE', *, *, #141, .F. ) ;
#798 = ORIENTED_EDGE ( 'NONE', *, *, #6014, .F. ) ;
#799 = ORIENTED_EDGE ( 'NONE', *, *, #8723, .F. ) ;
#800 = FACE_OUTER_BOUND ( 'NONE', #15, .T. ) ;
#801 = ADVANCED_FACE ( 'NONE', ( #3433 ), #9956, .T. ) ;
#802 = CARTESIAN_POINT ( 'NONE',  ( 1.171000000000000041, 0.05399999999999985367, -0.2199999999999999456 ) ) ;
#803 = AXIS2_PLACEMENT_3D ( 'NONE', #1023, #8962, #7404 ) ;
#804 = CARTESIAN_POINT ( 'NONE',  ( 0.4337535747831013921, 0.1461187480125608895, 0.002000000000000000042 ) ) ;
#805 = VECTOR ( 'NONE', #552, 39.37007874015748143 ) ;
#806 = ORIENTED_EDGE ( 'NONE', *, *, #1871, .T. ) ;
#807 = ORIENTED_EDGE ( 'NONE', *, *, #9015, .T. ) ;
#808 = EDGE_CURVE ( 'NONE', #6147, #318, #292, .T. ) ;
#809 = LINE ( 'NONE', #705, #5726 ) ;
#810 = VERTEX_POINT ( 'NONE', #8969 ) ;
#811 = CARTESIAN_POINT ( 'NONE',  ( 0.7684405069751305550, 0.1628046945425994096, 0.002000000000000000042 ) ) ;
#812 = CARTESIAN_POINT ( 'NONE',  ( 0.8329468790446969972, 0.3274369805470155881, 0.002000000000000000042 ) ) ;
#813 = VECTOR ( 'NONE', #4747, 39.37007874015748143 ) ;
#814 = LINE ( 'NONE', #7188, #6441 ) ;
#815 = CARTESIAN_POINT ( 'NONE',  ( 0.3834999999999999520, 0.3079999999999998295, 0.2379999999999999893 ) ) ;
#816 = EDGE_CURVE ( 'NONE', #9932, #4019, #396, .T. ) ;
#817 = ADVANCED_FACE ( 'NONE', ( #9175 ), #2023, .T. ) ;
#818 = DIRECTION ( 'NONE',  ( -1.000000000000000000, 0.000000000000000000, 0.000000000000000000 ) ) ;
#819 = EDGE_LOOP ( 'NONE', ( #9825, #1913, #4960, #4984, #8237, #4654, #4679, #1006, #9712 ) ) ;
#820 = DIRECTION ( 'NONE',  ( 0.000000000000000000, -0.000000000000000000, -1.000000000000000000 ) ) ;
#821 = CARTESIAN_POINT ( 'NONE',  ( 0.4363276346608888634, 0.1515699355775724233, 0.000000000000000000 ) ) ;
#822 = DIRECTION ( 'NONE',  ( -0.000000000000000000, -0.000000000000000000, -1.000000000000000000 ) ) ;
#823 = FACE_OUTER_BOUND ( 'NONE', #481, .T. ) ;
#824 = ORIENTED_EDGE ( 'NONE', *, *, #4390, .T. ) ;
#825 = CARTESIAN_POINT ( 'NONE',  ( 0.8299936168305240836, 0.3334923922655684270, 0.002000000000000000042 ) ) ;
#826 = DIRECTION ( 'NONE',  ( 0.000000000000000000, -0.000000000000000000, 1.000000000000000000 ) ) ;
#827 = CYLINDRICAL_SURFACE ( 'NONE', #9951, 0.07699999999999998512 ) ;
#828 = DIRECTION ( 'NONE',  ( 0.000000000000000000, 0.000000000000000000, 1.000000000000000000 ) ) ;
#829 = FACE_OUTER_BOUND ( 'NONE', #5688, .T. ) ;
#830 = LINE ( 'NONE', #6317, #6492 ) ;
#831 = ORIENTED_EDGE ( 'NONE', *, *, #5536, .T. ) ;
#832 = DIRECTION ( 'NONE',  ( 0.000000000000000000, 0.000000000000000000, -1.000000000000000000 ) ) ;
#833 = ORIENTED_EDGE ( 'NONE', *, *, #6288, .F. ) ;
#834 = EDGE_CURVE ( 'NONE', #1773, #393, #5423, .T. ) ;
#835 = ORIENTED_EDGE ( 'NONE', *, *, #8412, .T. ) ;
#836 = DIRECTION ( 'NONE',  ( -1.000000000000000000, 0.000000000000000000, 0.000000000000000000 ) ) ;
#837 = VERTEX_POINT ( 'NONE', #9433 ) ;
#838 = LINE ( 'NONE', #4237, #1382 ) ;
#839 = CARTESIAN_POINT ( 'NONE',  ( 0.7715557693690595631, 0.1544723401087488845, -0.000000000000000000 ) ) ;
#840 = CARTESIAN_POINT ( 'NONE',  ( 0.4432852733782132182, 0.1537356932485017535, 0.002000000000000000042 ) ) ;
#841 = VECTOR ( 'NONE', #2849, 39.37007874015748143 ) ;
#842 = EDGE_CURVE ( 'NONE', #1011, #5593, #2172, .T. ) ;
#843 = FACE_OUTER_BOUND ( 'NONE', #6813, .T. ) ;
#844 = EDGE_CURVE ( 'NONE', #1458, #3610, #498, .T. ) ;
#845 = DIRECTION ( 'NONE',  ( -1.000000000000000000, 0.000000000000000000, 0.000000000000000000 ) ) ;
#846 = EDGE_CURVE ( 'NONE', #8642, #3363, #2274, .T. ) ;
#847 = DIRECTION ( 'NONE',  ( -0.000000000000000000, 1.000000000000000000, -0.000000000000000000 ) ) ;
#848 = CARTESIAN_POINT ( 'NONE',  ( 0.8369999999999999662, 0.3154999999999998361, 0.000000000000000000 ) ) ;
#849 = ORIENTED_EDGE ( 'NONE', *, *, #9117, .F. ) ;
#850 = ORIENTED_EDGE ( 'NONE', *, *, #10172, .T. ) ;
#851 = ORIENTED_EDGE ( 'NONE', *, *, #867, .T. ) ;
#852 = FACE_OUTER_BOUND ( 'NONE', #4843, .T. ) ;
#853 = CARTESIAN_POINT ( 'NONE',  ( 0.4298649907676604376, 0.1426874694188380310, 0.000000000000000000 ) ) ;
#854 = LINE ( 'NONE', #4043, #8014 ) ;
#855 = B_SPLINE_SURFACE_WITH_KNOTS ( 'NONE', 3, 1, ( 
 ( #7348, #33 ),
 ( #975, #4104 ),
 ( #8811, #821 ),
 ( #7144, #2334 ),
 ( #7298, #3223 ),
 ( #4944, #6420 ),
 ( #9600, #5637 ),
 ( #6573, #131 ),
 ( #182, #5528 ),
 ( #873, #6522 ),
 ( #2543, #7505 ) ),
 .UNSPECIFIED., .F., .F., .F.,
 ( 4, 1, 1, 1, 1, 1, 1, 1, 4 ),
 ( 2, 2 ),
 ( 0.000000000000000000, 0.1227180515039657527, 0.2401431180450250280, 0.3573623765102144079, 0.4816738524649447073, 0.6078658287995960530, 0.7329554806750206986, 0.8621444613629477560, 1.000000000000000000 ),
 ( 0.000000000000000000, 1.000000000000000000 ),
 .UNSPECIFIED. ) ;
#856 = ORIENTED_EDGE ( 'NONE', *, *, #9590, .T. ) ;
#857 = VECTOR ( 'NONE', #8419, 39.37007874015748143 ) ;
#858 = ORIENTED_EDGE ( 'NONE', *, *, #3882, .F. ) ;
#859 = EDGE_LOOP ( 'NONE', ( #3255, #9264, #543, #2765 ) ) ;
#860 = LINE ( 'NONE', #8801, #7892 ) ;
#861 = AXIS2_PLACEMENT_3D ( 'NONE', #8244, #9074, #1085 ) ;
#862 = LINE ( 'NONE', #7030, #2363 ) ;
#863 = FACE_BOUND ( 'NONE', #5304, .T. ) ;
#864 = LINE ( 'NONE', #7189, #903 ) ;
#865 = EDGE_CURVE ( 'NONE', #670, #5427, #5364, .T. ) ;
#866 = LINE ( 'NONE', #7140, #3526 ) ;
#867 = EDGE_CURVE ( 'NONE', #5416, #7057, #6938, .T. ) ;
#868 = ORIENTED_EDGE ( 'NONE', *, *, #1317, .F. ) ;
#869 = CARTESIAN_POINT ( 'NONE',  ( 1.098000000000000087, 0.05399999999999985367, -0.2199999999999999456 ) ) ;
#870 = AXIS2_PLACEMENT_3D ( 'NONE', #11, #6340, #5565 ) ;
#871 = VECTOR ( 'NONE', #7989, 39.37007874015748143 ) ;
#872 = EDGE_CURVE ( 'NONE', #1671, #7813, #1436, .T. ) ;
#873 = CARTESIAN_POINT ( 'NONE',  ( 0.4335235646301900947, 0.1479457070378088490, 0.002000000000000000042 ) ) ;
#874 = DIRECTION ( 'NONE',  ( 0.000000000000000000, 0.000000000000000000, -1.000000000000000000 ) ) ;
#875 = CARTESIAN_POINT ( 'NONE',  ( 0.9514999999999997904, 0.000000000000000000, -0.4899999999999999911 ) ) ;
#876 = EDGE_LOOP ( 'NONE', ( #10293, #6814, #7958, #7935 ) ) ;
#877 = CARTESIAN_POINT ( 'NONE',  ( 0.8298324058205677201, 0.3320957686522920671, 0.002000000000000000042 ) ) ;
#878 = DIRECTION ( 'NONE',  ( 0.000000000000000000, -0.000000000000000000, -1.000000000000000000 ) ) ;
#879 = DIRECTION ( 'NONE',  ( -1.000000000000000000, 0.000000000000000000, 0.000000000000000000 ) ) ;
#880 = LINE ( 'NONE', #8970, #7910 ) ;
#881 = VECTOR ( 'NONE', #470, 39.37007874015748143 ) ;
#882 = PLANE ( 'NONE',  #364 ) ;
#883 = CARTESIAN_POINT ( 'NONE',  ( 0.8278569513451469186, 0.3294337083104098562, 0.000000000000000000 ) ) ;
#884 = ORIENTED_EDGE ( 'NONE', *, *, #4390, .F. ) ;
#885 = VECTOR ( 'NONE', #669, 39.37007874015748854 ) ;
#886 = DIRECTION ( 'NONE',  ( 0.000000000000000000, -1.000000000000000000, 0.000000000000000000 ) ) ;
#887 = ORIENTED_EDGE ( 'NONE', *, *, #7156, .F. ) ;
#888 = AXIS2_PLACEMENT_3D ( 'NONE', #2036, #1098, #8415 ) ;
#889 = ORIENTED_EDGE ( 'NONE', *, *, #155, .F. ) ;
#890 = CARTESIAN_POINT ( 'NONE',  ( 0.7785428972627880251, 0.1566171947923149788, 0.002000000000000000042 ) ) ;
#891 = ORIENTED_EDGE ( 'NONE', *, *, #5696, .T. ) ;
#892 = DIRECTION ( 'NONE',  ( -0.000000000000000000, -0.000000000000000000, 1.000000000000000000 ) ) ;
#893 = CARTESIAN_POINT ( 'NONE',  ( 0.7634166183668699146, 0.1624265045693688292, 0.000000000000000000 ) ) ;
#894 = ADVANCED_FACE ( 'NONE', ( #9229 ), #661, .T. ) ;
#895 = CARTESIAN_POINT ( 'NONE',  ( 0.6414999999999998481, 0.4234999999999998765, 0.2080000000000000182 ) ) ;
#896 = AXIS2_PLACEMENT_3D ( 'NONE', #8187, #5004, #828 ) ;
#897 = PLANE ( 'NONE',  #16 ) ;
#898 = AXIS2_PLACEMENT_3D ( 'NONE', #242, #4472, #2754 ) ;
#899 = CARTESIAN_POINT ( 'NONE',  ( 0.8295622325301642563, 0.3356511457944886812, 0.002000000000000000042 ) ) ;
#900 = DIRECTION ( 'NONE',  ( -0.1559625734730110125, -0.9877629653290689316, 0.000000000000000000 ) ) ;
#901 = DIRECTION ( 'NONE',  ( -2.626776916984868821E-16, -1.000000000000000000, 0.000000000000000000 ) ) ;
#902 = ORIENTED_EDGE ( 'NONE', *, *, #4649, .T. ) ;
#903 = VECTOR ( 'NONE', #8077, 39.37007874015748143 ) ;
#904 = ORIENTED_EDGE ( 'NONE', *, *, #6626, .F. ) ;
#905 = ORIENTED_EDGE ( 'NONE', *, *, #4577, .F. ) ;
#906 = LINE ( 'NONE', #6554, #7387 ) ;
#907 = ADVANCED_FACE ( 'NONE', ( #3902 ), #9280, .F. ) ;
#908 = EDGE_CURVE ( 'NONE', #6660, #938, #2912, .T. ) ;
#909 = DIRECTION ( 'NONE',  ( 0.7071067811865451302, -0.7071067811865500152, 0.000000000000000000 ) ) ;
#910 = ADVANCED_FACE ( 'NONE', ( #7032 ), #8500, .F. ) ;
#911 = B_SPLINE_CURVE_WITH_KNOTS ( 'NONE', 3,
 ( #7953, #2419, #948, #791, #1679, #1626, #4081, #3976, #4130, #4819, #8003, #7218, #5128, #9769, #1102 ),
 .UNSPECIFIED., .F., .F.,
 ( 4, 1, 1, 1, 1, 1, 1, 1, 1, 1, 1, 1, 4 ),
 ( 0.000000000000000000, 0.09253783465933056174, 0.1855907730267317979, 0.2795524791599505177, 0.3756022954876750419, 0.4276167156194798369, 0.4871168707665559650, 0.5541989278073830016, 0.6286239860240626642, 0.7096875605186863112, 0.7991807418287635301, 0.8953573266116864326, 0.9999999999999998890 ),
 .UNSPECIFIED. ) ;
#912 = CARTESIAN_POINT ( 'NONE',  ( 0.4335130298929487092, 0.1476747652060336757, 0.002000000000000000042 ) ) ;
#913 = ORIENTED_EDGE ( 'NONE', *, *, #10312, .F. ) ;
#914 = EDGE_LOOP ( 'NONE', ( #7311, #8491, #7279, #2817 ) ) ;
#915 = ORIENTED_EDGE ( 'NONE', *, *, #3386, .F. ) ;
#916 = EDGE_CURVE ( 'NONE', #4271, #602, #8240, .T. ) ;
#917 = CARTESIAN_POINT ( 'NONE',  ( 0.6115000000000000435, 0.3079999999999998295, 0.2379999999999999893 ) ) ;
#918 = EDGE_CURVE ( 'NONE', #4019, #10291, #9332, .T. ) ;
#919 = LINE ( 'NONE', #5729, #534 ) ;
#920 = FACE_OUTER_BOUND ( 'NONE', #55, .T. ) ;
#921 = CARTESIAN_POINT ( 'NONE',  ( 1.150499999999999856, 0.4939999999999999947, -0.4899999999999999911 ) ) ;
#922 = DIRECTION ( 'NONE',  ( -0.5773502691896252870, -0.5773502691896267303, 0.5773502691896252870 ) ) ;
#923 = ORIENTED_EDGE ( 'NONE', *, *, #8542, .T. ) ;
#924 = FACE_OUTER_BOUND ( 'NONE', #229, .T. ) ;
#925 = DIRECTION ( 'NONE',  ( -1.000000000000000000, 0.000000000000000000, 0.000000000000000000 ) ) ;
#926 = DIRECTION ( 'NONE',  ( 1.000000000000000000, 0.000000000000000000, 0.000000000000000000 ) ) ;
#927 = EDGE_CURVE ( 'NONE', #3182, #1093, #5471, .T. ) ;
#928 = LINE ( 'NONE', #1865, #1381 ) ;
#929 = VERTEX_POINT ( 'NONE', #6046 ) ;
#930 = DIRECTION ( 'NONE',  ( 0.000000000000000000, 0.000000000000000000, -1.000000000000000000 ) ) ;
#931 = CARTESIAN_POINT ( 'NONE',  ( 0.5024999999999999467, -0.1250000000000000000, -0.4250000000000000444 ) ) ;
#932 = EDGE_CURVE ( 'NONE', #9777, #8178, #1285, .T. ) ;
#933 = CARTESIAN_POINT ( 'NONE',  ( 0.000000000000000000, 0.000000000000000000, -0.4899999999999999911 ) ) ;
#934 = DIRECTION ( 'NONE',  ( 0.000000000000000000, 1.000000000000000000, -0.000000000000000000 ) ) ;
#935 = DIRECTION ( 'NONE',  ( 0.000000000000000000, -0.7071067811865474617, -0.7071067811865474617 ) ) ;
#936 = LINE ( 'NONE', #7260, #1468 ) ;
#937 = CARTESIAN_POINT ( 'NONE',  ( 0.8414999999999999147, 0.06550000000000003042, 0.2079999999999999627 ) ) ;
#938 = VERTEX_POINT ( 'NONE', #5630 ) ;
#939 = CARTESIAN_POINT ( 'NONE',  ( 0.4302721644301692461, 0.1534927876667128155, 0.002000000000000000042 ) ) ;
#940 = ORIENTED_EDGE ( 'NONE', *, *, #4179, .F. ) ;
#941 = ORIENTED_EDGE ( 'NONE', *, *, #3718, .F. ) ;
#942 = CARTESIAN_POINT ( 'NONE',  ( 0.5989999999999999769, -0.1224999999999999978, -0.4224999999999999867 ) ) ;
#943 = ORIENTED_EDGE ( 'NONE', *, *, #9721, .T. ) ;
#944 = CARTESIAN_POINT ( 'NONE',  ( 0.000000000000000000, 0.000000000000000000, -0.4899999999999999911 ) ) ;
#945 = ADVANCED_FACE ( 'NONE', ( #3268, #5523, #6299, #863, #7973, #2535, #3216, #1544, #7925, #8075, #4890, #8122, #7291, #968 ), #3107, .T. ) ;
#946 = CARTESIAN_POINT ( 'NONE',  ( 0.4549999999999999045, 0.2034999999999998199, 0.2379999999999999893 ) ) ;
#947 = CARTESIAN_POINT ( 'NONE',  ( 0.8261443515422099981, 0.3379316909192445206, 0.000000000000000000 ) ) ;
#948 = CARTESIAN_POINT ( 'NONE',  ( 0.4284896704840947534, 0.1480868418086040417, 0.000000000000000000 ) ) ;
#949 = FACE_OUTER_BOUND ( 'NONE', #7843, .T. ) ;
#950 = EDGE_CURVE ( 'NONE', #9823, #4857, #3315, .T. ) ;
#951 = AXIS2_PLACEMENT_3D ( 'NONE', #4646, #622, #673 ) ;
#952 = DIRECTION ( 'NONE',  ( 0.000000000000000000, 1.000000000000000000, 0.000000000000000000 ) ) ;
#953 = DIRECTION ( 'NONE',  ( -0.5773502691896257311, 0.5773502691896257311, -0.5773502691896257311 ) ) ;
#954 = ORIENTED_EDGE ( 'NONE', *, *, #7845, .T. ) ;
#955 = ORIENTED_EDGE ( 'NONE', *, *, #4359, .F. ) ;
#956 = ORIENTED_EDGE ( 'NONE', *, *, #7382, .T. ) ;
#957 = CARTESIAN_POINT ( 'NONE',  ( 0.4457407689694032893, 0.1473881775714292741, 0.002000000000000000042 ) ) ;
#958 = CARTESIAN_POINT ( 'NONE',  ( 0.7781861023624582208, 0.1694340856360305458, 0.000000000000000000 ) ) ;
#959 = VECTOR ( 'NONE', #8433, 39.37007874015748143 ) ;
#960 = PLANE ( 'NONE',  #3676 ) ;
#961 = ORIENTED_EDGE ( 'NONE', *, *, #1587, .F. ) ;
#962 = ORIENTED_EDGE ( 'NONE', *, *, #5390, .T. ) ;
#963 = VERTEX_POINT ( 'NONE', #6460 ) ;
#964 = CARTESIAN_POINT ( 'NONE',  ( 0.8119999999999999440, 0.03300000000000000155, -0.4174999999999999822 ) ) ;
#965 = VECTOR ( 'NONE', #2710, 39.37007874015748143 ) ;
#966 = EDGE_CURVE ( 'NONE', #66, #8509, #7269, .T. ) ;
#967 = CARTESIAN_POINT ( 'NONE',  ( 0.4345112760227426429, 0.1504904408717196995, 0.002000000000000000042 ) ) ;
#968 = FACE_BOUND ( 'NONE', #1309, .T. ) ;
#969 = DIRECTION ( 'NONE',  ( 0.4534971179101668914, 0.8912577427698297194, 0.000000000000000000 ) ) ;
#970 = EDGE_CURVE ( 'NONE', #7223, #9457, #2436, .T. ) ;
#971 = CARTESIAN_POINT ( 'NONE',  ( 0.7720750077053435412, 0.1670523563111459275, 0.000000000000000000 ) ) ;
#972 = VECTOR ( 'NONE', #9223, 39.37007874015748143 ) ;
#973 = ORIENTED_EDGE ( 'NONE', *, *, #198, .F. ) ;
#974 = CARTESIAN_POINT ( 'NONE',  ( 0.7633930881864453566, 0.1633435751574418837, 0.002000000000000000042 ) ) ;
#975 = CARTESIAN_POINT ( 'NONE',  ( 0.4368003990627061794, 0.1515916202817745861, 0.002000000000000000042 ) ) ;
#976 = VECTOR ( 'NONE', #4376, 39.37007874015748143 ) ;
#977 = LINE ( 'NONE', #4106, #5567 ) ;
#978 = ORIENTED_EDGE ( 'NONE', *, *, #10234, .F. ) ;
#979 = CARTESIAN_POINT ( 'NONE',  ( 0.6489999999999999103, 0.03300000000000000155, -0.3054999999999999938 ) ) ;
#980 = CARTESIAN_POINT ( 'NONE',  ( 0.7785428972627880251, 0.1566171947923149788, 0.002000000000000000042 ) ) ;
#981 = DIRECTION ( 'NONE',  ( 0.000000000000000000, -0.7071067811865459074, 0.7071067811865491270 ) ) ;
#982 = CARTESIAN_POINT ( 'NONE',  ( 0.8119999999999999440, -0.1250000000000000000, -0.4249999999999999889 ) ) ;
#983 = VECTOR ( 'NONE', #10136, 39.37007874015748143 ) ;
#984 = DIRECTION ( 'NONE',  ( 0.000000000000000000, -0.7071067811865491270, 0.7071067811865459074 ) ) ;
#985 = FACE_OUTER_BOUND ( 'NONE', #8675, .T. ) ;
#986 = LINE ( 'NONE', #4168, #7141 ) ;
#987 = ORIENTED_EDGE ( 'NONE', *, *, #2803, .F. ) ;
#988 = CARTESIAN_POINT ( 'NONE',  ( 0.8261443515422099981, 0.3379316909192445206, 0.000000000000000000 ) ) ;
#989 = VERTEX_POINT ( 'NONE', #5730 ) ;
#990 = ORIENTED_EDGE ( 'NONE', *, *, #2280, .F. ) ;
#991 = DIRECTION ( 'NONE',  ( 0.7071067811865459074, 0.000000000000000000, -0.7071067811865491270 ) ) ;
#992 = ORIENTED_EDGE ( 'NONE', *, *, #4289, .T. ) ;
#993 = FACE_OUTER_BOUND ( 'NONE', #3256, .T. ) ;
#994 = AXIS2_PLACEMENT_3D ( 'NONE', #5190, #3463, #6655 ) ;
#995 = LINE ( 'NONE', #946, #3188 ) ;
#996 = DIRECTION ( 'NONE',  ( -0.000000000000000000, 1.000000000000000000, -0.000000000000000000 ) ) ;
#997 = CARTESIAN_POINT ( 'NONE',  ( 0.1139999999999998792, 0.05399999999999999245, -0.2199999999999999456 ) ) ;
#998 = ADVANCED_FACE ( 'NONE', ( #4050 ), #9484, .T. ) ;
#999 = LINE ( 'NONE', #4029, #4987 ) ;
#1000 = CARTESIAN_POINT ( 'NONE',  ( 0.3844282135025317015, 0.3526769056879103248, 0.002000000000000000042 ) ) ;
#1001 = CARTESIAN_POINT ( 'NONE',  ( 0.4404755381030751593, 0.1492241316674232099, 0.002000000000000000042 ) ) ;
#1002 = ORIENTED_EDGE ( 'NONE', *, *, #1162, .T. ) ;
#1003 = VERTEX_POINT ( 'NONE', #10271 ) ;
#1004 = VERTEX_POINT ( 'NONE', #3998 ) ;
#1005 = CARTESIAN_POINT ( 'NONE',  ( 0.8452586961495975881, 0.08049999999999998823, 0.2379999999999999893 ) ) ;
#1006 = ORIENTED_EDGE ( 'NONE', *, *, #5450, .F. ) ;
#1007 = VECTOR ( 'NONE', #4354, 39.37007874015748143 ) ;
#1008 = LINE ( 'NONE', #1112, #9233 ) ;
#1009 = CARTESIAN_POINT ( 'NONE',  ( 0.4362526758666916971, 0.1386740792217242557, 0.000000000000000000 ) ) ;
#1010 = CARTESIAN_POINT ( 'NONE',  ( 0.8218961113116035611, 0.3526769056879103248, 0.002000000000000000042 ) ) ;
#1011 = VERTEX_POINT ( 'NONE', #8022 ) ;
#1012 = ORIENTED_EDGE ( 'NONE', *, *, #2797, .T. ) ;
#1013 = ORIENTED_EDGE ( 'NONE', *, *, #9914, .T. ) ;
#1014 = CARTESIAN_POINT ( 'NONE',  ( 0.5649999999999999467, -0.1174999999999999933, -0.3054999999999999938 ) ) ;
#1015 = CARTESIAN_POINT ( 'NONE',  ( 0.5639999999999999458, 0.2034999999999998199, 0.000000000000000000 ) ) ;
#1016 = CARTESIAN_POINT ( 'NONE',  ( 0.8228345453307983615, 0.3361391133616208893, 0.002000000000000000042 ) ) ;
#1017 = LINE ( 'NONE', #2388, #5590 ) ;
#1018 = AXIS2_PLACEMENT_3D ( 'NONE', #683, #1362, #2934 ) ;
#1019 = DIRECTION ( 'NONE',  ( 0.000000000000000000, 1.000000000000000000, 0.000000000000000000 ) ) ;
#1020 = VERTEX_POINT ( 'NONE', #8805 ) ;
#1021 = CARTESIAN_POINT ( 'NONE',  ( 0.7665362151033857652, 0.1701478866888085917, 0.002000000000000000042 ) ) ;
#1022 = AXIS2_PLACEMENT_3D ( 'NONE', #246, #5896, #4276 ) ;
#1023 = CARTESIAN_POINT ( 'NONE',  ( 0.5100000000000000089, 0.3154999999999998361, 0.2379999999999999893 ) ) ;
#1024 = AXIS2_PLACEMENT_3D ( 'NONE', #9535, #4738, #3004 ) ;
#1025 = DIRECTION ( 'NONE',  ( 0.000000000000000000, 0.000000000000000000, -1.000000000000000000 ) ) ;
#1026 = VERTEX_POINT ( 'NONE', #6414 ) ;
#1027 = LINE ( 'NONE', #4216, #6034 ) ;
#1028 = CARTESIAN_POINT ( 'NONE',  ( 0.7706418568790318613, 0.1593966674888676049, 0.002000000000000000042 ) ) ;
#1029 = ADVANCED_FACE ( 'NONE', ( #8704 ), #10321, .F. ) ;
#1030 = DIRECTION ( 'NONE',  ( 0.7071067811865491270, 0.000000000000000000, 0.7071067811865459074 ) ) ;
#1031 = LINE ( 'NONE', #1663, #59 ) ;
#1032 = ADVANCED_FACE ( 'NONE', ( #920 ), #4939, .F. ) ;
#1033 = AXIS2_PLACEMENT_3D ( 'NONE', #7084, #1542, #6249 ) ;
#1034 = CARTESIAN_POINT ( 'NONE',  ( 0.4009999999999999676, -0.1250000000000000000, -0.4425000000000000044 ) ) ;
#1035 = VECTOR ( 'NONE', #9023, 39.37007874015748143 ) ;
#1036 = DIRECTION ( 'NONE',  ( 1.000000000000000000, -0.000000000000000000, 0.000000000000000000 ) ) ;
#1037 = VECTOR ( 'NONE', #8001, 39.37007874015748143 ) ;
#1038 = DIRECTION ( 'NONE',  ( -0.000000000000000000, -0.000000000000000000, -1.000000000000000000 ) ) ;
#1039 = ORIENTED_EDGE ( 'NONE', *, *, #5972, .F. ) ;
#1040 = CARTESIAN_POINT ( 'NONE',  ( 0.4305909598930606763, 0.1541426547634781874, 0.000000000000000000 ) ) ;
#1041 = ORIENTED_EDGE ( 'NONE', *, *, #2781, .F. ) ;
#1042 = VERTEX_POINT ( 'NONE', #78 ) ;
#1043 = LINE ( 'NONE', #8980, #1558 ) ;
#1044 = ORIENTED_EDGE ( 'NONE', *, *, #1737, .T. ) ;
#1045 = DIRECTION ( 'NONE',  ( -0.000000000000000000, -0.000000000000000000, -1.000000000000000000 ) ) ;
#1046 = VECTOR ( 'NONE', #2477, 39.37007874015748143 ) ;
#1047 = CARTESIAN_POINT ( 'NONE',  ( 1.150499999999999856, 0.4939999999999999947, 0.000000000000000000 ) ) ;
#1048 = CARTESIAN_POINT ( 'NONE',  ( 0.8285913968362544901, 0.3369781234256963853, 0.000000000000000000 ) ) ;
#1049 = CARTESIAN_POINT ( 'NONE',  ( 0.7686740178978462845, 0.1714675587123215550, 0.002000000000000000042 ) ) ;
#1050 = CARTESIAN_POINT ( 'NONE',  ( 0.4377789369910308204, 0.1437327271573288490, 0.002000000000000000042 ) ) ;
#1051 = VECTOR ( 'NONE', #9907, 39.37007874015748143 ) ;
#1052 = VECTOR ( 'NONE', #3553, 39.37007874015748143 ) ;
#1053 = EDGE_LOOP ( 'NONE', ( #5812, #5974, #4396, #7671 ) ) ;
#1054 = CARTESIAN_POINT ( 'NONE',  ( 0.4899999999999999911, 0.3104999999999997762, 0.2354999999999999871 ) ) ;
#1055 = VERTEX_POINT ( 'NONE', #4788 ) ;
#1056 = ORIENTED_EDGE ( 'NONE', *, *, #3164, .F. ) ;
#1057 = ORIENTED_EDGE ( 'NONE', *, *, #444, .T. ) ;
#1058 = CARTESIAN_POINT ( 'NONE',  ( 0.4451235952955020503, 0.1440102266681950738, 0.002000000000000000042 ) ) ;
#1059 = EDGE_CURVE ( 'NONE', #7223, #8098, #2387, .T. ) ;
#1060 = VERTEX_POINT ( 'NONE', #8905 ) ;
#1061 = CARTESIAN_POINT ( 'NONE',  ( 0.8350190616617279016, 0.3333309768593934463, 0.000000000000000000 ) ) ;
#1062 = CARTESIAN_POINT ( 'NONE',  ( 0.4294339157489338032, 0.1434165467920270887, 0.000000000000000000 ) ) ;
#1063 = VECTOR ( 'NONE', #785, 39.37007874015748143 ) ;
#1064 = EDGE_CURVE ( 'NONE', #9112, #5135, #761, .T. ) ;
#1065 = VECTOR ( 'NONE', #8985, 39.37007874015748143 ) ;
#1066 = PLANE ( 'NONE',  #9998 ) ;
#1067 = VECTOR ( 'NONE', #2039, 39.37007874015748143 ) ;
#1068 = CARTESIAN_POINT ( 'NONE',  ( 0.7029999999999999583, 0.3154999999999998361, 0.000000000000000000 ) ) ;
#1069 = VECTOR ( 'NONE', #1754, 39.37007874015748143 ) ;
#1070 = ORIENTED_EDGE ( 'NONE', *, *, #7131, .F. ) ;
#1071 = ORIENTED_EDGE ( 'NONE', *, *, #3725, .F. ) ;
#1072 = EDGE_LOOP ( 'NONE', ( #10140, #5919, #9002, #4458 ) ) ;
#1073 = CARTESIAN_POINT ( 'NONE',  ( 0.6729999999999999316, 0.2034999999999998199, 0.2304999999999999827 ) ) ;
#1074 = CARTESIAN_POINT ( 'NONE',  ( 0.4363276346608888634, 0.1515699355775724233, 0.002000000000000000042 ) ) ;
#1075 = EDGE_CURVE ( 'NONE', #7003, #3566, #814, .T. ) ;
#1076 = CARTESIAN_POINT ( 'NONE',  ( 0.7205000000000000293, 0.3079999999999998295, 0.2379999999999999893 ) ) ;
#1077 = COORDINATED_UNIVERSAL_TIME_OFFSET ( 5, 0, .BEHIND. ) ;
#1078 = CARTESIAN_POINT ( 'NONE',  ( 0.7806518625378879861, 0.1630867465357607460, -0.000000000000000000 ) ) ;
#1079 = VERTEX_POINT ( 'NONE', #5829 ) ;
#1080 = DIRECTION ( 'NONE',  ( 0.7071067811865499042, 0.7071067811865450192, 0.000000000000000000 ) ) ;
#1081 = LINE ( 'NONE', #9170, #1299 ) ;
#1082 = EDGE_CURVE ( 'NONE', #5444, #1108, #9742, .T. ) ;
#1083 = PLANE ( 'NONE',  #382 ) ;
#1084 = ORIENTED_EDGE ( 'NONE', *, *, #9012, .F. ) ;
#1085 = DIRECTION ( 'NONE',  ( 0.000000000000000000, 0.000000000000000000, -1.000000000000000000 ) ) ;
#1086 = FACE_OUTER_BOUND ( 'NONE', #1296, .T. ) ;
#1087 = FACE_OUTER_BOUND ( 'NONE', #914, .T. ) ;
#1088 = CARTESIAN_POINT ( 'NONE',  ( 0.8258858607345276326, 0.3480015936880894167, 0.002000000000000000042 ) ) ;
#1089 = DIRECTION ( 'NONE',  ( 0.000000000000000000, -0.000000000000000000, -1.000000000000000000 ) ) ;
#1090 = CARTESIAN_POINT ( 'NONE',  ( 1.171000000000000041, 0.05399999999999985367, -0.2199999999999999456 ) ) ;
#1091 = DIRECTION ( 'NONE',  ( -0.000000000000000000, -0.000000000000000000, -1.000000000000000000 ) ) ;
#1092 = CC_DESIGN_PERSON_AND_ORGANIZATION_ASSIGNMENT ( #1173, #5152, ( #4026 ) ) ;
#1093 = VERTEX_POINT ( 'NONE', #279 ) ;
#1094 = DIRECTION ( 'NONE',  ( 0.000000000000000000, 0.000000000000000000, 1.000000000000000000 ) ) ;
#1095 = VERTEX_POINT ( 'NONE', #5101 ) ;
#1096 = ORIENTED_EDGE ( 'NONE', *, *, #1705, .F. ) ;
#1097 = CARTESIAN_POINT ( 'NONE',  ( 0.7787609229447248760, 0.1687628001113986309, 0.002000000000000000042 ) ) ;
#1098 = DIRECTION ( 'NONE',  ( -4.878299988686190235E-16, 0.000000000000000000, -1.000000000000000000 ) ) ;
#1099 = EDGE_CURVE ( 'NONE', #6323, #7080, #7448, .T. ) ;
#1100 = CARTESIAN_POINT ( 'NONE',  ( 0.8119999999999999440, -0.1174999999999999933, -0.4425000000000000044 ) ) ;
#1101 = LINE ( 'NONE', #7272, #5573 ) ;
#1102 = CARTESIAN_POINT ( 'NONE',  ( 0.4305909598930606763, 0.1541426547634781874, 0.000000000000000000 ) ) ;
#1103 = CARTESIAN_POINT ( 'NONE',  ( 0.4401283975617502620, 0.1454034041707691904, 0.002000000000000000042 ) ) ;
#1104 = EDGE_CURVE ( 'NONE', #4857, #9674, #8232, .T. ) ;
#1105 = EDGE_LOOP ( 'NONE', ( #6633, #9675, #4658, #2475 ) ) ;
#1106 = CYLINDRICAL_SURFACE ( 'NONE', #9633, 0.05999999999999994227 ) ;
#1107 = ORIENTED_EDGE ( 'NONE', *, *, #8038, .T. ) ;
#1108 = VERTEX_POINT ( 'NONE', #7397 ) ;
#1109 = VERTEX_POINT ( 'NONE', #3473 ) ;
#1110 = CARTESIAN_POINT ( 'NONE',  ( 0.4374450708622879547, 0.1386632404208966440, 0.002000000000000000042 ) ) ;
#1111 = CARTESIAN_POINT ( 'NONE',  ( 0.7796984373132835877, 0.1673274375575012629, 0.002000000000000000042 ) ) ;
#1112 = CARTESIAN_POINT ( 'NONE',  ( 0.8119999999999999440, -0.1250000000000000000, -0.4425000000000000044 ) ) ;
#1113 = CARTESIAN_POINT ( 'NONE',  ( 0.4447961006068885115, 0.1516497454809752066, 0.000000000000000000 ) ) ;
#1114 = EDGE_CURVE ( 'NONE', #10340, #1981, #8172, .T. ) ;
#1115 = CARTESIAN_POINT ( 'NONE',  ( 0.7279999999999999805, 0.3154999999999998361, 0.2379999999999999893 ) ) ;
#1116 = LINE ( 'NONE', #3466, #7344 ) ;
#1117 = CARTESIAN_POINT ( 'NONE',  ( 0.8261443515422099981, 0.3379316909192445206, 0.002000000000000000042 ) ) ;
#1118 = ORIENTED_EDGE ( 'NONE', *, *, #8963, .T. ) ;
#1119 = VERTEX_POINT ( 'NONE', #1076 ) ;
#1120 = ORIENTED_EDGE ( 'NONE', *, *, #7750, .T. ) ;
#1121 = DIRECTION ( 'NONE',  ( 0.000000000000000000, 1.000000000000000000, 0.000000000000000000 ) ) ;
#1122 = CYLINDRICAL_SURFACE ( 'NONE', #4203, 0.07200000000000000844 ) ;
#1123 = AXIS2_PLACEMENT_3D ( 'NONE', #8684, #1581, #4924 ) ;
#1124 = DATE_AND_TIME ( #3527, #9072 ) ;
#1125 = VERTEX_POINT ( 'NONE', #3368 ) ;
#1126 = CARTESIAN_POINT ( 'NONE',  ( 0.7634004508557488133, 0.1636436576669796639, 0.002000000000000000042 ) ) ;
#1127 = VECTOR ( 'NONE', #5752, 39.37007874015748143 ) ;
#1128 = CARTESIAN_POINT ( 'NONE',  ( 0.8346689288303448251, 0.3526769056879103248, 0.002000000000000000042 ) ) ;
#1129 = DIRECTION ( 'NONE',  ( -0.000000000000000000, -0.000000000000000000, -1.000000000000000000 ) ) ;
#1130 = ORIENTED_EDGE ( 'NONE', *, *, #4417, .F. ) ;
#1131 = DIRECTION ( 'NONE',  ( -0.7071067811865451302, -0.7071067811865500152, 0.000000000000000000 ) ) ;
#1132 = DIRECTION ( 'NONE',  ( -0.000000000000000000, -1.000000000000000000, -0.000000000000000000 ) ) ;
#1133 = LINE ( 'NONE', #7613, #1035 ) ;
#1134 = DIRECTION ( 'NONE',  ( -0.000000000000000000, -0.000000000000000000, -1.000000000000000000 ) ) ;
#1135 = EDGE_CURVE ( 'NONE', #4144, #2555, #175, .T. ) ;
#1136 = EDGE_CURVE ( 'NONE', #3820, #3030, #6666, .T. ) ;
#1137 = VECTOR ( 'NONE', #7310, 39.37007874015748143 ) ;
#1138 = CARTESIAN_POINT ( 'NONE',  ( 0.5714999999999998970, 0.4284999999999998810, 0.2080000000000000182 ) ) ;
#1139 = CARTESIAN_POINT ( 'NONE',  ( 0.5649999999999999467, -0.1174999999999999933, -0.3305000000000000160 ) ) ;
#1140 = CARTESIAN_POINT ( 'NONE',  ( 0.6056666666666666865, 0.3021666666666664725, 0.2438333333333333464 ) ) ;
#1141 = CARTESIAN_POINT ( 'NONE',  ( 0.8272802318896774754, 0.3377649235844176201, 0.002000000000000000042 ) ) ;
#1142 = ORIENTED_EDGE ( 'NONE', *, *, #5442, .T. ) ;
#1143 = CARTESIAN_POINT ( 'NONE',  ( 0.4304817495265489957, 0.1539200285592718653, 0.000000000000000000 ) ) ;
#1144 = EDGE_LOOP ( 'NONE', ( #10028, #2607, #5964, #5849 ) ) ;
#1145 = ORIENTED_EDGE ( 'NONE', *, *, #3353, .F. ) ;
#1146 = LINE ( 'NONE', #1983, #4229 ) ;
#1147 = CARTESIAN_POINT ( 'NONE',  ( 0.6606666666666666243, -0.1308333333333333570, -0.3188333333333333020 ) ) ;
#1148 = VECTOR ( 'NONE', #235, 39.37007874015748143 ) ;
#1149 = LINE ( 'NONE', #2718, #6882 ) ;
#1150 = LINE ( 'NONE', #1250, #2566 ) ;
#1151 = DIRECTION ( 'NONE',  ( 1.000000000000000000, 0.000000000000000000, 0.000000000000000000 ) ) ;
#1152 = CARTESIAN_POINT ( 'NONE',  ( -3.551358426084892890E-17, 0.1299999999999998657, -0.1659999999999999531 ) ) ;
#1153 = ORIENTED_EDGE ( 'NONE', *, *, #9325, .T. ) ;
#1154 = DIRECTION ( 'NONE',  ( -1.000000000000000000, 0.000000000000000000, -3.524965153115178140E-16 ) ) ;
#1155 = ORIENTED_EDGE ( 'NONE', *, *, #4547, .F. ) ;
#1156 = ORIENTED_EDGE ( 'NONE', *, *, #4770, .F. ) ;
#1157 = ORIENTED_EDGE ( 'NONE', *, *, #9041, .F. ) ;
#1158 = CYLINDRICAL_SURFACE ( 'NONE', #2717, 0.07199999999999993905 ) ;
#1159 = EDGE_LOOP ( 'NONE', ( #6248 ) ) ;
#1160 = DIRECTION ( 'NONE',  ( -0.000000000000000000, 0.000000000000000000, 1.000000000000000000 ) ) ;
#1161 = CARTESIAN_POINT ( 'NONE',  ( 0.4389783616315570125, 0.1561367646039695245, 0.000000000000000000 ) ) ;
#1162 = EDGE_CURVE ( 'NONE', #2383, #8776, #9843, .T. ) ;
#1163 = ADVANCED_FACE ( 'NONE', ( #2689 ), #5779, .T. ) ;
#1164 = DIRECTION ( 'NONE',  ( -1.000000000000000000, 0.000000000000000000, 0.000000000000000000 ) ) ;
#1165 = CARTESIAN_POINT ( 'NONE',  ( 0.8220815503692886494, 0.3314581819964155796, 0.000000000000000000 ) ) ;
#1166 = DIRECTION ( 'NONE',  ( -0.000000000000000000, -1.000000000000000000, -0.000000000000000000 ) ) ;
#1167 = ORIENTED_EDGE ( 'NONE', *, *, #27, .T. ) ;
#1168 = ORIENTED_EDGE ( 'NONE', *, *, #1612, .F. ) ;
#1169 = ORIENTED_EDGE ( 'NONE', *, *, #6246, .F. ) ;
#1170 = LINE ( 'NONE', #8437, #3735 ) ;
#1171 = CARTESIAN_POINT ( 'NONE',  ( 0.8452586961495975881, 0.06549999999999996103, 0.000000000000000000 ) ) ;
#1172 = VECTOR ( 'NONE', #5185, 39.37007874015748143 ) ;
#1173 = PERSON_AND_ORGANIZATION ( #5486, #9908 ) ;
#1174 = EDGE_LOOP ( 'NONE', ( #5831, #3287, #2633, #5782 ) ) ;
#1175 = CARTESIAN_POINT ( 'NONE',  ( 0.7569999999999998952, 0.2034999999999998199, 0.2304999999999999827 ) ) ;
#1176 = CARTESIAN_POINT ( 'NONE',  ( 0.5649999999999999467, 0.03300000000000000155, -0.3054999999999999938 ) ) ;
#1177 = DIRECTION ( 'NONE',  ( -1.000000000000000000, -0.000000000000000000, -0.000000000000000000 ) ) ;
#1178 = ORIENTED_EDGE ( 'NONE', *, *, #1587, .T. ) ;
#1179 = LINE ( 'NONE', #7562, #5711 ) ;
#1180 = DIRECTION ( 'NONE',  ( -0.7071067811865483499, -0.7071067811865466846, 0.000000000000000000 ) ) ;
#1181 = ADVANCED_FACE ( 'NONE', ( #6613 ), #5045, .F. ) ;
#1182 = CARTESIAN_POINT ( 'NONE',  ( 0.3759999999999999454, 0.2904999999999998139, 0.2379999999999999893 ) ) ;
#1183 = UNCERTAINTY_MEASURE_WITH_UNIT (LENGTH_MEASURE( 1.000000000000000082E-05 ), #2013, 'distance_accuracy_value', 'NONE');
#1184 = FACE_OUTER_BOUND ( 'NONE', #1256, .T. ) ;
#1185 = EDGE_CURVE ( 'NONE', #7420, #6323, #5764, .T. ) ;
#1186 = ADVANCED_FACE ( 'NONE', ( #7172 ), #4923, .F. ) ;
#1187 = VECTOR ( 'NONE', #80, 39.37007874015748143 ) ;
#1188 = DIRECTION ( 'NONE',  ( 0.000000000000000000, -1.000000000000000000, 0.000000000000000000 ) ) ;
#1189 = CARTESIAN_POINT ( 'NONE',  ( 0.5399999999999999245, -0.1174999999999999933, -0.3054999999999999938 ) ) ;
#1190 = CARTESIAN_POINT ( 'NONE',  ( 0.6189999999999999947, 0.2904999999999998139, 0.000000000000000000 ) ) ;
#1191 = CARTESIAN_POINT ( 'NONE',  ( 0.8285913968362544901, 0.3369781234256963853, 0.002000000000000000042 ) ) ;
#1192 = CARTESIAN_POINT ( 'NONE',  ( 0.7727610886459400641, 0.1670108062455923914, 0.000000000000000000 ) ) ;
#1193 = ORIENTED_EDGE ( 'NONE', *, *, #4328, .F. ) ;
#1194 = VERTEX_POINT ( 'NONE', #9575 ) ;
#1195 = DIRECTION ( 'NONE',  ( -0.000000000000000000, -0.000000000000000000, 1.000000000000000000 ) ) ;
#1196 = DIRECTION ( 'NONE',  ( -0.000000000000000000, 1.000000000000000000, -0.000000000000000000 ) ) ;
#1197 = LINE ( 'NONE', #6005, #35 ) ;
#1198 = LINE ( 'NONE', #2871, #9400 ) ;
#1199 = AXIS2_PLACEMENT_3D ( 'NONE', #2702, #1131, #9910 ) ;
#1200 = EDGE_CURVE ( 'NONE', #8340, #6805, #7221, .T. ) ;
#1201 = CARTESIAN_POINT ( 'NONE',  ( 0.8265264683883492003, 0.3429666423036669132, 0.002000000000000000042 ) ) ;
#1202 = CARTESIAN_POINT ( 'NONE',  ( 0.6189999999999999947, 0.3154999999999998361, 0.2305000000000000104 ) ) ;
#1203 = VECTOR ( 'NONE', #3571, 39.37007874015748143 ) ;
#1204 = ORIENTED_EDGE ( 'NONE', *, *, #5426, .F. ) ;
#1205 = DIRECTION ( 'NONE',  ( -1.000000000000000000, 0.000000000000000000, -0.000000000000000000 ) ) ;
#1206 = VERTEX_POINT ( 'NONE', #4032 ) ;
#1207 = ORIENTED_EDGE ( 'NONE', *, *, #7288, .F. ) ;
#1208 = ORIENTED_EDGE ( 'NONE', *, *, #4121, .F. ) ;
#1209 = LINE ( 'NONE', #10035, #6724 ) ;
#1210 = CARTESIAN_POINT ( 'NONE',  ( 0.7792704298672986640, 0.1680601261092882215, 0.002000000000000000042 ) ) ;
#1211 = CARTESIAN_POINT ( 'NONE',  ( 0.7715557693690595631, 0.1544723401087488845, 0.002000000000000000042 ) ) ;
#1212 = CARTESIAN_POINT ( 'NONE',  ( 0.4451347157439471403, 0.1508692201636571140, 0.000000000000000000 ) ) ;
#1213 = FACE_OUTER_BOUND ( 'NONE', #5072, .T. ) ;
#1214 = VECTOR ( 'NONE', #20, 39.37007874015748143 ) ;
#1215 = AXIS2_PLACEMENT_3D ( 'NONE', #6004, #9869, #306 ) ;
#1216 = CARTESIAN_POINT ( 'NONE',  ( 0.4353780515373734117, 0.1388106211197702999, 0.002000000000000000042 ) ) ;
#1217 = CARTESIAN_POINT ( 'NONE',  ( 0.8260015868798794569, 0.3379262737932117733, 0.002000000000000000042 ) ) ;
#1218 = VERTEX_POINT ( 'NONE', #7955 ) ;
#1219 = EDGE_CURVE ( 'NONE', #9354, #1541, #4183, .T. ) ;
#1220 = ORIENTED_EDGE ( 'NONE', *, *, #9273, .T. ) ;
#1221 = ORIENTED_EDGE ( 'NONE', *, *, #13, .F. ) ;
#1222 = VECTOR ( 'NONE', #5149, 39.37007874015748143 ) ;
#1223 = CARTESIAN_POINT ( 'NONE',  ( 0.6189999999999999947, 0.03300000000000000155, -0.4174999999999999822 ) ) ;
#1224 = VECTOR ( 'NONE', #1543, 39.37007874015748143 ) ;
#1225 = CARTESIAN_POINT ( 'NONE',  ( 0.1869999999999998885, 0.05399999999999999245, -0.2199999999999999456 ) ) ;
#1226 = VECTOR ( 'NONE', #7460, 39.37007874015748854 ) ;
#1227 = CIRCLE ( 'NONE', #9377, 0.07199999999999993905 ) ;
#1228 = ORIENTED_EDGE ( 'NONE', *, *, #7807, .F. ) ;
#1229 = DIRECTION ( 'NONE',  ( -1.000000000000000000, 2.626776916984868821E-16, 0.000000000000000000 ) ) ;
#1230 = ADVANCED_FACE ( 'NONE', ( #7276 ), #9724, .T. ) ;
#1231 = CARTESIAN_POINT ( 'NONE',  ( 0.8260015868798794569, 0.3379262737932117733, 0.002000000000000000042 ) ) ;
#1232 = LINE ( 'NONE', #7560, #1051 ) ;
#1233 = EDGE_LOOP ( 'NONE', ( #1618, #8044, #10216, #4912 ) ) ;
#1234 = CARTESIAN_POINT ( 'NONE',  ( 0.7569999999999998952, 0.2034999999999998199, 0.2379999999999999893 ) ) ;
#1235 = FACE_OUTER_BOUND ( 'NONE', #1479, .T. ) ;
#1236 = DIRECTION ( 'NONE',  ( 0.000000000000000000, 0.000000000000000000, -1.000000000000000000 ) ) ;
#1237 = LINE ( 'NONE', #6102, #5740 ) ;
#1238 = LINE ( 'NONE', #3802, #10027 ) ;
#1239 = FACE_OUTER_BOUND ( 'NONE', #4761, .T. ) ;
#1240 = EDGE_CURVE ( 'NONE', #6585, #8915, #3347, .T. ) ;
#1241 = LINE ( 'NONE', #6736, #4645 ) ;
#1242 = CARTESIAN_POINT ( 'NONE',  ( 0.8285913968362544901, 0.3369781234256963853, 0.000000000000000000 ) ) ;
#1243 = ADVANCED_FACE ( 'NONE', ( #5664 ), #4134, .T. ) ;
#1244 = CARTESIAN_POINT ( 'NONE',  ( 0.7727610886459400641, 0.1670108062455923914, 0.002000000000000000042 ) ) ;
#1245 = ORIENTED_EDGE ( 'NONE', *, *, #6878, .F. ) ;
#1246 = ORIENTED_EDGE ( 'NONE', *, *, #2053, .T. ) ;
#1247 = PLANE ( 'NONE',  #3696 ) ;
#1248 = DIRECTION ( 'NONE',  ( 0.000000000000000000, 1.000000000000000000, 0.000000000000000000 ) ) ;
#1249 = FACE_OUTER_BOUND ( 'NONE', #3285, .T. ) ;
#1250 = CARTESIAN_POINT ( 'NONE',  ( 0.6414999999999998481, 0.07050000000000002098, 0.1079999999999999988 ) ) ;
#1251 = DIRECTION ( 'NONE',  ( -1.000000000000000000, 0.000000000000000000, 0.000000000000000000 ) ) ;
#1252 = LINE ( 'NONE', #4439, #1817 ) ;
#1253 = ADVANCED_FACE ( 'NONE', ( #9672 ), #5712, .F. ) ;
#1254 = ORIENTED_EDGE ( 'NONE', *, *, #9486, .F. ) ;
#1255 = CARTESIAN_POINT ( 'NONE',  ( 0.4371543786620399330, 0.1386556837640715301, 0.000000000000000000 ) ) ;
#1256 = EDGE_LOOP ( 'NONE', ( #8521, #554, #3950, #2010 ) ) ;
#1257 = ORIENTED_EDGE ( 'NONE', *, *, #10133, .F. ) ;
#1258 = ORIENTED_EDGE ( 'NONE', *, *, #1104, .T. ) ;
#1259 = DIRECTION ( 'NONE',  ( 0.000000000000000000, 0.000000000000000000, -1.000000000000000000 ) ) ;
#1260 = LINE ( 'NONE', #3511, #1172 ) ;
#1261 = CARTESIAN_POINT ( 'NONE',  ( 0.7693552695696995736, 0.1548119441406696217, 0.002000000000000000042 ) ) ;
#1262 = CARTESIAN_POINT ( 'NONE',  ( 0.2916835555200637531, 0.1304908818425781492, 0.2379999999999999893 ) ) ;
#1263 = CARTESIAN_POINT ( 'NONE',  ( 0.4309999999999999387, -0.1250000000000000000, -0.3229999999999999538 ) ) ;
#1264 = ADVANCED_FACE ( 'NONE', ( #8740 ), #2364, .T. ) ;
#1265 = CARTESIAN_POINT ( 'NONE',  ( 0.7806439746130018342, 0.1626486666045017515, 0.000000000000000000 ) ) ;
#1266 = CARTESIAN_POINT ( 'NONE',  ( 0.4329780630910206041, 0.1396833439402393462, 0.002000000000000000042 ) ) ;
#1267 = DIRECTION ( 'NONE',  ( 1.000000000000000000, 0.000000000000000000, 0.000000000000000000 ) ) ;
#1268 = EDGE_LOOP ( 'NONE', ( #9005, #7604, #10189, #5337 ) ) ;
#1269 = ORIENTED_EDGE ( 'NONE', *, *, #10202, .T. ) ;
#1270 = ORIENTED_EDGE ( 'NONE', *, *, #1240, .F. ) ;
#1271 = DIRECTION ( 'NONE',  ( 0.1559625734730110125, 0.9877629653290689316, -0.000000000000000000 ) ) ;
#1272 = FACE_OUTER_BOUND ( 'NONE', #7074, .T. ) ;
#1273 = SECURITY_CLASSIFICATION_LEVEL ( 'unclassified' ) ;
#1274 = ORIENTED_EDGE ( 'NONE', *, *, #9379, .T. ) ;
#1275 = CARTESIAN_POINT ( 'NONE',  ( 0.7746245600440070378, 0.1602518113293783797, 0.002000000000000000042 ) ) ;
#1276 = EDGE_CURVE ( 'NONE', #1859, #1671, #9624, .T. ) ;
#1277 = EDGE_CURVE ( 'NONE', #3300, #3719, #8888, .T. ) ;
#1278 = CARTESIAN_POINT ( 'NONE',  ( 0.8232245018776858103, 0.3365565665249597438, 0.000000000000000000 ) ) ;
#1279 = VECTOR ( 'NONE', #7151, 39.37007874015748143 ) ;
#1280 = AXIS2_PLACEMENT_3D ( 'NONE', #5094, #5192, #8278 ) ;
#1281 = CARTESIAN_POINT ( 'NONE',  ( 0.4456049352533203445, 0.1491998533589793674, 0.000000000000000000 ) ) ;
#1282 = VERTEX_POINT ( 'NONE', #5614 ) ;
#1283 = DIRECTION ( 'NONE',  ( 0.000000000000000000, 0.000000000000000000, 1.000000000000000000 ) ) ;
#1284 = PLANE ( 'NONE',  #898 ) ;
#1285 = LINE ( 'NONE', #6353, #1069 ) ;
#1286 = CARTESIAN_POINT ( 'NONE',  ( 0.8414999999999999147, 0.4234999999999998765, 0.2079999999999999627 ) ) ;
#1287 = EDGE_CURVE ( 'NONE', #1042, #8573, #1683, .T. ) ;
#1288 = DIRECTION ( 'NONE',  ( 1.000000000000000000, -0.000000000000000000, -4.878299988686189249E-16 ) ) ;
#1289 = VECTOR ( 'NONE', #6586, 39.37007874015748143 ) ;
#1290 = CARTESIAN_POINT ( 'NONE',  ( 0.3934999999999999609, 0.2979999999999998206, 0.2379999999999999893 ) ) ;
#1291 = EDGE_CURVE ( 'NONE', #2107, #9354, #8157, .T. ) ;
#1292 = CARTESIAN_POINT ( 'NONE',  ( 0.6414999999999998481, 0.4284999999999998810, 0.1079999999999999988 ) ) ;
#1293 = FACE_OUTER_BOUND ( 'NONE', #8644, .T. ) ;
#1294 = PLANE ( 'NONE',  #7566 ) ;
#1295 = ORIENTED_EDGE ( 'NONE', *, *, #511, .F. ) ;
#1296 = EDGE_LOOP ( 'NONE', ( #7480, #9727, #1593, #5030 ) ) ;
#1297 = CARTESIAN_POINT ( 'NONE',  ( 0.4305909598930606763, 0.1541426547634781874, 0.002000000000000000042 ) ) ;
#1298 = CARTESIAN_POINT ( 'NONE',  ( 0.7820000000000000284, 0.1784999999999998255, 0.2304999999999999827 ) ) ;
#1299 = VECTOR ( 'NONE', #9748, 39.37007874015748143 ) ;
#1300 = FACE_OUTER_BOUND ( 'NONE', #1323, .T. ) ;
#1301 = CARTESIAN_POINT ( 'NONE',  ( 0.1149999999999998801, 0.05399999999999999245, -0.2919999999999999263 ) ) ;
#1302 = CARTESIAN_POINT ( 'NONE',  ( 0.8344364198490813456, 0.3373743161794441336, 0.000000000000000000 ) ) ;
#1303 = CARTESIAN_POINT ( 'NONE',  ( 0.8350003024533280138, 0.3326687089127957075, 0.000000000000000000 ) ) ;
#1304 = VECTOR ( 'NONE', #9340, 39.37007874015748143 ) ;
#1305 = ORIENTED_EDGE ( 'NONE', *, *, #5926, .F. ) ;
#1306 = CARTESIAN_POINT ( 'NONE',  ( 0.4377163152004799329, 0.1681461133014031939, 0.000000000000000000 ) ) ;
#1307 = EDGE_LOOP ( 'NONE', ( #7083, #2954, #4958, #632 ) ) ;
#1308 = ORIENTED_EDGE ( 'NONE', *, *, #6142, .F. ) ;
#1309 = EDGE_LOOP ( 'NONE', ( #9367, #978, #5626, #300 ) ) ;
#1310 = VECTOR ( 'NONE', #31, 39.37007874015748143 ) ;
#1311 = FACE_OUTER_BOUND ( 'NONE', #2269, .T. ) ;
#1312 = CARTESIAN_POINT ( 'NONE',  ( 0.7787609229447248760, 0.1687628001113986309, 0.002000000000000000042 ) ) ;
#1313 = PLANE ( 'NONE',  #4571 ) ;
#1314 = CARTESIAN_POINT ( 'NONE',  ( 0.7579999999999998961, -0.1250000000000000000, -0.3054999999999999938 ) ) ;
#1315 = EDGE_CURVE ( 'NONE', #318, #7129, #1738, .T. ) ;
#1316 = CARTESIAN_POINT ( 'NONE',  ( 0.000000000000000000, 0.000000000000000000, 0.000000000000000000 ) ) ;
#1317 = EDGE_CURVE ( 'NONE', #8319, #6337, #7326, .T. ) ;
#1318 = CARTESIAN_POINT ( 'NONE',  ( 0.7804487402909927596, 0.1613329491194824550, 0.000000000000000000 ) ) ;
#1319 = EDGE_CURVE ( 'NONE', #5135, #6196, #8056, .T. ) ;
#1320 = CARTESIAN_POINT ( 'NONE',  ( 0.4315799424402823048, 0.1406917796870962856, 0.002000000000000000042 ) ) ;
#1321 = CARTESIAN_POINT ( 'NONE',  ( 0.8228345453307983615, 0.3361391133616208893, 0.002000000000000000042 ) ) ;
#1322 = ORIENTED_EDGE ( 'NONE', *, *, #3648, .T. ) ;
#1323 = EDGE_LOOP ( 'NONE', ( #10048, #5799, #6170, #6193 ) ) ;
#1324 = VERTEX_POINT ( 'NONE', #9056 ) ;
#1325 = LINE ( 'NONE', #5930, #6569 ) ;
#1326 = CARTESIAN_POINT ( 'NONE',  ( 0.4372946803909803504, 0.1515914842884154567, 0.000000000000000000 ) ) ;
#1327 = EDGE_LOOP ( 'NONE', ( #3003, #7874, #5097, #1727 ) ) ;
#1328 = CARTESIAN_POINT ( 'NONE',  ( 0.7753910632984906126, 0.1615244934888503681, 0.002000000000000000042 ) ) ;
#1329 = CARTESIAN_POINT ( 'NONE',  ( 0.8257154558694616009, 0.3379154167105136164, 0.002000000000000000042 ) ) ;
#1330 = VERTEX_POINT ( 'NONE', #9832 ) ;
#1331 = CARTESIAN_POINT ( 'NONE',  ( 0.7718446137245830174, 0.1544649778500897797, -5.335640612625514099E-19 ) ) ;
#1332 = VERTEX_POINT ( 'NONE', #7440 ) ;
#1333 = LINE ( 'NONE', #6985, #9533 ) ;
#1334 = CARTESIAN_POINT ( 'NONE',  ( 0.8350055356323132782, 0.3346491010666485799, 0.000000000000000000 ) ) ;
#1335 = DIRECTION ( 'NONE',  ( 0.000000000000000000, -0.7071067811865450192, -0.7071067811865499042 ) ) ;
#1336 = CARTESIAN_POINT ( 'NONE',  ( 0.8292749693297623015, 0.3246003312804244811, 0.002000000000000000042 ) ) ;
#1337 = VECTOR ( 'NONE', #1588, 39.37007874015748143 ) ;
#1338 = DIRECTION ( 'NONE',  ( 1.000000000000000000, 0.000000000000000000, 0.000000000000000000 ) ) ;
#1339 = DIRECTION ( 'NONE',  ( 0.000000000000000000, 0.000000000000000000, 1.000000000000000000 ) ) ;
#1340 = CARTESIAN_POINT ( 'NONE',  ( 0.4377789369910308204, 0.1437327271573288490, 0.002000000000000000042 ) ) ;
#1341 = PLANE ( 'NONE',  #3977 ) ;
#1342 = ADVANCED_FACE ( 'NONE', ( #7641 ), #2786, .T. ) ;
#1343 = CARTESIAN_POINT ( 'NONE',  ( 0.7740287714591403967, 0.1664170544062558155, 0.002000000000000000042 ) ) ;
#1344 = EDGE_CURVE ( 'NONE', #2843, #5617, #1905, .T. ) ;
#1345 = ORIENTED_EDGE ( 'NONE', *, *, #6849, .T. ) ;
#1346 = CARTESIAN_POINT ( 'NONE',  ( 0.5714999999999998970, 0.4284999999999998810, 0.2080000000000000182 ) ) ;
#1347 = DIRECTION ( 'NONE',  ( 0.000000000000000000, 0.000000000000000000, -1.000000000000000000 ) ) ;
#1348 = ADVANCED_FACE ( 'NONE', ( #7595 ), #9108, .F. ) ;
#1349 = DIRECTION ( 'NONE',  ( -0.7071067811865475727, 0.000000000000000000, 0.7071067811865475727 ) ) ;
#1350 = CARTESIAN_POINT ( 'NONE',  ( 0.6189999999999999947, -0.1250000000000000000, -0.4174999999999999822 ) ) ;
#1351 = DIRECTION ( 'NONE',  ( 1.000000000000000000, -2.371395827833561945E-16, 0.000000000000000000 ) ) ;
#1352 = CARTESIAN_POINT ( 'NONE',  ( -1.365923996832131609E-16, 0.4939999999999999947, 0.000000000000000000 ) ) ;
#1353 = VECTOR ( 'NONE', #3140, 39.37007874015748143 ) ;
#1354 = ORIENTED_EDGE ( 'NONE', *, *, #8221, .T. ) ;
#1355 = FACE_OUTER_BOUND ( 'NONE', #3056, .T. ) ;
#1356 = ORIENTED_EDGE ( 'NONE', *, *, #3742, .F. ) ;
#1357 = VECTOR ( 'NONE', #8498, 39.37007874015748143 ) ;
#1358 = EDGE_CURVE ( 'NONE', #7071, #4295, #4352, .T. ) ;
#1359 = VERTEX_POINT ( 'NONE', #4450 ) ;
#1360 = ORIENTED_EDGE ( 'NONE', *, *, #5577, .T. ) ;
#1361 = CARTESIAN_POINT ( 'NONE',  ( 0.4457407689694032893, 0.1473881775714292741, 0.002000000000000000042 ) ) ;
#1362 = DIRECTION ( 'NONE',  ( -0.000000000000000000, 0.000000000000000000, 1.000000000000000000 ) ) ;
#1363 = CARTESIAN_POINT ( 'NONE',  ( 0.7678503080641863043, 0.1554508300714546321, 0.002000000000000000042 ) ) ;
#1364 = DIRECTION ( 'NONE',  ( 0.000000000000000000, 0.000000000000000000, 1.000000000000000000 ) ) ;
#1365 = LINE ( 'NONE', #4614, #7699 ) ;
#1366 = VECTOR ( 'NONE', #1485, 39.37007874015748143 ) ;
#1367 = CARTESIAN_POINT ( 'NONE',  ( 0.7029999999999999583, 0.3079999999999998295, 0.2379999999999999893 ) ) ;
#1368 = VECTOR ( 'NONE', #7687, 39.37007874015748143 ) ;
#1369 = CARTESIAN_POINT ( 'NONE',  ( 0.4337408702647946868, 0.1393096489552574091, 0.002000000000000000042 ) ) ;
#1370 = AXIS2_PLACEMENT_3D ( 'NONE', #5908, #7581, #2664 ) ;
#1371 = EDGE_CURVE ( 'NONE', #2853, #6643, #10040, .T. ) ;
#1372 = CARTESIAN_POINT ( 'NONE',  ( 1.098000000000000087, 0.05399999999999985367, -0.2919999999999999263 ) ) ;
#1373 = ORIENTED_EDGE ( 'NONE', *, *, #6021, .T. ) ;
#1374 = ORIENTED_EDGE ( 'NONE', *, *, #10310, .T. ) ;
#1375 = ORIENTED_EDGE ( 'NONE', *, *, #5228, .F. ) ;
#1376 = ADVANCED_FACE ( 'NONE', ( #477 ), #6705, .F. ) ;
#1377 = CARTESIAN_POINT ( 'NONE',  ( 0.7806518625378879861, 0.1630867465357607460, 0.002000000000000000042 ) ) ;
#1378 = DIRECTION ( 'NONE',  ( -0.000000000000000000, -0.000000000000000000, -1.000000000000000000 ) ) ;
#1379 = EDGE_LOOP ( 'NONE', ( #8161, #1590, #2957, #3362 ) ) ;
#1380 = CARTESIAN_POINT ( 'NONE',  ( 0.7720918658014966907, 0.1591402898499106322, 0.000000000000000000 ) ) ;
#1381 = VECTOR ( 'NONE', #8290, 39.37007874015748143 ) ;
#1382 = VECTOR ( 'NONE', #4964, 39.37007874015748143 ) ;
#1383 = LINE ( 'NONE', #10060, #972 ) ;
#1384 = ORIENTED_EDGE ( 'NONE', *, *, #5846, .T. ) ;
#1385 = EDGE_CURVE ( 'NONE', #1439, #6660, #8275, .T. ) ;
#1386 = CARTESIAN_POINT ( 'NONE',  ( 0.7635281749994782263, 0.1615335956672551976, 0.002000000000000000042 ) ) ;
#1387 = EDGE_CURVE ( 'NONE', #6695, #9392, #4302, .T. ) ;
#1388 = VERTEX_POINT ( 'NONE', #1845 ) ;
#1389 = CARTESIAN_POINT ( 'NONE',  ( 0.5939999999999999725, -0.1174999999999999933, -0.4174999999999999822 ) ) ;
#1390 = DIRECTION ( 'NONE',  ( 0.000000000000000000, -0.000000000000000000, -1.000000000000000000 ) ) ;
#1391 = DIRECTION ( 'NONE',  ( -0.000000000000000000, 0.000000000000000000, -1.000000000000000000 ) ) ;
#1392 = VECTOR ( 'NONE', #5943, 39.37007874015748143 ) ;
#1393 = CARTESIAN_POINT ( 'NONE',  ( 0.8348779158079349116, 0.3316949407708869590, 0.002000000000000000042 ) ) ;
#1394 = CARTESIAN_POINT ( 'NONE',  ( 0.2599999999999998979, 0.4039999999999999702, -0.1649999999999999523 ) ) ;
#1395 = EDGE_CURVE ( 'NONE', #4173, #9685, #2054, .T. ) ;
#1396 = DIRECTION ( 'NONE',  ( -1.000000000000000000, 0.000000000000000000, 0.000000000000000000 ) ) ;
#1397 = CARTESIAN_POINT ( 'NONE',  ( 0.3714999999999998304, 0.07050000000000002098, 0.1080000000000000265 ) ) ;
#1398 = DIRECTION ( 'NONE',  ( -0.000000000000000000, 0.000000000000000000, 1.000000000000000000 ) ) ;
#1399 = CARTESIAN_POINT ( 'NONE',  ( 0.7753828005365769327, 0.1646242342848733275, 0.002000000000000000042 ) ) ;
#1400 = ORIENTED_EDGE ( 'NONE', *, *, #6843, .F. ) ;
#1401 = CARTESIAN_POINT ( 'NONE',  ( 0.8253630523945861830, 0.3239130849039085769, 0.002000000000000000042 ) ) ;
#1402 = LINE ( 'NONE', #5483, #7232 ) ;
#1403 = CARTESIAN_POINT ( 'NONE',  ( 0.7684399751051634864, 0.1633468887239177825, -0.000000000000000000 ) ) ;
#1404 = CARTESIAN_POINT ( 'NONE',  ( 0.04199999999999991934, 0.000000000000000000, -0.01499999999999999944 ) ) ;
#1405 = CARTESIAN_POINT ( 'NONE',  ( 0.4363728184145541644, 0.1437322455111450792, 0.000000000000000000 ) ) ;
#1406 = CYLINDRICAL_SURFACE ( 'NONE', #9981, 0.06199999999999990935 ) ;
#1407 = ORIENTED_EDGE ( 'NONE', *, *, #8100, .F. ) ;
#1408 = FACE_OUTER_BOUND ( 'NONE', #4154, .T. ) ;
#1409 = ORIENTED_EDGE ( 'NONE', *, *, #8016, .F. ) ;
#1410 = ADVANCED_FACE ( 'NONE', ( #5036 ), #1066, .F. ) ;
#1411 = ORIENTED_EDGE ( 'NONE', *, *, #1512, .T. ) ;
#1412 = VERTEX_POINT ( 'NONE', #6762 ) ;
#1413 = CARTESIAN_POINT ( 'NONE',  ( 0.4447688737410823157, 0.1432492468514029449, 0.000000000000000000 ) ) ;
#1414 = PLANE ( 'NONE',  #7695 ) ;
#1415 = CARTESIAN_POINT ( 'NONE',  ( 0.4419902159618101511, 0.1548560509607877500, 0.002000000000000000042 ) ) ;
#1416 = DIRECTION ( 'NONE',  ( -1.000000000000000000, 0.000000000000000000, 0.000000000000000000 ) ) ;
#1417 = ADVANCED_FACE ( 'NONE', ( #324 ), #4255, .T. ) ;
#1418 = FACE_OUTER_BOUND ( 'NONE', #1536, .T. ) ;
#1419 = LINE ( 'NONE', #2256, #9487 ) ;
#1420 = VECTOR ( 'NONE', #5679, 39.37007874015748143 ) ;
#1421 = CARTESIAN_POINT ( 'NONE',  ( 0.4368504029584037718, 0.1386618851113586293, 0.002000000000000000042 ) ) ;
#1422 = CARTESIAN_POINT ( 'NONE',  ( 0.8236287016307679565, 0.3369259573601487423, 0.002000000000000000042 ) ) ;
#1423 = ORIENTED_EDGE ( 'NONE', *, *, #6440, .F. ) ;
#1424 = ORIENTED_EDGE ( 'NONE', *, *, #4821, .F. ) ;
#1425 = ORIENTED_EDGE ( 'NONE', *, *, #4133, .F. ) ;
#1426 = CARTESIAN_POINT ( 'NONE',  ( 0.1869999999999998885, 0.1140000000000000041, -0.2199999999999999456 ) ) ;
#1427 = EDGE_CURVE ( 'NONE', #7451, #8661, #8377, .T. ) ;
#1428 = DIRECTION ( 'NONE',  ( 0.000000000000000000, 0.000000000000000000, -1.000000000000000000 ) ) ;
#1429 = LINE ( 'NONE', #10057, #2677 ) ;
#1430 = LINE ( 'NONE', #2953, #7150 ) ;
#1431 = EDGE_LOOP ( 'NONE', ( #3071, #3350, #9302, #7755 ) ) ;
#1432 = DIRECTION ( 'NONE',  ( -1.000000000000000000, 0.000000000000000000, -0.000000000000000000 ) ) ;
#1433 = ORIENTED_EDGE ( 'NONE', *, *, #6594, .T. ) ;
#1434 = CARTESIAN_POINT ( 'NONE',  ( 0.7694515405154040977, 0.1602501584134305712, 0.002000000000000000042 ) ) ;
#1435 = LINE ( 'NONE', #8648, #7737 ) ;
#1436 = LINE ( 'NONE', #560, #195 ) ;
#1437 = LINE ( 'NONE', #8602, #8743 ) ;
#1438 = CARTESIAN_POINT ( 'NONE',  ( 0.4414999999999997815, 0.07050000000000002098, 0.1079999999999999988 ) ) ;
#1439 = VERTEX_POINT ( 'NONE', #9207 ) ;
#1440 = CARTESIAN_POINT ( 'NONE',  ( 0.8904999999999999583, 0.3415000000000002478, -0.1649999999999999523 ) ) ;
#1441 = FACE_OUTER_BOUND ( 'NONE', #381, .T. ) ;
#1442 = CARTESIAN_POINT ( 'NONE',  ( 0.1869999999999998885, 0.1140000000000000041, -0.4899999999999999911 ) ) ;
#1443 = LINE ( 'NONE', #4641, #885 ) ;
#1444 = ORIENTED_EDGE ( 'NONE', *, *, #6374, .T. ) ;
#1445 = ADVANCED_FACE ( 'NONE', ( #3618 ), #8328, .F. ) ;
#1446 = CARTESIAN_POINT ( 'NONE',  ( 0.3759999999999999454, 0.2904999999999998139, 0.2379999999999999893 ) ) ;
#1447 = CARTESIAN_POINT ( 'NONE',  ( 0.7684405069751305550, 0.1628046945425994096, 0.002000000000000000042 ) ) ;
#1448 = PLANE ( 'NONE',  #951 ) ;
#1449 = CARTESIAN_POINT ( 'NONE',  ( 0.8267504197033648250, 0.3290105380740397933, 0.002000000000000000042 ) ) ;
#1450 = ADVANCED_FACE ( 'NONE', ( #1213 ), #4613, .T. ) ;
#1451 = VECTOR ( 'NONE', #953, 39.37007874015748143 ) ;
#1452 = CARTESIAN_POINT ( 'NONE',  ( 0.8347011316343856402, 0.3365108747419189306, 0.002000000000000000042 ) ) ;
#1453 = CARTESIAN_POINT ( 'NONE',  ( 0.8275309076699580713, 0.3240623171850621209, 0.000000000000000000 ) ) ;
#1454 = ORIENTED_EDGE ( 'NONE', *, *, #8796, .F. ) ;
#1455 = CARTESIAN_POINT ( 'NONE',  ( 0.4401283975617502620, 0.1454034041707691904, 0.000000000000000000 ) ) ;
#1456 = EDGE_LOOP ( 'NONE', ( #2223, #2848, #2431, #9883 ) ) ;
#1457 = AXIS2_PLACEMENT_3D ( 'NONE', #2080, #3596, #9132 ) ;
#1458 = VERTEX_POINT ( 'NONE', #4716 ) ;
#1459 = ORIENTED_EDGE ( 'NONE', *, *, #2139, .F. ) ;
#1460 = DIRECTION ( 'NONE',  ( -0.000000000000000000, 0.000000000000000000, 1.000000000000000000 ) ) ;
#1461 = CARTESIAN_POINT ( 'NONE',  ( 0.7803220894008182640, 0.1657904491619146270, 0.000000000000000000 ) ) ;
#1462 = DIRECTION ( 'NONE',  ( -1.000000000000000000, 0.000000000000000000, 0.000000000000000000 ) ) ;
#1463 = CARTESIAN_POINT ( 'NONE',  ( 0.5649999999999999467, 0.03300000000000000155, -0.3305000000000000160 ) ) ;
#1464 = LINE ( 'NONE', #7850, #1858 ) ;
#1465 = AXIS2_PLACEMENT_3D ( 'NONE', #7644, #6920, #6084 ) ;
#1466 = CARTESIAN_POINT ( 'NONE',  ( 0.7619999999999997886, 0.1834999999999998299, 0.2354999999999999871 ) ) ;
#1467 = DIRECTION ( 'NONE',  ( -0.000000000000000000, -0.000000000000000000, 1.000000000000000000 ) ) ;
#1468 = VECTOR ( 'NONE', #6481, 39.37007874015748854 ) ;
#1469 = CARTESIAN_POINT ( 'NONE',  ( -1.365923996832131609E-16, 0.4939999999999999947, 0.000000000000000000 ) ) ;
#1470 = ORIENTED_EDGE ( 'NONE', *, *, #2759, .T. ) ;
#1471 = ORIENTED_EDGE ( 'NONE', *, *, #8785, .T. ) ;
#1472 = EDGE_LOOP ( 'NONE', ( #3341 ) ) ;
#1473 = LINE ( 'NONE', #7122, #3881 ) ;
#1474 = EDGE_CURVE ( 'NONE', #3749, #318, #590, .T. ) ;
#1475 = EDGE_CURVE ( 'NONE', #4850, #4619, #1365, .T. ) ;
#1476 = FACE_OUTER_BOUND ( 'NONE', #10258, .T. ) ;
#1477 = AXIS2_PLACEMENT_3D ( 'NONE', #7584, #9095, #411 ) ;
#1478 = PLANE ( 'NONE',  #6008 ) ;
#1479 = EDGE_LOOP ( 'NONE', ( #5095, #6238, #5798, #7503 ) ) ;
#1480 = ORIENTED_EDGE ( 'NONE', *, *, #1988, .F. ) ;
#1481 = ORIENTED_EDGE ( 'NONE', *, *, #9680, .F. ) ;
#1482 = VECTOR ( 'NONE', #270, 39.37007874015748143 ) ;
#1483 = LINE ( 'NONE', #2382, #4894 ) ;
#1484 = VERTEX_POINT ( 'NONE', #3829 ) ;
#1485 = DIRECTION ( 'NONE',  ( -1.000000000000000000, -0.000000000000000000, -0.000000000000000000 ) ) ;
#1486 = CARTESIAN_POINT ( 'NONE',  ( 0.8282728709416398161, 0.3428184292884038364, 0.002000000000000000042 ) ) ;
#1487 = DIRECTION ( 'NONE',  ( 1.000000000000000000, 0.000000000000000000, -0.000000000000000000 ) ) ;
#1488 = CARTESIAN_POINT ( 'NONE',  ( 0.4414999999999997815, 0.06550000000000003042, 0.2080000000000000460 ) ) ;
#1489 = CARTESIAN_POINT ( 'NONE',  ( 0.7029999999999999583, 0.03300000000000000155, -0.4174999999999999822 ) ) ;
#1490 = ORIENTED_EDGE ( 'NONE', *, *, #9270, .F. ) ;
#1491 = CARTESIAN_POINT ( 'NONE',  ( 0.7713537370483718458, 0.1670120670013416353, 0.002000000000000000042 ) ) ;
#1492 = LINE ( 'NONE', #4589, #2133 ) ;
#1493 = CARTESIAN_POINT ( 'NONE',  ( 0.8414999999999999147, 0.07050000000000002098, 0.1079999999999999710 ) ) ;
#1494 = ADVANCED_FACE ( 'NONE', ( #1418 ), #7013, .F. ) ;
#1495 = LINE ( 'NONE', #8766, #9722 ) ;
#1496 = VECTOR ( 'NONE', #1954, 39.37007874015748143 ) ;
#1497 = ORIENTED_EDGE ( 'NONE', *, *, #1636, .F. ) ;
#1498 = CARTESIAN_POINT ( 'NONE',  ( 0.8285123765663636730, 0.3299163559153968639, 0.000000000000000000 ) ) ;
#1499 = DIRECTION ( 'NONE',  ( -0.000000000000000000, 0.000000000000000000, 1.000000000000000000 ) ) ;
#1500 = EDGE_CURVE ( 'NONE', #1583, #10154, #1464, .T. ) ;
#1501 = LINE ( 'NONE', #10182, #3112 ) ;
#1502 = ADVANCED_FACE ( 'NONE', ( #688 ), #742, .T. ) ;
#1503 = CARTESIAN_POINT ( 'NONE',  ( 0.8175273549163754039, 0.3283147528495745093, 0.000000000000000000 ) ) ;
#1504 = DIRECTION ( 'NONE',  ( -0.5773502691896257311, -0.5773502691896257311, 0.5773502691896257311 ) ) ;
#1505 = CARTESIAN_POINT ( 'NONE',  ( 0.6414999999999998481, 0.07050000000000002098, 0.1079999999999999988 ) ) ;
#1506 = VERTEX_POINT ( 'NONE', #1519 ) ;
#1507 = CARTESIAN_POINT ( 'NONE',  ( 0.9549999999999997380, 0.1299999999999998657, -0.1659999999999999531 ) ) ;
#1508 = ORIENTED_EDGE ( 'NONE', *, *, #4287, .T. ) ;
#1509 = ORIENTED_EDGE ( 'NONE', *, *, #3225, .T. ) ;
#1510 = EDGE_LOOP ( 'NONE', ( #2062, #9186, #5389, #7743, #8744, #8993 ) ) ;
#1511 = CARTESIAN_POINT ( 'NONE',  ( 0.4371543786620399330, 0.1386556837640715301, 0.002000000000000000042 ) ) ;
#1512 = EDGE_CURVE ( 'NONE', #1003, #433, #5502, .T. ) ;
#1513 = FACE_OUTER_BOUND ( 'NONE', #2034, .T. ) ;
#1514 = DIRECTION ( 'NONE',  ( 0.000000000000000000, -0.000000000000000000, 1.000000000000000000 ) ) ;
#1515 = CARTESIAN_POINT ( 'NONE',  ( 0.7714999999999999636, 0.07050000000000002098, 0.2079999999999999627 ) ) ;
#1516 = B_SPLINE_CURVE_WITH_KNOTS ( 'NONE', 3,
 ( #6830, #6624, #5113, #1972, #2756, #9127, #8294, #5162, #9802, #2652, #8186 ),
 .UNSPECIFIED., .F., .F.,
 ( 4, 1, 1, 1, 1, 1, 1, 1, 4 ),
 ( 0.000000000000000000, 0.1380137893843821906, 0.2684697722542543352, 0.3965837838942593008, 0.5257888019551760772, 0.6513632627846279721, 0.7696313769898284196, 0.8836185296733402028, 1.000000000000000000 ),
 .UNSPECIFIED. ) ;
#1517 = AXIS2_PLACEMENT_3D ( 'NONE', #2417, #5804, #7165 ) ;
#1518 = B_SPLINE_SURFACE_WITH_KNOTS ( 'NONE', 3, 1, ( 
 ( #10100, #3783 ),
 ( #1421, #3672 ),
 ( #8530, #5191 ),
 ( #1216, #9159 ),
 ( #4407, #2005 ),
 ( #1369, #5971 ),
 ( #1266, #6763 ),
 ( #5402, #3730 ),
 ( #1320, #593 ),
 ( #6811, #10044 ),
 ( #3576, #3620 ),
 ( #7690, #8584 ),
 ( #2939, #9988 ),
 ( #4616, #9939 ),
 ( #6130, #6968 ),
 ( #2839, #7800 ),
 ( #6024, #9211 ),
 ( #2059, #5246 ),
 ( #4455, #2893 ) ),
 .UNSPECIFIED., .F., .F., .F.,
 ( 4, 1, 1, 1, 1, 1, 1, 1, 1, 1, 1, 1, 1, 1, 1, 1, 4 ),
 ( 2, 2 ),
 ( 0.000000000000000000, 0.06648593787487669382, 0.1307356009388763174, 0.1932868395043477738, 0.2552914267067085685, 0.3165376028954680065, 0.3788667103911640965, 0.4418772064706711911, 0.5071174914664494660, 0.5722713919203356037, 0.6354271335389665154, 0.6968172524575670934, 0.7573566333814840679, 0.8172651168318797454, 0.8771342994595139331, 0.9380198203164556991, 1.000000000000000000 ),
 ( 0.000000000000000000, 1.000000000000000000 ),
 .UNSPECIFIED. ) ;
#1519 = CARTESIAN_POINT ( 'NONE',  ( 0.3759999999999999454, 0.03300000000000000155, -0.4174999999999999822 ) ) ;
#1520 = CARTESIAN_POINT ( 'NONE',  ( 0.7788647479572262666, 0.1572637290494900142, 0.000000000000000000 ) ) ;
#1521 = VECTOR ( 'NONE', #1188, 39.37007874015748143 ) ;
#1522 = CARTESIAN_POINT ( 'NONE',  ( 0.7686740178978462845, 0.1714675587123215550, 0.000000000000000000 ) ) ;
#1523 = AXIS2_PLACEMENT_3D ( 'NONE', #6947, #3653, #6840 ) ;
#1524 = CARTESIAN_POINT ( 'NONE',  ( 0.4335130298929487092, 0.1476747652060336757, 0.002000000000000000042 ) ) ;
#1525 = ORIENTED_EDGE ( 'NONE', *, *, #7915, .F. ) ;
#1526 = VERTEX_POINT ( 'NONE', #6278 ) ;
#1527 = ORIENTED_EDGE ( 'NONE', *, *, #1315, .T. ) ;
#1528 = CARTESIAN_POINT ( 'NONE',  ( 0.6414999999999998481, 0.4234999999999998765, 0.1079999999999999988 ) ) ;
#1529 = DIRECTION ( 'NONE',  ( -0.000000000000000000, -1.000000000000000000, -0.000000000000000000 ) ) ;
#1530 = CALENDAR_DATE ( 2025, 21, 2 ) ;
#1531 = VECTOR ( 'NONE', #5421, 39.37007874015748143 ) ;
#1532 = VECTOR ( 'NONE', #3690, 39.37007874015748143 ) ;
#1533 = ADVANCED_FACE ( 'NONE', ( #8478 ), #9463, .T. ) ;
#1534 = EDGE_CURVE ( 'NONE', #3001, #201, #3345, .T. ) ;
#1535 = CARTESIAN_POINT ( 'NONE',  ( 0.4370419913543520107, 0.1516027016097293567, 0.000000000000000000 ) ) ;
#1536 = EDGE_LOOP ( 'NONE', ( #5257, #6139, #8729, #6827 ) ) ;
#1537 = ORIENTED_EDGE ( 'NONE', *, *, #4515, .T. ) ;
#1538 = AXIS2_PLACEMENT_3D ( 'NONE', #2263, #6286, #9831 ) ;
#1539 = FACE_OUTER_BOUND ( 'NONE', #3968, .T. ) ;
#1540 = EDGE_CURVE ( 'NONE', #1957, #5040, #3, .T. ) ;
#1541 = VERTEX_POINT ( 'NONE', #3295 ) ;
#1542 = DIRECTION ( 'NONE',  ( 0.000000000000000000, 0.000000000000000000, 1.000000000000000000 ) ) ;
#1543 = DIRECTION ( 'NONE',  ( 0.5408597775034182931, 0.8411127754819521796, 0.000000000000000000 ) ) ;
#1544 = FACE_BOUND ( 'NONE', #784, .T. ) ;
#1545 = CARTESIAN_POINT ( 'NONE',  ( 0.8259705502175892500, 0.3239147150986658175, 0.002000000000000000042 ) ) ;
#1546 = ADVANCED_FACE ( 'NONE', ( #156 ), #1782, .T. ) ;
#1547 = DIRECTION ( 'NONE',  ( 0.5773502691896248429, 0.5773502691896248429, -0.5773502691896275074 ) ) ;
#1548 = VECTOR ( 'NONE', #4988, 39.37007874015748143 ) ;
#1549 = CIRCLE ( 'NONE', #8230, 0.07700000000000002676 ) ;
#1550 = EDGE_LOOP ( 'NONE', ( #522, #4498, #2684, #5735 ) ) ;
#1551 = DIRECTION ( 'NONE',  ( 0.000000000000000000, 0.000000000000000000, 1.000000000000000000 ) ) ;
#1552 = CARTESIAN_POINT ( 'NONE',  ( 0.8452586961495975881, 0.1424999999999999878, 0.2379999999999999893 ) ) ;
#1553 = CARTESIAN_POINT ( 'NONE',  ( 1.171000000000000041, 0.1139999999999998653, -0.2199999999999999456 ) ) ;
#1554 = LINE ( 'NONE', #3226, #1723 ) ;
#1555 = ORIENTED_EDGE ( 'NONE', *, *, #9205, .F. ) ;
#1556 = CARTESIAN_POINT ( 'NONE',  ( 0.8271343627275470345, 0.3291134559051891451, 0.000000000000000000 ) ) ;
#1557 = CARTESIAN_POINT ( 'NONE',  ( 1.212999999999999856, 0.1149999999999998662, -0.1659999999999999531 ) ) ;
#1558 = VECTOR ( 'NONE', #1195, 39.37007874015748143 ) ;
#1559 = VECTOR ( 'NONE', #4558, 39.37007874015748143 ) ;
#1560 = CARTESIAN_POINT ( 'NONE',  ( 0.4309999999999999387, 0.03300000000000000155, -0.3305000000000000160 ) ) ;
#1561 = EDGE_CURVE ( 'NONE', #4975, #2843, #5760, .T. ) ;
#1562 = DIRECTION ( 'NONE',  ( -0.000000000000000000, -1.000000000000000000, -0.000000000000000000 ) ) ;
#1563 = CARTESIAN_POINT ( 'NONE',  ( 0.7029999999999999583, 0.3154999999999998361, 0.2305000000000000104 ) ) ;
#1564 = AXIS2_PLACEMENT_3D ( 'NONE', #4164, #139, #1816 ) ;
#1565 = LINE ( 'NONE', #7943, #9322 ) ;
#1566 = EDGE_CURVE ( 'NONE', #1828, #4568, #2468, .T. ) ;
#1567 = ORIENTED_EDGE ( 'NONE', *, *, #4121, .T. ) ;
#1568 = CARTESIAN_POINT ( 'NONE',  ( 0.4390953824400578576, 0.1443123897585493753, 0.000000000000000000 ) ) ;
#1569 = EDGE_LOOP ( 'NONE', ( #264, #4785, #3746, #7547 ) ) ;
#1570 = ORIENTED_EDGE ( 'NONE', *, *, #8968, .T. ) ;
#1571 = CARTESIAN_POINT ( 'NONE',  ( 0.7800296216834814444, 0.1599161621471894557, 0.000000000000000000 ) ) ;
#1572 = ORIENTED_EDGE ( 'NONE', *, *, #6495, .F. ) ;
#1573 = CARTESIAN_POINT ( 'NONE',  ( 0.4388658541068234942, 0.1387969269793575822, 0.000000000000000000 ) ) ;
#1574 = CARTESIAN_POINT ( 'NONE',  ( 0.7279999999999999805, -0.1250000000000000000, -0.4425000000000000044 ) ) ;
#1575 = SECURITY_CLASSIFICATION ( '', '', #1273 ) ;
#1576 = CARTESIAN_POINT ( 'NONE',  ( 0.4370588494505051602, 0.1436906351484940059, 0.000000000000000000 ) ) ;
#1577 = DIRECTION ( 'NONE',  ( -1.000000000000000000, -2.765028333668283566E-16, -0.000000000000000000 ) ) ;
#1578 = DIRECTION ( 'NONE',  ( -0.000000000000000000, -0.000000000000000000, -1.000000000000000000 ) ) ;
#1579 = EDGE_CURVE ( 'NONE', #1935, #7802, #10299, .T. ) ;
#1580 = CARTESIAN_POINT ( 'NONE',  ( 0.5639999999999999458, 0.2034999999999998199, 0.2304999999999999827 ) ) ;
#1581 = DIRECTION ( 'NONE',  ( -0.7071067811865451302, -0.7071067811865500152, 0.000000000000000000 ) ) ;
#1582 = EDGE_LOOP ( 'NONE', ( #10090, #2145, #2083, #2460 ) ) ;
#1583 = VERTEX_POINT ( 'NONE', #7322 ) ;
#1584 = ORIENTED_EDGE ( 'NONE', *, *, #3938, .F. ) ;
#1585 = DIRECTION ( 'NONE',  ( 0.000000000000000000, -1.000000000000000000, 0.000000000000000000 ) ) ;
#1586 = LINE ( 'NONE', #6398, #3374 ) ;
#1587 = EDGE_CURVE ( 'NONE', #10110, #4034, #9719, .T. ) ;
#1588 = DIRECTION ( 'NONE',  ( 0.000000000000000000, -1.000000000000000000, 0.000000000000000000 ) ) ;
#1589 = VERTEX_POINT ( 'NONE', #5661 ) ;
#1590 = ORIENTED_EDGE ( 'NONE', *, *, #1795, .T. ) ;
#1591 = VERTEX_POINT ( 'NONE', #2358 ) ;
#1592 = DIRECTION ( 'NONE',  ( -1.000000000000000000, -0.000000000000000000, -0.000000000000000000 ) ) ;
#1593 = ORIENTED_EDGE ( 'NONE', *, *, #5061, .F. ) ;
#1594 = FACE_OUTER_BOUND ( 'NONE', #5495, .T. ) ;
#1595 = DIRECTION ( 'NONE',  ( 0.000000000000000000, 0.000000000000000000, -1.000000000000000000 ) ) ;
#1596 = DIRECTION ( 'NONE',  ( -1.000000000000000000, 0.000000000000000000, 0.000000000000000000 ) ) ;
#1597 = CARTESIAN_POINT ( 'NONE',  ( 0.4299999999999999378, 0.2034999999999998199, 0.000000000000000000 ) ) ;
#1598 = ADVANCED_FACE ( 'NONE', ( #843 ), #6494, .T. ) ;
#1599 = LINE ( 'NONE', #5682, #690 ) ;
#1600 = ADVANCED_FACE ( 'NONE', ( #2568 ), #897, .T. ) ;
#1601 = ORIENTED_EDGE ( 'NONE', *, *, #9584, .T. ) ;
#1602 = DIRECTION ( 'NONE',  ( -0.000000000000000000, 0.000000000000000000, 1.000000000000000000 ) ) ;
#1603 = CARTESIAN_POINT ( 'NONE',  ( 0.4372836240658811713, 0.1562780136095502370, 0.000000000000000000 ) ) ;
#1604 = LINE ( 'NONE', #3911, #4141 ) ;
#1605 = LINE ( 'NONE', #5639, #1892 ) ;
#1606 = ORIENTED_EDGE ( 'NONE', *, *, #4304, .T. ) ;
#1607 = CARTESIAN_POINT ( 'NONE',  ( 0.8299856055626168017, 0.3330094841146843954, 0.002000000000000000042 ) ) ;
#1608 = PLANE ( 'NONE',  #9396 ) ;
#1609 = EDGE_CURVE ( 'NONE', #8509, #8130, #8883, .T. ) ;
#1610 = CARTESIAN_POINT ( 'NONE',  ( 0.8256775148020498722, 0.3429027675410812326, 0.002000000000000000042 ) ) ;
#1611 = CARTESIAN_POINT ( 'NONE',  ( 0.8223919985898706653, 0.3244008562100966775, 0.000000000000000000 ) ) ;
#1612 = EDGE_CURVE ( 'NONE', #2430, #8319, #5708, .T. ) ;
#1613 = EDGE_CURVE ( 'NONE', #3262, #352, #9622, .T. ) ;
#1614 = CARTESIAN_POINT ( 'NONE',  ( 0.4849999999999999312, 0.2979999999999998206, 0.2379999999999999893 ) ) ;
#1615 = DIRECTION ( 'NONE',  ( -2.626776916984868821E-16, -1.000000000000000000, 0.000000000000000000 ) ) ;
#1616 = EDGE_LOOP ( 'NONE', ( #5355, #6284, #4536, #6133 ) ) ;
#1617 = CARTESIAN_POINT ( 'NONE',  ( 0.4406718910199168837, 0.1468624070588128161, 0.000000000000000000 ) ) ;
#1618 = ORIENTED_EDGE ( 'NONE', *, *, #5846, .F. ) ;
#1619 = ORIENTED_EDGE ( 'NONE', *, *, #1075, .T. ) ;
#1620 = CARTESIAN_POINT ( 'NONE',  ( 0.7569999999999998952, 0.1959999999999998410, 0.2379999999999999893 ) ) ;
#1621 = ORIENTED_EDGE ( 'NONE', *, *, #5980, .F. ) ;
#1622 = FACE_OUTER_BOUND ( 'NONE', #467, .T. ) ;
#1623 = VECTOR ( 'NONE', #2682, 39.37007874015748143 ) ;
#1624 = PLANE ( 'NONE',  #6388 ) ;
#1625 = CARTESIAN_POINT ( 'NONE',  ( 0.4335130298929487092, 0.1476747652060336757, 0.000000000000000000 ) ) ;
#1626 = CARTESIAN_POINT ( 'NONE',  ( 0.4288225750182799167, 0.1499635905592750507, 0.000000000000000000 ) ) ;
#1627 = B_SPLINE_CURVE_WITH_KNOTS ( 'NONE', 3,
 ( #6160, #6789, #4537, #5276, #454, #8458, #4433, #2921, #9393, #4382, #9242, #2086, #10180, #9343, #1297 ),
 .UNSPECIFIED., .F., .F.,
 ( 4, 1, 1, 1, 1, 1, 1, 1, 1, 1, 1, 1, 4 ),
 ( 0.000000000000000000, 0.09253783465933056174, 0.1855907730267317979, 0.2795524791599505177, 0.3756022954876750419, 0.4276167156194798369, 0.4871168707665559650, 0.5541989278073830016, 0.6286239860240626642, 0.7096875605186863112, 0.7991807418287635301, 0.8953573266116864326, 0.9999999999999998890 ),
 .UNSPECIFIED. ) ;
#1628 = FACE_OUTER_BOUND ( 'NONE', #3053, .T. ) ;
#1629 = B_SPLINE_CURVE_WITH_KNOTS ( 'NONE', 3,
 ( #104, #3344, #8932, #1888, #7475, #6443, #310, #1780, #8204, #4286, #1048, #6544, #2515, #5660, #1831, #7370, #8151, #9620, #947 ),
 .UNSPECIFIED., .F., .F.,
 ( 4, 1, 1, 1, 1, 1, 1, 1, 1, 1, 1, 1, 1, 1, 1, 1, 4 ),
 ( 0.000000000000000000, 0.07289060658064414056, 0.1418833354390721946, 0.2092821354239173259, 0.2746226384553108746, 0.3384391539790450043, 0.4013048615705184785, 0.4650061847340330456, 0.5283200864625064996, 0.5907402649620360213, 0.6509809274188401718, 0.7096903202894507823, 0.7672117550042869549, 0.8241879505444217324, 0.8817668141839366536, 0.9399547263812905173, 1.000000000000000000 ),
 .UNSPECIFIED. ) ;
#1630 = CARTESIAN_POINT ( 'NONE',  ( 0.8369999999999999662, 0.2904999999999998139, 0.2305000000000000104 ) ) ;
#1631 = CARTESIAN_POINT ( 'NONE',  ( 1.098500000000000032, 0.2469999999999999418, -0.09499999999999994560 ) ) ;
#1632 = ORIENTED_EDGE ( 'NONE', *, *, #8440, .F. ) ;
#1633 = ORIENTED_EDGE ( 'NONE', *, *, #10039, .F. ) ;
#1634 = EDGE_LOOP ( 'NONE', ( #7823, #868, #9882, #2778 ) ) ;
#1635 = LINE ( 'NONE', #5510, #7048 ) ;
#1636 = EDGE_CURVE ( 'NONE', #8058, #7792, #4921, .T. ) ;
#1637 = FACE_OUTER_BOUND ( 'NONE', #4574, .T. ) ;
#1638 = VECTOR ( 'NONE', #6181, 39.37007874015748143 ) ;
#1639 = EDGE_CURVE ( 'NONE', #1218, #1866, #4870, .T. ) ;
#1640 = EDGE_CURVE ( 'NONE', #8635, #9737, #911, .T. ) ;
#1641 = LINE ( 'NONE', #7860, #3512 ) ;
#1642 = ORIENTED_EDGE ( 'NONE', *, *, #6305, .F. ) ;
#1643 = EDGE_LOOP ( 'NONE', ( #4343, #8762, #10078, #1204 ) ) ;
#1644 = VERTEX_POINT ( 'NONE', #1989 ) ;
#1645 = AXIS2_PLACEMENT_3D ( 'NONE', #1891, #3607, #9928 ) ;
#1646 = LINE ( 'NONE', #6512, #2055 ) ;
#1647 = DIRECTION ( 'NONE',  ( -0.000000000000000000, 1.000000000000000000, -0.000000000000000000 ) ) ;
#1648 = CARTESIAN_POINT ( 'NONE',  ( 0.8300942048986893473, 0.3249938681309413324, 0.002000000000000000042 ) ) ;
#1649 = CARTESIAN_POINT ( 'NONE',  ( 0.3347413038504020721, 0.3514999999999999791, 0.2379999999999999893 ) ) ;
#1650 = B_SPLINE_CURVE_WITH_KNOTS ( 'NONE', 3,
 ( #5941, #5161, #7458, #6676, #5208, #4423, #7612, #441, #3638, #6829, #10007, #2855, #9227, #4583, #609, #7085, #1334, #6100, #3751 ),
 .UNSPECIFIED., .F., .F.,
 ( 4, 1, 1, 1, 1, 1, 1, 1, 1, 1, 1, 1, 1, 1, 1, 1, 4 ),
 ( 0.000000000000000000, 0.06340052940043298946, 0.1249764099331433231, 0.1844921876584961762, 0.2434736282965431486, 0.3022637321141433686, 0.3613835718304188593, 0.4214817654110663558, 0.4834545367577932629, 0.5459360688045381549, 0.6081426980855869635, 0.6698202920949485328, 0.7323322942692677140, 0.7960922343214102970, 0.8616426668792295240, 0.9294352318828813520, 1.000000000000000000 ),
 .UNSPECIFIED. ) ;
#1651 = VERTEX_POINT ( 'NONE', #8806 ) ;
#1652 = CARTESIAN_POINT ( 'NONE',  ( 0.8247642468738677346, 0.3290830070643018801, 0.000000000000000000 ) ) ;
#1653 = ORIENTED_EDGE ( 'NONE', *, *, #9282, .T. ) ;
#1654 = FACE_OUTER_BOUND ( 'NONE', #6775, .T. ) ;
#1655 = LINE ( 'NONE', #2394, #6642 ) ;
#1656 = LINE ( 'NONE', #8031, #1623 ) ;
#1657 = ADVANCED_FACE ( 'NONE', ( #3606 ), #5806, .T. ) ;
#1658 = CARTESIAN_POINT ( 'NONE',  ( 1.212999999999999856, 0.1139999999999998653, -0.4899999999999999911 ) ) ;
#1659 = EDGE_LOOP ( 'NONE', ( #8588, #9020, #1012, #267, #145, #9779, #2792, #7246, #5220, #1993, #7329, #150, #10205, #1142, #665 ) ) ;
#1660 = CARTESIAN_POINT ( 'NONE',  ( 0.8290884472637971569, 0.3305430969835361776, 0.000000000000000000 ) ) ;
#1661 = CARTESIAN_POINT ( 'NONE',  ( 0.7689990029917342929, 0.1608500052168329308, 0.002000000000000000042 ) ) ;
#1662 = LINE ( 'NONE', #1560, #1279 ) ;
#1663 = CARTESIAN_POINT ( 'NONE',  ( 0.4549999999999999045, 0.2034999999999998199, 0.2304999999999999827 ) ) ;
#1664 = CARTESIAN_POINT ( 'NONE',  ( 0.7718393941060530672, 0.1591543286195481466, -0.000000000000000000 ) ) ;
#1665 = CARTESIAN_POINT ( 'NONE',  ( 0.3844282135025317015, 0.3526769056879103248, 0.000000000000000000 ) ) ;
#1666 = EDGE_CURVE ( 'NONE', #10213, #3941, #7017, .T. ) ;
#1667 = EDGE_CURVE ( 'NONE', #9799, #9271, #9094, .T. ) ;
#1668 = EDGE_CURVE ( 'NONE', #5604, #4604, #7476, .T. ) ;
#1669 = ORIENTED_EDGE ( 'NONE', *, *, #7123, .F. ) ;
#1670 = FACE_OUTER_BOUND ( 'NONE', #7944, .T. ) ;
#1671 = VERTEX_POINT ( 'NONE', #7427 ) ;
#1672 = EDGE_LOOP ( 'NONE', ( #849, #3984, #1757, #1178 ) ) ;
#1673 = CARTESIAN_POINT ( 'NONE',  ( 0.7788647479572262666, 0.1572637290494900142, 0.000000000000000000 ) ) ;
#1674 = ORIENTED_EDGE ( 'NONE', *, *, #1910, .F. ) ;
#1675 = CARTESIAN_POINT ( 'NONE',  ( 0.5714999999999998970, 0.4234999999999998765, 0.1079999999999999988 ) ) ;
#1676 = CARTESIAN_POINT ( 'NONE',  ( 0.7664794748375189926, 0.1564122542087102996, 0.000000000000000000 ) ) ;
#1677 = CARTESIAN_POINT ( 'NONE',  ( 0.8119999999999999440, -0.1250000000000000000, -0.4349999999999999978 ) ) ;
#1678 = VECTOR ( 'NONE', #5144, 39.37007874015748143 ) ;
#1679 = CARTESIAN_POINT ( 'NONE',  ( 0.4286855862897321900, 0.1494062019822583187, 0.000000000000000000 ) ) ;
#1680 = DIRECTION ( 'NONE',  ( -0.000000000000000000, 0.000000000000000000, 1.000000000000000000 ) ) ;
#1681 = ADVANCED_FACE ( 'NONE', ( #2613 ), #2773, .T. ) ;
#1682 = ADVANCED_FACE ( 'NONE', ( #8364 ), #8987, .F. ) ;
#1683 = LINE ( 'NONE', #8787, #487 ) ;
#1684 = DIRECTION ( 'NONE',  ( -0.000000000000000000, 1.000000000000000000, -0.000000000000000000 ) ) ;
#1685 = ORIENTED_EDGE ( 'NONE', *, *, #9422, .T. ) ;
#1686 = ORIENTED_EDGE ( 'NONE', *, *, #5272, .F. ) ;
#1687 = ORIENTED_EDGE ( 'NONE', *, *, #3070, .F. ) ;
#1688 = LINE ( 'NONE', #5029, #4040 ) ;
#1689 = CARTESIAN_POINT ( 'NONE',  ( 0.4284780785085262056, 0.1474275131291200580, 0.000000000000000000 ) ) ;
#1690 = ADVANCED_FACE ( 'NONE', ( #4341 ), #1781, .T. ) ;
#1691 = DIRECTION ( 'NONE',  ( -1.000000000000000000, 0.000000000000000000, 0.000000000000000000 ) ) ;
#1692 = ADVANCED_FACE ( 'NONE', ( #2975 ), #774, .T. ) ;
#1693 = ORIENTED_EDGE ( 'NONE', *, *, #6505, .T. ) ;
#1694 = ORIENTED_EDGE ( 'NONE', *, *, #7353, .T. ) ;
#1695 = VERTEX_POINT ( 'NONE', #6901 ) ;
#1696 = LINE ( 'NONE', #4412, #8895 ) ;
#1697 = AXIS2_PLACEMENT_3D ( 'NONE', #149, #6589, #8147 ) ;
#1698 = PLANE ( 'NONE',  #2373 ) ;
#1699 = DIRECTION ( 'NONE',  ( 0.7071067811865474617, 0.000000000000000000, -0.7071067811865474617 ) ) ;
#1700 = CARTESIAN_POINT ( 'NONE',  ( 0.2614999999999999547, 0.03300000000000000155, -0.1025000000000000216 ) ) ;
#1701 = DIRECTION ( 'NONE',  ( 0.000000000000000000, -0.000000000000000000, 1.000000000000000000 ) ) ;
#1702 = VERTEX_POINT ( 'NONE', #2926 ) ;
#1703 = LINE ( 'NONE', #5635, #8680 ) ;
#1704 = VECTOR ( 'NONE', #7594, 39.37007874015748143 ) ;
#1705 = EDGE_CURVE ( 'NONE', #4722, #3351, #1227, .T. ) ;
#1706 = VECTOR ( 'NONE', #4651, 39.37007874015748143 ) ;
#1707 = CARTESIAN_POINT ( 'NONE',  ( 0.8236666666666666581, 0.3021666666666664725, 0.2438333333333333464 ) ) ;
#1708 = EDGE_CURVE ( 'NONE', #8130, #6350, #10242, .T. ) ;
#1709 = DIRECTION ( 'NONE',  ( -0.000000000000000000, -1.000000000000000000, -0.000000000000000000 ) ) ;
#1710 = CARTESIAN_POINT ( 'NONE',  ( 0.4385000000000000009, -0.1250000000000000000, -0.3305000000000000160 ) ) ;
#1711 = ORIENTED_EDGE ( 'NONE', *, *, #387, .T. ) ;
#1712 = CARTESIAN_POINT ( 'NONE',  ( 0.6554999999999998606, 0.1784999999999998255, 0.2379999999999999893 ) ) ;
#1713 = CARTESIAN_POINT ( 'NONE',  ( 0.7700089553022927413, 0.1597599427297942964, 0.002000000000000000042 ) ) ;
#1714 = DIRECTION ( 'NONE',  ( 1.000000000000000000, -0.000000000000000000, -0.000000000000000000 ) ) ;
#1715 = PLANE ( 'NONE',  #4401 ) ;
#1716 = AXIS2_PLACEMENT_3D ( 'NONE', #7133, #6983, #9532 ) ;
#1717 = VECTOR ( 'NONE', #10248, 39.37007874015748143 ) ;
#1718 = EDGE_CURVE ( 'NONE', #6347, #5754, #2290, .T. ) ;
#1719 = DIRECTION ( 'NONE',  ( 0.000000000000000000, -0.7071067811865474617, 0.7071067811865474617 ) ) ;
#1720 = CARTESIAN_POINT ( 'NONE',  ( 0.8290884472637971569, 0.3305430969835361776, 0.000000000000000000 ) ) ;
#1721 = CARTESIAN_POINT ( 'NONE',  ( 0.7637337448298890941, 0.1659360676826054093, 0.000000000000000000 ) ) ;
#1722 = VERTEX_POINT ( 'NONE', #2242 ) ;
#1723 = VECTOR ( 'NONE', #3117, 39.37007874015748143 ) ;
#1724 = CARTESIAN_POINT ( 'NONE',  ( 0.4284819353441371992, 0.1476468823225153548, 0.002000000000000000042 ) ) ;
#1725 = ORIENTED_EDGE ( 'NONE', *, *, #908, .T. ) ;
#1726 = VECTOR ( 'NONE', #5629, 39.37007874015748143 ) ;
#1727 = ORIENTED_EDGE ( 'NONE', *, *, #8518, .T. ) ;
#1728 = FACE_OUTER_BOUND ( 'NONE', #541, .T. ) ;
#1729 = ORIENTED_EDGE ( 'NONE', *, *, #5282, .T. ) ;
#1730 = CARTESIAN_POINT ( 'NONE',  ( 0.6489999999999999103, -0.1250000000000000000, -0.3230000000000000093 ) ) ;
#1731 = CARTESIAN_POINT ( 'NONE',  ( 1.098999999999999977, 0.05399999999999985367, -0.2919999999999999263 ) ) ;
#1732 = CARTESIAN_POINT ( 'NONE',  ( 0.4454026660942531635, 0.1448040987748159258, 0.000000000000000000 ) ) ;
#1733 = AXIS2_PLACEMENT_3D ( 'NONE', #5436, #3176, #6368 ) ;
#1734 = CARTESIAN_POINT ( 'NONE',  ( 0.3922110345599258419, 0.3526769056879103248, 0.002000000000000000042 ) ) ;
#1735 = AXIS2_PLACEMENT_3D ( 'NONE', #7583, #1151, #9039 ) ;
#1736 = CARTESIAN_POINT ( 'NONE',  ( 0.8279640219462356399, 0.3374453148148117698, 0.002000000000000000042 ) ) ;
#1737 = EDGE_CURVE ( 'NONE', #9354, #7096, #5437, .T. ) ;
#1738 = LINE ( 'NONE', #63, #8165 ) ;
#1739 = CARTESIAN_POINT ( 'NONE',  ( 0.7714999999999999636, 0.4234999999999998765, 0.2079999999999999627 ) ) ;
#1740 = ORIENTED_EDGE ( 'NONE', *, *, #6669, .T. ) ;
#1741 = VECTOR ( 'NONE', #10322, 39.37007874015748143 ) ;
#1742 = ORIENTED_EDGE ( 'NONE', *, *, #7191, .T. ) ;
#1743 = ORIENTED_EDGE ( 'NONE', *, *, #2795, .F. ) ;
#1744 = CARTESIAN_POINT ( 'NONE',  ( 0.5649999999999999467, -0.1250000000000000000, -0.3229999999999999538 ) ) ;
#1745 = DIRECTION ( 'NONE',  ( 3.810108777774426687E-16, 0.000000000000000000, -1.000000000000000000 ) ) ;
#1746 = EDGE_CURVE ( 'NONE', #7545, #416, #7837, .T. ) ;
#1747 = CARTESIAN_POINT ( 'NONE',  ( 0.8221867378353958644, 0.3312601162931228527, 0.000000000000000000 ) ) ;
#1748 = ORIENTED_EDGE ( 'NONE', *, *, #1475, .T. ) ;
#1749 = EDGE_CURVE ( 'NONE', #10338, #9135, #10147, .T. ) ;
#1750 = ORIENTED_EDGE ( 'NONE', *, *, #4363, .T. ) ;
#1751 = ORIENTED_EDGE ( 'NONE', *, *, #5319, .T. ) ;
#1752 = CARTESIAN_POINT ( 'NONE',  ( 0.4009999999999999676, 0.3154999999999998361, 0.000000000000000000 ) ) ;
#1753 = DIRECTION ( 'NONE',  ( -0.7071067811865483499, -0.7071067811865466846, 0.000000000000000000 ) ) ;
#1754 = DIRECTION ( 'NONE',  ( -0.000000000000000000, -1.000000000000000000, -0.000000000000000000 ) ) ;
#1755 = DIRECTION ( 'NONE',  ( 0.000000000000000000, -1.000000000000000000, 0.000000000000000000 ) ) ;
#1756 = LINE ( 'NONE', #282, #2977 ) ;
#1757 = ORIENTED_EDGE ( 'NONE', *, *, #600, .T. ) ;
#1758 = CARTESIAN_POINT ( 'NONE',  ( 0.4559999999999999054, -0.1174999999999999933, -0.3054999999999999938 ) ) ;
#1759 = DIRECTION ( 'NONE',  ( -0.5773502691896257311, -0.5773502691896257311, 0.5773502691896257311 ) ) ;
#1760 = B_SPLINE_CURVE_WITH_KNOTS ( 'NONE', 3,
 ( #2612, #9669, #4968, #5707, #1732, #5018, #256, #5076, #5805, #9718, #4920, #8102, #7320, #2565, #6639, #9819, #5759, #2665, #5853 ),
 .UNSPECIFIED., .F., .F.,
 ( 4, 1, 1, 1, 1, 1, 1, 1, 1, 1, 1, 1, 1, 1, 1, 1, 4 ),
 ( 0.000000000000000000, 0.06562092715322302705, 0.1297044336027832756, 0.1920084100512055303, 0.2531653825181648942, 0.3145900137962934773, 0.3765327730011653329, 0.4392867016490336063, 0.5037985290657701620, 0.5682839993040031956, 0.6306288907425716683, 0.6915128396476393213, 0.7519975911628812293, 0.8123768520713843255, 0.8735768952802437370, 0.9360266791627421812, 1.000000000000000000 ),
 .UNSPECIFIED. ) ;
#1761 = CARTESIAN_POINT ( 'NONE',  ( 0.4559999999999999054, 0.03300000000000000155, -0.3305000000000000160 ) ) ;
#1762 = ORIENTED_EDGE ( 'NONE', *, *, #2137, .T. ) ;
#1763 = CARTESIAN_POINT ( 'NONE',  ( 0.4457407689694032893, 0.1473881775714292741, 2.667820306312757049E-19 ) ) ;
#1764 = LINE ( 'NONE', #4949, #5411 ) ;
#1765 = CARTESIAN_POINT ( 'NONE',  ( 0.8247900844845695856, 0.3426969127652157443, 0.000000000000000000 ) ) ;
#1766 = CARTESIAN_POINT ( 'NONE',  ( 0.8350285682149465316, 0.3336665925924848231, 0.002000000000000000042 ) ) ;
#1767 = ADVANCED_FACE ( 'NONE', ( #5599 ), #2404, .F. ) ;
#1768 = DIRECTION ( 'NONE',  ( -0.000000000000000000, 1.000000000000000000, -0.000000000000000000 ) ) ;
#1769 = DIRECTION ( 'NONE',  ( -1.000000000000000000, 0.000000000000000000, 0.000000000000000000 ) ) ;
#1770 = DIRECTION ( 'NONE',  ( 0.7071067811865474617, 0.000000000000000000, 0.7071067811865474617 ) ) ;
#1771 = VERTEX_POINT ( 'NONE', #9659 ) ;
#1772 = CARTESIAN_POINT ( 'NONE',  ( 0.4299782729591135610, 0.1528707538806513555, 0.000000000000000000 ) ) ;
#1773 = VERTEX_POINT ( 'NONE', #1563 ) ;
#1774 = VERTEX_POINT ( 'NONE', #4909 ) ;
#1775 = LINE ( 'NONE', #6687, #6371 ) ;
#1776 = ORIENTED_EDGE ( 'NONE', *, *, #3600, .F. ) ;
#1777 = CARTESIAN_POINT ( 'NONE',  ( 0.7829999999999999183, 0.03300000000000000155, -0.3054999999999999938 ) ) ;
#1778 = EDGE_CURVE ( 'NONE', #8825, #7482, #92, .T. ) ;
#1779 = DIRECTION ( 'NONE',  ( 0.000000000000000000, -1.000000000000000000, 0.000000000000000000 ) ) ;
#1780 = CARTESIAN_POINT ( 'NONE',  ( 0.8293693834562767542, 0.3360205744534943695, 0.000000000000000000 ) ) ;
#1781 = B_SPLINE_SURFACE_WITH_KNOTS ( 'NONE', 3, 1, ( 
 ( #1201, #1832 ),
 ( #1889, #8206 ),
 ( #6007, #7527 ),
 ( #359, #6795 ),
 ( #2825, #3556 ),
 ( #6640, #9973 ),
 ( #6749, #9191 ),
 ( #9927, #9821 ),
 ( #5079, #8263 ),
 ( #8567, #6953 ),
 ( #9248, #5280 ),
 ( #10135, #2090 ),
 ( #7676, #460 ),
 ( #576, #1302 ),
 ( #1452, #7628 ),
 ( #7733, #4437 ),
 ( #627, #3658 ),
 ( #4545, #6115 ),
 ( #4492, #2188 ) ),
 .UNSPECIFIED., .F., .F., .F.,
 ( 4, 1, 1, 1, 1, 1, 1, 1, 1, 1, 1, 1, 1, 1, 1, 1, 4 ),
 ( 2, 2 ),
 ( 0.000000000000000000, 0.06340052940043298946, 0.1249764099331433231, 0.1844921876584961762, 0.2434736282965431486, 0.3022637321141433686, 0.3613835718304188593, 0.4214817654110663558, 0.4834545367577932629, 0.5459360688045381549, 0.6081426980855869635, 0.6698202920949485328, 0.7323322942692677140, 0.7960922343214102970, 0.8616426668792295240, 0.9294352318828813520, 1.000000000000000000 ),
 ( 0.000000000000000000, 1.000000000000000000 ),
 .UNSPECIFIED. ) ;
#1782 = PLANE ( 'NONE',  #519 ) ;
#1783 = PLANE ( 'NONE',  #4488 ) ;
#1784 = VECTOR ( 'NONE', #3705, 39.37007874015748143 ) ;
#1785 = DIRECTION ( 'NONE',  ( -0.9877629653290690426, 0.1559625734730110402, 0.000000000000000000 ) ) ;
#1786 = CARTESIAN_POINT ( 'NONE',  ( 0.7029999999999999583, 0.3079999999999998295, 0.2379999999999999893 ) ) ;
#1787 = ORIENTED_EDGE ( 'NONE', *, *, #8968, .F. ) ;
#1788 = ORIENTED_EDGE ( 'NONE', *, *, #7479, .T. ) ;
#1789 = ORIENTED_EDGE ( 'NONE', *, *, #3762, .T. ) ;
#1790 = CARTESIAN_POINT ( 'NONE',  ( 0.4371543786620399330, 0.1386556837640715301, 0.002000000000000000042 ) ) ;
#1791 = ORIENTED_EDGE ( 'NONE', *, *, #9996, .F. ) ;
#1792 = CARTESIAN_POINT ( 'NONE',  ( 0.4353780515373734117, 0.1388106211197702999, 0.000000000000000000 ) ) ;
#1793 = CIRCLE ( 'NONE', #2617, 0.07199999999999993905 ) ;
#1794 = DIRECTION ( 'NONE',  ( -1.000000000000000000, 0.000000000000000000, 0.000000000000000000 ) ) ;
#1795 = EDGE_CURVE ( 'NONE', #416, #438, #5541, .T. ) ;
#1796 = ORIENTED_EDGE ( 'NONE', *, *, #518, .T. ) ;
#1797 = EDGE_CURVE ( 'NONE', #7361, #4018, #5693, .T. ) ;
#1798 = ORIENTED_EDGE ( 'NONE', *, *, #816, .T. ) ;
#1799 = EDGE_LOOP ( 'NONE', ( #1130, #7286, #9773, #2277 ) ) ;
#1800 = FACE_BOUND ( 'NONE', #4499, .T. ) ;
#1801 = VECTOR ( 'NONE', #3953, 39.37007874015748143 ) ;
#1802 = CARTESIAN_POINT ( 'NONE',  ( 0.7706418568790318613, 0.1593966674888676049, 0.000000000000000000 ) ) ;
#1803 = DIRECTION ( 'NONE',  ( -0.000000000000000000, -0.000000000000000000, -1.000000000000000000 ) ) ;
#1804 = VERTEX_POINT ( 'NONE', #2587 ) ;
#1805 = CARTESIAN_POINT ( 'NONE',  ( 0.4370419913543520107, 0.1516027016097293567, 0.000000000000000000 ) ) ;
#1806 = VECTOR ( 'NONE', #5886, 39.37007874015748143 ) ;
#1807 = ORIENTED_EDGE ( 'NONE', *, *, #4504, .T. ) ;
#1808 = CARTESIAN_POINT ( 'NONE',  ( 0.7647918889131452014, 0.1682231922788985645, 0.002000000000000000042 ) ) ;
#1809 = CARTESIAN_POINT ( 'NONE',  ( 0.9529999999999999583, 0.3415000000000002478, -0.1649999999999999523 ) ) ;
#1810 = VECTOR ( 'NONE', #7990, 39.37007874015748143 ) ;
#1811 = CARTESIAN_POINT ( 'NONE',  ( 0.6114999999999999325, -0.1250000000000000000, -0.4349999999999999423 ) ) ;
#1812 = VERTEX_POINT ( 'NONE', #8040 ) ;
#1813 = CARTESIAN_POINT ( 'NONE',  ( 0.5599999999999999423, -0.1224999999999999978, -0.3255000000000000115 ) ) ;
#1814 = DIRECTION ( 'NONE',  ( 1.000000000000000000, 0.000000000000000000, 0.000000000000000000 ) ) ;
#1815 = LINE ( 'NONE', #9855, #10043 ) ;
#1816 = DIRECTION ( 'NONE',  ( -1.000000000000000000, 0.000000000000000000, -0.000000000000000000 ) ) ;
#1817 = VECTOR ( 'NONE', #3659, 39.37007874015748143 ) ;
#1818 = DIRECTION ( 'NONE',  ( -0.000000000000000000, -0.000000000000000000, -1.000000000000000000 ) ) ;
#1819 = CARTESIAN_POINT ( 'NONE',  ( 0.8247642468738677346, 0.3290830070643018801, 0.002000000000000000042 ) ) ;
#1820 = EDGE_CURVE ( 'NONE', #8117, #5935, #3124, .T. ) ;
#1821 = CARTESIAN_POINT ( 'NONE',  ( 0.2599999999999998423, 0.1140000000000000041, -0.1649999999999999523 ) ) ;
#1822 = VERTEX_POINT ( 'NONE', #7887 ) ;
#1823 = EDGE_CURVE ( 'NONE', #7338, #10340, #3919, .T. ) ;
#1824 = CARTESIAN_POINT ( 'NONE',  ( 0.4549999999999999045, 0.2034999999999998199, 0.000000000000000000 ) ) ;
#1825 = ORIENTED_EDGE ( 'NONE', *, *, #3841, .T. ) ;
#1826 = ORIENTED_EDGE ( 'NONE', *, *, #7241, .F. ) ;
#1827 = CARTESIAN_POINT ( 'NONE',  ( 1.212999999999999856, 0.1139999999999998653, -0.1649999999999999523 ) ) ;
#1828 = VERTEX_POINT ( 'NONE', #8772 ) ;
#1829 = LINE ( 'NONE', #9618, #9562 ) ;
#1830 = CARTESIAN_POINT ( 'NONE',  ( 0.8169999999999999485, 0.2954999999999998184, 0.2354999999999999871 ) ) ;
#1831 = CARTESIAN_POINT ( 'NONE',  ( 0.8272802318896774754, 0.3377649235844176201, 0.000000000000000000 ) ) ;
#1832 = CARTESIAN_POINT ( 'NONE',  ( 0.8265264683883492003, 0.3429666423036669132, 0.000000000000000000 ) ) ;
#1833 = CARTESIAN_POINT ( 'NONE',  ( 0.4299999999999999378, 0.2034999999999998199, 0.2379999999999999893 ) ) ;
#1834 = ADVANCED_FACE ( 'NONE', ( #9500 ), #882, .T. ) ;
#1835 = ORIENTED_EDGE ( 'NONE', *, *, #8262, .F. ) ;
#1836 = LINE ( 'NONE', #5082, #4293 ) ;
#1837 = VERTEX_POINT ( 'NONE', #44 ) ;
#1838 = ORIENTED_EDGE ( 'NONE', *, *, #5188, .T. ) ;
#1839 = VERTEX_POINT ( 'NONE', #9610 ) ;
#1840 = CARTESIAN_POINT ( 'NONE',  ( 0.1139999999999998792, 0.1140000000000000041, -0.2199999999999999456 ) ) ;
#1841 = VERTEX_POINT ( 'NONE', #10285 ) ;
#1842 = VECTOR ( 'NONE', #9424, 39.37007874015748854 ) ;
#1843 = CARTESIAN_POINT ( 'NONE',  ( 0.8335041582306476071, 0.3282069884204483201, 0.000000000000000000 ) ) ;
#1844 = PLANE ( 'NONE',  #3204 ) ;
#1845 = CARTESIAN_POINT ( 'NONE',  ( 0.3714999999999998304, 0.4284999999999998810, 0.1080000000000000265 ) ) ;
#1846 = DIRECTION ( 'NONE',  ( 1.000000000000000000, 0.000000000000000000, 0.000000000000000000 ) ) ;
#1847 = ORIENTED_EDGE ( 'NONE', *, *, #7115, .T. ) ;
#1848 = EDGE_LOOP ( 'NONE', ( #5067, #706, #37, #9666 ) ) ;
#1849 = EDGE_LOOP ( 'NONE', ( #4735, #7967, #7005, #8317 ) ) ;
#1850 = DIRECTION ( 'NONE',  ( 1.000000000000000000, 0.000000000000000000, 0.000000000000000000 ) ) ;
#1851 = DIRECTION ( 'NONE',  ( 0.000000000000000000, 1.000000000000000000, 0.000000000000000000 ) ) ;
#1852 = CARTESIAN_POINT ( 'NONE',  ( 0.3871760831755033383, 0.3480015936880894167, 0.002000000000000000042 ) ) ;
#1853 = CARTESIAN_POINT ( 'NONE',  ( 1.158500000000000085, 0.2469999999999999418, 0.000000000000000000 ) ) ;
#1854 = EDGE_CURVE ( 'NONE', #6350, #5416, #7942, .T. ) ;
#1855 = EDGE_CURVE ( 'NONE', #2853, #8997, #3331, .T. ) ;
#1856 = VECTOR ( 'NONE', #5609, 39.37007874015748143 ) ;
#1857 = CARTESIAN_POINT ( 'NONE',  ( 0.4396790430646638770, 0.1504928883462755274, 0.000000000000000000 ) ) ;
#1858 = VECTOR ( 'NONE', #533, 39.37007874015748143 ) ;
#1859 = VERTEX_POINT ( 'NONE', #8089 ) ;
#1860 = CARTESIAN_POINT ( 'NONE',  ( 0.7711143237655804228, 0.1720648190351925788, 0.000000000000000000 ) ) ;
#1861 = AXIS2_PLACEMENT_3D ( 'NONE', #6253, #3218, #1701 ) ;
#1862 = EDGE_CURVE ( 'NONE', #5011, #9794, #10336, .T. ) ;
#1863 = CARTESIAN_POINT ( 'NONE',  ( 0.6414999999999998481, 0.07050000000000002098, 0.2080000000000000182 ) ) ;
#1864 = CIRCLE ( 'NONE', #3028, 0.06250000000000000000 ) ;
#1865 = CARTESIAN_POINT ( 'NONE',  ( 0.6414999999999998481, 0.06550000000000003042, 0.2080000000000000182 ) ) ;
#1866 = VERTEX_POINT ( 'NONE', #3962 ) ;
#1867 = DIRECTION ( 'NONE',  ( 0.000000000000000000, -0.7071067811865459074, 0.7071067811865491270 ) ) ;
#1868 = CARTESIAN_POINT ( 'NONE',  ( 0.8346689288303448251, 0.3480015936880894167, 0.002000000000000000042 ) ) ;
#1869 = CARTESIAN_POINT ( 'NONE',  ( 0.5649999999999999467, -0.1174999999999999933, -0.3305000000000000160 ) ) ;
#1870 = CARTESIAN_POINT ( 'NONE',  ( 0.3347413038504020721, 0.4134999999999999232, 0.2379999999999999893 ) ) ;
#1871 = EDGE_CURVE ( 'NONE', #2944, #1859, #2454, .T. ) ;
#1872 = AXIS2_PLACEMENT_3D ( 'NONE', #802, #3986, #3047 ) ;
#1873 = AXIS2_PLACEMENT_3D ( 'NONE', #2149, #3777, #2783 ) ;
#1874 = PLANE ( 'NONE',  #4362 ) ;
#1875 = VECTOR ( 'NONE', #8246, 39.37007874015748143 ) ;
#1876 = CARTESIAN_POINT ( 'NONE',  ( 0.2614999999999999547, 0.000000000000000000, -0.1025000000000000216 ) ) ;
#1877 = CIRCLE ( 'NONE', #7714, 0.07699999999999995737 ) ;
#1878 = CARTESIAN_POINT ( 'NONE',  ( 0.7579999999999998961, -0.1250000000000000000, -0.3054999999999999938 ) ) ;
#1879 = ORIENTED_EDGE ( 'NONE', *, *, #6290, .F. ) ;
#1880 = DIRECTION ( 'NONE',  ( -0.000000000000000000, 0.000000000000000000, 1.000000000000000000 ) ) ;
#1881 = EDGE_LOOP ( 'NONE', ( #6645, #5509, #4710, #4120 ) ) ;
#1882 = ADVANCED_FACE ( 'NONE', ( #829 ), #7258, .T. ) ;
#1883 = ORIENTED_EDGE ( 'NONE', *, *, #4744, .T. ) ;
#1884 = FACE_OUTER_BOUND ( 'NONE', #2993, .T. ) ;
#1885 = CARTESIAN_POINT ( 'NONE',  ( 0.3814218530218776437, 0.3480015936880894167, 0.002000000000000000042 ) ) ;
#1886 = VECTOR ( 'NONE', #7749, 39.37007874015748854 ) ;
#1887 = DIRECTION ( 'NONE',  ( -0.000000000000000000, -0.000000000000000000, 1.000000000000000000 ) ) ;
#1888 = CARTESIAN_POINT ( 'NONE',  ( 0.8299337882683381906, 0.3344173090559698913, 0.000000000000000000 ) ) ;
#1889 = CARTESIAN_POINT ( 'NONE',  ( 0.8268247506586169360, 0.3429598073383509083, 0.002000000000000000042 ) ) ;
#1890 = EDGE_CURVE ( 'NONE', #393, #1119, #2552, .T. ) ;
#1891 = CARTESIAN_POINT ( 'NONE',  ( 0.4484999999999998987, -0.1250000000000000000, -0.3305000000000000160 ) ) ;
#1892 = VECTOR ( 'NONE', #4751, 39.37007874015748143 ) ;
#1893 = AXIS2_PLACEMENT_3D ( 'NONE', #5907, #4284, #6790 ) ;
#1894 = VERTEX_POINT ( 'NONE', #9081 ) ;
#1895 = CARTESIAN_POINT ( 'NONE',  ( 0.1139999999999998792, 0.05400000000000002714, -0.3734999999999999432 ) ) ;
#1896 = VERTEX_POINT ( 'NONE', #6679 ) ;
#1897 = ORIENTED_EDGE ( 'NONE', *, *, #9840, .T. ) ;
#1898 = ORIENTED_EDGE ( 'NONE', *, *, #5722, .T. ) ;
#1899 = CARTESIAN_POINT ( 'NONE',  ( 0.4455979296268487433, 0.1456347436406049412, 0.002000000000000000042 ) ) ;
#1900 = CARTESIAN_POINT ( 'NONE',  ( 0.7079999999999999627, 0.2954999999999998184, 0.2354999999999999871 ) ) ;
#1901 = CARTESIAN_POINT ( 'NONE',  ( 0.8259705502175892500, 0.3239147150986658175, 0.002000000000000000042 ) ) ;
#1902 = CARTESIAN_POINT ( 'NONE',  ( 0.4438606702576157192, 0.1530833150766176542, 0.000000000000000000 ) ) ;
#1903 = AXIS2_PLACEMENT_3D ( 'NONE', #5837, #1180, #2703 ) ;
#1904 = EDGE_CURVE ( 'NONE', #3155, #5275, #3490, .T. ) ;
#1905 = LINE ( 'NONE', #9938, #1482 ) ;
#1906 = CIRCLE ( 'NONE', #1733, 0.07200000000000000844 ) ;
#1907 = CARTESIAN_POINT ( 'NONE',  ( 0.8247642468738677346, 0.3290830070643018801, 0.002000000000000000042 ) ) ;
#1908 = FACE_OUTER_BOUND ( 'NONE', #10092, .T. ) ;
#1909 = ORIENTED_EDGE ( 'NONE', *, *, #5130, .F. ) ;
#1910 = EDGE_CURVE ( 'NONE', #1702, #3956, #8972, .T. ) ;
#1911 = VERTEX_POINT ( 'NONE', #1928 ) ;
#1912 = EDGE_CURVE ( 'NONE', #3197, #2430, #6627, .T. ) ;
#1913 = ORIENTED_EDGE ( 'NONE', *, *, #4770, .T. ) ;
#1914 = DIRECTION ( 'NONE',  ( -1.000000000000000000, -0.000000000000000000, -0.000000000000000000 ) ) ;
#1915 = CARTESIAN_POINT ( 'NONE',  ( 0.6564999999999999725, -0.1250000000000000000, -0.3305000000000000160 ) ) ;
#1916 = CARTESIAN_POINT ( 'NONE',  ( 0.7820000000000000284, 0.1784999999999998255, 0.2304999999999999827 ) ) ;
#1917 = AXIS2_PLACEMENT_3D ( 'NONE', #4265, #5047, #5104 ) ;
#1918 = VERTEX_POINT ( 'NONE', #3384 ) ;
#1919 = CARTESIAN_POINT ( 'NONE',  ( 0.7658955156425997224, 0.1695564879887868359, 0.002000000000000000042 ) ) ;
#1920 = CARTESIAN_POINT ( 'NONE',  ( 0.8350285682149465316, 0.3336665925924848231, 0.000000000000000000 ) ) ;
#1921 = DIRECTION ( 'NONE',  ( -0.000000000000000000, -0.000000000000000000, -1.000000000000000000 ) ) ;
#1922 = VERTEX_POINT ( 'NONE', #5944 ) ;
#1923 = FACE_OUTER_BOUND ( 'NONE', #6853, .T. ) ;
#1924 = CARTESIAN_POINT ( 'NONE',  ( 0.4335130298929487092, 0.1476747652060336757, 0.000000000000000000 ) ) ;
#1925 = CARTESIAN_POINT ( 'NONE',  ( 0.8414999999999999147, 0.07050000000000002098, 0.1079999999999999710 ) ) ;
#1926 = CARTESIAN_POINT ( 'NONE',  ( 0.8119999999999999440, 0.2904999999999998139, 0.2379999999999999893 ) ) ;
#1927 = EDGE_CURVE ( 'NONE', #1506, #6500, #8136, .T. ) ;
#1928 = CARTESIAN_POINT ( 'NONE',  ( 0.5564999999999998836, 0.1859999999999998044, 0.2379999999999999893 ) ) ;
#1929 = VECTOR ( 'NONE', #2586, 39.37007874015748143 ) ;
#1930 = FACE_OUTER_BOUND ( 'NONE', #696, .T. ) ;
#1931 = DIRECTION ( 'NONE',  ( 0.7071067811865483499, -0.7071067811865466846, 0.000000000000000000 ) ) ;
#1932 = ADVANCED_FACE ( 'NONE', ( #2707 ), #9025, .T. ) ;
#1933 = ORIENTED_EDGE ( 'NONE', *, *, #9834, .F. ) ;
#1934 = LINE ( 'NONE', #2658, #1289 ) ;
#1935 = VERTEX_POINT ( 'NONE', #6581 ) ;
#1936 = EDGE_CURVE ( 'NONE', #10137, #1644, #8698, .T. ) ;
#1937 = EDGE_LOOP ( 'NONE', ( #9219, #1208, #2942, #6602 ) ) ;
#1938 = DIRECTION ( 'NONE',  ( -0.000000000000000000, 1.000000000000000000, -0.000000000000000000 ) ) ;
#1939 = CARTESIAN_POINT ( 'NONE',  ( 0.7820000000000000284, 0.1784999999999998255, 0.2379999999999999893 ) ) ;
#1940 = CARTESIAN_POINT ( 'NONE',  ( 0.8218961113116035611, 0.3526769056879103248, 0.000000000000000000 ) ) ;
#1941 = DIRECTION ( 'NONE',  ( -0.000000000000000000, 0.000000000000000000, 1.000000000000000000 ) ) ;
#1942 = CARTESIAN_POINT ( 'NONE',  ( 0.7635354490816528283, 0.1651028093749961068, 0.002000000000000000042 ) ) ;
#1943 = DIRECTION ( 'NONE',  ( -0.000000000000000000, -0.000000000000000000, -1.000000000000000000 ) ) ;
#1944 = ORIENTED_EDGE ( 'NONE', *, *, #4648, .F. ) ;
#1945 = DIRECTION ( 'NONE',  ( -0.5773502691896270633, 0.5773502691896230665, 0.5773502691896270633 ) ) ;
#1946 = ORIENTED_EDGE ( 'NONE', *, *, #6401, .F. ) ;
#1947 = VERTEX_POINT ( 'NONE', #4166 ) ;
#1948 = ORIENTED_EDGE ( 'NONE', *, *, #7615, .F. ) ;
#1949 = LINE ( 'NONE', #5137, #8554 ) ;
#1950 = CARTESIAN_POINT ( 'NONE',  ( 0.8414999999999999147, 0.4234999999999998765, 0.2079999999999999627 ) ) ;
#1951 = CARTESIAN_POINT ( 'NONE',  ( 0.7671455789117959112, 0.1558875461355545278, 0.002000000000000000042 ) ) ;
#1952 = LINE ( 'NONE', #6078, #8720 ) ;
#1953 = DIRECTION ( 'NONE',  ( 1.000000000000000000, 0.000000000000000000, 0.000000000000000000 ) ) ;
#1954 = DIRECTION ( 'NONE',  ( -0.000000000000000000, -1.000000000000000000, -0.000000000000000000 ) ) ;
#1955 = EDGE_CURVE ( 'NONE', #4827, #680, #9756, .T. ) ;
#1956 = LINE ( 'NONE', #3322, #3641 ) ;
#1957 = VERTEX_POINT ( 'NONE', #5115 ) ;
#1958 = EDGE_LOOP ( 'NONE', ( #5618, #2246, #2118, #2459 ) ) ;
#1959 = VERTEX_POINT ( 'NONE', #7568 ) ;
#1960 = DIRECTION ( 'NONE',  ( 0.000000000000000000, 0.000000000000000000, 1.000000000000000000 ) ) ;
#1961 = ADVANCED_FACE ( 'NONE', ( #4375 ), #5793, .T. ) ;
#1962 = CARTESIAN_POINT ( 'NONE',  ( 0.4401334505621712911, 0.1498978277912006718, 0.002000000000000000042 ) ) ;
#1963 = VECTOR ( 'NONE', #1945, 39.37007874015748854 ) ;
#1964 = EDGE_LOOP ( 'NONE', ( #6540, #1788, #3944, #3921 ) ) ;
#1965 = CARTESIAN_POINT ( 'NONE',  ( 0.7633930881864453566, 0.1633435751574418837, 0.000000000000000000 ) ) ;
#1966 = VECTOR ( 'NONE', #5170, 39.37007874015748143 ) ;
#1967 = DIRECTION ( 'NONE',  ( 0.000000000000000000, -0.7071067811865450192, -0.7071067811865499042 ) ) ;
#1968 = FACE_OUTER_BOUND ( 'NONE', #7534, .T. ) ;
#1969 = ORIENTED_EDGE ( 'NONE', *, *, #8038, .F. ) ;
#1970 = DIRECTION ( 'NONE',  ( -0.000000000000000000, -0.000000000000000000, -1.000000000000000000 ) ) ;
#1971 = LINE ( 'NONE', #4371, #4906 ) ;
#1972 = CARTESIAN_POINT ( 'NONE',  ( 0.7753828005365769327, 0.1646242342848733275, 0.002000000000000000042 ) ) ;
#1973 = PLANE ( 'NONE',  #4567 ) ;
#1974 = AXIS2_PLACEMENT_3D ( 'NONE', #4269, #5784, #2750 ) ;
#1975 = CARTESIAN_POINT ( 'NONE',  ( 0.7644999999999998463, 0.1784999999999998255, 0.2379999999999999893 ) ) ;
#1976 = LINE ( 'NONE', #2761, #5322 ) ;
#1977 = AXIS2_PLACEMENT_3D ( 'NONE', #1440, #1339, #1396 ) ;
#1978 = CARTESIAN_POINT ( 'NONE',  ( 0.7714999999999999636, 0.06550000000000003042, 0.1079999999999999849 ) ) ;
#1979 = CARTESIAN_POINT ( 'NONE',  ( 0.8295622325301642563, 0.3356511457944886812, 0.000000000000000000 ) ) ;
#1980 = CARTESIAN_POINT ( 'NONE',  ( 0.2615000000000000657, 0.000000000000000000, -0.4900000000000000466 ) ) ;
#1981 = VERTEX_POINT ( 'NONE', #4955 ) ;
#1982 = VERTEX_POINT ( 'NONE', #3436 ) ;
#1983 = CARTESIAN_POINT ( 'NONE',  ( 0.8247900844845695856, 0.3426969127652157443, 0.002000000000000000042 ) ) ;
#1984 = DIRECTION ( 'NONE',  ( 0.000000000000000000, -0.7071067811865466846, 0.7071067811865483499 ) ) ;
#1985 = AXIS2_PLACEMENT_3D ( 'NONE', #107, #6547, #3250 ) ;
#1986 = DIRECTION ( 'NONE',  ( -0.000000000000000000, -1.000000000000000000, -0.000000000000000000 ) ) ;
#1987 = PLANE ( 'NONE',  #9901 ) ;
#1988 = EDGE_CURVE ( 'NONE', #1859, #3835, #2654, .T. ) ;
#1989 = CARTESIAN_POINT ( 'NONE',  ( 0.1139999999999998792, 0.000000000000000000, -0.4455000000000000071 ) ) ;
#1990 = EDGE_CURVE ( 'NONE', #9149, #2000, #8189, .T. ) ;
#1991 = FACE_OUTER_BOUND ( 'NONE', #3407, .T. ) ;
#1992 = ADVANCED_FACE ( 'NONE', ( #8296 ), #1874, .T. ) ;
#1993 = ORIENTED_EDGE ( 'NONE', *, *, #2803, .T. ) ;
#1994 = VECTOR ( 'NONE', #7492, 39.37007874015748854 ) ;
#1995 = CARTESIAN_POINT ( 'NONE',  ( 0.4372946803909803504, 0.1515914842884154567, 0.002000000000000000042 ) ) ;
#1996 = ORIENTED_EDGE ( 'NONE', *, *, #1862, .T. ) ;
#1997 = ORIENTED_EDGE ( 'NONE', *, *, #1064, .F. ) ;
#1998 = VERTEX_POINT ( 'NONE', #7514 ) ;
#1999 = CARTESIAN_POINT ( 'NONE',  ( 0.4457407689694032893, 0.1473881775714292741, 0.002000000000000000042 ) ) ;
#2000 = VERTEX_POINT ( 'NONE', #7463 ) ;
#2001 = CARTESIAN_POINT ( 'NONE',  ( 0.7755898272947260308, 0.1622703674069969348, 0.002000000000000000042 ) ) ;
#2002 = LINE ( 'NONE', #4403, #3714 ) ;
#2003 = EDGE_CURVE ( 'NONE', #6805, #5848, #296, .T. ) ;
#2004 = DIRECTION ( 'NONE',  ( -0.000000000000000000, 0.000000000000000000, 1.000000000000000000 ) ) ;
#2005 = CARTESIAN_POINT ( 'NONE',  ( 0.4345392115312997627, 0.1390161659127961691, 0.000000000000000000 ) ) ;
#2006 = DIRECTION ( 'NONE',  ( 1.000000000000000000, 0.000000000000000000, 0.000000000000000000 ) ) ;
#2007 = ORIENTED_EDGE ( 'NONE', *, *, #10039, .T. ) ;
#2008 = VECTOR ( 'NONE', #5515, 39.37007874015748143 ) ;
#2009 = VERTEX_POINT ( 'NONE', #3541 ) ;
#2010 = ORIENTED_EDGE ( 'NONE', *, *, #6242, .F. ) ;
#2011 = DIRECTION ( 'NONE',  ( 0.000000000000000000, -1.000000000000000000, 0.000000000000000000 ) ) ;
#2012 = CARTESIAN_POINT ( 'NONE',  ( 0.4391294955489369878, 0.1509888169886619558, 0.002000000000000000042 ) ) ;
#2013 =( CONVERSION_BASED_UNIT ( 'INCH', #4463 ) LENGTH_UNIT ( ) NAMED_UNIT ( #4143 ) );
#2014 = EDGE_CURVE ( 'NONE', #7999, #9427, #6734, .T. ) ;
#2015 = EDGE_CURVE ( 'NONE', #4071, #9148, #8350, .T. ) ;
#2016 = ORIENTED_EDGE ( 'NONE', *, *, #6211, .T. ) ;
#2017 = LINE ( 'NONE', #7811, #6682 ) ;
#2018 = CARTESIAN_POINT ( 'NONE',  ( 0.8261443515422099981, 0.3379316909192445206, 0.000000000000000000 ) ) ;
#2019 = CARTESIAN_POINT ( 'NONE',  ( 0.4309999999999999387, 0.03300000000000000155, -0.3054999999999999938 ) ) ;
#2020 = ORIENTED_EDGE ( 'NONE', *, *, #2112, .F. ) ;
#2021 = FACE_OUTER_BOUND ( 'NONE', #9776, .T. ) ;
#2022 = CARTESIAN_POINT ( 'NONE',  ( 0.6189999999999999947, 0.2904999999999998139, 0.2379999999999999893 ) ) ;
#2023 = PLANE ( 'NONE',  #5552 ) ;
#2024 = CARTESIAN_POINT ( 'NONE',  ( 0.7279999999999999805, -0.1250000000000000000, -0.4174999999999999822 ) ) ;
#2025 = VECTOR ( 'NONE', #4687, 39.37007874015748143 ) ;
#2026 = EDGE_CURVE ( 'NONE', #8243, #9113, #6782, .T. ) ;
#2027 = LINE ( 'NONE', #5995, #8366 ) ;
#2028 = AXIS2_PLACEMENT_3D ( 'NONE', #3945, #8702, #4683 ) ;
#2029 = CARTESIAN_POINT ( 'NONE',  ( 0.8119999999999999440, 0.3079999999999998295, 0.2379999999999999893 ) ) ;
#2030 = DIRECTION ( 'NONE',  ( -0.000000000000000000, -1.000000000000000000, -0.000000000000000000 ) ) ;
#2031 = CARTESIAN_POINT ( 'NONE',  ( 0.8261443515422099981, 0.3379316909192445206, 0.000000000000000000 ) ) ;
#2032 = CARTESIAN_POINT ( 'NONE',  ( 0.7734197376554778902, 0.1667839374997612811, 0.000000000000000000 ) ) ;
#2033 = ORIENTED_EDGE ( 'NONE', *, *, #6951, .T. ) ;
#2034 = EDGE_LOOP ( 'NONE', ( #5249 ) ) ;
#2035 = CARTESIAN_POINT ( 'NONE',  ( 0.8175273549163754039, 0.3283147528495745093, 0.002000000000000000042 ) ) ;
#2036 = CARTESIAN_POINT ( 'NONE',  ( 0.4414999999999997815, 0.07050000000000002098, 0.1079999999999999988 ) ) ;
#2037 = PLANE ( 'NONE',  #2709 ) ;
#2038 = EDGE_CURVE ( 'NONE', #3377, #3111, #2027, .T. ) ;
#2039 = DIRECTION ( 'NONE',  ( -0.000000000000000000, 1.000000000000000000, -0.000000000000000000 ) ) ;
#2040 = AXIS2_PLACEMENT_3D ( 'NONE', #174, #9640, #5678 ) ;
#2041 = CARTESIAN_POINT ( 'NONE',  ( 0.7634004508557488133, 0.1636436576669796639, 0.002000000000000000042 ) ) ;
#2042 = CARTESIAN_POINT ( 'NONE',  ( 0.4406942551763622373, 0.1473979079166187756, 0.002000000000000000042 ) ) ;
#2043 = AXIS2_PLACEMENT_3D ( 'NONE', #4089, #909, #4831 ) ;
#2044 = EDGE_LOOP ( 'NONE', ( #4775, #9893, #7081, #3770 ) ) ;
#2045 = DIRECTION ( 'NONE',  ( 0.000000000000000000, -1.000000000000000000, 0.000000000000000000 ) ) ;
#2046 = EDGE_LOOP ( 'NONE', ( #7791, #4620, #2268, #2485 ) ) ;
#2047 = EDGE_LOOP ( 'NONE', ( #6797, #1933, #3588, #8472, #6348, #6864 ) ) ;
#2048 = ORIENTED_EDGE ( 'NONE', *, *, #2064, .T. ) ;
#2049 = CARTESIAN_POINT ( 'NONE',  ( 0.7713537370483718458, 0.1670120670013416353, 0.002000000000000000042 ) ) ;
#2050 = CARTESIAN_POINT ( 'NONE',  ( 0.4849999999999999312, 0.3154999999999998361, 0.2379999999999999893 ) ) ;
#2051 = CARTESIAN_POINT ( 'NONE',  ( 0.7714999999999999636, 0.4284999999999998810, 0.2079999999999999627 ) ) ;
#2052 = DIRECTION ( 'NONE',  ( 1.000000000000000000, -0.000000000000000000, -0.000000000000000000 ) ) ;
#2053 = EDGE_CURVE ( 'NONE', #2660, #5493, #1238, .T. ) ;
#2054 = LINE ( 'NONE', #6022, #4156 ) ;
#2055 = VECTOR ( 'NONE', #8073, 39.37007874015748143 ) ;
#2056 = VECTOR ( 'NONE', #3764, 39.37007874015748143 ) ;
#2057 = EDGE_CURVE ( 'NONE', #4637, #7588, #4426, .T. ) ;
#2058 = CARTESIAN_POINT ( 'NONE',  ( 0.4406671373630925426, 0.1484699529602993839, 0.000000000000000000 ) ) ;
#2059 = CARTESIAN_POINT ( 'NONE',  ( 0.4284853778631531607, 0.1471442305820586383, 0.002000000000000000042 ) ) ;
#2060 = CARTESIAN_POINT ( 'NONE',  ( 0.8244531403347739040, 0.3374868577444571360, 0.002000000000000000042 ) ) ;
#2061 = ORIENTED_EDGE ( 'NONE', *, *, #7807, .T. ) ;
#2062 = ORIENTED_EDGE ( 'NONE', *, *, #5551, .T. ) ;
#2063 = ORIENTED_EDGE ( 'NONE', *, *, #8628, .T. ) ;
#2064 = EDGE_CURVE ( 'NONE', #9271, #4321, #345, .T. ) ;
#2065 = CIRCLE ( 'NONE', #5733, 0.04450000000000000483 ) ;
#2066 = DIRECTION ( 'NONE',  ( -0.000000000000000000, 0.000000000000000000, 1.000000000000000000 ) ) ;
#2067 = AXIS2_PLACEMENT_3D ( 'NONE', #9105, #6352, #2985 ) ;
#2068 = DIRECTION ( 'NONE',  ( 0.000000000000000000, -1.000000000000000000, 0.000000000000000000 ) ) ;
#2069 = EDGE_LOOP ( 'NONE', ( #5465, #1748, #8670, #7406 ) ) ;
#2070 = CARTESIAN_POINT ( 'NONE',  ( 0.5399999999999999245, -0.1250000000000000000, -0.3054999999999999938 ) ) ;
#2071 = CARTESIAN_POINT ( 'NONE',  ( 0.8257154558694616009, 0.3379154167105136164, 0.000000000000000000 ) ) ;
#2072 = CARTESIAN_POINT ( 'NONE',  ( 0.4438606702576157192, 0.1530833150766176542, 0.002000000000000000042 ) ) ;
#2073 = ORIENTED_EDGE ( 'NONE', *, *, #9144, .F. ) ;
#2074 = CARTESIAN_POINT ( 'NONE',  ( 0.8369999999999999662, 0.2904999999999998139, 0.000000000000000000 ) ) ;
#2075 = DIRECTION ( 'NONE',  ( 0.000000000000000000, -1.000000000000000000, 0.000000000000000000 ) ) ;
#2076 = DIRECTION ( 'NONE',  ( 1.000000000000000000, 0.000000000000000000, 0.000000000000000000 ) ) ;
#2077 = CARTESIAN_POINT ( 'NONE',  ( -3.923116201771848898E-17, 0.1149999999999998662, -0.1649999999999999523 ) ) ;
#2078 = DIRECTION ( 'NONE',  ( 1.000000000000000000, -1.177520686924251472E-16, 0.000000000000000000 ) ) ;
#2079 = LINE ( 'NONE', #7774, #2308 ) ;
#2080 = CARTESIAN_POINT ( 'NONE',  ( 0.5939999999999999725, -0.1250000000000000000, -0.4425000000000000044 ) ) ;
#2081 = CARTESIAN_POINT ( 'NONE',  ( 0.8291406671054467603, 0.3363679531428549474, 0.000000000000000000 ) ) ;
#2082 = DIRECTION ( 'NONE',  ( 0.000000000000000000, 0.000000000000000000, 1.000000000000000000 ) ) ;
#2083 = ORIENTED_EDGE ( 'NONE', *, *, #916, .T. ) ;
#2084 = EDGE_CURVE ( 'NONE', #6011, #6955, #5425, .T. ) ;
#2085 = ORIENTED_EDGE ( 'NONE', *, *, #7167, .F. ) ;
#2086 = CARTESIAN_POINT ( 'NONE',  ( 0.4299782729591135610, 0.1528707538806513555, 0.002000000000000000042 ) ) ;
#2087 = LINE ( 'NONE', #2869, #7055 ) ;
#2088 = CARTESIAN_POINT ( 'NONE',  ( 0.7718316222999138665, 0.1670387610956655666, -0.000000000000000000 ) ) ;
#2089 = CARTESIAN_POINT ( 'NONE',  ( 0.000000000000000000, 0.000000000000000000, -0.4899999999999999911 ) ) ;
#2090 = CARTESIAN_POINT ( 'NONE',  ( 0.8336793683262426757, 0.3389638980631275444, 0.000000000000000000 ) ) ;
#2091 = CARTESIAN_POINT ( 'NONE',  ( 0.7785428972627880251, 0.1566171947923149788, 0.000000000000000000 ) ) ;
#2092 = ORIENTED_EDGE ( 'NONE', *, *, #4649, .F. ) ;
#2093 = LINE ( 'NONE', #4496, #4462 ) ;
#2094 = VERTEX_POINT ( 'NONE', #5268 ) ;
#2095 = ORIENTED_EDGE ( 'NONE', *, *, #8329, .T. ) ;
#2096 = VERTEX_POINT ( 'NONE', #9385 ) ;
#2097 = DIRECTION ( 'NONE',  ( -0.000000000000000000, -0.000000000000000000, -1.000000000000000000 ) ) ;
#2098 = CARTESIAN_POINT ( 'NONE',  ( 0.7737560479002969505, 0.1719329930299287879, 0.002000000000000000042 ) ) ;
#2099 = CARTESIAN_POINT ( 'NONE',  ( 0.7740874899279773791, 0.1597639991489636924, 0.002000000000000000042 ) ) ;
#2100 = CARTESIAN_POINT ( 'NONE',  ( 0.7279999999999999805, 0.03300000000000000155, -0.4174999999999999822 ) ) ;
#2101 = DIRECTION ( 'NONE',  ( 1.000000000000000000, 0.000000000000000000, -0.000000000000000000 ) ) ;
#2102 = LINE ( 'NONE', #8908, #10159 ) ;
#2103 = DIRECTION ( 'NONE',  ( 0.000000000000000000, -1.000000000000000000, 0.000000000000000000 ) ) ;
#2104 = CARTESIAN_POINT ( 'NONE',  ( 0.8240428688053148543, 0.3372287215368550695, 0.002000000000000000042 ) ) ;
#2105 = ORIENTED_EDGE ( 'NONE', *, *, #191, .T. ) ;
#2106 = ORIENTED_EDGE ( 'NONE', *, *, #9178, .T. ) ;
#2107 = VERTEX_POINT ( 'NONE', #8503 ) ;
#2108 = CARTESIAN_POINT ( 'NONE',  ( 0.8452586961495975881, 0.1424999999999999878, 0.2379999999999999893 ) ) ;
#2109 = DIRECTION ( 'NONE',  ( -0.000000000000000000, 0.000000000000000000, 1.000000000000000000 ) ) ;
#2110 = EDGE_CURVE ( 'NONE', #4975, #1011, #8404, .T. ) ;
#2111 = ORIENTED_EDGE ( 'NONE', *, *, #8989, .T. ) ;
#2112 = EDGE_CURVE ( 'NONE', #6643, #9392, #10173, .T. ) ;
#2113 = CARTESIAN_POINT ( 'NONE',  ( 0.8904999999999999583, 0.4040000000000002478, -0.4899999999999999911 ) ) ;
#2114 = DIRECTION ( 'NONE',  ( 0.9877629653290691536, 0.1559625734730108737, -0.000000000000000000 ) ) ;
#2115 = ORIENTED_EDGE ( 'NONE', *, *, #3414, .T. ) ;
#2116 = CIRCLE ( 'NONE', #4126, 0.07699999999999995737 ) ;
#2117 = LINE ( 'NONE', #392, #9062 ) ;
#2118 = ORIENTED_EDGE ( 'NONE', *, *, #5378, .F. ) ;
#2119 = LINE ( 'NONE', #3637, #2861 ) ;
#2120 = FACE_OUTER_BOUND ( 'NONE', #5122, .T. ) ;
#2121 = DIRECTION ( 'NONE',  ( -0.000000000000000000, 0.000000000000000000, -1.000000000000000000 ) ) ;
#2122 = CARTESIAN_POINT ( 'NONE',  ( 0.8300942048986893473, 0.3249938681309413324, 0.002000000000000000042 ) ) ;
#2123 = CARTESIAN_POINT ( 'NONE',  ( 0.4414999999999997815, 0.07050000000000002098, 0.1079999999999999988 ) ) ;
#2124 = AXIS2_PLACEMENT_3D ( 'NONE', #8142, #301, #1880 ) ;
#2125 = B_SPLINE_CURVE_WITH_KNOTS ( 'NONE', 3,
 ( #5341, #1211, #5241, #3570, #1261, #7638, #1363, #1951, #3668, #5967, #585, #373, #8324, #9936, #6077, #6857, #6124, #6760, #4402 ),
 .UNSPECIFIED., .F., .F.,
 ( 4, 1, 1, 1, 1, 1, 1, 1, 1, 1, 1, 1, 1, 1, 1, 1, 4 ),
 ( 0.000000000000000000, 0.06339601836289873726, 0.1244617226243858454, 0.1847049086637313764, 0.2441526070095913215, 0.3037409563612796792, 0.3643326347388935460, 0.4258645909534893303, 0.4895799197185350948, 0.5536829170969708169, 0.6164516082757900417, 0.6783780743951841607, 0.7404259476885982627, 0.8028474634932083465, 0.8665906558158602557, 0.9320847206626867720, 1.000000000000000000 ),
 .UNSPECIFIED. ) ;
#2126 = LINE ( 'NONE', #448, #9483 ) ;
#2127 = DIRECTION ( 'NONE',  ( -0.5773502691896257311, 0.5773502691896257311, 0.5773502691896257311 ) ) ;
#2128 = CARTESIAN_POINT ( 'NONE',  ( 0.8291406671054467603, 0.3363679531428549474, 0.002000000000000000042 ) ) ;
#2129 = CARTESIAN_POINT ( 'NONE',  ( 0.7756208272628999367, 0.1630569875228374821, 0.000000000000000000 ) ) ;
#2130 = ORIENTED_EDGE ( 'NONE', *, *, #2377, .T. ) ;
#2131 = FACE_OUTER_BOUND ( 'NONE', #5767, .T. ) ;
#2132 = LINE ( 'NONE', #4594, #9898 ) ;
#2133 = VECTOR ( 'NONE', #8606, 39.37007874015748143 ) ;
#2134 = DIRECTION ( 'NONE',  ( -0.000000000000000000, -0.000000000000000000, 1.000000000000000000 ) ) ;
#2135 = DIRECTION ( 'NONE',  ( 0.5773502691896252870, -0.5773502691896267303, -0.5773502691896252870 ) ) ;
#2136 = CARTESIAN_POINT ( 'NONE',  ( 0.4337535747831013921, 0.1461187480125608895, 0.002000000000000000042 ) ) ;
#2137 = EDGE_CURVE ( 'NONE', #1947, #2367, #5367, .T. ) ;
#2138 = LINE ( 'NONE', #10087, #6820 ) ;
#2139 = EDGE_CURVE ( 'NONE', #1957, #6168, #10120, .T. ) ;
#2140 = AXIS2_PLACEMENT_3D ( 'NONE', #4005, #7826, #5591 ) ;
#2141 = ORIENTED_EDGE ( 'NONE', *, *, #3987, .T. ) ;
#2142 = CARTESIAN_POINT ( 'NONE',  ( 0.5464999999999998748, 0.1959999999999998410, 0.2379999999999999893 ) ) ;
#2143 = VERTEX_POINT ( 'NONE', #2176 ) ;
#2144 = EDGE_LOOP ( 'NONE', ( #7051, #6821, #4509, #658 ) ) ;
#2145 = ORIENTED_EDGE ( 'NONE', *, *, #780, .F. ) ;
#2146 = AXIS2_PLACEMENT_3D ( 'NONE', #6304, #3166, #5684 ) ;
#2147 = DIRECTION ( 'NONE',  ( 0.000000000000000000, -1.000000000000000000, 0.000000000000000000 ) ) ;
#2148 = DIRECTION ( 'NONE',  ( 0.000000000000000000, 0.000000000000000000, 1.000000000000000000 ) ) ;
#2149 = CARTESIAN_POINT ( 'NONE',  ( 1.098500000000000032, 0.2469999999999999418, -0.09499999999999994560 ) ) ;
#2150 = LINE ( 'NONE', #10298, #7552 ) ;
#2151 = B_SPLINE_CURVE_WITH_KNOTS ( 'NONE', 3,
 ( #9619, #839, #6490, #8203, #3246, #7215, #8781, #5758, #1676, #8931, #4919, #3343, #8880, #7270, #4967, #8051, #893, #8832, #8101 ),
 .UNSPECIFIED., .F., .F.,
 ( 4, 1, 1, 1, 1, 1, 1, 1, 1, 1, 1, 1, 1, 1, 1, 1, 4 ),
 ( 0.000000000000000000, 0.06339601836289873726, 0.1244617226243858454, 0.1847049086637313764, 0.2441526070095913215, 0.3037409563612796792, 0.3643326347388935460, 0.4258645909534893303, 0.4895799197185350948, 0.5536829170969708169, 0.6164516082757900417, 0.6783780743951841607, 0.7404259476885982627, 0.8028474634932083465, 0.8665906558158602557, 0.9320847206626867720, 1.000000000000000000 ),
 .UNSPECIFIED. ) ;
#2152 = CARTESIAN_POINT ( 'NONE',  ( 0.8171485856348146282, 0.3290362169725498109, 0.000000000000000000 ) ) ;
#2153 = CARTESIAN_POINT ( 'NONE',  ( 0.7786526594290932302, 0.1568376852305349012, -0.000000000000000000 ) ) ;
#2154 = EDGE_CURVE ( 'NONE', #8827, #8635, #8555, .T. ) ;
#2155 = PLANE ( 'NONE',  #1465 ) ;
#2156 = PLANE ( 'NONE',  #8954 ) ;
#2157 = ORIENTED_EDGE ( 'NONE', *, *, #9996, .T. ) ;
#2158 = ORIENTED_EDGE ( 'NONE', *, *, #8226, .F. ) ;
#2159 = ORIENTED_EDGE ( 'NONE', *, *, #7353, .F. ) ;
#2160 = CARTESIAN_POINT ( 'NONE',  ( 0.5389999999999999236, 0.1784999999999998255, 0.2379999999999999893 ) ) ;
#2161 = CARTESIAN_POINT ( 'NONE',  ( 0.4370419913543519552, 0.1516027016097293290, 0.000000000000000000 ) ) ;
#2162 = EDGE_CURVE ( 'NONE', #6771, #5823, #7036, .T. ) ;
#2163 = APPROVAL_STATUS ( 'not_yet_approved' ) ;
#2164 = ORIENTED_EDGE ( 'NONE', *, *, #4548, .T. ) ;
#2165 = CARTESIAN_POINT ( 'NONE',  ( 0.7734815459822667050, 0.1593968126303243749, 0.000000000000000000 ) ) ;
#2166 = CARTESIAN_POINT ( 'NONE',  ( 0.8244531403347739040, 0.3374868577444571360, 0.002000000000000000042 ) ) ;
#2167 = ORIENTED_EDGE ( 'NONE', *, *, #7556, .T. ) ;
#2168 = FACE_OUTER_BOUND ( 'NONE', #1616, .T. ) ;
#2169 = ORIENTED_EDGE ( 'NONE', *, *, #6267, .F. ) ;
#2170 = CARTESIAN_POINT ( 'NONE',  ( 0.7029999999999999583, 0.2904999999999998139, 0.2379999999999999893 ) ) ;
#2171 = CARTESIAN_POINT ( 'NONE',  ( 0.8261074588107363281, 0.3429560807637502817, 0.002000000000000000042 ) ) ;
#2172 = LINE ( 'NONE', #10066, #6042 ) ;
#2173 = DIRECTION ( 'NONE',  ( -2.627364152391369319E-16, 1.000000000000000000, -0.000000000000000000 ) ) ;
#2174 = VECTOR ( 'NONE', #1229, 39.37007874015748143 ) ;
#2175 = ADVANCED_FACE ( 'NONE', ( #9234 ), #501, .F. ) ;
#2176 = CARTESIAN_POINT ( 'NONE',  ( 0.4414999999999997815, 0.4234999999999998765, 0.2080000000000000460 ) ) ;
#2177 = EDGE_CURVE ( 'NONE', #3897, #1918, #3011, .T. ) ;
#2178 = LINE ( 'NONE', #9235, #5820 ) ;
#2179 = LINE ( 'NONE', #6306, #9474 ) ;
#2180 = DIRECTION ( 'NONE',  ( -0.000000000000000000, 0.000000000000000000, -1.000000000000000000 ) ) ;
#2181 = CARTESIAN_POINT ( 'NONE',  ( 0.7720750077053435412, 0.1670523563111459275, 0.002000000000000000042 ) ) ;
#2182 = ORIENTED_EDGE ( 'NONE', *, *, #2663, .T. ) ;
#2183 = DIRECTION ( 'NONE',  ( 0.000000000000000000, 0.000000000000000000, 1.000000000000000000 ) ) ;
#2184 = CARTESIAN_POINT ( 'NONE',  ( 0.04199999999999988465, 0.05399999999999999245, -0.4899999999999999911 ) ) ;
#2185 = EDGE_CURVE ( 'NONE', #416, #6500, #6201, .T. ) ;
#2186 = PLANE ( 'NONE',  #4544 ) ;
#2187 = CARTESIAN_POINT ( 'NONE',  ( 0.4414999999999997815, 0.4284999999999998810, 0.2080000000000000460 ) ) ;
#2188 = CARTESIAN_POINT ( 'NONE',  ( 0.8350285682149465316, 0.3336665925924848231, 0.000000000000000000 ) ) ;
#2189 = CARTESIAN_POINT ( 'NONE',  ( 0.8346619011805697097, 0.3307622907221423603, 0.000000000000000000 ) ) ;
#2190 = VECTOR ( 'NONE', #4769, 39.37007874015748143 ) ;
#2191 = EDGE_CURVE ( 'NONE', #5420, #7043, #4530, .T. ) ;
#2192 = VERTEX_POINT ( 'NONE', #10071 ) ;
#2193 = CARTESIAN_POINT ( 'NONE',  ( 0.6664999999999999813, -0.1250000000000000000, -0.3230000000000000093 ) ) ;
#2194 = ORIENTED_EDGE ( 'NONE', *, *, #8626, .T. ) ;
#2195 = VECTOR ( 'NONE', #6883, 39.37007874015748143 ) ;
#2196 = VERTEX_POINT ( 'NONE', #2230 ) ;
#2197 = VERTEX_POINT ( 'NONE', #8603 ) ;
#2198 = PLANE ( 'NONE',  #8728 ) ;
#2199 = FACE_OUTER_BOUND ( 'NONE', #7484, .T. ) ;
#2200 = CARTESIAN_POINT ( 'NONE',  ( 0.4438606702576157192, 0.1530833150766176542, 0.002000000000000000042 ) ) ;
#2201 = DIRECTION ( 'NONE',  ( 1.000000000000000000, 0.000000000000000000, 0.000000000000000000 ) ) ;
#2202 = CARTESIAN_POINT ( 'NONE',  ( 0.8202631052967811476, 0.3254441326448611616, 0.000000000000000000 ) ) ;
#2203 = CARTESIAN_POINT ( 'NONE',  ( 0.4345392115312997627, 0.1390161659127961691, 0.002000000000000000042 ) ) ;
#2204 = VECTOR ( 'NONE', #2052, 39.37007874015748143 ) ;
#2205 = AXIS2_PLACEMENT_3D ( 'NONE', #4014, #4757, #4113 ) ;
#2206 = DIRECTION ( 'NONE',  ( -0.5773502691896252870, -0.5773502691896267303, -0.5773502691896252870 ) ) ;
#2207 = DIRECTION ( 'NONE',  ( 0.000000000000000000, 0.000000000000000000, -1.000000000000000000 ) ) ;
#2208 = ORIENTED_EDGE ( 'NONE', *, *, #2264, .F. ) ;
#2209 = ORIENTED_EDGE ( 'NONE', *, *, #7845, .F. ) ;
#2210 = EDGE_LOOP ( 'NONE', ( #3508, #6552, #9540, #8828, #9920, #379, #9200 ) ) ;
#2211 = CARTESIAN_POINT ( 'NONE',  ( 0.7714999999999999636, 0.4284999999999998810, 0.1079999999999999849 ) ) ;
#2212 = FACE_OUTER_BOUND ( 'NONE', #429, .T. ) ;
#2213 = COORDINATED_UNIVERSAL_TIME_OFFSET ( 5, 0, .BEHIND. ) ;
#2214 = CARTESIAN_POINT ( 'NONE',  ( 0.7756208272628999367, 0.1630569875228374821, 0.002000000000000000042 ) ) ;
#2215 = EDGE_CURVE ( 'NONE', #7043, #9456, #4477, .T. ) ;
#2216 = EDGE_CURVE ( 'NONE', #9823, #1004, #3851, .T. ) ;
#2217 = AXIS2_PLACEMENT_3D ( 'NONE', #9851, #8182, #8083 ) ;
#2218 = VECTOR ( 'NONE', #5743, 39.37007874015748143 ) ;
#2219 = CARTESIAN_POINT ( 'NONE',  ( 0.8244531403347739040, 0.3374868577444571360, 0.000000000000000000 ) ) ;
#2220 = ORIENTED_EDGE ( 'NONE', *, *, #1059, .F. ) ;
#2221 = EDGE_CURVE ( 'NONE', #1055, #1439, #664, .T. ) ;
#2222 = DIRECTION ( 'NONE',  ( 0.000000000000000000, -0.000000000000000000, -1.000000000000000000 ) ) ;
#2223 = ORIENTED_EDGE ( 'NONE', *, *, #9325, .F. ) ;
#2224 = DIRECTION ( 'NONE',  ( -0.7071067811865483499, -0.7071067811865466846, 0.000000000000000000 ) ) ;
#2225 = CARTESIAN_POINT ( 'NONE',  ( 0.8306259330191491097, 0.3419557457547377499, 0.002000000000000000042 ) ) ;
#2226 = DIRECTION ( 'NONE',  ( -0.000000000000000000, -0.000000000000000000, -1.000000000000000000 ) ) ;
#2227 = VECTOR ( 'NONE', #7662, 39.37007874015748143 ) ;
#2228 = CARTESIAN_POINT ( 'NONE',  ( 0.04199999999999984995, 0.000000000000000000, -0.3734999999999999432 ) ) ;
#2229 = VECTOR ( 'NONE', #3590, 39.37007874015748143 ) ;
#2230 = CARTESIAN_POINT ( 'NONE',  ( 0.4924999999999999933, -0.1250000000000000000, -0.4250000000000000444 ) ) ;
#2231 = ORIENTED_EDGE ( 'NONE', *, *, #5372, .F. ) ;
#2232 = CARTESIAN_POINT ( 'NONE',  ( 0.7718316222999138665, 0.1670387610956655666, 0.002000000000000000042 ) ) ;
#2233 = DIRECTION ( 'NONE',  ( -0.000000000000000000, -0.000000000000000000, -1.000000000000000000 ) ) ;
#2234 = DIRECTION ( 'NONE',  ( -1.000000000000000000, 1.323569764372220076E-16, -0.000000000000000000 ) ) ;
#2235 = PLANE ( 'NONE',  #5062 ) ;
#2236 = VERTEX_POINT ( 'NONE', #8706 ) ;
#2237 = DIRECTION ( 'NONE',  ( -0.000000000000000000, -0.000000000000000000, -1.000000000000000000 ) ) ;
#2238 = LINE ( 'NONE', #2340, #3383 ) ;
#2239 = CARTESIAN_POINT ( 'NONE',  ( 0.8295000000000000151, -0.1250000000000000000, -0.4349999999999999978 ) ) ;
#2240 = ADVANCED_BREP_SHAPE_REPRESENTATION ( '182-009-113', ( #3338, #1917 ), #6748 ) ;
#2241 = DIRECTION ( 'NONE',  ( 0.000000000000000000, -0.000000000000000000, -1.000000000000000000 ) ) ;
#2242 = CARTESIAN_POINT ( 'NONE',  ( 0.6729999999999999316, 0.2034999999999998199, 0.2304999999999999827 ) ) ;
#2243 = PLANE ( 'NONE',  #8654 ) ;
#2244 = ADVANCED_FACE ( 'NONE', ( #7928 ), #763, .T. ) ;
#2245 = ADVANCED_FACE ( 'NONE', ( #8855 ), #7088, .F. ) ;
#2246 = ORIENTED_EDGE ( 'NONE', *, *, #9309, .F. ) ;
#2247 = DIRECTION ( 'NONE',  ( 1.000000000000000000, 0.000000000000000000, 0.000000000000000000 ) ) ;
#2248 = ORIENTED_EDGE ( 'NONE', *, *, #7462, .F. ) ;
#2249 = ORIENTED_EDGE ( 'NONE', *, *, #6142, .T. ) ;
#2250 = ORIENTED_EDGE ( 'NONE', *, *, #1910, .T. ) ;
#2251 = CARTESIAN_POINT ( 'NONE',  ( 0.4396772562927800387, 0.1390027229478620618, 0.002000000000000000042 ) ) ;
#2252 = DIRECTION ( 'NONE',  ( -0.000000000000000000, 1.000000000000000000, -0.000000000000000000 ) ) ;
#2253 = FACE_OUTER_BOUND ( 'NONE', #3550, .T. ) ;
#2254 = CARTESIAN_POINT ( 'NONE',  ( 0.8228345453307983615, 0.3361391133616208893, 0.000000000000000000 ) ) ;
#2255 = CARTESIAN_POINT ( 'NONE',  ( 0.6414999999999998481, 0.4234999999999998765, 0.1079999999999999988 ) ) ;
#2256 = CARTESIAN_POINT ( 'NONE',  ( 0.5939999999999999725, 0.2904999999999998139, 0.2305000000000000104 ) ) ;
#2257 = DIRECTION ( 'NONE',  ( -1.000000000000000000, 0.000000000000000000, 0.000000000000000000 ) ) ;
#2258 = DIRECTION ( 'NONE',  ( -0.000000000000000000, 0.000000000000000000, 1.000000000000000000 ) ) ;
#2259 = VERTEX_POINT ( 'NONE', #3949 ) ;
#2260 = ORIENTED_EDGE ( 'NONE', *, *, #7697, .T. ) ;
#2261 = ORIENTED_EDGE ( 'NONE', *, *, #3200, .F. ) ;
#2262 = LINE ( 'NONE', #5458, #10214 ) ;
#2263 = CARTESIAN_POINT ( 'NONE',  ( 0.9514999999999997904, 0.03300000000000000155, -0.4899999999999999911 ) ) ;
#2264 = EDGE_CURVE ( 'NONE', #5159, #1324, #10122, .T. ) ;
#2265 = CARTESIAN_POINT ( 'NONE',  ( 0.6115000000000000435, 0.3154999999999998361, 0.2379999999999999893 ) ) ;
#2266 = ADVANCED_FACE ( 'NONE', ( #3109 ), #9488, .T. ) ;
#2267 = EDGE_CURVE ( 'NONE', #3030, #9084, #866, .T. ) ;
#2268 = ORIENTED_EDGE ( 'NONE', *, *, #9004, .F. ) ;
#2269 = EDGE_LOOP ( 'NONE', ( #4411, #9692, #10245, #7174 ) ) ;
#2270 = CARTESIAN_POINT ( 'NONE',  ( 0.7664794748375189926, 0.1564122542087102996, 0.002000000000000000042 ) ) ;
#2271 = ORIENTED_EDGE ( 'NONE', *, *, #4989, .F. ) ;
#2272 = CARTESIAN_POINT ( 'NONE',  ( 0.4849999999999999312, -0.1250000000000000000, -0.4250000000000000444 ) ) ;
#2273 = CARTESIAN_POINT ( 'NONE',  ( 0.8249393996844880395, 0.3427384989334236187, 0.002000000000000000042 ) ) ;
#2274 = LINE ( 'NONE', #3006, #1532 ) ;
#2275 = LINE ( 'NONE', #10220, #9734 ) ;
#2276 = CARTESIAN_POINT ( 'NONE',  ( 0.3224999999999998979, 0.3415000000000000258, -0.1649999999999999523 ) ) ;
#2277 = ORIENTED_EDGE ( 'NONE', *, *, #5697, .T. ) ;
#2278 = VECTOR ( 'NONE', #8087, 39.37007874015748143 ) ;
#2279 = LINE ( 'NONE', #8452, #7818 ) ;
#2280 = EDGE_CURVE ( 'NONE', #10005, #7576, #6301, .T. ) ;
#2281 = CARTESIAN_POINT ( 'NONE',  ( 0.4384669125965834358, 0.1439497628937798368, 0.000000000000000000 ) ) ;
#2282 = CARTESIAN_POINT ( 'NONE',  ( 0.7723052804872808652, 0.1670384106545644010, -0.000000000000000000 ) ) ;
#2283 = FACE_OUTER_BOUND ( 'NONE', #6338, .T. ) ;
#2284 = ORIENTED_EDGE ( 'NONE', *, *, #3712, .T. ) ;
#2285 = DIRECTION ( 'NONE',  ( 1.000000000000000000, 0.000000000000000000, 0.000000000000000000 ) ) ;
#2286 = CARTESIAN_POINT ( 'NONE',  ( 0.5649999999999999467, -0.1250000000000000000, -0.3305000000000000160 ) ) ;
#2287 = CARTESIAN_POINT ( 'NONE',  ( 0.6414999999999998481, 0.07050000000000002098, 0.2080000000000000182 ) ) ;
#2288 = DIRECTION ( 'NONE',  ( -1.000000000000000000, 0.000000000000000000, 4.878299988686190235E-16 ) ) ;
#2289 = CIRCLE ( 'NONE', #3628, 0.05999999999999994921 ) ;
#2290 = LINE ( 'NONE', #6164, #3062 ) ;
#2291 = CARTESIAN_POINT ( 'NONE',  ( 0.8348779158079349116, 0.3316949407708869590, 0.000000000000000000 ) ) ;
#2292 = VERTEX_POINT ( 'NONE', #4745 ) ;
#2293 = CARTESIAN_POINT ( 'NONE',  ( 1.150499999999999856, 0.4314999999999999392, -0.4899999999999999911 ) ) ;
#2294 = ORIENTED_EDGE ( 'NONE', *, *, #4179, .T. ) ;
#2295 = VECTOR ( 'NONE', #2233, 39.37007874015748143 ) ;
#2296 = VERTEX_POINT ( 'NONE', #8761 ) ;
#2297 = VERTEX_POINT ( 'NONE', #2331 ) ;
#2298 = CARTESIAN_POINT ( 'NONE',  ( 0.4374450708622879547, 0.1386632404208966440, 0.000000000000000000 ) ) ;
#2299 = FACE_OUTER_BOUND ( 'NONE', #2510, .T. ) ;
#2300 = CARTESIAN_POINT ( 'NONE',  ( 0.4351046837656313282, 0.1443276204397800910, 0.000000000000000000 ) ) ;
#2301 = FACE_OUTER_BOUND ( 'NONE', #9838, .T. ) ;
#2302 = APPROVAL ( #9792, 'UNSPECIFIED' ) ;
#2303 = CARTESIAN_POINT ( 'NONE',  ( 0.8209406694195610088, 0.3250306662892829546, 0.000000000000000000 ) ) ;
#2304 = AXIS2_PLACEMENT_3D ( 'NONE', #7041, #10229, #5479 ) ;
#2305 = PLANE ( 'NONE',  #8326 ) ;
#2306 = EDGE_CURVE ( 'NONE', #4850, #1841, #5525, .T. ) ;
#2307 = LINE ( 'NONE', #8631, #8135 ) ;
#2308 = VECTOR ( 'NONE', #6104, 39.37007874015748143 ) ;
#2309 = CARTESIAN_POINT ( 'NONE',  ( 0.8414999999999999147, 0.4234999999999998765, 0.1079999999999999710 ) ) ;
#2310 = ORIENTED_EDGE ( 'NONE', *, *, #4314, .T. ) ;
#2311 = ORIENTED_EDGE ( 'NONE', *, *, #9436, .F. ) ;
#2312 = VERTEX_POINT ( 'NONE', #10324 ) ;
#2313 = CARTESIAN_POINT ( 'NONE',  ( -1.117071446801986152E-16, 0.4039999999999999702, -0.09500000000000001499 ) ) ;
#2314 = CARTESIAN_POINT ( 'NONE',  ( 0.3835000000000000075, -0.1250000000000000000, -0.4349999999999999423 ) ) ;
#2315 = VECTOR ( 'NONE', #6116, 39.37007874015748143 ) ;
#2316 = EDGE_CURVE ( 'NONE', #3583, #2595, #3163, .T. ) ;
#2317 = CARTESIAN_POINT ( 'NONE',  ( 0.2580000000000000626, 0.1149999999999998385, -0.1659999999999999531 ) ) ;
#2318 = ORIENTED_EDGE ( 'NONE', *, *, #141, .T. ) ;
#2319 = EDGE_CURVE ( 'NONE', #7003, #1957, #2526, .T. ) ;
#2320 = ORIENTED_EDGE ( 'NONE', *, *, #8385, .T. ) ;
#2321 = VERTEX_POINT ( 'NONE', #9643 ) ;
#2322 = VECTOR ( 'NONE', #8935, 39.37007874015748143 ) ;
#2323 = CARTESIAN_POINT ( 'NONE',  ( 0.7637269666784923805, 0.1606820497713278284, 0.002000000000000000042 ) ) ;
#2324 = ORIENTED_EDGE ( 'NONE', *, *, #4648, .T. ) ;
#2325 = LINE ( 'NONE', #7242, #1531 ) ;
#2326 = CARTESIAN_POINT ( 'NONE',  ( 0.8331856457634186919, 0.3396896796879048663, 0.002000000000000000042 ) ) ;
#2327 = EDGE_CURVE ( 'NONE', #1042, #3956, #5474, .T. ) ;
#2328 = CARTESIAN_POINT ( 'NONE',  ( 0.9543164444799360213, 0.3394908818425781405, 0.2379999999999999893 ) ) ;
#2329 = DIRECTION ( 'NONE',  ( 1.000000000000000000, 0.000000000000000000, 0.000000000000000000 ) ) ;
#2330 = EDGE_CURVE ( 'NONE', #8937, #582, #1599, .T. ) ;
#2331 = CARTESIAN_POINT ( 'NONE',  ( 0.8452586961495975881, 0.08049999999999998823, 0.2379999999999999893 ) ) ;
#2332 = VERTEX_POINT ( 'NONE', #4101 ) ;
#2333 = CARTESIAN_POINT ( 'NONE',  ( 0.6729999999999999316, 0.2034999999999998199, 0.2379999999999999893 ) ) ;
#2334 = CARTESIAN_POINT ( 'NONE',  ( 0.4356554343837245047, 0.1513428427986651670, 0.000000000000000000 ) ) ;
#2335 = DIRECTION ( 'NONE',  ( 1.000000000000000000, 0.000000000000000000, -0.000000000000000000 ) ) ;
#2336 = DIRECTION ( 'NONE',  ( -1.000000000000000000, 0.000000000000000000, 2.439149994343095118E-16 ) ) ;
#2337 = VECTOR ( 'NONE', #377, 39.37007874015748143 ) ;
#2338 = ORIENTED_EDGE ( 'NONE', *, *, #1904, .T. ) ;
#2339 = LINE ( 'NONE', #671, #5368 ) ;
#2340 = CARTESIAN_POINT ( 'NONE',  ( 0.3844282135025317015, 0.3526769056879103248, 0.002000000000000000042 ) ) ;
#2341 = CARTESIAN_POINT ( 'NONE',  ( 0.4309999999999999387, -0.1250000000000000000, -0.3054999999999999938 ) ) ;
#2342 = CARTESIAN_POINT ( 'NONE',  ( 0.3714999999999998304, 0.4234999999999998765, 0.1080000000000000265 ) ) ;
#2343 = EDGE_CURVE ( 'NONE', #7881, #5617, #4790, .T. ) ;
#2344 = CARTESIAN_POINT ( 'NONE',  ( 0.7700089553022927413, 0.1597599427297942964, 0.000000000000000000 ) ) ;
#2345 = CARTESIAN_POINT ( 'NONE',  ( 0.5639999999999999458, 0.1859999999999998044, 0.2379999999999999893 ) ) ;
#2346 = EDGE_CURVE ( 'NONE', #4857, #1330, #4000, .T. ) ;
#2347 = VERTEX_POINT ( 'NONE', #7873 ) ;
#2348 = DIRECTION ( 'NONE',  ( -0.5773502691896248429, 0.5773502691896248429, -0.5773502691896275074 ) ) ;
#2349 = ORIENTED_EDGE ( 'NONE', *, *, #439, .F. ) ;
#2350 = EDGE_CURVE ( 'NONE', #9032, #4497, #7294, .T. ) ;
#2351 = EDGE_LOOP ( 'NONE', ( #8017, #4441, #5741, #9991 ) ) ;
#2352 = CARTESIAN_POINT ( 'NONE',  ( 0.7805664145437047896, 0.1619917182609540707, 0.002000000000000000042 ) ) ;
#2353 = ORIENTED_EDGE ( 'NONE', *, *, #3544, .F. ) ;
#2354 = CARTESIAN_POINT ( 'NONE',  ( 0.4374450708622879547, 0.1386632404208966440, 0.002000000000000000042 ) ) ;
#2355 = DIRECTION ( 'NONE',  ( -1.000000000000000000, 0.000000000000000000, 0.000000000000000000 ) ) ;
#2356 = CARTESIAN_POINT ( 'NONE',  ( 0.4405500186030285592, 0.1556581882911906300, 0.002000000000000000042 ) ) ;
#2357 = VECTOR ( 'NONE', #3186, 39.37007874015748143 ) ;
#2358 = CARTESIAN_POINT ( 'NONE',  ( 0.2580000000000000626, 0.1149999999999998385, -0.1659999999999999531 ) ) ;
#2359 = VECTOR ( 'NONE', #8834, 39.37007874015748143 ) ;
#2360 = LINE ( 'NONE', #62, #9658 ) ;
#2361 = VECTOR ( 'NONE', #564, 39.37007874015748143 ) ;
#2362 = DIRECTION ( 'NONE',  ( -0.7071067811865475727, 0.000000000000000000, 0.7071067811865475727 ) ) ;
#2363 = VECTOR ( 'NONE', #1647, 39.37007874015748143 ) ;
#2364 = PLANE ( 'NONE',  #4666 ) ;
#2365 = CARTESIAN_POINT ( 'NONE',  ( 0.1144999999999998935, 0.2469999999999997753, -0.09499999999999994560 ) ) ;
#2366 = ORIENTED_EDGE ( 'NONE', *, *, #4157, .T. ) ;
#2367 = VERTEX_POINT ( 'NONE', #971 ) ;
#2368 = ORIENTED_EDGE ( 'NONE', *, *, #6138, .F. ) ;
#2369 = LINE ( 'NONE', #6285, #5719 ) ;
#2370 = PLANE ( 'NONE',  #30 ) ;
#2371 = ADVANCED_FACE ( 'NONE', ( #127 ), #3317, .F. ) ;
#2372 = EDGE_CURVE ( 'NONE', #2694, #2259, #9744, .T. ) ;
#2373 = AXIS2_PLACEMENT_3D ( 'NONE', #1915, #1753, #8231 ) ;
#2374 = AXIS2_PLACEMENT_3D ( 'NONE', #1182, #5210, #7459 ) ;
#2375 = VECTOR ( 'NONE', #2870, 39.37007874015748854 ) ;
#2376 = DIRECTION ( 'NONE',  ( 0.000000000000000000, -1.000000000000000000, 0.000000000000000000 ) ) ;
#2377 = EDGE_CURVE ( 'NONE', #6500, #2000, #7643, .T. ) ;
#2378 = ADVANCED_FACE ( 'NONE', ( #4266 ), #5049, .T. ) ;
#2379 = ORIENTED_EDGE ( 'NONE', *, *, #3850, .T. ) ;
#2380 = ORIENTED_EDGE ( 'NONE', *, *, #2695, .T. ) ;
#2381 = VECTOR ( 'NONE', #8426, 39.37007874015748143 ) ;
#2382 = CARTESIAN_POINT ( 'NONE',  ( 0.5714999999999998970, 0.4234999999999998765, 0.1079999999999999988 ) ) ;
#2383 = VERTEX_POINT ( 'NONE', #9691 ) ;
#2384 = FACE_OUTER_BOUND ( 'NONE', #9587, .T. ) ;
#2385 = CARTESIAN_POINT ( 'NONE',  ( 0.8348779158079349116, 0.3316949407708869590, 0.000000000000000000 ) ) ;
#2386 = ADVANCED_FACE ( 'NONE', ( #4994 ), #6668, .F. ) ;
#2387 = LINE ( 'NONE', #2490, #5933 ) ;
#2388 = CARTESIAN_POINT ( 'NONE',  ( 0.04199999999999991934, 0.05400000000000002714, -0.01499999999999999944 ) ) ;
#2389 = CARTESIAN_POINT ( 'NONE',  ( 0.8220815503692886494, 0.3314581819964155796, 0.000000000000000000 ) ) ;
#2390 = AXIS2_PLACEMENT_3D ( 'NONE', #3796, #3943, #2222 ) ;
#2391 = VECTOR ( 'NONE', #8780, 39.37007874015748143 ) ;
#2392 = EDGE_LOOP ( 'NONE', ( #6608 ) ) ;
#2393 = DIRECTION ( 'NONE',  ( -1.000000000000000000, 0.000000000000000000, -0.000000000000000000 ) ) ;
#2394 = CARTESIAN_POINT ( 'NONE',  ( 0.5939999999999999725, 0.3079999999999998295, 0.2379999999999999893 ) ) ;
#2395 = CARTESIAN_POINT ( 'NONE',  ( 0.5100000000000000089, 0.03300000000000000155, -0.4174999999999999822 ) ) ;
#2396 = DIRECTION ( 'NONE',  ( -0.5773502691896270633, -0.5773502691896230665, -0.5773502691896270633 ) ) ;
#2397 = EDGE_LOOP ( 'NONE', ( #5857, #9815, #9003, #2061, #10156, #3970, #5952 ) ) ;
#2398 = DIRECTION ( 'NONE',  ( 0.000000000000000000, -1.000000000000000000, 0.000000000000000000 ) ) ;
#2399 = CARTESIAN_POINT ( 'NONE',  ( 0.7718393941060530672, 0.1591543286195481466, 0.002000000000000000042 ) ) ;
#2400 = VECTOR ( 'NONE', #9216, 39.37007874015748143 ) ;
#2401 = VECTOR ( 'NONE', #6387, 39.37007874015748143 ) ;
#2402 = DIRECTION ( 'NONE',  ( -0.000000000000000000, -0.000000000000000000, -1.000000000000000000 ) ) ;
#2403 = CARTESIAN_POINT ( 'NONE',  ( 0.8202631052967811476, 0.3254441326448611616, 0.000000000000000000 ) ) ;
#2404 = PLANE ( 'NONE',  #2205 ) ;
#2405 = VECTOR ( 'NONE', #574, 39.37007874015748143 ) ;
#2406 = LINE ( 'NONE', #4956, #3816 ) ;
#2407 = VECTOR ( 'NONE', #6335, 39.37007874015748143 ) ;
#2408 = ORIENTED_EDGE ( 'NONE', *, *, #5, .F. ) ;
#2409 = DIRECTION ( 'NONE',  ( 0.000000000000000000, 0.000000000000000000, -1.000000000000000000 ) ) ;
#2410 = ORIENTED_EDGE ( 'NONE', *, *, #6138, .T. ) ;
#2411 = EDGE_CURVE ( 'NONE', #1282, #1935, #5244, .T. ) ;
#2412 = ORIENTED_EDGE ( 'NONE', *, *, #8759, .F. ) ;
#2413 = CARTESIAN_POINT ( 'NONE',  ( 0.5389999999999999236, 0.1784999999999998255, 0.2304999999999999827 ) ) ;
#2414 = ORIENTED_EDGE ( 'NONE', *, *, #8909, .T. ) ;
#2415 = PLANE ( 'NONE',  #5884 ) ;
#2416 = EDGE_CURVE ( 'NONE', #10102, #6449, #9793, .T. ) ;
#2417 = CARTESIAN_POINT ( 'NONE',  ( 1.212999999999999856, 0.4939999999999999947, -0.4899999999999999911 ) ) ;
#2418 = DIRECTION ( 'NONE',  ( -0.000000000000000000, -0.000000000000000000, -1.000000000000000000 ) ) ;
#2419 = CARTESIAN_POINT ( 'NONE',  ( 0.4284819353441371992, 0.1476468823225153548, -0.000000000000000000 ) ) ;
#2420 = CARTESIAN_POINT ( 'NONE',  ( 1.212999999999999856, 0.1299999999999998657, -0.1659999999999999531 ) ) ;
#2421 = DIRECTION ( 'NONE',  ( 0.000000000000000000, -1.000000000000000000, 0.000000000000000000 ) ) ;
#2422 = DIRECTION ( 'NONE',  ( -0.000000000000000000, 1.000000000000000000, -0.000000000000000000 ) ) ;
#2423 = EDGE_LOOP ( 'NONE', ( #4876, #4670, #9442, #605 ) ) ;
#2424 = ORIENTED_EDGE ( 'NONE', *, *, #2691, .T. ) ;
#2425 = ORIENTED_EDGE ( 'NONE', *, *, #5842, .F. ) ;
#2426 = DIRECTION ( 'NONE',  ( 1.000000000000000000, 0.000000000000000000, 1.237249997130554240E-16 ) ) ;
#2427 = CARTESIAN_POINT ( 'NONE',  ( 0.1139999999999998792, 0.5082634147716499351, -0.4455000000000000071 ) ) ;
#2428 = AXIS2_PLACEMENT_3D ( 'NONE', #3297, #6, #5560 ) ;
#2429 = CARTESIAN_POINT ( 'NONE',  ( 0.4368285934183138708, 0.1437046010428923437, 0.002000000000000000042 ) ) ;
#2430 = VERTEX_POINT ( 'NONE', #9013 ) ;
#2431 = ORIENTED_EDGE ( 'NONE', *, *, #8252, .F. ) ;
#2432 = ORIENTED_EDGE ( 'NONE', *, *, #360, .F. ) ;
#2433 = CARTESIAN_POINT ( 'NONE',  ( 0.7634010259078647387, 0.1630342086027125048, -5.335640612625514099E-19 ) ) ;
#2434 = PLANE ( 'NONE',  #9042 ) ;
#2435 = CARTESIAN_POINT ( 'NONE',  ( 0.8348779158079349116, 0.3316949407708869590, 0.002000000000000000042 ) ) ;
#2436 = LINE ( 'NONE', #2328, #10076 ) ;
#2437 = VERTEX_POINT ( 'NONE', #3370 ) ;
#2438 = EDGE_CURVE ( 'NONE', #4762, #3682, #3645, .T. ) ;
#2439 = EDGE_CURVE ( 'NONE', #3030, #3442, #1756, .T. ) ;
#2440 = EDGE_CURVE ( 'NONE', #1108, #2296, #2102, .T. ) ;
#2441 = DIRECTION ( 'NONE',  ( -0.000000000000000000, 0.000000000000000000, -1.000000000000000000 ) ) ;
#2442 = VERTEX_POINT ( 'NONE', #6023 ) ;
#2443 = FACE_OUTER_BOUND ( 'NONE', #2624, .T. ) ;
#2444 = CARTESIAN_POINT ( 'NONE',  ( 0.7714999999999999636, 0.06550000000000003042, 0.1079999999999999849 ) ) ;
#2445 = PLANE ( 'NONE',  #9476 ) ;
#2446 = CARTESIAN_POINT ( 'NONE',  ( 0.6414999999999998481, 0.4284999999999998810, 0.2080000000000000182 ) ) ;
#2447 = ORIENTED_EDGE ( 'NONE', *, *, #1135, .T. ) ;
#2448 = CARTESIAN_POINT ( 'NONE',  ( 0.8281915110768711674, 0.3296580873365029807, 0.002000000000000000042 ) ) ;
#2449 = CARTESIAN_POINT ( 'NONE',  ( 1.150499999999999856, 0.4314999999999999392, -0.09500000000000001499 ) ) ;
#2450 = DIRECTION ( 'NONE',  ( 1.000000000000000000, 0.000000000000000000, 0.000000000000000000 ) ) ;
#2451 = FACE_OUTER_BOUND ( 'NONE', #7622, .T. ) ;
#2452 = EDGE_CURVE ( 'NONE', #8642, #2197, #8957, .T. ) ;
#2453 = EDGE_CURVE ( 'NONE', #7029, #2880, #5394, .T. ) ;
#2454 = LINE ( 'NONE', #3177, #8050 ) ;
#2455 = CARTESIAN_POINT ( 'NONE',  ( 0.8267504197033648250, 0.3290105380740397933, 0.000000000000000000 ) ) ;
#2456 = B_SPLINE_CURVE_WITH_KNOTS ( 'NONE', 3,
 ( #912, #4730, #3261, #804, #5463, #9634, #8692, #9475, #8750, #2429, #7918 ),
 .UNSPECIFIED., .F., .F.,
 ( 4, 1, 1, 1, 1, 1, 1, 1, 4 ),
 ( 0.000000000000000000, 0.1372849921823507402, 0.2670284865720569112, 0.3949256401701815578, 0.5243347615083449043, 0.6508125264301011237, 0.7692674670455056374, 0.8834346835668812625, 1.000000000000000000 ),
 .UNSPECIFIED. ) ;
#2457 = ORIENTED_EDGE ( 'NONE', *, *, #6808, .T. ) ;
#2458 = CARTESIAN_POINT ( 'NONE',  ( 0.4377789369910308204, 0.1437327271573288490, 0.000000000000000000 ) ) ;
#2459 = ORIENTED_EDGE ( 'NONE', *, *, #1566, .F. ) ;
#2460 = ORIENTED_EDGE ( 'NONE', *, *, #2626, .T. ) ;
#2461 = CARTESIAN_POINT ( 'NONE',  ( 0.7791524821841177006, 0.1578867947308830455, 0.000000000000000000 ) ) ;
#2462 = EDGE_LOOP ( 'NONE', ( #4189, #6866, #4552, #3611 ) ) ;
#2463 = DIRECTION ( 'NONE',  ( -0.000000000000000000, 0.000000000000000000, 1.000000000000000000 ) ) ;
#2464 = AXIS2_PLACEMENT_3D ( 'NONE', #3784, #8585, #645 ) ;
#2465 = FACE_OUTER_BOUND ( 'NONE', #8118, .T. ) ;
#2466 = LINE ( 'NONE', #7426, #8402 ) ;
#2467 = ADVANCED_FACE ( 'NONE', ( #535 ), #8739, .T. ) ;
#2468 = LINE ( 'NONE', #6546, #2190 ) ;
#2469 = ADVANCED_FACE ( 'NONE', ( #4665 ), #7752, .F. ) ;
#2470 = PLANE ( 'NONE',  #1645 ) ;
#2471 = AXIS2_PLACEMENT_3D ( 'NONE', #6220, #9196, #5388 ) ;
#2472 = DIRECTION ( 'NONE',  ( 1.000000000000000000, 2.765028333668283566E-16, 0.000000000000000000 ) ) ;
#2473 = CARTESIAN_POINT ( 'NONE',  ( 0.9394999999999998908, 0.3418303204446733190, 0.2379999999999999893 ) ) ;
#2474 = ORIENTED_EDGE ( 'NONE', *, *, #4805, .T. ) ;
#2475 = ORIENTED_EDGE ( 'NONE', *, *, #2663, .F. ) ;
#2476 = ORIENTED_EDGE ( 'NONE', *, *, #927, .T. ) ;
#2477 = DIRECTION ( 'NONE',  ( 1.000000000000000000, 0.000000000000000000, 0.000000000000000000 ) ) ;
#2478 = CARTESIAN_POINT ( 'NONE',  ( 0.4303745349295475808, 0.1419853666020280125, 0.000000000000000000 ) ) ;
#2479 = VECTOR ( 'NONE', #1759, 39.37007874015748143 ) ;
#2480 = EDGE_CURVE ( 'NONE', #1026, #3682, #4563, .T. ) ;
#2481 = EDGE_CURVE ( 'NONE', #9427, #7071, #3729, .T. ) ;
#2482 = DIRECTION ( 'NONE',  ( -0.000000000000000000, 0.000000000000000000, -1.000000000000000000 ) ) ;
#2483 = ORIENTED_EDGE ( 'NONE', *, *, #7906, .T. ) ;
#2484 = ORIENTED_EDGE ( 'NONE', *, *, #8564, .T. ) ;
#2485 = ORIENTED_EDGE ( 'NONE', *, *, #9881, .F. ) ;
#2486 = VECTOR ( 'NONE', #9312, 39.37007874015748854 ) ;
#2487 = DIRECTION ( 'NONE',  ( -0.000000000000000000, 1.000000000000000000, -0.000000000000000000 ) ) ;
#2488 = EDGE_CURVE ( 'NONE', #8130, #963, #5557, .T. ) ;
#2489 = CARTESIAN_POINT ( 'NONE',  ( 0.7718393941060530672, 0.1591543286195481466, 0.002000000000000000042 ) ) ;
#2490 = CARTESIAN_POINT ( 'NONE',  ( 0.9213164444799359920, 0.1304908818425781492, 0.2379999999999999893 ) ) ;
#2491 = CARTESIAN_POINT ( 'NONE',  ( 0.7669557658401551237, 0.1448446243119967669, 0.000000000000000000 ) ) ;
#2492 = DIRECTION ( 'NONE',  ( -0.5773502691896248429, 0.5773502691896248429, 0.5773502691896275074 ) ) ;
#2493 = ORIENTED_EDGE ( 'NONE', *, *, #10109, .T. ) ;
#2494 = DIRECTION ( 'NONE',  ( 1.000000000000000000, 0.000000000000000000, 0.000000000000000000 ) ) ;
#2495 = CARTESIAN_POINT ( 'NONE',  ( 0.7279999999999999805, -0.1174999999999999933, -0.4174999999999999822 ) ) ;
#2496 = CARTESIAN_POINT ( 'NONE',  ( 0.4414999999999997815, 0.06550000000000003042, 0.1079999999999999988 ) ) ;
#2497 = CARTESIAN_POINT ( 'NONE',  ( 0.4389783616315570125, 0.1561367646039695245, 0.000000000000000000 ) ) ;
#2498 = ORIENTED_EDGE ( 'NONE', *, *, #8824, .F. ) ;
#2499 = CARTESIAN_POINT ( 'NONE',  ( 0.06249999999999988204, 0.4314999999999999392, -0.09500000000000001499 ) ) ;
#2500 = DIRECTION ( 'NONE',  ( 0.5773502691896270633, 0.5773502691896230665, -0.5773502691896270633 ) ) ;
#2501 = CARTESIAN_POINT ( 'NONE',  ( 1.212999999999999856, 0.4040000000000003033, -0.09500000000000001499 ) ) ;
#2502 = DIRECTION ( 'NONE',  ( -1.000000000000000000, -0.000000000000000000, -0.000000000000000000 ) ) ;
#2503 = EDGE_CURVE ( 'NONE', #6482, #5275, #10150, .T. ) ;
#2504 = CARTESIAN_POINT ( 'NONE',  ( 0.2580000000000000626, 0.1299999999999998379, -0.1649999999999999523 ) ) ;
#2505 = DIRECTION ( 'NONE',  ( -0.000000000000000000, 0.000000000000000000, 1.000000000000000000 ) ) ;
#2506 = ADVANCED_FACE ( 'NONE', ( #2990 ), #2305, .F. ) ;
#2507 = ORIENTED_EDGE ( 'NONE', *, *, #2110, .F. ) ;
#2508 = CARTESIAN_POINT ( 'NONE',  ( 0.4285674040165208809, 0.1487456572313045899, 0.002000000000000000042 ) ) ;
#2509 = ORIENTED_EDGE ( 'NONE', *, *, #4598, .T. ) ;
#2510 = EDGE_LOOP ( 'NONE', ( #1825, #3467, #3824, #7496 ) ) ;
#2511 = DIRECTION ( 'NONE',  ( -0.000000000000000000, -1.000000000000000000, -0.000000000000000000 ) ) ;
#2512 = ORIENTED_EDGE ( 'NONE', *, *, #8983, .F. ) ;
#2513 = CARTESIAN_POINT ( 'NONE',  ( 0.5516666666666665275, -0.1308333333333333015, -0.3188333333333333575 ) ) ;
#2514 = LINE ( 'NONE', #9766, #1037 ) ;
#2515 = CARTESIAN_POINT ( 'NONE',  ( 0.8279640219462356399, 0.3374453148148117698, 0.000000000000000000 ) ) ;
#2516 = DIRECTION ( 'NONE',  ( 0.000000000000000000, -0.7071067811865500152, 0.7071067811865451302 ) ) ;
#2517 = EDGE_CURVE ( 'NONE', #670, #8827, #4889, .T. ) ;
#2518 = CARTESIAN_POINT ( 'NONE',  ( 0.4299999999999999378, 0.1784999999999998255, 0.2379999999999999893 ) ) ;
#2519 = CARTESIAN_POINT ( 'NONE',  ( 1.212999999999999856, 0.4040000000000003033, -0.4899999999999999911 ) ) ;
#2520 = DIRECTION ( 'NONE',  ( -1.000000000000000000, 0.000000000000000000, 0.000000000000000000 ) ) ;
#2521 = EDGE_LOOP ( 'NONE', ( #1725, #5154, #8470, #8777 ) ) ;
#2522 = EDGE_LOOP ( 'NONE', ( #9253, #7019, #889, #6096 ) ) ;
#2523 = ORIENTED_EDGE ( 'NONE', *, *, #1854, .F. ) ;
#2524 = DIRECTION ( 'NONE',  ( -0.000000000000000000, -0.000000000000000000, -1.000000000000000000 ) ) ;
#2525 = CARTESIAN_POINT ( 'NONE',  ( 0.8782586961495976174, 0.3514999999999999791, 0.2379999999999999893 ) ) ;
#2526 = CIRCLE ( 'NONE', #5198, 0.06199999999999997874 ) ;
#2527 = VECTOR ( 'NONE', #2237, 39.37007874015748143 ) ;
#2528 = CARTESIAN_POINT ( 'NONE',  ( 0.4559999999999999054, -0.1250000000000000000, -0.3054999999999999938 ) ) ;
#2529 = ORIENTED_EDGE ( 'NONE', *, *, #7305, .F. ) ;
#2530 = EDGE_LOOP ( 'NONE', ( #4316, #1796, #2249, #217 ) ) ;
#2531 = ORIENTED_EDGE ( 'NONE', *, *, #6190, .F. ) ;
#2532 = FACE_BOUND ( 'NONE', #6254, .T. ) ;
#2533 = VECTOR ( 'NONE', #6148, 39.37007874015748143 ) ;
#2534 = CARTESIAN_POINT ( 'NONE',  ( 0.3347413038504020721, 0.4284999999999999365, 0.2379999999999999893 ) ) ;
#2535 = FACE_BOUND ( 'NONE', #7548, .T. ) ;
#2536 = LINE ( 'NONE', #7292, #5245 ) ;
#2537 = EDGE_CURVE ( 'NONE', #1206, #3749, #1419, .T. ) ;
#2538 = CARTESIAN_POINT ( 'NONE',  ( 0.7029999999999999583, -0.1250000000000000000, -0.4249999999999999889 ) ) ;
#2539 = VERTEX_POINT ( 'NONE', #7851 ) ;
#2540 = CARTESIAN_POINT ( 'NONE',  ( 0.5714999999999998970, 0.07050000000000002098, 0.1079999999999999988 ) ) ;
#2541 = AXIS2_PLACEMENT_3D ( 'NONE', #1426, #7805, #8688 ) ;
#2542 = EDGE_CURVE ( 'NONE', #5457, #1859, #9465, .T. ) ;
#2543 = CARTESIAN_POINT ( 'NONE',  ( 0.4335130298929487092, 0.1476747652060336757, 0.002000000000000000042 ) ) ;
#2544 = CARTESIAN_POINT ( 'NONE',  ( 0.4412832998108461302, 0.1552918406235914983, 0.002000000000000000042 ) ) ;
#2545 = ORIENTED_EDGE ( 'NONE', *, *, #6477, .F. ) ;
#2546 = FACE_OUTER_BOUND ( 'NONE', #5070, .T. ) ;
#2547 = CARTESIAN_POINT ( 'NONE',  ( 0.3714999999999998304, 0.4234999999999998765, 0.2080000000000000460 ) ) ;
#2548 = FACE_OUTER_BOUND ( 'NONE', #8534, .T. ) ;
#2549 = LINE ( 'NONE', #6625, #5078 ) ;
#2550 = VECTOR ( 'NONE', #3103, 39.37007874015748143 ) ;
#2551 = VECTOR ( 'NONE', #3603, 39.37007874015748143 ) ;
#2552 = LINE ( 'NONE', #5747, #3542 ) ;
#2553 = CARTESIAN_POINT ( 'NONE',  ( 0.8298324058205677201, 0.3320957686522920671, 0.000000000000000000 ) ) ;
#2554 = DIRECTION ( 'NONE',  ( -0.000000000000000000, 1.000000000000000000, -0.000000000000000000 ) ) ;
#2555 = VERTEX_POINT ( 'NONE', #3830 ) ;
#2556 = VECTOR ( 'NONE', #8229, 39.37007874015748143 ) ;
#2557 = CARTESIAN_POINT ( 'NONE',  ( 0.4294826874710956921, 0.1517640406137398812, 0.000000000000000000 ) ) ;
#2558 = ORIENTED_EDGE ( 'NONE', *, *, #283, .T. ) ;
#2559 = AXIS2_PLACEMENT_3D ( 'NONE', #6326, #4818, #3928 ) ;
#2560 = ORIENTED_EDGE ( 'NONE', *, *, #3718, .T. ) ;
#2561 = CARTESIAN_POINT ( 'NONE',  ( 0.7745000000000000773, 0.1784999999999998255, 0.2379999999999999893 ) ) ;
#2562 = VERTEX_POINT ( 'NONE', #4717 ) ;
#2563 = DIRECTION ( 'NONE',  ( -0.000000000000000000, -0.000000000000000000, 1.000000000000000000 ) ) ;
#2564 = LINE ( 'NONE', #4079, #8693 ) ;
#2565 = CARTESIAN_POINT ( 'NONE',  ( 0.4404598920264327089, 0.1392753629466139953, 0.000000000000000000 ) ) ;
#2566 = VECTOR ( 'NONE', #5909, 39.37007874015748143 ) ;
#2567 = ADVANCED_FACE ( 'NONE', ( #3931 ), #7116, .F. ) ;
#2568 = FACE_OUTER_BOUND ( 'NONE', #716, .T. ) ;
#2569 = VECTOR ( 'NONE', #7049, 39.37007874015748854 ) ;
#2570 = EDGE_CURVE ( 'NONE', #5655, #2297, #2360, .T. ) ;
#2571 = CARTESIAN_POINT ( 'NONE',  ( 0.2586835555200637238, 0.3394908818425781405, 0.2379999999999999893 ) ) ;
#2572 = DIRECTION ( 'NONE',  ( 2.765028333668283073E-16, 1.000000000000000000, -0.000000000000000000 ) ) ;
#2573 = DIRECTION ( 'NONE',  ( -0.000000000000000000, -0.000000000000000000, -1.000000000000000000 ) ) ;
#2574 = ORIENTED_EDGE ( 'NONE', *, *, #7574, .T. ) ;
#2575 = ORIENTED_EDGE ( 'NONE', *, *, #1890, .T. ) ;
#2576 = ORIENTED_EDGE ( 'NONE', *, *, #7697, .F. ) ;
#2577 = CARTESIAN_POINT ( 'NONE',  ( 0.4432327875372569781, 0.1411863130031573155, 0.002000000000000000042 ) ) ;
#2578 = VERTEX_POINT ( 'NONE', #9671 ) ;
#2579 = FACE_OUTER_BOUND ( 'NONE', #1964, .T. ) ;
#2580 = DIRECTION ( 'NONE',  ( 0.5773502691896248429, 0.5773502691896248429, -0.5773502691896275074 ) ) ;
#2581 = ORIENTED_EDGE ( 'NONE', *, *, #916, .F. ) ;
#2582 = ORIENTED_EDGE ( 'NONE', *, *, #387, .F. ) ;
#2583 = ORIENTED_EDGE ( 'NONE', *, *, #3251, .F. ) ;
#2584 = DIRECTION ( 'NONE',  ( 0.000000000000000000, -1.000000000000000000, 0.000000000000000000 ) ) ;
#2585 = CARTESIAN_POINT ( 'NONE',  ( 0.7713478439468335335, 0.1591816614238785454, 0.000000000000000000 ) ) ;
#2586 = DIRECTION ( 'NONE',  ( -0.9746736483397857587, 0.2236320174572765385, 0.000000000000000000 ) ) ;
#2587 = CARTESIAN_POINT ( 'NONE',  ( 0.05449999999999995126, 0.2469999999999997753, -0.09499999999999994560 ) ) ;
#2588 = ADVANCED_FACE ( 'NONE', ( #949 ), #4, .F. ) ;
#2589 = CARTESIAN_POINT ( 'NONE',  ( 0.4406926458894447340, 0.1479455488386481610, -0.000000000000000000 ) ) ;
#2590 = ADVANCED_FACE ( 'NONE', ( #1628 ), #1783, .F. ) ;
#2591 = ORIENTED_EDGE ( 'NONE', *, *, #3938, .T. ) ;
#2592 = CARTESIAN_POINT ( 'NONE',  ( 0.7637337448298890941, 0.1659360676826054093, 0.002000000000000000042 ) ) ;
#2593 = CARTESIAN_POINT ( 'NONE',  ( 0.4009999999999999676, 0.2904999999999998139, 0.2379999999999999893 ) ) ;
#2594 = FACE_OUTER_BOUND ( 'NONE', #677, .T. ) ;
#2595 = VERTEX_POINT ( 'NONE', #5807 ) ;
#2596 = CARTESIAN_POINT ( 'NONE',  ( 0.7029999999999999583, 0.2904999999999998139, 0.2305000000000000104 ) ) ;
#2597 = CARTESIAN_POINT ( 'NONE',  ( 0.7686679759920205246, 0.1615311197412958588, 0.002000000000000000042 ) ) ;
#2598 = FACE_OUTER_BOUND ( 'NONE', #4783, .T. ) ;
#2599 = FACE_BOUND ( 'NONE', #414, .T. ) ;
#2600 = EDGE_CURVE ( 'NONE', #9406, #2932, #6128, .T. ) ;
#2601 = DIRECTION ( 'NONE',  ( 1.000000000000000000, 0.000000000000000000, 0.000000000000000000 ) ) ;
#2602 = FACE_OUTER_BOUND ( 'NONE', #7422, .T. ) ;
#2603 = LINE ( 'NONE', #937, #3305 ) ;
#2604 = ORIENTED_EDGE ( 'NONE', *, *, #8907, .F. ) ;
#2605 = CARTESIAN_POINT ( 'NONE',  ( 0.8247900844845695856, 0.3426969127652157443, 0.002000000000000000042 ) ) ;
#2606 = ORIENTED_EDGE ( 'NONE', *, *, #553, .T. ) ;
#2607 = ORIENTED_EDGE ( 'NONE', *, *, #6167, .F. ) ;
#2608 = DIRECTION ( 'NONE',  ( -1.000000000000000000, 2.626776916984868821E-16, 0.000000000000000000 ) ) ;
#2609 = ORIENTED_EDGE ( 'NONE', *, *, #5386, .F. ) ;
#2610 = DIRECTION ( 'NONE',  ( 0.000000000000000000, -0.000000000000000000, -1.000000000000000000 ) ) ;
#2611 = FACE_OUTER_BOUND ( 'NONE', #4095, .T. ) ;
#2612 = CARTESIAN_POINT ( 'NONE',  ( 0.4457407689694032893, 0.1473881775714292741, 2.667820306312757049E-19 ) ) ;
#2613 = FACE_OUTER_BOUND ( 'NONE', #8321, .T. ) ;
#2614 = DIRECTION ( 'NONE',  ( -0.000000000000000000, -0.000000000000000000, 1.000000000000000000 ) ) ;
#2615 = CIRCLE ( 'NONE', #7289, 0.05999999999999994227 ) ;
#2616 = EDGE_LOOP ( 'NONE', ( #5520, #2576, #8486, #1711 ) ) ;
#2617 = AXIS2_PLACEMENT_3D ( 'NONE', #4826, #901, #8007 ) ;
#2618 = DIRECTION ( 'NONE',  ( 0.000000000000000000, 0.000000000000000000, -1.000000000000000000 ) ) ;
#2619 = ORIENTED_EDGE ( 'NONE', *, *, #3627, .F. ) ;
#2620 = ORIENTED_EDGE ( 'NONE', *, *, #4093, .T. ) ;
#2621 = ADVANCED_FACE ( 'NONE', ( #7274 ), #7170, .F. ) ;
#2622 = ORIENTED_EDGE ( 'NONE', *, *, #5403, .T. ) ;
#2623 = CARTESIAN_POINT ( 'NONE',  ( 0.5399999999999999245, -0.1174999999999999933, -0.3305000000000000160 ) ) ;
#2624 = EDGE_LOOP ( 'NONE', ( #9847, #3148, #3823, #8959 ) ) ;
#2625 = CARTESIAN_POINT ( 'NONE',  ( 0.3347413038504020721, 0.4134999999999999232, 0.000000000000000000 ) ) ;
#2626 = EDGE_CURVE ( 'NONE', #602, #2880, #7324, .T. ) ;
#2627 = FACE_OUTER_BOUND ( 'NONE', #2877, .T. ) ;
#2628 = VECTOR ( 'NONE', #886, 39.37007874015748143 ) ;
#2629 = ADVANCED_FACE ( 'NONE', ( #158 ), #8004, .T. ) ;
#2630 = FACE_OUTER_BOUND ( 'NONE', #7519, .T. ) ;
#2631 = VERTEX_POINT ( 'NONE', #2571 ) ;
#2632 = ORIENTED_EDGE ( 'NONE', *, *, #624, .T. ) ;
#2633 = ORIENTED_EDGE ( 'NONE', *, *, #2330, .T. ) ;
#2634 = ADVANCED_FACE ( 'NONE', ( #5761 ), #8934, .T. ) ;
#2635 = LINE ( 'NONE', #4260, #724 ) ;
#2636 = VECTOR ( 'NONE', #1091, 39.37007874015748143 ) ;
#2637 = CARTESIAN_POINT ( 'NONE',  ( 0.4337403957416710587, 0.1492212194414283266, 0.002000000000000000042 ) ) ;
#2638 = DIRECTION ( 'NONE',  ( 0.000000000000000000, -1.000000000000000000, 0.000000000000000000 ) ) ;
#2639 = DATE_AND_TIME ( #2798, #8076 ) ;
#2640 = CARTESIAN_POINT ( 'NONE',  ( 0.4299999999999999378, 0.1859999999999998044, 0.2379999999999999893 ) ) ;
#2641 = VECTOR ( 'NONE', #6053, 39.37007874015748143 ) ;
#2642 = EDGE_CURVE ( 'NONE', #3566, #5040, #5492, .T. ) ;
#2643 = ORIENTED_EDGE ( 'NONE', *, *, #9262, .F. ) ;
#2644 = CARTESIAN_POINT ( 'NONE',  ( 0.7694565865355172951, 0.1717402874638890853, 0.000000000000000000 ) ) ;
#2645 = DIRECTION ( 'NONE',  ( 0.7071067811865466846, 0.7071067811865483499, 0.000000000000000000 ) ) ;
#2646 = CIRCLE ( 'NONE', #3144, 0.06000000000000004635 ) ;
#2647 = CARTESIAN_POINT ( 'NONE',  ( 0.4372836240658811713, 0.1562780136095502093, 0.002000000000000000042 ) ) ;
#2648 = EDGE_LOOP ( 'NONE', ( #1084, #6854, #5194, #9162 ) ) ;
#2649 = FACE_OUTER_BOUND ( 'NONE', #5927, .T. ) ;
#2650 = CARTESIAN_POINT ( 'NONE',  ( 0.4370419913543520107, 0.1516027016097293567, 0.000000000000000000 ) ) ;
#2651 = EDGE_CURVE ( 'NONE', #3665, #938, #9770, .T. ) ;
#2652 = CARTESIAN_POINT ( 'NONE',  ( 0.7723052804872808652, 0.1670384106545644010, 0.002000000000000000042 ) ) ;
#2653 = LINE ( 'NONE', #1870, #3060 ) ;
#2654 = LINE ( 'NONE', #5840, #7368 ) ;
#2655 = DIRECTION ( 'NONE',  ( 0.000000000000000000, -0.000000000000000000, 1.000000000000000000 ) ) ;
#2656 = CARTESIAN_POINT ( 'NONE',  ( 1.026000000000000023, 0.1139999999999998653, -0.4899999999999999911 ) ) ;
#2657 = ORIENTED_EDGE ( 'NONE', *, *, #463, .F. ) ;
#2658 = CARTESIAN_POINT ( 'NONE',  ( 0.8414999999999999147, 0.07050000000000002098, 0.2079999999999999627 ) ) ;
#2659 = ORIENTED_EDGE ( 'NONE', *, *, #7194, .F. ) ;
#2660 = VERTEX_POINT ( 'NONE', #9573 ) ;
#2661 = CARTESIAN_POINT ( 'NONE',  ( 0.8782586961495976174, 0.4134999999999999232, 0.2379999999999999893 ) ) ;
#2662 = LINE ( 'NONE', #8831, #2890 ) ;
#2663 = EDGE_CURVE ( 'NONE', #8776, #6482, #999, .T. ) ;
#2664 = DIRECTION ( 'NONE',  ( -1.000000000000000000, 0.000000000000000000, -0.000000000000000000 ) ) ;
#2665 = CARTESIAN_POINT ( 'NONE',  ( 0.4374450708622879547, 0.1386632404208966440, -0.000000000000000000 ) ) ;
#2666 = CARTESIAN_POINT ( 'NONE',  ( 0.7665362151033857652, 0.1701478866888085917, 0.002000000000000000042 ) ) ;
#2667 = ADVANCED_FACE ( 'NONE', ( #7373 ), #2470, .T. ) ;
#2668 = DIRECTION ( 'NONE',  ( -1.000000000000000000, -0.000000000000000000, 4.878299988686189249E-16 ) ) ;
#2669 = EDGE_CURVE ( 'NONE', #10213, #4592, #5855, .T. ) ;
#2670 = ORIENTED_EDGE ( 'NONE', *, *, #5569, .T. ) ;
#2671 = PLANE ( 'NONE',  #115 ) ;
#2672 = ORIENTED_EDGE ( 'NONE', *, *, #3792, .T. ) ;
#2673 = ORIENTED_EDGE ( 'NONE', *, *, #2911, .F. ) ;
#2674 = ORIENTED_EDGE ( 'NONE', *, *, #3465, .T. ) ;
#2675 = CARTESIAN_POINT ( 'NONE',  ( 0.3224999999999998979, 0.4040000000000000258, -0.4899999999999999911 ) ) ;
#2676 = CARTESIAN_POINT ( 'NONE',  ( 0.7787609229447248760, 0.1687628001113986309, 0.000000000000000000 ) ) ;
#2677 = VECTOR ( 'NONE', #4625, 39.37007874015748854 ) ;
#2678 = CARTESIAN_POINT ( 'NONE',  ( 0.8292749693297623015, 0.3246003312804244811, 0.000000000000000000 ) ) ;
#2679 = CARTESIAN_POINT ( 'NONE',  ( 0.4345392115312997627, 0.1390161659127961691, 0.000000000000000000 ) ) ;
#2680 = CARTESIAN_POINT ( 'NONE',  ( 0.4372836240658811713, 0.1562780136095502093, 0.002000000000000000042 ) ) ;
#2681 = CARTESIAN_POINT ( 'NONE',  ( 0.8227800093937602810, 0.3303641615998301750, 0.002000000000000000042 ) ) ;
#2682 = DIRECTION ( 'NONE',  ( -0.000000000000000000, 1.000000000000000000, -0.000000000000000000 ) ) ;
#2683 = ORIENTED_EDGE ( 'NONE', *, *, #1240, .T. ) ;
#2684 = ORIENTED_EDGE ( 'NONE', *, *, #9228, .T. ) ;
#2685 = VERTEX_POINT ( 'NONE', #5021 ) ;
#2686 = LINE ( 'NONE', #7698, #2400 ) ;
#2687 = ADVANCED_FACE ( 'NONE', ( #1991 ), #9040, .F. ) ;
#2688 = CARTESIAN_POINT ( 'NONE',  ( 0.7654999999999999583, -0.1250000000000000000, -0.3130000000000000004 ) ) ;
#2689 = FACE_OUTER_BOUND ( 'NONE', #1307, .T. ) ;
#2690 = COORDINATED_UNIVERSAL_TIME_OFFSET ( 5, 0, .BEHIND. ) ;
#2691 = EDGE_CURVE ( 'NONE', #1095, #1998, #6010, .T. ) ;
#2692 = CARTESIAN_POINT ( 'NONE',  ( 0.4372946803909803504, 0.1515914842884154567, -0.000000000000000000 ) ) ;
#2693 = VECTOR ( 'NONE', #4027, 39.37007874015748143 ) ;
#2694 = VERTEX_POINT ( 'NONE', #5080 ) ;
#2695 = EDGE_CURVE ( 'NONE', #3451, #1894, #6796, .T. ) ;
#2696 = PLANE ( 'NONE',  #4676 ) ;
#2697 = DIRECTION ( 'NONE',  ( -1.000000000000000000, 0.000000000000000000, 0.000000000000000000 ) ) ;
#2698 = AXIS2_PLACEMENT_3D ( 'NONE', #290, #3431, #3485 ) ;
#2699 = EDGE_CURVE ( 'NONE', #318, #4008, #9974, .T. ) ;
#2700 = PLANE ( 'NONE',  #2217 ) ;
#2701 = ORIENTED_EDGE ( 'NONE', *, *, #9834, .T. ) ;
#2702 = CARTESIAN_POINT ( 'NONE',  ( 0.5474999999999999867, -0.1250000000000000000, -0.3305000000000000160 ) ) ;
#2703 = DIRECTION ( 'NONE',  ( 0.7071067811865466846, -0.7071067811865483499, 0.000000000000000000 ) ) ;
#2704 = LINE ( 'NONE', #6677, #9455 ) ;
#2705 = DIRECTION ( 'NONE',  ( -1.000000000000000000, 0.000000000000000000, -0.000000000000000000 ) ) ;
#2706 = VECTOR ( 'NONE', #9051, 39.37007874015748854 ) ;
#2707 = FACE_OUTER_BOUND ( 'NONE', #6145, .T. ) ;
#2708 = DIRECTION ( 'NONE',  ( 0.000000000000000000, -0.000000000000000000, -1.000000000000000000 ) ) ;
#2709 = AXIS2_PLACEMENT_3D ( 'NONE', #308, #255, #5278 ) ;
#2710 = DIRECTION ( 'NONE',  ( -0.5773502691896257311, -0.5773502691896257311, 0.5773502691896257311 ) ) ;
#2711 = VERTEX_POINT ( 'NONE', #4342 ) ;
#2712 = FACE_OUTER_BOUND ( 'NONE', #1569, .T. ) ;
#2713 = ORIENTED_EDGE ( 'NONE', *, *, #4233, .F. ) ;
#2714 = ORIENTED_EDGE ( 'NONE', *, *, #3838, .F. ) ;
#2715 = CARTESIAN_POINT ( 'NONE',  ( 0.7792704298672986640, 0.1680601261092882215, 0.002000000000000000042 ) ) ;
#2716 = DIRECTION ( 'NONE',  ( -1.000000000000000000, 0.000000000000000000, 0.000000000000000000 ) ) ;
#2717 = AXIS2_PLACEMENT_3D ( 'NONE', #9884, #7684, #1259 ) ;
#2718 = CARTESIAN_POINT ( 'NONE',  ( -3.923116201771848898E-17, 0.1149999999999998662, -0.1659999999999999531 ) ) ;
#2719 = CARTESIAN_POINT ( 'NONE',  ( 0.7714175419553686019, 0.1425968781582367673, 0.002000000000000000042 ) ) ;
#2720 = CARTESIAN_POINT ( 'NONE',  ( 0.7640057994922163642, 0.1667345974078531246, 0.002000000000000000042 ) ) ;
#2721 = EDGE_CURVE ( 'NONE', #8302, #8270, #7501, .T. ) ;
#2722 = DIRECTION ( 'NONE',  ( 1.323569764372220076E-16, 1.000000000000000000, 0.000000000000000000 ) ) ;
#2723 = AXIS2_PLACEMENT_3D ( 'NONE', #8409, #7725, #9134 ) ;
#2724 = CIRCLE ( 'NONE', #4728, 0.06199999999999990935 ) ;
#2725 = ADVANCED_FACE ( 'NONE', ( #4290 ), #6641, .F. ) ;
#2726 = ORIENTED_EDGE ( 'NONE', *, *, #4798, .T. ) ;
#2727 = ADVANCED_FACE ( 'NONE', ( #7528 ), #10025, .F. ) ;
#2728 = CARTESIAN_POINT ( 'NONE',  ( 0.4377891646288395444, 0.1515695332427556552, 0.002000000000000000042 ) ) ;
#2729 = ORIENTED_EDGE ( 'NONE', *, *, #7115, .F. ) ;
#2730 = ORIENTED_EDGE ( 'NONE', *, *, #3304, .F. ) ;
#2731 = EDGE_LOOP ( 'NONE', ( #5815, #9941, #8025, #199 ) ) ;
#2732 = CARTESIAN_POINT ( 'NONE',  ( 0.8265264683883492003, 0.3429666423036669132, 0.002000000000000000042 ) ) ;
#2733 = CARTESIAN_POINT ( 'NONE',  ( 1.212999999999999856, 0.1149999999999998662, -0.1659999999999999531 ) ) ;
#2734 = AXIS2_PLACEMENT_3D ( 'NONE', #2024, #2705, #3488 ) ;
#2735 = CARTESIAN_POINT ( 'NONE',  ( 0.8256498473883827627, 0.3239057549197819075, 0.002000000000000000042 ) ) ;
#2736 = CARTESIAN_POINT ( 'NONE',  ( 0.6414999999999998481, 0.4284999999999998810, 0.1079999999999999988 ) ) ;
#2737 = VECTOR ( 'NONE', #3379, 39.37007874015748143 ) ;
#2738 = DIRECTION ( 'NONE',  ( -0.5773502691896252870, 0.5773502691896267303, -0.5773502691896252870 ) ) ;
#2739 = CARTESIAN_POINT ( 'NONE',  ( 0.5714999999999998970, 0.4284999999999998810, 0.1079999999999999988 ) ) ;
#2740 = FACE_OUTER_BOUND ( 'NONE', #6292, .T. ) ;
#2741 = VERTEX_POINT ( 'NONE', #6066 ) ;
#2742 = VERTEX_POINT ( 'NONE', #4389 ) ;
#2743 = ORIENTED_EDGE ( 'NONE', *, *, #4359, .T. ) ;
#2744 = CARTESIAN_POINT ( 'NONE',  ( 0.4457407689694032893, 0.1473881775714292741, 0.002000000000000000042 ) ) ;
#2745 = CARTESIAN_POINT ( 'NONE',  ( 0.4406926458894447340, 0.1479455488386481610, 0.002000000000000000042 ) ) ;
#2746 = ADVANCED_FACE ( 'NONE', ( #3557 ), #5912, .F. ) ;
#2747 = PERSON_AND_ORGANIZATION_ROLE ( 'creator' ) ;
#2748 = ORIENTED_EDGE ( 'NONE', *, *, #842, .T. ) ;
#2749 = CARTESIAN_POINT ( 'NONE',  ( 0.7643679734794874836, 0.1674930139256022299, 0.002000000000000000042 ) ) ;
#2750 = DIRECTION ( 'NONE',  ( 0.000000000000000000, -0.000000000000000000, -1.000000000000000000 ) ) ;
#2751 = CARTESIAN_POINT ( 'NONE',  ( 0.7715557693690595631, 0.1544723401087488845, -5.335640612625514099E-19 ) ) ;
#2752 = ORIENTED_EDGE ( 'NONE', *, *, #9552, .F. ) ;
#2753 = CARTESIAN_POINT ( 'NONE',  ( 0.7714999999999999636, 0.06550000000000003042, 0.2079999999999999627 ) ) ;
#2754 = DIRECTION ( 'NONE',  ( -0.000000000000000000, 0.000000000000000000, -1.000000000000000000 ) ) ;
#2755 = ADVANCED_FACE ( 'NONE', ( #5129 ), #461, .F. ) ;
#2756 = CARTESIAN_POINT ( 'NONE',  ( 0.7750398991600717657, 0.1653146440708669618, 0.002000000000000000042 ) ) ;
#2757 = CARTESIAN_POINT ( 'NONE',  ( 0.8218961113116035611, 0.3526769056879103248, 0.002000000000000000042 ) ) ;
#2758 = ADVANCED_FACE ( 'NONE', ( #8208 ), #8314, .F. ) ;
#2759 = EDGE_CURVE ( 'NONE', #3636, #7380, #1252, .T. ) ;
#2760 = CARTESIAN_POINT ( 'NONE',  ( 0.4377163152004799329, 0.1681461133014031939, 0.002000000000000000042 ) ) ;
#2761 = CARTESIAN_POINT ( 'NONE',  ( 0.3714999999999998304, 0.4284999999999998810, 0.2080000000000000460 ) ) ;
#2762 = FACE_OUTER_BOUND ( 'NONE', #2351, .T. ) ;
#2763 = DIRECTION ( 'NONE',  ( -0.000000000000000000, 0.000000000000000000, -1.000000000000000000 ) ) ;
#2764 = CARTESIAN_POINT ( 'NONE',  ( 0.7029999999999999583, 0.3154999999999998361, 0.000000000000000000 ) ) ;
#2765 = ORIENTED_EDGE ( 'NONE', *, *, #780, .T. ) ;
#2766 = ORIENTED_EDGE ( 'NONE', *, *, #7442, .T. ) ;
#2767 = CARTESIAN_POINT ( 'NONE',  ( 0.4374999999999998890, 0.1784999999999998255, 0.2379999999999999893 ) ) ;
#2768 = PLANE ( 'NONE',  #888 ) ;
#2769 = ADVANCED_FACE ( 'NONE', ( #9296 ), #2243, .T. ) ;
#2770 = CARTESIAN_POINT ( 'NONE',  ( 0.6564999999999999725, -0.1250000000000000000, -0.3305000000000000160 ) ) ;
#2771 = DIRECTION ( 'NONE',  ( 0.000000000000000000, 0.000000000000000000, -1.000000000000000000 ) ) ;
#2772 = EDGE_CURVE ( 'NONE', #4245, #9215, #9349, .T. ) ;
#2773 = CYLINDRICAL_SURFACE ( 'NONE', #6717, 0.07700000000000002676 ) ;
#2774 = CARTESIAN_POINT ( 'NONE',  ( 0.7633930881864453566, 0.1633435751574418837, 0.002000000000000000042 ) ) ;
#2775 = ORIENTED_EDGE ( 'NONE', *, *, #4860, .F. ) ;
#2776 = DIRECTION ( 'NONE',  ( 0.000000000000000000, 0.000000000000000000, -1.000000000000000000 ) ) ;
#2777 = ORIENTED_EDGE ( 'NONE', *, *, #5319, .F. ) ;
#2778 = ORIENTED_EDGE ( 'NONE', *, *, #2216, .T. ) ;
#2779 = ORIENTED_EDGE ( 'NONE', *, *, #5378, .T. ) ;
#2780 = CARTESIAN_POINT ( 'NONE',  ( 0.7700363515042257800, 0.1664259053474933525, 0.002000000000000000042 ) ) ;
#2781 = EDGE_CURVE ( 'NONE', #4457, #1894, #3259, .T. ) ;
#2782 = ORIENTED_EDGE ( 'NONE', *, *, #3200, .T. ) ;
#2783 = DIRECTION ( 'NONE',  ( -1.000000000000000000, 0.000000000000000000, 0.000000000000000000 ) ) ;
#2784 = CARTESIAN_POINT ( 'NONE',  ( 0.3347413038504020721, 0.4284999999999999365, 0.000000000000000000 ) ) ;
#2785 = EDGE_CURVE ( 'NONE', #8069, #9317, #4600, .T. ) ;
#2786 = PLANE ( 'NONE',  #9166 ) ;
#2787 = VECTOR ( 'NONE', #3959, 39.37007874015748143 ) ;
#2788 = CARTESIAN_POINT ( 'NONE',  ( 0.5389999999999999236, 0.2034999999999998199, 0.000000000000000000 ) ) ;
#2789 = CARTESIAN_POINT ( 'NONE',  ( 0.8414999999999999147, 0.4234999999999998765, 0.2079999999999999627 ) ) ;
#2790 = ORIENTED_EDGE ( 'NONE', *, *, #9090, .T. ) ;
#2791 = ORIENTED_EDGE ( 'NONE', *, *, #6453, .F. ) ;
#2792 = ORIENTED_EDGE ( 'NONE', *, *, #9139, .T. ) ;
#2793 = CARTESIAN_POINT ( 'NONE',  ( 0.3759999999999999454, 0.3154999999999998361, 0.000000000000000000 ) ) ;
#2794 = LINE ( 'NONE', #9115, #700 ) ;
#2795 = EDGE_CURVE ( 'NONE', #8915, #9777, #4493, .T. ) ;
#2796 = AXIS2_PLACEMENT_3D ( 'NONE', #2789, #2006, #5145 ) ;
#2797 = EDGE_CURVE ( 'NONE', #3982, #7238, #3867, .T. ) ;
#2798 = CALENDAR_DATE ( 2025, 21, 2 ) ;
#2799 = ORIENTED_EDGE ( 'NONE', *, *, #8650, .F. ) ;
#2800 = DIRECTION ( 'NONE',  ( 0.7071067811865451302, -0.7071067811865500152, 0.000000000000000000 ) ) ;
#2801 = AXIS2_PLACEMENT_3D ( 'NONE', #7852, #7117, #2257 ) ;
#2802 = DIRECTION ( 'NONE',  ( 0.000000000000000000, -1.000000000000000000, 0.000000000000000000 ) ) ;
#2803 = EDGE_CURVE ( 'NONE', #9685, #5159, #7050, .T. ) ;
#2804 = CARTESIAN_POINT ( 'NONE',  ( 0.4438606702576157192, 0.1530833150766176542, 0.000000000000000000 ) ) ;
#2805 = VERTEX_POINT ( 'NONE', #10241 ) ;
#2806 = LINE ( 'NONE', #5991, #358 ) ;
#2807 = DIRECTION ( 'NONE',  ( -0.000000000000000000, -0.000000000000000000, -1.000000000000000000 ) ) ;
#2808 = CARTESIAN_POINT ( 'NONE',  ( 0.8119999999999999440, -0.1250000000000000000, -0.4174999999999999822 ) ) ;
#2809 = CARTESIAN_POINT ( 'NONE',  ( 0.4924999999999999378, 0.2979999999999998206, 0.2379999999999999893 ) ) ;
#2810 = AXIS2_PLACEMENT_3D ( 'NONE', #3794, #3684, #10002 ) ;
#2811 = CARTESIAN_POINT ( 'NONE',  ( 0.6729999999999999316, 0.2034999999999998199, 0.000000000000000000 ) ) ;
#2812 = FACE_OUTER_BOUND ( 'NONE', #3578, .T. ) ;
#2813 = VECTOR ( 'NONE', #5065, 39.37007874015748143 ) ;
#2814 = FACE_OUTER_BOUND ( 'NONE', #7147, .T. ) ;
#2815 = CARTESIAN_POINT ( 'NONE',  ( 0.8282868710977353555, 0.3372334289536664809, 0.002000000000000000042 ) ) ;
#2816 = DIRECTION ( 'NONE',  ( 0.000000000000000000, 1.000000000000000000, 0.000000000000000000 ) ) ;
#2817 = ORIENTED_EDGE ( 'NONE', *, *, #9808, .F. ) ;
#2818 = ORIENTED_EDGE ( 'NONE', *, *, #3788, .F. ) ;
#2819 = CARTESIAN_POINT ( 'NONE',  ( 0.8190165358689099895, 0.3264423079218926049, 0.002000000000000000042 ) ) ;
#2820 = CARTESIAN_POINT ( 'NONE',  ( 0.4284780785085262056, 0.1474275131291200580, 0.000000000000000000 ) ) ;
#2821 = AXIS2_PLACEMENT_3D ( 'NONE', #313, #3503, #2876 ) ;
#2822 = ADVANCED_FACE ( 'NONE', ( #8569 ), #3713, .T. ) ;
#2823 = LINE ( 'NONE', #5955, #9546 ) ;
#2824 = LINE ( 'NONE', #2089, #5406 ) ;
#2825 = CARTESIAN_POINT ( 'NONE',  ( 0.8290965060156425537, 0.3426169830609576139, 0.002000000000000000042 ) ) ;
#2826 = CARTESIAN_POINT ( 'NONE',  ( -3.923116201771848898E-17, 0.1149999999999998662, -0.1659999999999999531 ) ) ;
#2827 = EDGE_CURVE ( 'NONE', #2296, #6347, #2138, .T. ) ;
#2828 = VERTEX_POINT ( 'NONE', #8669 ) ;
#2829 = VECTOR ( 'NONE', #6859, 39.37007874015748143 ) ;
#2830 = CARTESIAN_POINT ( 'NONE',  ( 0.8228345453307983615, 0.3361391133616208893, 0.000000000000000000 ) ) ;
#2831 = VERTEX_POINT ( 'NONE', #6902 ) ;
#2832 = VERTEX_POINT ( 'NONE', #1505 ) ;
#2833 = ORIENTED_EDGE ( 'NONE', *, *, #9232, .T. ) ;
#2834 = DIRECTION ( 'NONE',  ( 0.000000000000000000, -0.000000000000000000, -1.000000000000000000 ) ) ;
#2835 = DIRECTION ( 'NONE',  ( 0.000000000000000000, 0.000000000000000000, 1.000000000000000000 ) ) ;
#2836 = DIRECTION ( 'NONE',  ( -0.000000000000000000, -0.000000000000000000, 1.000000000000000000 ) ) ;
#2837 = CARTESIAN_POINT ( 'NONE',  ( 0.4372836240658811713, 0.1562780136095502370, 0.000000000000000000 ) ) ;
#2838 = DIRECTION ( 'NONE',  ( 0.000000000000000000, 0.7071067811865450192, -0.7071067811865499042 ) ) ;
#2839 = CARTESIAN_POINT ( 'NONE',  ( 0.4286232814122634127, 0.1457552075767642452, 0.002000000000000000042 ) ) ;
#2840 = DIRECTION ( 'NONE',  ( -0.8411127754819521796, 0.5408597775034182931, 0.000000000000000000 ) ) ;
#2841 = ORIENTED_EDGE ( 'NONE', *, *, #4315, .F. ) ;
#2842 = VECTOR ( 'NONE', #9891, 39.37007874015748143 ) ;
#2843 = VERTEX_POINT ( 'NONE', #7889 ) ;
#2844 = ORIENTED_EDGE ( 'NONE', *, *, #5926, .T. ) ;
#2845 = DIRECTION ( 'NONE',  ( 0.000000000000000000, -1.000000000000000000, 0.000000000000000000 ) ) ;
#2846 = LINE ( 'NONE', #3582, #3872 ) ;
#2847 = APPROVAL_DATE_TIME ( #280, #8176 ) ;
#2848 = ORIENTED_EDGE ( 'NONE', *, *, #8920, .F. ) ;
#2849 = DIRECTION ( 'NONE',  ( -0.000000000000000000, -0.000000000000000000, 1.000000000000000000 ) ) ;
#2850 = EDGE_CURVE ( 'NONE', #9549, #4722, #730, .T. ) ;
#2851 = PLANE ( 'NONE',  #2810 ) ;
#2852 = CARTESIAN_POINT ( 'NONE',  ( 0.7685839064610712201, 0.1550849019048068100, 0.002000000000000000042 ) ) ;
#2853 = VERTEX_POINT ( 'NONE', #3125 ) ;
#2854 = DIRECTION ( 'NONE',  ( -1.000000000000000000, 0.000000000000000000, 0.000000000000000000 ) ) ;
#2855 = CARTESIAN_POINT ( 'NONE',  ( 0.8336793683262426757, 0.3389638980631275444, 0.000000000000000000 ) ) ;
#2856 = CARTESIAN_POINT ( 'NONE',  ( 0.7569999999999998952, 0.2034999999999998199, 0.2379999999999999893 ) ) ;
#2857 = DIRECTION ( 'NONE',  ( 0.000000000000000000, 0.000000000000000000, -1.000000000000000000 ) ) ;
#2858 = AXIS2_PLACEMENT_3D ( 'NONE', #8623, #2984, #2148 ) ;
#2859 = VECTOR ( 'NONE', #9336, 39.37007874015748143 ) ;
#2860 = DIRECTION ( 'NONE',  ( -1.000000000000000000, 0.000000000000000000, -0.000000000000000000 ) ) ;
#2861 = VECTOR ( 'NONE', #5313, 39.37007874015748143 ) ;
#2862 = CARTESIAN_POINT ( 'NONE',  ( 0.7700363515042257800, 0.1664259053474933525, 0.000000000000000000 ) ) ;
#2863 = DIRECTION ( 'NONE',  ( 0.000000000000000000, -0.000000000000000000, -1.000000000000000000 ) ) ;
#2864 = CARTESIAN_POINT ( 'NONE',  ( 0.4849999999999999312, 0.3154999999999998361, 0.2305000000000000104 ) ) ;
#2865 = DIRECTION ( 'NONE',  ( 0.000000000000000000, -0.000000000000000000, 1.000000000000000000 ) ) ;
#2866 = EDGE_LOOP ( 'NONE', ( #6410, #3522, #6119, #6134 ) ) ;
#2867 = ORIENTED_EDGE ( 'NONE', *, *, #4840, .T. ) ;
#2868 = DIRECTION ( 'NONE',  ( 0.7071067811865459074, 0.000000000000000000, -0.7071067811865491270 ) ) ;
#2869 = CARTESIAN_POINT ( 'NONE',  ( 0.8195000000000000062, 0.2904999999999998139, 0.2379999999999999893 ) ) ;
#2870 = DIRECTION ( 'NONE',  ( 0.4534971179101668914, 0.8912577427698297194, 0.000000000000000000 ) ) ;
#2871 = CARTESIAN_POINT ( 'NONE',  ( -3.551358426084892890E-17, 0.1299999999999998657, -0.1659999999999999531 ) ) ;
#2872 = AXIS2_PLACEMENT_3D ( 'NONE', #5579, #6297, #3900 ) ;
#2873 = AXIS2_PLACEMENT_3D ( 'NONE', #7819, #6199, #709 ) ;
#2874 = VECTOR ( 'NONE', #4338, 39.37007874015748143 ) ;
#2875 = CARTESIAN_POINT ( 'NONE',  ( 0.4351046837656313282, 0.1443276204397800910, 0.002000000000000000042 ) ) ;
#2876 = DIRECTION ( 'NONE',  ( -0.000000000000000000, 0.000000000000000000, 1.000000000000000000 ) ) ;
#2877 = EDGE_LOOP ( 'NONE', ( #6456, #3580, #6071, #5563 ) ) ;
#2878 = DIRECTION ( 'NONE',  ( 0.8919390152644700587, -0.4521557177002710204, 0.000000000000000000 ) ) ;
#2879 = ORIENTED_EDGE ( 'NONE', *, *, #3788, .T. ) ;
#2880 = VERTEX_POINT ( 'NONE', #2091 ) ;
#2881 = ORIENTED_EDGE ( 'NONE', *, *, #9270, .T. ) ;
#2882 = CARTESIAN_POINT ( 'NONE',  ( 0.3871760831755033383, 0.3480015936880894167, 0.002000000000000000042 ) ) ;
#2883 = CARTESIAN_POINT ( 'NONE',  ( 0.7745931458419679227, 0.1717247194128219967, 0.002000000000000000042 ) ) ;
#2884 = CARTESIAN_POINT ( 'NONE',  ( 0.7829999999999999183, -0.1250000000000000000, -0.3305000000000000160 ) ) ;
#2885 = LINE ( 'NONE', #2736, #1704 ) ;
#2886 = EDGE_CURVE ( 'NONE', #204, #2685, #8517, .T. ) ;
#2887 = ADVANCED_FACE ( 'NONE', ( #6954 ), #1406, .F. ) ;
#2888 = CARTESIAN_POINT ( 'NONE',  ( 0.8231610668106045248, 0.3241734948727085786, 0.000000000000000000 ) ) ;
#2889 = AXIS2_PLACEMENT_3D ( 'NONE', #7240, #7446, #120 ) ;
#2890 = VECTOR ( 'NONE', #254, 39.37007874015748143 ) ;
#2891 = CARTESIAN_POINT ( 'NONE',  ( 0.7796512177153080980, 0.1589901862024975798, 0.000000000000000000 ) ) ;
#2892 = B_SPLINE_CURVE_WITH_KNOTS ( 'NONE', 3,
 ( #1625, #6275, #8624, #9460, #8735, #3975, #2300, #4714, #7900, #739, #1576 ),
 .UNSPECIFIED., .F., .F.,
 ( 4, 1, 1, 1, 1, 1, 1, 1, 4 ),
 ( 0.000000000000000000, 0.1372849921823507402, 0.2670284865720569112, 0.3949256401701815578, 0.5243347615083449043, 0.6508125264301011237, 0.7692674670455056374, 0.8834346835668812625, 1.000000000000000000 ),
 .UNSPECIFIED. ) ;
#2893 = CARTESIAN_POINT ( 'NONE',  ( 0.4284780785085262056, 0.1474275131291200580, 0.000000000000000000 ) ) ;
#2894 = CARTESIAN_POINT ( 'NONE',  ( 0.5939999999999999725, -0.1250000000000000000, -0.4174999999999999822 ) ) ;
#2895 = ORIENTED_EDGE ( 'NONE', *, *, #4070, .F. ) ;
#2896 = ORIENTED_EDGE ( 'NONE', *, *, #5904, .F. ) ;
#2897 = EDGE_LOOP ( 'NONE', ( #9161, #7744, #3324, #2982, #1156, #9172, #9044, #7790, #9240, #6838, #261, #646 ) ) ;
#2898 = VECTOR ( 'NONE', #5656, 39.37007874015748143 ) ;
#2899 = DIRECTION ( 'NONE',  ( 0.000000000000000000, 0.000000000000000000, -1.000000000000000000 ) ) ;
#2900 = AXIS2_PLACEMENT_3D ( 'NONE', #4448, #10095, #10145 ) ;
#2901 = FACE_OUTER_BOUND ( 'NONE', #1053, .T. ) ;
#2902 = AXIS2_PLACEMENT_3D ( 'NONE', #3061, #7820, #6988 ) ;
#2903 = ORIENTED_EDGE ( 'NONE', *, *, #3167, .T. ) ;
#2904 = DIRECTION ( 'NONE',  ( 0.000000000000000000, 0.000000000000000000, -1.000000000000000000 ) ) ;
#2905 = CARTESIAN_POINT ( 'NONE',  ( 0.8260015868798794569, 0.3379262737932117733, 0.000000000000000000 ) ) ;
#2906 = ORIENTED_EDGE ( 'NONE', *, *, #8920, .T. ) ;
#2907 = DIRECTION ( 'NONE',  ( -0.000000000000000000, -0.000000000000000000, -1.000000000000000000 ) ) ;
#2908 = ORIENTED_EDGE ( 'NONE', *, *, #2785, .T. ) ;
#2909 = DIRECTION ( 'NONE',  ( 0.000000000000000000, 0.000000000000000000, 1.000000000000000000 ) ) ;
#2910 = FACE_OUTER_BOUND ( 'NONE', #6407, .T. ) ;
#2911 = EDGE_CURVE ( 'NONE', #3665, #19, #2406, .T. ) ;
#2912 = LINE ( 'NONE', #3848, #7378 ) ;
#2913 = CARTESIAN_POINT ( 'NONE',  ( 0.4474999999999999534, 0.1959999999999998410, 0.2379999999999999893 ) ) ;
#2914 = EDGE_CURVE ( 'NONE', #2009, #748, #7155, .T. ) ;
#2915 = CARTESIAN_POINT ( 'NONE',  ( 0.9549999999999997380, 0.1149999999999998662, -0.1659999999999999531 ) ) ;
#2916 = CARTESIAN_POINT ( 'NONE',  ( 0.7694845230199089947, 0.1659219471240797605, 0.002000000000000000042 ) ) ;
#2917 = LINE ( 'NONE', #1397, #2295 ) ;
#2918 = CARTESIAN_POINT ( 'NONE',  ( 0.04199999999999988465, 0.1140000000000000041, -0.4899999999999999911 ) ) ;
#2919 = DIRECTION ( 'NONE',  ( -1.000000000000000000, 0.000000000000000000, 0.000000000000000000 ) ) ;
#2920 = ORIENTED_EDGE ( 'NONE', *, *, #5317, .F. ) ;
#2921 = CARTESIAN_POINT ( 'NONE',  ( 0.4291056072791336051, 0.1508337950927216842, 0.002000000000000000042 ) ) ;
#2922 = LINE ( 'NONE', #1147, #6564 ) ;
#2923 = CARTESIAN_POINT ( 'NONE',  ( 0.7713537370483718458, 0.1670120670013416353, 0.000000000000000000 ) ) ;
#2924 = LINE ( 'NONE', #9293, #6575 ) ;
#2925 = ADVANCED_FACE ( 'NONE', ( #196 ), #5600, .T. ) ;
#2926 = CARTESIAN_POINT ( 'NONE',  ( 0.6554999999999998606, 0.1859999999999998044, 0.2379999999999999893 ) ) ;
#2927 = CARTESIAN_POINT ( 'NONE',  ( 0.8350190616617279016, 0.3333309768593934463, -0.000000000000000000 ) ) ;
#2928 = ORIENTED_EDGE ( 'NONE', *, *, #6202, .T. ) ;
#2929 = DIRECTION ( 'NONE',  ( 0.000000000000000000, 0.000000000000000000, -1.000000000000000000 ) ) ;
#2930 = ORIENTED_EDGE ( 'NONE', *, *, #8628, .F. ) ;
#2931 = ORIENTED_EDGE ( 'NONE', *, *, #2988, .T. ) ;
#2932 = VERTEX_POINT ( 'NONE', #8722 ) ;
#2933 = CARTESIAN_POINT ( 'NONE',  ( 0.7718316222999138665, 0.1670387610956655666, 0.002000000000000000042 ) ) ;
#2934 = DIRECTION ( 'NONE',  ( 1.000000000000000000, 0.000000000000000000, 0.000000000000000000 ) ) ;
#2935 = FACE_BOUND ( 'NONE', #4332, .T. ) ;
#2936 = CARTESIAN_POINT ( 'NONE',  ( 0.4381413477985718896, 0.1562558067095849434, 0.000000000000000000 ) ) ;
#2937 = CARTESIAN_POINT ( 'NONE',  ( 0.8179674091615299902, 0.3276427282875094549, 0.000000000000000000 ) ) ;
#2938 = CARTESIAN_POINT ( 'NONE',  ( 0.4309458263081459850, 0.1413091365864510562, 0.002000000000000000042 ) ) ;
#2939 = CARTESIAN_POINT ( 'NONE',  ( 0.4294339157489338032, 0.1434165467920270887, 0.002000000000000000042 ) ) ;
#2940 = EDGE_CURVE ( 'NONE', #2437, #2437, #2646, .T. ) ;
#2941 = CARTESIAN_POINT ( 'NONE',  ( 0.1144999999999998935, 0.2469999999999997753, -0.09499999999999994560 ) ) ;
#2942 = ORIENTED_EDGE ( 'NONE', *, *, #4152, .F. ) ;
#2943 = EDGE_CURVE ( 'NONE', #5754, #4245, #8090, .T. ) ;
#2944 = VERTEX_POINT ( 'NONE', #6532 ) ;
#2945 = VERTEX_POINT ( 'NONE', #10337 ) ;
#2946 = CARTESIAN_POINT ( 'NONE',  ( 0.7804487402909927596, 0.1613329491194824550, 0.000000000000000000 ) ) ;
#2947 = CARTESIAN_POINT ( 'NONE',  ( 0.7714175419553686019, 0.1425968781582367673, 0.000000000000000000 ) ) ;
#2948 = EDGE_CURVE ( 'NONE', #1771, #8209, #1565, .T. ) ;
#2949 = ORIENTED_EDGE ( 'NONE', *, *, #1636, .T. ) ;
#2950 = FACE_OUTER_BOUND ( 'NONE', #9489, .T. ) ;
#2951 = B_SPLINE_CURVE_WITH_KNOTS ( 'NONE', 3,
 ( #7515, #5897, #7569, #8190, #4225, #6629, #6583, #1819, #5167, #5794, #3543 ),
 .UNSPECIFIED., .F., .F.,
 ( 4, 1, 1, 1, 1, 1, 1, 1, 4 ),
 ( 0.000000000000000000, 0.1381137870618464325, 0.2684083835837791088, 0.3941909055405368179, 0.5170923452347715443, 0.6374931640526638743, 0.7570041724766231050, 0.8772941249553409815, 1.000000000000000000 ),
 .UNSPECIFIED. ) ;
#2952 = EDGE_CURVE ( 'NONE', #10155, #4459, #830, .T. ) ;
#2953 = CARTESIAN_POINT ( 'NONE',  ( 0.7569999999999998952, 0.2034999999999998199, 0.000000000000000000 ) ) ;
#2954 = ORIENTED_EDGE ( 'NONE', *, *, #3164, .T. ) ;
#2955 = AXIS2_PLACEMENT_3D ( 'NONE', #3981, #8741, #9673 ) ;
#2956 = CARTESIAN_POINT ( 'NONE',  ( 0.4454078539893272515, 0.1500536761497780758, 0.002000000000000000042 ) ) ;
#2957 = ORIENTED_EDGE ( 'NONE', *, *, #3435, .T. ) ;
#2958 = LINE ( 'NONE', #394, #1357 ) ;
#2959 = CARTESIAN_POINT ( 'NONE',  ( 0.8247900844845695856, 0.3426969127652157443, 0.002000000000000000042 ) ) ;
#2960 = CARTESIAN_POINT ( 'NONE',  ( 0.7800296216834814444, 0.1599161621471894557, 0.002000000000000000042 ) ) ;
#2961 = DIRECTION ( 'NONE',  ( -0.000000000000000000, 1.000000000000000000, -0.000000000000000000 ) ) ;
#2962 = ADVANCED_FACE ( 'NONE', ( #985 ), #6373, .F. ) ;
#2963 = CARTESIAN_POINT ( 'NONE',  ( 0.4309999999999999387, -0.1250000000000000000, -0.3054999999999999938 ) ) ;
#2964 = VECTOR ( 'NONE', #6377, 39.37007874015748143 ) ;
#2965 = CARTESIAN_POINT ( 'NONE',  ( 0.7684632137244792327, 0.1638785067156194875, 0.000000000000000000 ) ) ;
#2966 = CARTESIAN_POINT ( 'NONE',  ( 0.6739999999999999325, 0.03300000000000000155, -0.3054999999999999938 ) ) ;
#2967 = CARTESIAN_POINT ( 'NONE',  ( 0.8299936168305240836, 0.3334923922655684270, 0.002000000000000000042 ) ) ;
#2968 = CARTESIAN_POINT ( 'NONE',  ( 0.7723052804872808652, 0.1670384106545644010, 0.000000000000000000 ) ) ;
#2969 = ORIENTED_EDGE ( 'NONE', *, *, #6463, .T. ) ;
#2970 = FACE_OUTER_BOUND ( 'NONE', #819, .T. ) ;
#2971 = LINE ( 'NONE', #7937, #3891 ) ;
#2972 = VECTOR ( 'NONE', #9083, 39.37007874015748143 ) ;
#2973 = DIRECTION ( 'NONE',  ( -0.000000000000000000, -1.000000000000000000, -0.000000000000000000 ) ) ;
#2974 = PLANE ( 'NONE',  #729 ) ;
#2975 = FACE_OUTER_BOUND ( 'NONE', #2616, .T. ) ;
#2976 = CARTESIAN_POINT ( 'NONE',  ( 0.8339742768954558905, 0.3290194257541385059, 0.000000000000000000 ) ) ;
#2977 = VECTOR ( 'NONE', #5781, 39.37007874015747433 ) ;
#2978 = ORIENTED_EDGE ( 'NONE', *, *, #4779, .F. ) ;
#2979 = LINE ( 'NONE', #10029, #7473 ) ;
#2980 = ORIENTED_EDGE ( 'NONE', *, *, #5822, .T. ) ;
#2981 = ORIENTED_EDGE ( 'NONE', *, *, #1988, .T. ) ;
#2982 = ORIENTED_EDGE ( 'NONE', *, *, #4841, .F. ) ;
#2983 = CARTESIAN_POINT ( 'NONE',  ( 0.4419173911603824778, 0.1400733523372725831, 0.002000000000000000042 ) ) ;
#2984 = DIRECTION ( 'NONE',  ( 0.000000000000000000, 1.000000000000000000, -0.000000000000000000 ) ) ;
#2985 = DIRECTION ( 'NONE',  ( 1.000000000000000000, 0.000000000000000000, 0.000000000000000000 ) ) ;
#2986 = DIRECTION ( 'NONE',  ( 0.000000000000000000, 0.000000000000000000, 1.000000000000000000 ) ) ;
#2987 = EDGE_CURVE ( 'NONE', #10289, #4604, #936, .T. ) ;
#2988 = EDGE_CURVE ( 'NONE', #3835, #4398, #9611, .T. ) ;
#2989 = CARTESIAN_POINT ( 'NONE',  ( 0.8216490030457823668, 0.3246806861130541177, 0.000000000000000000 ) ) ;
#2990 = FACE_OUTER_BOUND ( 'NONE', #2462, .T. ) ;
#2991 = CARTESIAN_POINT ( 'NONE',  ( 0.5389999999999999236, 0.1959999999999998410, 0.2379999999999999893 ) ) ;
#2992 = CARTESIAN_POINT ( 'NONE',  ( 0.5939999999999999725, 0.03300000000000000155, -0.4425000000000000044 ) ) ;
#2993 = EDGE_LOOP ( 'NONE', ( #7183, #6509, #8446, #7804 ) ) ;
#2994 = ORIENTED_EDGE ( 'NONE', *, *, #4841, .T. ) ;
#2995 = VERTEX_POINT ( 'NONE', #8137 ) ;
#2996 = PLANE ( 'NONE',  #546 ) ;
#2997 = CARTESIAN_POINT ( 'NONE',  ( 0.7806439746130018342, 0.1626486666045017515, 0.002000000000000000042 ) ) ;
#2998 = FACE_OUTER_BOUND ( 'NONE', #8084, .T. ) ;
#2999 = DIRECTION ( 'NONE',  ( 1.000000000000000000, 0.000000000000000000, 0.000000000000000000 ) ) ;
#3000 = LINE ( 'NONE', #9326, #7314 ) ;
#3001 = VERTEX_POINT ( 'NONE', #93 ) ;
#3002 = CARTESIAN_POINT ( 'NONE',  ( 0.8369999999999999662, 0.3154999999999998361, 0.2305000000000000104 ) ) ;
#3003 = ORIENTED_EDGE ( 'NONE', *, *, #918, .F. ) ;
#3004 = DIRECTION ( 'NONE',  ( 0.000000000000000000, -0.7071067811865459074, 0.7071067811865491270 ) ) ;
#3005 = CARTESIAN_POINT ( 'NONE',  ( 0.8344364198490813456, 0.3373743161794441336, 0.002000000000000000042 ) ) ;
#3006 = CARTESIAN_POINT ( 'NONE',  ( 0.5100000000000000089, 0.3154999999999998361, 0.2379999999999999893 ) ) ;
#3007 = CARTESIAN_POINT ( 'NONE',  ( 0.8316132629808397070, 0.3260594898354562399, 0.002000000000000000042 ) ) ;
#3008 = VECTOR ( 'NONE', #5773, 39.37007874015748143 ) ;
#3009 = EDGE_CURVE ( 'NONE', #8140, #5206, #3237, .T. ) ;
#3010 = EDGE_CURVE ( 'NONE', #5826, #1911, #5650, .T. ) ;
#3011 = LINE ( 'NONE', #7773, #8202 ) ;
#3012 = CARTESIAN_POINT ( 'NONE',  ( 0.000000000000000000, 0.000000000000000000, -0.4899999999999999911 ) ) ;
#3013 = CARTESIAN_POINT ( 'NONE',  ( 0.8119999999999999440, -0.1250000000000000000, -0.4249999999999999889 ) ) ;
#3014 = CARTESIAN_POINT ( 'NONE',  ( -1.117071446801986152E-16, 0.4039999999999999702, -0.1649999999999999523 ) ) ;
#3015 = PLANE ( 'NONE',  #3048 ) ;
#3016 = ORIENTED_EDGE ( 'NONE', *, *, #6951, .F. ) ;
#3017 = CARTESIAN_POINT ( 'NONE',  ( 0.8231610668106045248, 0.3241734948727085786, 0.002000000000000000042 ) ) ;
#3018 = CARTESIAN_POINT ( 'NONE',  ( 0.8320000000000000728, 0.2954999999999998184, 0.2354999999999999871 ) ) ;
#3019 = B_SPLINE_SURFACE_WITH_KNOTS ( 'NONE', 3, 1, ( 
 ( #7971, #23 ),
 ( #811, #3996 ),
 ( #10217, #7186 ),
 ( #3214, #4836 ),
 ( #6411, #5628 ),
 ( #1434, #7816 ),
 ( #659, #3846 ),
 ( #4888, #1802 ),
 ( #3421, #2585 ),
 ( #2489, #231 ),
 ( #6514, #4149 ) ),
 .UNSPECIFIED., .F., .F., .F.,
 ( 4, 1, 1, 1, 1, 1, 1, 1, 4 ),
 ( 2, 2 ),
 ( 0.000000000000000000, 0.1344633271833039490, 0.2615171309087622742, 0.3855603581778880851, 0.5113083041965021946, 0.6348017625084256821, 0.7543944390499836006, 0.8738512210393251101, 1.000000000000000000 ),
 ( 0.000000000000000000, 1.000000000000000000 ),
 .UNSPECIFIED. ) ;
#3020 = CARTESIAN_POINT ( 'NONE',  ( 0.7684632137244792327, 0.1638785067156194875, 0.000000000000000000 ) ) ;
#3021 = CARTESIAN_POINT ( 'NONE',  ( 0.8216490030457823668, 0.3246806861130541177, 0.000000000000000000 ) ) ;
#3022 = VECTOR ( 'NONE', #9129, 39.37007874015748854 ) ;
#3023 = CARTESIAN_POINT ( 'NONE',  ( 1.098000000000000087, 0.000000000000000000, -0.3734999999999999987 ) ) ;
#3024 = CARTESIAN_POINT ( 'NONE',  ( 0.8256498473883827627, 0.3239057549197819075, 0.000000000000000000 ) ) ;
#3025 = ORIENTED_EDGE ( 'NONE', *, *, #9771, .F. ) ;
#3026 = DIRECTION ( 'NONE',  ( -1.000000000000000000, 0.000000000000000000, 0.000000000000000000 ) ) ;
#3027 = VERTEX_POINT ( 'NONE', #1665 ) ;
#3028 = AXIS2_PLACEMENT_3D ( 'NONE', #2499, #722, #2285 ) ;
#3029 = ORIENTED_EDGE ( 'NONE', *, *, #4326, .F. ) ;
#3030 = VERTEX_POINT ( 'NONE', #4015 ) ;
#3031 = LINE ( 'NONE', #5608, #2391 ) ;
#3032 = CARTESIAN_POINT ( 'NONE',  ( 0.7806486024651521083, 0.1635894104864315246, 0.000000000000000000 ) ) ;
#3033 = CARTESIAN_POINT ( 'NONE',  ( 0.4372836240658811713, 0.1562780136095502093, 0.002000000000000000042 ) ) ;
#3034 = LINE ( 'NONE', #4715, #1886 ) ;
#3035 = EDGE_CURVE ( 'NONE', #1324, #6309, #4042, .T. ) ;
#3036 = CARTESIAN_POINT ( 'NONE',  ( 0.8163273202156631214, 0.3314581819964155796, 0.002000000000000000042 ) ) ;
#3037 = ADVANCED_FACE ( 'NONE', ( #247 ), #7465, .T. ) ;
#3038 = EDGE_CURVE ( 'NONE', #10257, #9407, #2951, .T. ) ;
#3039 = CARTESIAN_POINT ( 'NONE',  ( 0.4315799424402823048, 0.1406917796870962856, 0.002000000000000000042 ) ) ;
#3040 = AXIS2_PLACEMENT_3D ( 'NONE', #1515, #1364, #740 ) ;
#3041 = CARTESIAN_POINT ( 'NONE',  ( 0.7672159434498222463, 0.1706678706707046578, 0.000000000000000000 ) ) ;
#3042 = CARTESIAN_POINT ( 'NONE',  ( 0.7279999999999999805, -0.1250000000000000000, -0.4349999999999999978 ) ) ;
#3043 = ORIENTED_EDGE ( 'NONE', *, *, #6202, .F. ) ;
#3044 = ORIENTED_EDGE ( 'NONE', *, *, #4003, .T. ) ;
#3045 = ORIENTED_EDGE ( 'NONE', *, *, #9389, .T. ) ;
#3046 = DIRECTION ( 'NONE',  ( 0.000000000000000000, -0.000000000000000000, -1.000000000000000000 ) ) ;
#3047 = DIRECTION ( 'NONE',  ( -1.000000000000000000, 0.000000000000000000, 0.000000000000000000 ) ) ;
#3048 = AXIS2_PLACEMENT_3D ( 'NONE', #4006, #7934, #8660 ) ;
#3049 = AXIS2_PLACEMENT_3D ( 'NONE', #6541, #8982, #3291 ) ;
#3050 = CARTESIAN_POINT ( 'NONE',  ( 0.5714999999999998970, 0.4284999999999998810, 0.1079999999999999988 ) ) ;
#3051 = AXIS2_PLACEMENT_3D ( 'NONE', #6664, #9841, #4048 ) ;
#3052 = AXIS2_PLACEMENT_3D ( 'NONE', #5447, #5554, #1514 ) ;
#3053 = EDGE_LOOP ( 'NONE', ( #4935, #9698, #3908, #595 ) ) ;
#3054 = ORIENTED_EDGE ( 'NONE', *, *, #1387, .T. ) ;
#3055 = CARTESIAN_POINT ( 'NONE',  ( 0.7671455789117959112, 0.1558875461355545278, -5.335640612625514099E-19 ) ) ;
#3056 = EDGE_LOOP ( 'NONE', ( #9124, #3660, #1481, #9519 ) ) ;
#3057 = DIRECTION ( 'NONE',  ( 0.000000000000000000, -0.000000000000000000, -1.000000000000000000 ) ) ;
#3058 = CARTESIAN_POINT ( 'NONE',  ( 0.8268247506586169360, 0.3429598073383509083, 0.002000000000000000042 ) ) ;
#3059 = CARTESIAN_POINT ( 'NONE',  ( 0.7794200286961955326, 0.1584594494356297567, 0.002000000000000000042 ) ) ;
#3060 = VECTOR ( 'NONE', #2502, 39.37007874015748143 ) ;
#3061 = CARTESIAN_POINT ( 'NONE',  ( 1.171000000000000041, 0.5082634147716499351, -0.01499999999999999944 ) ) ;
#3062 = VECTOR ( 'NONE', #9399, 39.37007874015748143 ) ;
#3063 = CARTESIAN_POINT ( 'NONE',  ( 0.8259364350229871921, 0.3289407063042043555, 2.667820306312757049E-19 ) ) ;
#3064 = ORIENTED_EDGE ( 'NONE', *, *, #1668, .T. ) ;
#3065 = PLANE ( 'NONE',  #9649 ) ;
#3066 = CARTESIAN_POINT ( 'NONE',  ( 0.3871760831755033383, 0.3480015936880894167, 0.000000000000000000 ) ) ;
#3067 = CARTESIAN_POINT ( 'NONE',  ( 0.3677413038504020459, 0.06550000000000003042, 0.2379999999999999893 ) ) ;
#3068 = EDGE_CURVE ( 'NONE', #5420, #8892, #9181, .T. ) ;
#3069 = CARTESIAN_POINT ( 'NONE',  ( 0.6539999999999999147, -0.1225000000000000117, -0.3255000000000000115 ) ) ;
#3070 = EDGE_CURVE ( 'NONE', #9563, #5009, #9082, .T. ) ;
#3071 = ORIENTED_EDGE ( 'NONE', *, *, #8497, .T. ) ;
#3072 = CARTESIAN_POINT ( 'NONE',  ( 0.3814218530218776437, 0.3480015936880894167, 0.002000000000000000042 ) ) ;
#3073 = CARTESIAN_POINT ( 'NONE',  ( 0.8904999999999999583, 0.3415000000000002478, -0.4899999999999999911 ) ) ;
#3074 = CARTESIAN_POINT ( 'NONE',  ( 0.7694845230199089947, 0.1659219471240797605, 0.000000000000000000 ) ) ;
#3075 = CARTESIAN_POINT ( 'NONE',  ( 0.8288146629399767429, 0.3302127199837811000, 0.002000000000000000042 ) ) ;
#3076 = CARTESIAN_POINT ( 'NONE',  ( 0.4368285934183138708, 0.1437046010428923437, 0.000000000000000000 ) ) ;
#3077 = CARTESIAN_POINT ( 'NONE',  ( 0.8258858607345276326, 0.3480015936880894167, 0.002000000000000000042 ) ) ;
#3078 = ADVANCED_FACE ( 'NONE', ( #1239 ), #9809, .F. ) ;
#3079 = VERTEX_POINT ( 'NONE', #7413 ) ;
#3080 = CARTESIAN_POINT ( 'NONE',  ( 0.6015000000000000346, 0.2904999999999998139, 0.2379999999999999893 ) ) ;
#3081 = ORIENTED_EDGE ( 'NONE', *, *, #8262, .T. ) ;
#3082 = ORIENTED_EDGE ( 'NONE', *, *, #3465, .F. ) ;
#3083 = ORIENTED_EDGE ( 'NONE', *, *, #4610, .T. ) ;
#3084 = CARTESIAN_POINT ( 'NONE',  ( 0.4432327875372569781, 0.1411863130031573155, 0.000000000000000000 ) ) ;
#3085 = DIRECTION ( 'NONE',  ( -1.000000000000000000, 0.000000000000000000, 0.000000000000000000 ) ) ;
#3086 = CARTESIAN_POINT ( 'NONE',  ( 1.212999999999999856, 0.1149999999999998662, -0.1649999999999999523 ) ) ;
#3087 = PLANE ( 'NONE',  #704 ) ;
#3088 = DIRECTION ( 'NONE',  ( 0.000000000000000000, 1.000000000000000000, 0.000000000000000000 ) ) ;
#3089 = CARTESIAN_POINT ( 'NONE',  ( 0.4371543786620399330, 0.1386556837640715301, 0.002000000000000000042 ) ) ;
#3090 = CARTESIAN_POINT ( 'NONE',  ( 0.7658955156425997224, 0.1695564879887868359, 0.000000000000000000 ) ) ;
#3091 = ADVANCED_FACE ( 'NONE', ( #2602 ), #5841, .T. ) ;
#3092 = CYLINDRICAL_SURFACE ( 'NONE', #4793, 0.04450000000000000483 ) ;
#3093 = ORIENTED_EDGE ( 'NONE', *, *, #4328, .T. ) ;
#3094 = VERTEX_POINT ( 'NONE', #8353 ) ;
#3095 = ORIENTED_EDGE ( 'NONE', *, *, #4518, .T. ) ;
#3096 = PLANE ( 'NONE',  #6391 ) ;
#3097 = EDGE_CURVE ( 'NONE', #8618, #7006, #6735, .T. ) ;
#3098 = PLANE ( 'NONE',  #5877 ) ;
#3099 = CARTESIAN_POINT ( 'NONE',  ( 0.7029999999999999583, 0.3154999999999998361, 0.000000000000000000 ) ) ;
#3100 = EDGE_LOOP ( 'NONE', ( #2294, #304, #6418, #8320 ) ) ;
#3101 = EDGE_LOOP ( 'NONE', ( #7635, #2318, #1653, #2424 ) ) ;
#3102 = EDGE_CURVE ( 'NONE', #8178, #4581, #5006, .T. ) ;
#3103 = DIRECTION ( 'NONE',  ( -0.000000000000000000, -1.000000000000000000, -0.000000000000000000 ) ) ;
#3104 = ORIENTED_EDGE ( 'NONE', *, *, #865, .T. ) ;
#3105 = FACE_OUTER_BOUND ( 'NONE', #7982, .T. ) ;
#3106 = DIRECTION ( 'NONE',  ( 1.000000000000000000, 0.000000000000000000, 0.000000000000000000 ) ) ;
#3107 = PLANE ( 'NONE',  #9099 ) ;
#3108 = DIRECTION ( 'NONE',  ( 1.000000000000000000, 0.000000000000000000, 0.000000000000000000 ) ) ;
#3109 = FACE_OUTER_BOUND ( 'NONE', #5835, .T. ) ;
#3110 = ADVANCED_FACE ( 'NONE', ( #1930 ), #7617, .F. ) ;
#3111 = VERTEX_POINT ( 'NONE', #5116 ) ;
#3112 = VECTOR ( 'NONE', #5537, 39.37007874015748143 ) ;
#3113 = FACE_OUTER_BOUND ( 'NONE', #4521, .T. ) ;
#3114 = VECTOR ( 'NONE', #3731, 39.37007874015748143 ) ;
#3115 = DIRECTION ( 'NONE',  ( -1.000000000000000000, 0.000000000000000000, 0.000000000000000000 ) ) ;
#3116 = LINE ( 'NONE', #10277, #303 ) ;
#3117 = DIRECTION ( 'NONE',  ( -2.765028333668285045E-16, 1.000000000000000000, -0.000000000000000000 ) ) ;
#3118 = ORIENTED_EDGE ( 'NONE', *, *, #10174, .F. ) ;
#3119 = LINE ( 'NONE', #1446, #7371 ) ;
#3120 = CARTESIAN_POINT ( 'NONE',  ( 0.8259364350229871921, 0.3289407063042043555, 0.002000000000000000042 ) ) ;
#3121 = LINE ( 'NONE', #3813, #5462 ) ;
#3122 = PLANE ( 'NONE',  #224 ) ;
#3123 = AXIS2_PLACEMENT_3D ( 'NONE', #1631, #3253, #5615 ) ;
#3124 = LINE ( 'NONE', #7102, #4404 ) ;
#3125 = CARTESIAN_POINT ( 'NONE',  ( 0.5100000000000000089, -0.1174999999999999933, -0.4174999999999999822 ) ) ;
#3126 = B_SPLINE_CURVE_WITH_KNOTS ( 'NONE', 3,
 ( #4760, #5652, #2458, #8617, #1568, #7945, #1455, #4706, #1617, #4655, #7995 ),
 .UNSPECIFIED., .F., .F.,
 ( 4, 1, 1, 1, 1, 1, 1, 1, 4 ),
 ( 0.000000000000000000, 0.1211522424913088480, 0.2376005895733886986, 0.3560524880869264663, 0.4805249744886062602, 0.6076386115432850232, 0.7334299283789966761, 0.8621816073824772886, 1.000000000000000000 ),
 .UNSPECIFIED. ) ;
#3127 = EDGE_CURVE ( 'NONE', #6357, #771, #8299, .T. ) ;
#3128 = ORIENTED_EDGE ( 'NONE', *, *, #9681, .T. ) ;
#3129 = LINE ( 'NONE', #3922, #5647 ) ;
#3130 = EDGE_LOOP ( 'NONE', ( #7252, #7280, #1572, #265 ) ) ;
#3131 = VECTOR ( 'NONE', #6681, 39.37007874015748143 ) ;
#3132 = EDGE_CURVE ( 'NONE', #1388, #5011, #1976, .T. ) ;
#3133 = ORIENTED_EDGE ( 'NONE', *, *, #9747, .F. ) ;
#3134 = ORIENTED_EDGE ( 'NONE', *, *, #3725, .T. ) ;
#3135 = FACE_OUTER_BOUND ( 'NONE', #4680, .T. ) ;
#3136 = CARTESIAN_POINT ( 'NONE',  ( 0.7806344231218973473, 0.1641528766572182274, 0.002000000000000000042 ) ) ;
#3137 = FACE_OUTER_BOUND ( 'NONE', #7377, .T. ) ;
#3138 = CARTESIAN_POINT ( 'NONE',  ( 0.8119999999999999440, 0.3154999999999998361, 0.000000000000000000 ) ) ;
#3139 = EDGE_CURVE ( 'NONE', #8125, #171, #347, .T. ) ;
#3140 = DIRECTION ( 'NONE',  ( 1.000000000000000000, 0.000000000000000000, 0.000000000000000000 ) ) ;
#3141 = VECTOR ( 'NONE', #8408, 39.37007874015748143 ) ;
#3142 = CARTESIAN_POINT ( 'NONE',  ( 0.4284853778631531607, 0.1471442305820586383, 0.002000000000000000042 ) ) ;
#3143 = CARTESIAN_POINT ( 'NONE',  ( 0.7643679734794874836, 0.1674930139256022299, 0.000000000000000000 ) ) ;
#3144 = AXIS2_PLACEMENT_3D ( 'NONE', #6430, #8773, #5542 ) ;
#3145 = LINE ( 'NONE', #6336, #6967 ) ;
#3146 = ORIENTED_EDGE ( 'NONE', *, *, #5980, .T. ) ;
#3147 = EDGE_LOOP ( 'NONE', ( #8533 ) ) ;
#3148 = ORIENTED_EDGE ( 'NONE', *, *, #6242, .T. ) ;
#3149 = FACE_OUTER_BOUND ( 'NONE', #4231, .T. ) ;
#3150 = LINE ( 'NONE', #2427, #7875 ) ;
#3151 = AXIS2_PLACEMENT_3D ( 'NONE', #3077, #6265, #9449 ) ;
#3152 = CARTESIAN_POINT ( 'NONE',  ( 0.5464999999999998748, 0.1784999999999998255, 0.2379999999999999893 ) ) ;
#3153 = ORIENTED_EDGE ( 'NONE', *, *, #846, .F. ) ;
#3154 = ORIENTED_EDGE ( 'NONE', *, *, #9422, .F. ) ;
#3155 = VERTEX_POINT ( 'NONE', #3595 ) ;
#3156 = CARTESIAN_POINT ( 'NONE',  ( 0.4309999999999999387, 0.03300000000000000155, -0.3054999999999999938 ) ) ;
#3157 = EDGE_LOOP ( 'NONE', ( #3678, #9185, #9104, #7757 ) ) ;
#3158 = DIRECTION ( 'NONE',  ( 0.7071067811865466846, -0.7071067811865483499, 0.000000000000000000 ) ) ;
#3159 = CARTESIAN_POINT ( 'NONE',  ( 0.8292749693297623015, 0.3246003312804244811, 0.002000000000000000042 ) ) ;
#3160 = CARTESIAN_POINT ( 'NONE',  ( 0.3714999999999998304, 0.4234999999999998765, 0.2080000000000000460 ) ) ;
#3161 = FACE_OUTER_BOUND ( 'NONE', #3349, .T. ) ;
#3162 = ADVANCED_FACE ( 'NONE', ( #2812 ), #5997, .T. ) ;
#3163 = LINE ( 'NONE', #6356, #7026 ) ;
#3164 = EDGE_CURVE ( 'NONE', #5959, #7420, #2079, .T. ) ;
#3165 = ORIENTED_EDGE ( 'NONE', *, *, #8248, .F. ) ;
#3166 = DIRECTION ( 'NONE',  ( 0.000000000000000000, -1.000000000000000000, 0.000000000000000000 ) ) ;
#3167 = EDGE_CURVE ( 'NONE', #4459, #7922, #8152, .T. ) ;
#3168 = DIRECTION ( 'NONE',  ( 1.000000000000000000, 0.000000000000000000, 0.000000000000000000 ) ) ;
#3169 = DIRECTION ( 'NONE',  ( -0.000000000000000000, -0.000000000000000000, -1.000000000000000000 ) ) ;
#3170 = CARTESIAN_POINT ( 'NONE',  ( 0.2586835555200637238, 0.3394908818425781960, 0.000000000000000000 ) ) ;
#3171 = VECTOR ( 'NONE', #1691, 39.37007874015748143 ) ;
#3172 = EDGE_LOOP ( 'NONE', ( #3785, #4833, #8110, #1537 ) ) ;
#3173 = CARTESIAN_POINT ( 'NONE',  ( 0.8163273202156631214, 0.3314581819964155796, 0.002000000000000000042 ) ) ;
#3174 = CARTESIAN_POINT ( 'NONE',  ( 0.4009999999999999676, 0.3154999999999998361, 0.000000000000000000 ) ) ;
#3175 = CARTESIAN_POINT ( 'NONE',  ( 0.7714999999999999636, 0.07050000000000002098, 0.1079999999999999849 ) ) ;
#3176 = DIRECTION ( 'NONE',  ( -0.000000000000000000, 1.000000000000000000, -0.000000000000000000 ) ) ;
#3177 = CARTESIAN_POINT ( 'NONE',  ( 0.5389999999999999236, 0.2034999999999998199, 0.2304999999999999827 ) ) ;
#3178 = CARTESIAN_POINT ( 'NONE',  ( 0.4309999999999999387, -0.1250000000000000000, -0.3305000000000000160 ) ) ;
#3179 = ORIENTED_EDGE ( 'NONE', *, *, #6626, .T. ) ;
#3180 = CARTESIAN_POINT ( 'NONE',  ( 0.7619999999999997886, 0.1984999999999998155, 0.2354999999999999871 ) ) ;
#3181 = ORIENTED_EDGE ( 'NONE', *, *, #8156, .F. ) ;
#3182 = VERTEX_POINT ( 'NONE', #1290 ) ;
#3183 = CARTESIAN_POINT ( 'NONE',  ( 0.7803121544116682351, 0.1607790876599789753, 0.002000000000000000042 ) ) ;
#3184 = ORIENTED_EDGE ( 'NONE', *, *, #2600, .F. ) ;
#3185 = CARTESIAN_POINT ( 'NONE',  ( 0.6739999999999999325, -0.1250000000000000000, -0.3054999999999999938 ) ) ;
#3186 = DIRECTION ( 'NONE',  ( -0.5773502691896257311, -0.5773502691896257311, -0.5773502691896257311 ) ) ;
#3187 = LINE ( 'NONE', #7952, #10069 ) ;
#3188 = VECTOR ( 'NONE', #6592, 39.37007874015748143 ) ;
#3189 = B_SPLINE_SURFACE_WITH_KNOTS ( 'NONE', 3, 1, ( 
 ( #974, #1965 ),
 ( #1126, #5155 ),
 ( #5985, #4268 ),
 ( #9904, #6572 ),
 ( #2592, #180 ),
 ( #5783, #3373 ),
 ( #2749, #4155 ),
 ( #1808, #4996 ),
 ( #8341, #5883 ),
 ( #1919, #9746 ),
 ( #1021, #7452 ),
 ( #4211, #7347 ),
 ( #7403, #7504 ),
 ( #237, #3426 ),
 ( #6618, #2644 ),
 ( #6772, #5832 ),
 ( #9016, #1860 ),
 ( #9169, #285 ),
 ( #3479, #6671 ) ),
 .UNSPECIFIED., .F., .F., .F.,
 ( 4, 1, 1, 1, 1, 1, 1, 1, 1, 1, 1, 1, 1, 1, 1, 1, 4 ),
 ( 2, 2 ),
 ( 0.000000000000000000, 0.06597116738556887960, 0.1299948203797410273, 0.1922406054388076102, 0.2541186554738964487, 0.3151128852375157940, 0.3767876776343475065, 0.4394829946412931454, 0.5039345685544647235, 0.5683598099065139131, 0.6309738802482213194, 0.6918009640577033048, 0.7522292233243607074, 0.8125520905116214720, 0.8736949733954679775, 0.9360864297056974426, 1.000000000000000000 ),
 ( 0.000000000000000000, 1.000000000000000000 ),
 .UNSPECIFIED. ) ;
#3190 = CARTESIAN_POINT ( 'NONE',  ( 0.6479999999999999094, 0.1859999999999998044, 0.2379999999999999893 ) ) ;
#3191 = VECTOR ( 'NONE', #4969, 39.37007874015748143 ) ;
#3192 = CARTESIAN_POINT ( 'NONE',  ( 0.8265345791645276607, 0.3379256641452954568, 0.002000000000000000042 ) ) ;
#3193 = CIRCLE ( 'NONE', #861, 0.07200000000000000844 ) ;
#3194 = CARTESIAN_POINT ( 'NONE',  ( 0.8119999999999999440, 0.2904999999999998139, 0.2305000000000000104 ) ) ;
#3195 = FACE_OUTER_BOUND ( 'NONE', #5861, .T. ) ;
#3196 = EDGE_LOOP ( 'NONE', ( #913, #887, #3795, #6561 ) ) ;
#3197 = VERTEX_POINT ( 'NONE', #6834 ) ;
#3198 = VERTEX_POINT ( 'NONE', #4479 ) ;
#3199 = DIRECTION ( 'NONE',  ( 0.8930733842936222633, -0.4499110248330619455, 0.000000000000000000 ) ) ;
#3200 = EDGE_CURVE ( 'NONE', #10005, #4144, #2126, .T. ) ;
#3201 = ADVANCED_FACE ( 'NONE', ( #5321 ), #4587, .T. ) ;
#3202 = FACE_OUTER_BOUND ( 'NONE', #5716, .T. ) ;
#3203 = AXIS2_PLACEMENT_3D ( 'NONE', #485, #9899, #6869 ) ;
#3204 = AXIS2_PLACEMENT_3D ( 'NONE', #114, #5718, #4979 ) ;
#3205 = AXIS2_PLACEMENT_3D ( 'NONE', #9383, #1487, #1391 ) ;
#3206 = VECTOR ( 'NONE', #9292, 39.37007874015748143 ) ;
#3207 = CARTESIAN_POINT ( 'NONE',  ( 0.3759999999999999454, 0.2904999999999998139, 0.2305000000000000104 ) ) ;
#3208 = ORIENTED_EDGE ( 'NONE', *, *, #4951, .F. ) ;
#3209 = ORIENTED_EDGE ( 'NONE', *, *, #4579, .T. ) ;
#3210 = VECTOR ( 'NONE', #6451, 39.37007874015748143 ) ;
#3211 = CARTESIAN_POINT ( 'NONE',  ( 0.8369999999999999662, -0.1174999999999999933, -0.4174999999999999822 ) ) ;
#3212 = ORIENTED_EDGE ( 'NONE', *, *, #6979, .F. ) ;
#3213 = EDGE_CURVE ( 'NONE', #1773, #3650, #9386, .T. ) ;
#3214 = CARTESIAN_POINT ( 'NONE',  ( 0.7686679759920205246, 0.1615311197412958588, 0.002000000000000000042 ) ) ;
#3215 = CARTESIAN_POINT ( 'NONE',  ( 0.8308736298467503945, 0.3254808168012337521, 0.002000000000000000042 ) ) ;
#3216 = FACE_BOUND ( 'NONE', #9978, .T. ) ;
#3217 = DIRECTION ( 'NONE',  ( 0.5773502691896270633, -0.5773502691896230665, 0.5773502691896270633 ) ) ;
#3218 = DIRECTION ( 'NONE',  ( 0.000000000000000000, 1.000000000000000000, 0.000000000000000000 ) ) ;
#3219 = AXIS2_PLACEMENT_3D ( 'NONE', #3912, #10278, #2336 ) ;
#3220 = VECTOR ( 'NONE', #10181, 39.37007874015748143 ) ;
#3221 = ORIENTED_EDGE ( 'NONE', *, *, #7241, .T. ) ;
#3222 = CARTESIAN_POINT ( 'NONE',  ( 0.6139999999999999902, 0.2954999999999998184, 0.2354999999999999871 ) ) ;
#3223 = CARTESIAN_POINT ( 'NONE',  ( 0.4350425402436303157, 0.1509865907482985381, 0.000000000000000000 ) ) ;
#3224 = CARTESIAN_POINT ( 'NONE',  ( 0.7734197376554778902, 0.1667839374997612811, 0.000000000000000000 ) ) ;
#3225 = EDGE_CURVE ( 'NONE', #10191, #6585, #8505, .T. ) ;
#3226 = CARTESIAN_POINT ( 'NONE',  ( 1.212999999999999856, 0.4940000000000003277, -0.09500000000000001499 ) ) ;
#3227 = VECTOR ( 'NONE', #4527, 39.37007874015748143 ) ;
#3228 = VERTEX_POINT ( 'NONE', #6255 ) ;
#3229 = CARTESIAN_POINT ( 'NONE',  ( 0.8267504197033648250, 0.3290105380740397933, 0.000000000000000000 ) ) ;
#3230 = CARTESIAN_POINT ( 'NONE',  ( 0.8782586961495976174, 0.3514999999999999791, 0.000000000000000000 ) ) ;
#3231 = EDGE_CURVE ( 'NONE', #8618, #3897, #2279, .T. ) ;
#3232 = VECTOR ( 'NONE', #760, 39.37007874015748143 ) ;
#3233 = FACE_OUTER_BOUND ( 'NONE', #353, .T. ) ;
#3234 = CARTESIAN_POINT ( 'NONE',  ( 0.6489999999999999103, -0.1250000000000000000, -0.3305000000000000160 ) ) ;
#3235 = DIRECTION ( 'NONE',  ( 0.000000000000000000, 1.000000000000000000, 0.000000000000000000 ) ) ;
#3236 = VECTOR ( 'NONE', #6151, 39.37007874015748143 ) ;
#3237 = LINE ( 'NONE', #4807, #3644 ) ;
#3238 = ORIENTED_EDGE ( 'NONE', *, *, #9122, .T. ) ;
#3239 = CARTESIAN_POINT ( 'NONE',  ( 0.4421724719503092316, 0.1658871284168743354, 0.002000000000000000042 ) ) ;
#3240 = ORIENTED_EDGE ( 'NONE', *, *, #5061, .T. ) ;
#3241 = ORIENTED_EDGE ( 'NONE', *, *, #6462, .F. ) ;
#3242 = LINE ( 'NONE', #942, #3894 ) ;
#3243 = ORIENTED_EDGE ( 'NONE', *, *, #8653, .T. ) ;
#3244 = LINE ( 'NONE', #8878, #5728 ) ;
#3245 = ADVANCED_FACE ( 'NONE', ( #3697 ), #3860, .T. ) ;
#3246 = CARTESIAN_POINT ( 'NONE',  ( 0.7693552695696995736, 0.1548119441406696217, 0.000000000000000000 ) ) ;
#3247 = EDGE_CURVE ( 'NONE', #2685, #2442, #3307, .T. ) ;
#3248 = PLANE ( 'NONE',  #3052 ) ;
#3249 = DIRECTION ( 'NONE',  ( -1.000000000000000000, 0.000000000000000000, 0.000000000000000000 ) ) ;
#3250 = DIRECTION ( 'NONE',  ( 0.000000000000000000, -0.7071067811865474617, -0.7071067811865474617 ) ) ;
#3251 = EDGE_CURVE ( 'NONE', #314, #680, #2178, .T. ) ;
#3252 = DIRECTION ( 'NONE',  ( 1.000000000000000000, 0.000000000000000000, 9.897999977044435649E-17 ) ) ;
#3253 = DIRECTION ( 'NONE',  ( 0.000000000000000000, 0.000000000000000000, -1.000000000000000000 ) ) ;
#3254 = ORIENTED_EDGE ( 'NONE', *, *, #2570, .F. ) ;
#3255 = ORIENTED_EDGE ( 'NONE', *, *, #7780, .F. ) ;
#3256 = EDGE_LOOP ( 'NONE', ( #5874, #10279, #8942, #8160 ) ) ;
#3257 = DIRECTION ( 'NONE',  ( 0.000000000000000000, 1.000000000000000000, 0.000000000000000000 ) ) ;
#3258 = DIRECTION ( 'NONE',  ( -1.000000000000000000, -0.000000000000000000, -0.000000000000000000 ) ) ;
#3259 = B_SPLINE_CURVE_WITH_KNOTS ( 'NONE', 3,
 ( #6166, #2927, #1303, #2291, #2189, #6217, #2976, #7736, #5438, #7838, #676, #8615, #7103, #5384, #7002, #1453, #4652, #5281, #3024 ),
 .UNSPECIFIED., .F., .F.,
 ( 4, 1, 1, 1, 1, 1, 1, 1, 1, 1, 1, 1, 1, 1, 1, 1, 4 ),
 ( 0.000000000000000000, 0.06675541313744945415, 0.1317279436682022020, 0.1948100844364477613, 0.2568986387839142238, 0.3187508905638020140, 0.3803512888945377868, 0.4433244176166949990, 0.5074626919635735200, 0.5715056738698102157, 0.6333612917281085108, 0.6939415159323158999, 0.7539288461040355438, 0.8138015296774597784, 0.8745236442162195312, 0.9362219827335219735, 1.000000000000000000 ),
 .UNSPECIFIED. ) ;
#3260 = VECTOR ( 'NONE', #4205, 39.37007874015748143 ) ;
#3261 = CARTESIAN_POINT ( 'NONE',  ( 0.4335497650631184863, 0.1468765576833045705, 0.002000000000000000042 ) ) ;
#3262 = VERTEX_POINT ( 'NONE', #10227 ) ;
#3263 = ORIENTED_EDGE ( 'NONE', *, *, #6403, .F. ) ;
#3264 = ORIENTED_EDGE ( 'NONE', *, *, #5696, .F. ) ;
#3265 = CARTESIAN_POINT ( 'NONE',  ( 0.6414999999999998481, 0.4234999999999998765, 0.1079999999999999988 ) ) ;
#3266 = EDGE_CURVE ( 'NONE', #6098, #2945, #615, .T. ) ;
#3267 = CARTESIAN_POINT ( 'NONE',  ( 0.4350425402436303157, 0.1509865907482985381, 0.002000000000000000042 ) ) ;
#3268 = FACE_BOUND ( 'NONE', #2210, .T. ) ;
#3269 = CARTESIAN_POINT ( 'NONE',  ( 1.098999999999999977, 0.000000000000000000, -0.4455000000000000071 ) ) ;
#3270 = ADVANCED_FACE ( 'NONE', ( #5269 ), #3065, .F. ) ;
#3271 = DIRECTION ( 'NONE',  ( 1.000000000000000000, -0.000000000000000000, -0.000000000000000000 ) ) ;
#3272 = ORIENTED_EDGE ( 'NONE', *, *, #6063, .T. ) ;
#3273 = DIRECTION ( 'NONE',  ( 0.5773502691896252870, -0.5773502691896267303, -0.5773502691896252870 ) ) ;
#3274 = CARTESIAN_POINT ( 'NONE',  ( 0.4407058175849807857, 0.1476747652060336757, 0.000000000000000000 ) ) ;
#3275 = LINE ( 'NONE', #2496, #8127 ) ;
#3276 = CARTESIAN_POINT ( 'NONE',  ( 0.4372836240658811713, 0.1562780136095502093, 0.000000000000000000 ) ) ;
#3277 = ORIENTED_EDGE ( 'NONE', *, *, #2721, .T. ) ;
#3278 = CARTESIAN_POINT ( 'NONE',  ( 0.8295431898153227124, 0.3312698693530841121, 0.000000000000000000 ) ) ;
#3279 = LINE ( 'NONE', #6474, #3895 ) ;
#3280 = CARTESIAN_POINT ( 'NONE',  ( 0.8247900844845695856, 0.3426969127652157443, 0.002000000000000000042 ) ) ;
#3281 = ADVANCED_FACE ( 'NONE', ( #3113 ), #5527, .F. ) ;
#3282 = CARTESIAN_POINT ( 'NONE',  ( 0.8295431898153227124, 0.3312698693530841121, 0.002000000000000000042 ) ) ;
#3283 = DIRECTION ( 'NONE',  ( -0.000000000000000000, 0.7071067811865475727, 0.7071067811865475727 ) ) ;
#3284 = CARTESIAN_POINT ( 'NONE',  ( 0.8263481930377442053, 0.3289561985474221961, 0.000000000000000000 ) ) ;
#3285 = EDGE_LOOP ( 'NONE', ( #4137, #1373, #5027, #9534 ) ) ;
#3286 = DIRECTION ( 'NONE',  ( -0.7071067811865491270, 0.000000000000000000, 0.7071067811865459074 ) ) ;
#3287 = ORIENTED_EDGE ( 'NONE', *, *, #325, .F. ) ;
#3288 = ORIENTED_EDGE ( 'NONE', *, *, #2267, .F. ) ;
#3289 = FACE_OUTER_BOUND ( 'NONE', #1582, .T. ) ;
#3290 = EDGE_LOOP ( 'NONE', ( #249, #9992, #1155, #8863 ) ) ;
#3291 = DIRECTION ( 'NONE',  ( 1.000000000000000000, 0.000000000000000000, 0.000000000000000000 ) ) ;
#3292 = VECTOR ( 'NONE', #4617, 39.37007874015748143 ) ;
#3293 = CARTESIAN_POINT ( 'NONE',  ( 0.5649999999999999467, -0.1174999999999999933, -0.3054999999999999938 ) ) ;
#3294 = DIRECTION ( 'NONE',  ( 0.000000000000000000, -0.7071067811865466846, -0.7071067811865483499 ) ) ;
#3295 = CARTESIAN_POINT ( 'NONE',  ( 0.8119999999999999440, 0.2904999999999998139, 0.2305000000000000104 ) ) ;
#3296 = DIRECTION ( 'NONE',  ( 0.000000000000000000, 0.000000000000000000, 1.000000000000000000 ) ) ;
#3297 = CARTESIAN_POINT ( 'NONE',  ( 1.212999999999999856, 0.1299999999999998657, -0.1659999999999999531 ) ) ;
#3298 = DIRECTION ( 'NONE',  ( 0.000000000000000000, 0.000000000000000000, -1.000000000000000000 ) ) ;
#3299 = ORIENTED_EDGE ( 'NONE', *, *, #10133, .T. ) ;
#3300 = VERTEX_POINT ( 'NONE', #5736 ) ;
#3301 = EDGE_LOOP ( 'NONE', ( #1694, #6767, #5183, #1057 ) ) ;
#3302 = LINE ( 'NONE', #218, #10053 ) ;
#3303 = CARTESIAN_POINT ( 'NONE',  ( 0.7569999999999998952, 0.2034999999999998199, 0.000000000000000000 ) ) ;
#3304 = EDGE_CURVE ( 'NONE', #9502, #3001, #8857, .T. ) ;
#3305 = VECTOR ( 'NONE', #1467, 39.37007874015748143 ) ;
#3306 = ADVANCED_FACE ( 'NONE', ( #2443 ), #8763, .T. ) ;
#3307 = CIRCLE ( 'NONE', #3979, 0.06250000000000000000 ) ;
#3308 = DIRECTION ( 'NONE',  ( 0.000000000000000000, 0.000000000000000000, -1.000000000000000000 ) ) ;
#3309 = VERTEX_POINT ( 'NONE', #4056 ) ;
#3310 = ORIENTED_EDGE ( 'NONE', *, *, #1609, .T. ) ;
#3311 = VERTEX_POINT ( 'NONE', #4792 ) ;
#3312 = VECTOR ( 'NONE', #5178, 39.37007874015748143 ) ;
#3313 = CARTESIAN_POINT ( 'NONE',  ( 0.5939999999999999725, 0.3154999999999998361, 0.000000000000000000 ) ) ;
#3314 = CARTESIAN_POINT ( 'NONE',  ( 0.6479999999999999094, 0.2034999999999998199, 0.2304999999999999827 ) ) ;
#3315 = LINE ( 'NONE', #122, #3767 ) ;
#3316 = LINE ( 'NONE', #8023, #10085 ) ;
#3317 = PLANE ( 'NONE',  #9194 ) ;
#3318 = VERTEX_POINT ( 'NONE', #7876 ) ;
#3319 = DIRECTION ( 'NONE',  ( -0.000000000000000000, -1.000000000000000000, -0.000000000000000000 ) ) ;
#3320 = VECTOR ( 'NONE', #423, 39.37007874015748143 ) ;
#3321 = DIRECTION ( 'NONE',  ( -1.000000000000000000, 0.000000000000000000, 0.000000000000000000 ) ) ;
#3322 = CARTESIAN_POINT ( 'NONE',  ( 0.5100000000000000089, -0.1250000000000000000, -0.4349999999999999423 ) ) ;
#3323 = CARTESIAN_POINT ( 'NONE',  ( 0.4405500186030285592, 0.1556581882911906300, 0.002000000000000000042 ) ) ;
#3324 = ORIENTED_EDGE ( 'NONE', *, *, #6009, .F. ) ;
#3325 = DIRECTION ( 'NONE',  ( -1.000000000000000000, 0.000000000000000000, 2.439149994343095118E-16 ) ) ;
#3326 = CARTESIAN_POINT ( 'NONE',  ( 0.6489999999999999103, -0.1250000000000000000, -0.3054999999999999938 ) ) ;
#3327 = EDGE_CURVE ( 'NONE', #6272, #4234, #4898, .T. ) ;
#3328 = DIRECTION ( 'NONE',  ( -1.000000000000000000, 0.000000000000000000, 0.000000000000000000 ) ) ;
#3329 = CARTESIAN_POINT ( 'NONE',  ( 0.4309999999999999387, -0.1174999999999999933, -0.3054999999999999938 ) ) ;
#3330 = ADVANCED_FACE ( 'NONE', ( #1654 ), #8709, .F. ) ;
#3331 = LINE ( 'NONE', #8821, #5382 ) ;
#3332 = CARTESIAN_POINT ( 'NONE',  ( 0.8288146629399767429, 0.3302127199837811000, 0.000000000000000000 ) ) ;
#3333 = CARTESIAN_POINT ( 'NONE',  ( 0.6189999999999999947, 0.3154999999999998361, 0.000000000000000000 ) ) ;
#3334 = VECTOR ( 'NONE', #6929, 39.37007874015748143 ) ;
#3335 = ORIENTED_EDGE ( 'NONE', *, *, #7439, .F. ) ;
#3336 = LINE ( 'NONE', #9710, #630 ) ;
#3337 = ORIENTED_EDGE ( 'NONE', *, *, #3231, .T. ) ;
#3338 = MANIFOLD_SOLID_BREP ( 'Extrude11', #10184 ) ;
#3339 = ORIENTED_EDGE ( 'NONE', *, *, #6647, .F. ) ;
#3340 = CARTESIAN_POINT ( 'NONE',  ( 0.4924999999999999933, -0.1250000000000000000, -0.4349999999999999423 ) ) ;
#3341 = ORIENTED_EDGE ( 'NONE', *, *, #6849, .F. ) ;
#3342 = CARTESIAN_POINT ( 'NONE',  ( 1.212999999999999856, 0.4314999999999999392, -0.09500000000000001499 ) ) ;
#3343 = CARTESIAN_POINT ( 'NONE',  ( 0.7647733655375199557, 0.1583550817730179638, 0.000000000000000000 ) ) ;
#3344 = CARTESIAN_POINT ( 'NONE',  ( 0.8299904759864327186, 0.3336517310320484264, -0.000000000000000000 ) ) ;
#3345 = LINE ( 'NONE', #8784, #6366 ) ;
#3346 = CARTESIAN_POINT ( 'NONE',  ( 0.8272802318896774754, 0.3377649235844176201, 0.002000000000000000042 ) ) ;
#3347 = LINE ( 'NONE', #7375, #6506 ) ;
#3348 = CARTESIAN_POINT ( 'NONE',  ( 0.4407058175849807857, 0.1476747652060336757, 0.002000000000000000042 ) ) ;
#3349 = EDGE_LOOP ( 'NONE', ( #6224, #97, #8047, #8646 ) ) ;
#3350 = ORIENTED_EDGE ( 'NONE', *, *, #9630, .T. ) ;
#3351 = VERTEX_POINT ( 'NONE', #717 ) ;
#3352 = LINE ( 'NONE', #8216, #2706 ) ;
#3353 = EDGE_CURVE ( 'NONE', #1981, #6924, #7143, .T. ) ;
#3354 = PLANE ( 'NONE',  #2043 ) ;
#3355 = VECTOR ( 'NONE', #2252, 39.37007874015748143 ) ;
#3356 = ADVANCED_FACE ( 'NONE', ( #765 ), #8080, .T. ) ;
#3357 = ADVANCED_FACE ( 'NONE', ( #4002 ), #10326, .T. ) ;
#3358 = VECTOR ( 'NONE', #1019, 39.37007874015748143 ) ;
#3359 = AXIS2_PLACEMENT_3D ( 'NONE', #6109, #4486, #8414 ) ;
#3360 = CARTESIAN_POINT ( 'NONE',  ( 0.8221867378353958644, 0.3312601162931228527, 0.002000000000000000042 ) ) ;
#3361 = ORIENTED_EDGE ( 'NONE', *, *, #10151, .T. ) ;
#3362 = ORIENTED_EDGE ( 'NONE', *, *, #1927, .T. ) ;
#3363 = VERTEX_POINT ( 'NONE', #7193 ) ;
#3364 = PLANE ( 'NONE',  #2889 ) ;
#3365 = VECTOR ( 'NONE', #4726, 39.37007874015748143 ) ;
#3366 = FACE_OUTER_BOUND ( 'NONE', #6604, .T. ) ;
#3367 = EDGE_CURVE ( 'NONE', #1206, #7590, #6358, .T. ) ;
#3368 = CARTESIAN_POINT ( 'NONE',  ( 0.3759999999999999454, 0.3154999999999998361, 0.000000000000000000 ) ) ;
#3369 = VECTOR ( 'NONE', #7870, 39.37007874015748143 ) ;
#3370 = CARTESIAN_POINT ( 'NONE',  ( 1.038499999999999979, 0.2469999999999999418, -0.09499999999999994560 ) ) ;
#3371 = CARTESIAN_POINT ( 'NONE',  ( 0.4407058175849807857, 0.1476747652060336757, 0.000000000000000000 ) ) ;
#3372 = EDGE_LOOP ( 'NONE', ( #3263, #7264, #8540, #4878 ) ) ;
#3373 = CARTESIAN_POINT ( 'NONE',  ( 0.7640057994922163642, 0.1667345974078531246, 0.000000000000000000 ) ) ;
#3374 = VECTOR ( 'NONE', #4778, 39.37007874015748143 ) ;
#3375 = CARTESIAN_POINT ( 'NONE',  ( 0.4406718910199168837, 0.1468624070588128161, 0.000000000000000000 ) ) ;
#3376 = PLANE ( 'NONE',  #6732 ) ;
#3377 = VERTEX_POINT ( 'NONE', #1758 ) ;
#3378 = FACE_OUTER_BOUND ( 'NONE', #9826, .T. ) ;
#3379 = DIRECTION ( 'NONE',  ( 0.000000000000000000, -1.000000000000000000, 0.000000000000000000 ) ) ;
#3380 = DIRECTION ( 'NONE',  ( -0.000000000000000000, -0.000000000000000000, -1.000000000000000000 ) ) ;
#3381 = DIRECTION ( 'NONE',  ( 1.000000000000000000, 0.000000000000000000, 0.000000000000000000 ) ) ;
#3382 = VECTOR ( 'NONE', #9441, 39.37007874015748143 ) ;
#3383 = VECTOR ( 'NONE', #5377, 39.37007874015748143 ) ;
#3384 = CARTESIAN_POINT ( 'NONE',  ( 0.7279999999999999805, 0.3154999999999998361, 0.000000000000000000 ) ) ;
#3385 = CARTESIAN_POINT ( 'NONE',  ( 0.8299856055626168017, 0.3330094841146843954, 0.000000000000000000 ) ) ;
#3386 = EDGE_CURVE ( 'NONE', #5171, #10102, #7090, .T. ) ;
#3387 = CARTESIAN_POINT ( 'NONE',  ( 0.7829999999999999183, -0.1174999999999999933, -0.3054999999999999938 ) ) ;
#3388 = CC_DESIGN_DATE_AND_TIME_ASSIGNMENT ( #1124, #9900, ( #7859 ) ) ;
#3389 = ORIENTED_EDGE ( 'NONE', *, *, #4363, .F. ) ;
#3390 = AXIS2_PLACEMENT_3D ( 'NONE', #3736, #1121, #3524 ) ;
#3391 = CARTESIAN_POINT ( 'NONE',  ( 0.6114999999999999325, -0.1250000000000000000, -0.4174999999999999822 ) ) ;
#3392 = ORIENTED_EDGE ( 'NONE', *, *, #4415, .T. ) ;
#3393 = VECTOR ( 'NONE', #7408, 39.37007874015748143 ) ;
#3394 = ORIENTED_EDGE ( 'NONE', *, *, #808, .T. ) ;
#3395 = DIRECTION ( 'NONE',  ( -0.5773502691896257311, 0.5773502691896257311, -0.5773502691896257311 ) ) ;
#3396 = ORIENTED_EDGE ( 'NONE', *, *, #5308, .T. ) ;
#3397 = CARTESIAN_POINT ( 'NONE',  ( 0.7714999999999999636, 0.4234999999999998765, 0.2079999999999999627 ) ) ;
#3398 = EDGE_CURVE ( 'NONE', #5667, #5724, #1703, .T. ) ;
#3399 = CARTESIAN_POINT ( 'NONE',  ( 0.7569999999999998952, 0.1784999999999998255, 0.2379999999999999893 ) ) ;
#3400 = LINE ( 'NONE', #895, #8896 ) ;
#3401 = VECTOR ( 'NONE', #3657, 39.37007874015748143 ) ;
#3402 = CARTESIAN_POINT ( 'NONE',  ( 0.7658955156425997224, 0.1695564879887868359, 0.002000000000000000042 ) ) ;
#3403 = CARTESIAN_POINT ( 'NONE',  ( 0.8299904759864327186, 0.3336517310320484264, 0.002000000000000000042 ) ) ;
#3404 = ADVANCED_FACE ( 'NONE', ( #924 ), #4103, .F. ) ;
#3405 = ORIENTED_EDGE ( 'NONE', *, *, #2691, .F. ) ;
#3406 = CARTESIAN_POINT ( 'NONE',  ( 0.4406671373630925426, 0.1484699529602993839, 0.002000000000000000042 ) ) ;
#3407 = EDGE_LOOP ( 'NONE', ( #3599, #9323, #2978, #1322 ) ) ;
#3408 = ORIENTED_EDGE ( 'NONE', *, *, #5722, .F. ) ;
#3409 = VERTEX_POINT ( 'NONE', #6419 ) ;
#3410 = DIRECTION ( 'NONE',  ( -0.000000000000000000, -0.000000000000000000, -1.000000000000000000 ) ) ;
#3411 = EDGE_LOOP ( 'NONE', ( #7653, #1669, #2920, #4947 ) ) ;
#3412 = CYLINDRICAL_SURFACE ( 'NONE', #6384, 0.07199999999999993905 ) ;
#3413 = CYLINDRICAL_SURFACE ( 'NONE', #4543, 0.06199999999999990935 ) ;
#3414 = EDGE_CURVE ( 'NONE', #8410, #5714, #130, .T. ) ;
#3415 = DIRECTION ( 'NONE',  ( -0.000000000000000000, 0.000000000000000000, 1.000000000000000000 ) ) ;
#3416 = ADVANCED_FACE ( 'NONE', ( #6520 ), #9693, .F. ) ;
#3417 = VERTEX_POINT ( 'NONE', #8288 ) ;
#3418 = ORIENTED_EDGE ( 'NONE', *, *, #1749, .T. ) ;
#3419 = ORIENTED_EDGE ( 'NONE', *, *, #777, .T. ) ;
#3420 = CARTESIAN_POINT ( 'NONE',  ( 0.8414999999999999147, 0.4234999999999998765, 0.2079999999999999627 ) ) ;
#3421 = CARTESIAN_POINT ( 'NONE',  ( 0.7713478439468335335, 0.1591816614238785454, 0.002000000000000000042 ) ) ;
#3422 = DIRECTION ( 'NONE',  ( 0.000000000000000000, -1.000000000000000000, 0.000000000000000000 ) ) ;
#3423 = LINE ( 'NONE', #921, #8749 ) ;
#3424 = DIRECTION ( 'NONE',  ( 0.000000000000000000, 1.000000000000000000, 0.000000000000000000 ) ) ;
#3425 = ORIENTED_EDGE ( 'NONE', *, *, #2721, .F. ) ;
#3426 = CARTESIAN_POINT ( 'NONE',  ( 0.7686740178978462845, 0.1714675587123215550, 0.000000000000000000 ) ) ;
#3427 = ADVANCED_FACE ( 'NONE', ( #5051 ), #4317, .T. ) ;
#3428 = FACE_OUTER_BOUND ( 'NONE', #7633, .T. ) ;
#3429 = FACE_OUTER_BOUND ( 'NONE', #5768, .T. ) ;
#3430 = ORIENTED_EDGE ( 'NONE', *, *, #7093, .T. ) ;
#3431 = DIRECTION ( 'NONE',  ( -0.8912577427698298305, 0.4534971179101669470, 0.000000000000000000 ) ) ;
#3432 = CARTESIAN_POINT ( 'NONE',  ( 0.4356554343837245047, 0.1513428427986651670, 0.000000000000000000 ) ) ;
#3433 = FACE_OUTER_BOUND ( 'NONE', #4926, .T. ) ;
#3434 = CARTESIAN_POINT ( 'NONE',  ( 0.8299936168305240836, 0.3334923922655684270, 0.002000000000000000042 ) ) ;
#3435 = EDGE_CURVE ( 'NONE', #438, #1506, #9795, .T. ) ;
#3436 = CARTESIAN_POINT ( 'NONE',  ( 0.7569999999999998952, 0.1784999999999998255, 0.000000000000000000 ) ) ;
#3437 = DIRECTION ( 'NONE',  ( 0.000000000000000000, 1.000000000000000000, 0.000000000000000000 ) ) ;
#3438 = DIRECTION ( 'NONE',  ( -0.000000000000000000, -0.000000000000000000, -1.000000000000000000 ) ) ;
#3439 = EDGE_LOOP ( 'NONE', ( #2512, #2581, #5775, #3509, #74, #5753, #2408 ) ) ;
#3440 = CARTESIAN_POINT ( 'NONE',  ( 0.4288225750182799167, 0.1499635905592750507, 0.002000000000000000042 ) ) ;
#3441 = ORIENTED_EDGE ( 'NONE', *, *, #5360, .F. ) ;
#3442 = VERTEX_POINT ( 'NONE', #8179 ) ;
#3443 = LINE ( 'NONE', #6635, #10032 ) ;
#3444 = LINE ( 'NONE', #1777, #8065 ) ;
#3445 = PLANE ( 'NONE',  #9048 ) ;
#3446 = CARTESIAN_POINT ( 'NONE',  ( 1.026000000000000245, 0.05400000000000002714, -0.3734999999999999987 ) ) ;
#3447 = CARTESIAN_POINT ( 'NONE',  ( 0.8452586961495975881, 0.1424999999999999878, 0.2379999999999999893 ) ) ;
#3448 = CARTESIAN_POINT ( 'NONE',  ( 0.4373020258453021447, 0.1437048497854404028, 0.002000000000000000042 ) ) ;
#3449 = ADVANCED_FACE ( 'NONE', ( #8238 ), #3189, .T. ) ;
#3450 = ADVANCED_FACE ( 'NONE', ( #390, #8126, #9848 ), #2696, .T. ) ;
#3451 = VERTEX_POINT ( 'NONE', #6723 ) ;
#3452 = AXIS2_PLACEMENT_3D ( 'NONE', #7, #5506, #5713 ) ;
#3453 = CARTESIAN_POINT ( 'NONE',  ( 0.4370419913543520107, 0.1516027016097293567, 0.002000000000000000042 ) ) ;
#3454 = VERTEX_POINT ( 'NONE', #9120 ) ;
#3455 = VERTEX_POINT ( 'NONE', #1175 ) ;
#3456 = ORIENTED_EDGE ( 'NONE', *, *, #2943, .T. ) ;
#3457 = CARTESIAN_POINT ( 'NONE',  ( 0.6729999999999999316, 0.1784999999999998255, 0.000000000000000000 ) ) ;
#3458 = ORIENTED_EDGE ( 'NONE', *, *, #2642, .F. ) ;
#3459 = CARTESIAN_POINT ( 'NONE',  ( 0.8316132629808397070, 0.3260594898354562399, 0.000000000000000000 ) ) ;
#3460 = CARTESIAN_POINT ( 'NONE',  ( 0.4322597706885717983, 0.1401457538988492013, 0.000000000000000000 ) ) ;
#3461 = EDGE_CURVE ( 'NONE', #7430, #7224, #4365, .T. ) ;
#3462 = EDGE_CURVE ( 'NONE', #7922, #6571, #9949, .T. ) ;
#3463 = DIRECTION ( 'NONE',  ( -0.000000000000000000, 0.000000000000000000, 1.000000000000000000 ) ) ;
#3464 = VECTOR ( 'NONE', #2247, 39.37007874015748143 ) ;
#3465 = EDGE_CURVE ( 'NONE', #4234, #1812, #8391, .T. ) ;
#3466 = CARTESIAN_POINT ( 'NONE',  ( 0.6596666666666665124, 0.1901666666666665118, 0.2438333333333333464 ) ) ;
#3467 = ORIENTED_EDGE ( 'NONE', *, *, #528, .F. ) ;
#3468 = EDGE_LOOP ( 'NONE', ( #2782, #2447, #3990, #2063 ) ) ;
#3469 = ORIENTED_EDGE ( 'NONE', *, *, #7453, .F. ) ;
#3470 = PLANE ( 'NONE',  #3051 ) ;
#3471 = VECTOR ( 'NONE', #10152, 39.37007874015748854 ) ;
#3472 = CARTESIAN_POINT ( 'NONE',  ( 0.4849999999999999312, -0.1250000000000000000, -0.4425000000000000044 ) ) ;
#3473 = CARTESIAN_POINT ( 'NONE',  ( 0.6564999999999999725, -0.1250000000000000000, -0.3230000000000000093 ) ) ;
#3474 = PERSON_AND_ORGANIZATION ( #5486, #9908 ) ;
#3475 = B_SPLINE_CURVE_WITH_KNOTS ( 'NONE', 3,
 ( #9581, #8011, #4037, #3888, #7075, #4830, #649, #3937, #9421, #9370, #10307 ),
 .UNSPECIFIED., .F., .F.,
 ( 4, 1, 1, 1, 1, 1, 1, 1, 4 ),
 ( 0.000000000000000000, 0.1230968722812877392, 0.2405034170556010487, 0.3584816461617038041, 0.4824381542669064493, 0.6089240509359661324, 0.7351672660030073025, 0.8637312830652016382, 1.000000000000000000 ),
 .UNSPECIFIED. ) ;
#3476 = CARTESIAN_POINT ( 'NONE',  ( 0.4499999999999999001, 0.1834999999999998299, 0.2354999999999999871 ) ) ;
#3477 = AXIS2_PLACEMENT_3D ( 'NONE', #391, #338, #2645 ) ;
#3478 = ORIENTED_EDGE ( 'NONE', *, *, #10160, .T. ) ;
#3479 = CARTESIAN_POINT ( 'NONE',  ( 0.7719794784938086574, 0.1720873076955684311, 0.002000000000000000042 ) ) ;
#3480 = AXIS2_PLACEMENT_3D ( 'NONE', #8786, #3296, #845 ) ;
#3481 = FACE_OUTER_BOUND ( 'NONE', #4859, .T. ) ;
#3482 = AXIS2_PLACEMENT_3D ( 'NONE', #3909, #7978, #820 ) ;
#3483 = DIRECTION ( 'NONE',  ( 0.000000000000000000, 0.000000000000000000, -1.000000000000000000 ) ) ;
#3484 = ORIENTED_EDGE ( 'NONE', *, *, #6035, .T. ) ;
#3485 = DIRECTION ( 'NONE',  ( -0.4534971179101668914, -0.8912577427698297194, 0.000000000000000000 ) ) ;
#3486 = PLANE ( 'NONE',  #1903 ) ;
#3487 = FACE_OUTER_BOUND ( 'NONE', #6396, .T. ) ;
#3488 = DIRECTION ( 'NONE',  ( -0.000000000000000000, 0.000000000000000000, 1.000000000000000000 ) ) ;
#3489 = ADVANCED_FACE ( 'NONE', ( #2950 ), #490, .T. ) ;
#3490 = LINE ( 'NONE', #1975, #6215 ) ;
#3491 = EDGE_CURVE ( 'NONE', #9794, #7679, #6241, .T. ) ;
#3492 = CARTESIAN_POINT ( 'NONE',  ( 0.8299936168305240836, 0.3334923922655684270, 0.000000000000000000 ) ) ;
#3493 = CARTESIAN_POINT ( 'NONE',  ( 0.3714999999999998304, 0.4234999999999998765, 0.1080000000000000265 ) ) ;
#3494 = ORIENTED_EDGE ( 'NONE', *, *, #7741, .T. ) ;
#3495 = CARTESIAN_POINT ( 'NONE',  ( 0.3677413038504020459, 0.08050000000000000211, 0.2379999999999999893 ) ) ;
#3496 = ORIENTED_EDGE ( 'NONE', *, *, #2948, .F. ) ;
#3497 = ORIENTED_EDGE ( 'NONE', *, *, #3097, .F. ) ;
#3498 = CARTESIAN_POINT ( 'NONE',  ( 0.7805098024657844968, 0.1649838571289137246, 0.002000000000000000042 ) ) ;
#3499 = DIRECTION ( 'NONE',  ( -0.000000000000000000, -0.000000000000000000, -1.000000000000000000 ) ) ;
#3500 = DIRECTION ( 'NONE',  ( 1.000000000000000000, 0.000000000000000000, 0.000000000000000000 ) ) ;
#3501 = CARTESIAN_POINT ( 'NONE',  ( 1.098000000000000087, 0.5082634147716499351, -0.4454999999999999516 ) ) ;
#3502 = CARTESIAN_POINT ( 'NONE',  ( 0.7672159434498222463, 0.1706678706707046578, 0.002000000000000000042 ) ) ;
#3503 = DIRECTION ( 'NONE',  ( -1.000000000000000000, 0.000000000000000000, -0.000000000000000000 ) ) ;
#3504 = ORIENTED_EDGE ( 'NONE', *, *, #2327, .F. ) ;
#3505 = DIRECTION ( 'NONE',  ( 0.000000000000000000, 1.000000000000000000, 0.000000000000000000 ) ) ;
#3506 = ORIENTED_EDGE ( 'NONE', *, *, #9262, .T. ) ;
#3507 = EDGE_CURVE ( 'NONE', #7922, #3228, #9220, .T. ) ;
#3508 = ORIENTED_EDGE ( 'NONE', *, *, #7993, .T. ) ;
#3509 = ORIENTED_EDGE ( 'NONE', *, *, #1666, .F. ) ;
#3510 = DIRECTION ( 'NONE',  ( 0.000000000000000000, 0.000000000000000000, -1.000000000000000000 ) ) ;
#3511 = CARTESIAN_POINT ( 'NONE',  ( 0.7714175419553686019, 0.1425968781582367673, 0.002000000000000000042 ) ) ;
#3512 = VECTOR ( 'NONE', #3893, 39.37007874015748143 ) ;
#3513 = CARTESIAN_POINT ( 'NONE',  ( 0.8323079081556196135, 0.3267172956489783342, 0.000000000000000000 ) ) ;
#3514 = CARTESIAN_POINT ( 'NONE',  ( 0.04199999999999991934, 0.000000000000000000, -0.01499999999999999944 ) ) ;
#3515 = CARTESIAN_POINT ( 'NONE',  ( 0.8169999999999999485, -0.1225000000000000117, -0.4375000000000000000 ) ) ;
#3516 = DIRECTION ( 'NONE',  ( 1.000000000000000000, 0.000000000000000000, 0.000000000000000000 ) ) ;
#3517 = ADVANCED_FACE ( 'NONE', ( #5202 ), #6873, .F. ) ;
#3518 = LINE ( 'NONE', #9602, #7964 ) ;
#3519 = ORIENTED_EDGE ( 'NONE', *, *, #4518, .F. ) ;
#3520 = EDGE_CURVE ( 'NONE', #6087, #8825, #6191, .T. ) ;
#3521 = EDGE_LOOP ( 'NONE', ( #5476, #6646, #4356, #2620 ) ) ;
#3522 = ORIENTED_EDGE ( 'NONE', *, *, #1871, .F. ) ;
#3523 = EDGE_CURVE ( 'NONE', #6643, #9530, #2017, .T. ) ;
#3524 = DIRECTION ( 'NONE',  ( 0.000000000000000000, -0.000000000000000000, 1.000000000000000000 ) ) ;
#3525 = LINE ( 'NONE', #9217, #6877 ) ;
#3526 = VECTOR ( 'NONE', #7975, 39.37007874015748143 ) ;
#3527 = CALENDAR_DATE ( 2025, 21, 2 ) ;
#3528 = ORIENTED_EDGE ( 'NONE', *, *, #2319, .F. ) ;
#3529 = DIRECTION ( 'NONE',  ( 0.000000000000000000, -0.000000000000000000, -1.000000000000000000 ) ) ;
#3530 = EDGE_CURVE ( 'NONE', #5935, #2094, #4575, .T. ) ;
#3531 = DIRECTION ( 'NONE',  ( -0.000000000000000000, 0.000000000000000000, 1.000000000000000000 ) ) ;
#3532 = VECTOR ( 'NONE', #5056, 39.37007874015748143 ) ;
#3533 = ADVANCED_FACE ( 'NONE', ( #6978 ), #9527, .T. ) ;
#3534 = CARTESIAN_POINT ( 'NONE',  ( 0.4457407689694032893, 0.1473881775714292741, 0.002000000000000000042 ) ) ;
#3535 = ORIENTED_EDGE ( 'NONE', *, *, #8298, .T. ) ;
#3536 = CARTESIAN_POINT ( 'NONE',  ( -3.551358426084892890E-17, 0.1140000000000000319, -0.4899999999999999911 ) ) ;
#3537 = CARTESIAN_POINT ( 'NONE',  ( 0.7720918658014966907, 0.1591402898499106322, 0.000000000000000000 ) ) ;
#3538 = CARTESIAN_POINT ( 'NONE',  ( 0.5714999999999998970, 0.4234999999999998765, 0.1079999999999999988 ) ) ;
#3539 = CARTESIAN_POINT ( 'NONE',  ( 1.212999999999999856, 0.4040000000000003033, -0.09500000000000001499 ) ) ;
#3540 = CIRCLE ( 'NONE', #6214, 0.07199999999999999456 ) ;
#3542 = VECTOR ( 'NONE', #1504, 39.37007874015748143 ) ;
#3541 = CARTESIAN_POINT ( 'NONE',  ( 0.4309999999999999387, -0.1174999999999999933, -0.3305000000000000160 ) ) ;
#3543 = CARTESIAN_POINT ( 'NONE',  ( 0.8259364350229871921, 0.3289407063042043555, 0.002000000000000000042 ) ) ;
#3544 = EDGE_CURVE ( 'NONE', #4308, #3079, #1429, .T. ) ;
#3545 = LINE ( 'NONE', #1978, #6810 ) ;
#3546 = CARTESIAN_POINT ( 'NONE',  ( 0.8288748555470625279, 0.3366862095756464890, 0.000000000000000000 ) ) ;
#3547 = ORIENTED_EDGE ( 'NONE', *, *, #3266, .F. ) ;
#3548 = EDGE_CURVE ( 'NONE', #10017, #4850, #653, .T. ) ;
#3549 = CARTESIAN_POINT ( 'NONE',  ( 0.4305909598930606763, 0.1541426547634781874, 0.002000000000000000042 ) ) ;
#3550 = EDGE_LOOP ( 'NONE', ( #2209, #8848, #1433, #9785 ) ) ;
#3551 = ORIENTED_EDGE ( 'NONE', *, *, #7123, .T. ) ;
#3552 = CARTESIAN_POINT ( 'NONE',  ( 0.7806486024651521083, 0.1635894104864315246, 0.002000000000000000042 ) ) ;
#3553 = DIRECTION ( 'NONE',  ( 0.5408597775034182931, 0.8411127754819521796, 0.000000000000000000 ) ) ;
#3554 = CARTESIAN_POINT ( 'NONE',  ( 0.3759999999999999454, -0.1174999999999999933, -0.4174999999999999822 ) ) ;
#3555 = LINE ( 'NONE', #3706, #3401 ) ;
#3556 = CARTESIAN_POINT ( 'NONE',  ( 0.8290965060156425537, 0.3426169830609576139, 0.000000000000000000 ) ) ;
#3557 = FACE_OUTER_BOUND ( 'NONE', #5432, .T. ) ;
#3558 = VECTOR ( 'NONE', #5219, 39.37007874015748143 ) ;
#3559 = VECTOR ( 'NONE', #621, 39.37007874015748143 ) ;
#3560 = EDGE_CURVE ( 'NONE', #10155, #8434, #3840, .T. ) ;
#3561 = ORIENTED_EDGE ( 'NONE', *, *, #2987, .F. ) ;
#3562 = DIRECTION ( 'NONE',  ( 1.000000000000000000, 0.000000000000000000, 0.000000000000000000 ) ) ;
#3563 = VERTEX_POINT ( 'NONE', #549 ) ;
#3564 = ADVANCED_FACE ( 'NONE', ( #10001 ), #4832, .T. ) ;
#3565 = EDGE_LOOP ( 'NONE', ( #8575, #8593, #8674, #5549 ) ) ;
#3566 = VERTEX_POINT ( 'NONE', #9585 ) ;
#3567 = LINE ( 'NONE', #8473, #9888 ) ;
#3568 = CARTESIAN_POINT ( 'NONE',  ( 0.7761540835335105637, 0.1710579172731814257, 0.002000000000000000042 ) ) ;
#3569 = AXIS2_PLACEMENT_3D ( 'NONE', #397, #3592, #9333 ) ;
#3570 = CARTESIAN_POINT ( 'NONE',  ( 0.7701537296822326129, 0.1546069057404843849, 0.002000000000000000042 ) ) ;
#3571 = DIRECTION ( 'NONE',  ( -7.143953958327048805E-17, 0.000000000000000000, -1.000000000000000000 ) ) ;
#3572 = VECTOR ( 'NONE', #2418, 39.37007874015748143 ) ;
#3573 = CARTESIAN_POINT ( 'NONE',  ( 0.8256498473883827627, 0.3239057549197819075, 0.000000000000000000 ) ) ;
#3574 = EDGE_CURVE ( 'NONE', #7590, #6283, #7283, .T. ) ;
#3575 = PRODUCT_DEFINITION_FORMATION_WITH_SPECIFIED_SOURCE ( 'ANY', '', #4026, .NOT_KNOWN. ) ;
#3576 = CARTESIAN_POINT ( 'NONE',  ( 0.4303745349295475808, 0.1419853666020280125, 0.002000000000000000042 ) ) ;
#3577 = CARTESIAN_POINT ( 'NONE',  ( 0.4849999999999999312, 0.2904999999999998139, 0.2305000000000000104 ) ) ;
#3578 = EDGE_LOOP ( 'NONE', ( #3389, #7696, #2799, #1633 ) ) ;
#3579 = ORIENTED_EDGE ( 'NONE', *, *, #8939, .T. ) ;
#3580 = ORIENTED_EDGE ( 'NONE', *, *, #6752, .F. ) ;
#3581 = CARTESIAN_POINT ( 'NONE',  ( 0.4009999999999999676, 0.03300000000000000155, -0.4174999999999999822 ) ) ;
#3582 = CARTESIAN_POINT ( 'NONE',  ( 0.4009999999999999676, 0.2979999999999998206, 0.2379999999999999893 ) ) ;
#3583 = VERTEX_POINT ( 'NONE', #8015 ) ;
#3584 = DIRECTION ( 'NONE',  ( -0.000000000000000000, -0.000000000000000000, -1.000000000000000000 ) ) ;
#3585 = EDGE_CURVE ( 'NONE', #393, #1918, #4883, .T. ) ;
#3586 = DIRECTION ( 'NONE',  ( -0.000000000000000000, 0.000000000000000000, 1.000000000000000000 ) ) ;
#3587 = CARTESIAN_POINT ( 'NONE',  ( 0.7701537296822326129, 0.1546069057404843849, -5.335640612625514099E-19 ) ) ;
#3588 = ORIENTED_EDGE ( 'NONE', *, *, #1534, .F. ) ;
#3589 = DIRECTION ( 'NONE',  ( 1.000000000000000000, 0.000000000000000000, 0.000000000000000000 ) ) ;
#3590 = DIRECTION ( 'NONE',  ( -1.000000000000000000, -0.000000000000000000, 2.439149994343094625E-16 ) ) ;
#3591 = CARTESIAN_POINT ( 'NONE',  ( 0.7829999999999999183, -0.1174999999999999933, -0.3054999999999999938 ) ) ;
#3592 = DIRECTION ( 'NONE',  ( 0.000000000000000000, -0.7071067811865475727, 0.7071067811865475727 ) ) ;
#3593 = EDGE_CURVE ( 'NONE', #810, #118, #854, .T. ) ;
#3594 = CARTESIAN_POINT ( 'NONE',  ( 0.7105000000000000204, 0.2904999999999998139, 0.2379999999999999893 ) ) ;
#3595 = CARTESIAN_POINT ( 'NONE',  ( 0.7644999999999998463, 0.1959999999999998410, 0.2379999999999999893 ) ) ;
#3596 = DIRECTION ( 'NONE',  ( -0.000000000000000000, 0.000000000000000000, 1.000000000000000000 ) ) ;
#3597 = CARTESIAN_POINT ( 'NONE',  ( 0.8262757825879454288, 0.3379296610649819010, 0.002000000000000000042 ) ) ;
#3598 = CARTESIAN_POINT ( 'NONE',  ( 0.7029999999999999583, -0.1174999999999999933, -0.4425000000000000044 ) ) ;
#3599 = ORIENTED_EDGE ( 'NONE', *, *, #5450, .T. ) ;
#3600 = EDGE_CURVE ( 'NONE', #2197, #4850, #7079, .T. ) ;
#3601 = ORIENTED_EDGE ( 'NONE', *, *, #9338, .T. ) ;
#3602 = CARTESIAN_POINT ( 'NONE',  ( 0.8196182347026111925, 0.3259135394087671611, 0.002000000000000000042 ) ) ;
#3603 = DIRECTION ( 'NONE',  ( -0.000000000000000000, -0.000000000000000000, -1.000000000000000000 ) ) ;
#3604 = LINE ( 'NONE', #9189, #2874 ) ;
#3605 = DIRECTION ( 'NONE',  ( 1.000000000000000000, 0.000000000000000000, 0.000000000000000000 ) ) ;
#3606 = FACE_OUTER_BOUND ( 'NONE', #162, .T. ) ;
#3607 = DIRECTION ( 'NONE',  ( 0.7071067811865451302, -0.7071067811865500152, 0.000000000000000000 ) ) ;
#3608 = ORIENTED_EDGE ( 'NONE', *, *, #198, .T. ) ;
#3609 = DIRECTION ( 'NONE',  ( -1.000000000000000000, -0.000000000000000000, 2.439149994343094625E-16 ) ) ;
#3610 = VERTEX_POINT ( 'NONE', #3207 ) ;
#3611 = ORIENTED_EDGE ( 'NONE', *, *, #7691, .T. ) ;
#3612 = ORIENTED_EDGE ( 'NONE', *, *, #4417, .T. ) ;
#3613 = CARTESIAN_POINT ( 'NONE',  ( 0.4455979296268487433, 0.1456347436406049412, 0.002000000000000000042 ) ) ;
#3614 = ORIENTED_EDGE ( 'NONE', *, *, #8504, .T. ) ;
#3615 = CARTESIAN_POINT ( 'NONE',  ( 0.8369999999999999662, 0.03300000000000000155, -0.4174999999999999822 ) ) ;
#3616 = CARTESIAN_POINT ( 'NONE',  ( 0.7806344231218973473, 0.1641528766572182274, 0.000000000000000000 ) ) ;
#3617 = EDGE_CURVE ( 'NONE', #6643, #5698, #10263, .T. ) ;
#3618 = FACE_OUTER_BOUND ( 'NONE', #8332, .T. ) ;
#3619 = AXIS2_PLACEMENT_3D ( 'NONE', #3175, #3328, #189 ) ;
#3620 = CARTESIAN_POINT ( 'NONE',  ( 0.4303745349295475808, 0.1419853666020280125, 0.000000000000000000 ) ) ;
#3621 = CARTESIAN_POINT ( 'NONE',  ( 0.8248703434888109420, 0.3376841063670811827, 0.002000000000000000042 ) ) ;
#3622 = ORIENTED_EDGE ( 'NONE', *, *, #691, .T. ) ;
#3623 = ORIENTED_EDGE ( 'NONE', *, *, #10266, .T. ) ;
#3624 = ORIENTED_EDGE ( 'NONE', *, *, #4744, .F. ) ;
#3625 = LINE ( 'NONE', #430, #10235 ) ;
#3626 = CARTESIAN_POINT ( 'NONE',  ( 0.4384920721358186446, 0.1513456523137446386, 0.000000000000000000 ) ) ;
#3627 = EDGE_CURVE ( 'NONE', #5134, #8302, #2456, .T. ) ;
#3628 = AXIS2_PLACEMENT_3D ( 'NONE', #7632, #8422, #7680 ) ;
#3629 = VERTEX_POINT ( 'NONE', #1853 ) ;
#3630 = B_SPLINE_CURVE_WITH_KNOTS ( 'NONE', 3,
 ( #1117, #1217, #4408, #426, #3621, #2060, #2104, #1422, #6025, #7645, #1321 ),
 .UNSPECIFIED., .F., .F.,
 ( 4, 1, 1, 1, 1, 1, 1, 1, 4 ),
 ( 0.000000000000000000, 0.1103603399843336580, 0.2211857967812547454, 0.3343638213725614317, 0.4529765798273928112, 0.5772343082002506787, 0.7088043240432337910, 0.8493551270704364775, 1.000000000000000000 ),
 .UNSPECIFIED. ) ;
#3631 = ORIENTED_EDGE ( 'NONE', *, *, #6291, .F. ) ;
#3632 = CARTESIAN_POINT ( 'NONE',  ( 0.9529999999999999583, 0.1139999999999999347, -0.1649999999999999523 ) ) ;
#3633 = VECTOR ( 'NONE', #4481, 39.37007874015748143 ) ;
#3634 = DIRECTION ( 'NONE',  ( 1.000000000000000000, 0.000000000000000000, -0.000000000000000000 ) ) ;
#3635 = CARTESIAN_POINT ( 'NONE',  ( 0.7678503080641863043, 0.1554508300714546321, 0.002000000000000000042 ) ) ;
#3636 = VERTEX_POINT ( 'NONE', #6454 ) ;
#3637 = CARTESIAN_POINT ( 'NONE',  ( 0.4305909598930606763, 0.1541426547634781874, 0.002000000000000000042 ) ) ;
#3638 = CARTESIAN_POINT ( 'NONE',  ( 0.8319997669491113745, 0.3409718208150791519, 0.000000000000000000 ) ) ;
#3639 = DIRECTION ( 'NONE',  ( 0.000000000000000000, -0.7071067811865500152, 0.7071067811865451302 ) ) ;
#3640 = DIRECTION ( 'NONE',  ( 0.000000000000000000, -0.7071067811865475727, 0.7071067811865475727 ) ) ;
#3641 = VECTOR ( 'NONE', #926, 39.37007874015748143 ) ;
#3642 = CARTESIAN_POINT ( 'NONE',  ( 1.026000000000000023, 0.1139999999999998653, -0.2919999999999999263 ) ) ;
#3643 = CARTESIAN_POINT ( 'NONE',  ( 0.7686739025979792972, 0.1646369545247902688, 0.000000000000000000 ) ) ;
#3644 = VECTOR ( 'NONE', #4758, 39.37007874015748143 ) ;
#3645 = B_SPLINE_CURVE_WITH_KNOTS ( 'NONE', 3,
 ( #3371, #2589, #2058, #8234, #9846, #1857, #4209, #5732, #8177, #2692, #1805 ),
 .UNSPECIFIED., .F., .F.,
 ( 4, 1, 1, 1, 1, 1, 1, 1, 4 ),
 ( 0.000000000000000000, 0.1354037467141828155, 0.2622251654516490338, 0.3858490677562561033, 0.5108573636088564740, 0.6349774647635310076, 0.7532990766584793940, 0.8739320409395665568, 1.000000000000000000 ),
 .UNSPECIFIED. ) ;
#3646 = LINE ( 'NONE', #1140, #965 ) ;
#3647 = CARTESIAN_POINT ( 'NONE',  ( 0.8272802318896774754, 0.3377649235844176201, 0.000000000000000000 ) ) ;
#3648 = EDGE_CURVE ( 'NONE', #1591, #7482, #116, .T. ) ;
#3649 = CARTESIAN_POINT ( 'NONE',  ( 0.8369999999999999662, 0.3154999999999998361, 0.2379999999999999893 ) ) ;
#3650 = VERTEX_POINT ( 'NONE', #3099 ) ;
#3651 = ADVANCED_FACE ( 'NONE', ( #5673 ), #5571, .F. ) ;
#3652 = EDGE_LOOP ( 'NONE', ( #798, #6434, #6712, #3983 ) ) ;
#3653 = DIRECTION ( 'NONE',  ( 0.000000000000000000, 0.000000000000000000, -1.000000000000000000 ) ) ;
#3654 = DIRECTION ( 'NONE',  ( -0.5773502691896257311, 0.5773502691896257311, -0.5773502691896257311 ) ) ;
#3655 = VECTOR ( 'NONE', #4703, 39.37007874015748143 ) ;
#3656 = CARTESIAN_POINT ( 'NONE',  ( 0.8265264683883492003, 0.3429666423036669132, 0.002000000000000000042 ) ) ;
#3657 = DIRECTION ( 'NONE',  ( 1.000000000000000000, 0.000000000000000000, 0.000000000000000000 ) ) ;
#3658 = CARTESIAN_POINT ( 'NONE',  ( 0.8350055356323132782, 0.3346491010666485799, 0.000000000000000000 ) ) ;
#3659 = DIRECTION ( 'NONE',  ( -0.000000000000000000, -0.000000000000000000, -1.000000000000000000 ) ) ;
#3660 = ORIENTED_EDGE ( 'NONE', *, *, #7570, .F. ) ;
#3661 = AXIS2_PLACEMENT_3D ( 'NONE', #1000, #952, #4083 ) ;
#3662 = CARTESIAN_POINT ( 'NONE',  ( 0.8252903368011861307, 0.3378270755322314023, 0.000000000000000000 ) ) ;
#3663 = ORIENTED_EDGE ( 'NONE', *, *, #8141, .F. ) ;
#3664 = ORIENTED_EDGE ( 'NONE', *, *, #4547, .T. ) ;
#3665 = VERTEX_POINT ( 'NONE', #8067 ) ;
#3666 = FACE_OUTER_BOUND ( 'NONE', #51, .T. ) ;
#3667 = CARTESIAN_POINT ( 'NONE',  ( 0.7775540763638868480, 0.1700512535007670800, 0.000000000000000000 ) ) ;
#3668 = CARTESIAN_POINT ( 'NONE',  ( 0.7664794748375189926, 0.1564122542087102996, 0.002000000000000000042 ) ) ;
#3669 = CARTESIAN_POINT ( 'NONE',  ( 0.4454078539893272515, 0.1500536761497780758, 0.000000000000000000 ) ) ;
#3670 = CARTESIAN_POINT ( 'NONE',  ( 0.8247974326481134488, 0.3239275411665807347, 0.002000000000000000042 ) ) ;
#3671 = DIRECTION ( 'NONE',  ( 0.000000000000000000, -1.000000000000000000, 0.000000000000000000 ) ) ;
#3672 = CARTESIAN_POINT ( 'NONE',  ( 0.4368504029584037718, 0.1386618851113586293, 0.000000000000000000 ) ) ;
#3673 = ADVANCED_FACE ( 'NONE', ( #5623 ), #1478, .T. ) ;
#3674 = DIRECTION ( 'NONE',  ( -0.5408597775034182931, -0.8411127754819521796, 0.000000000000000000 ) ) ;
#3675 = EDGE_LOOP ( 'NONE', ( #9073, #2713, #1221, #53 ) ) ;
#3676 = AXIS2_PLACEMENT_3D ( 'NONE', #7336, #1794, #4982 ) ;
#3677 = ORIENTED_EDGE ( 'NONE', *, *, #410, .T. ) ;
#3678 = ORIENTED_EDGE ( 'NONE', *, *, #7067, .T. ) ;
#3679 = EDGE_CURVE ( 'NONE', #8573, #7430, #1641, .T. ) ;
#3680 = LINE ( 'NONE', #3581, #10068 ) ;
#3681 = DIRECTION ( 'NONE',  ( -0.5773502691896248429, 0.5773502691896248429, -0.5773502691896275074 ) ) ;
#3682 = VERTEX_POINT ( 'NONE', #1535 ) ;
#3683 = CARTESIAN_POINT ( 'NONE',  ( 0.7753910632984906126, 0.1615244934888503681, 0.000000000000000000 ) ) ;
#3684 = DIRECTION ( 'NONE',  ( 6.829619984160638522E-14, 0.000000000000000000, -1.000000000000000000 ) ) ;
#3685 = EDGE_CURVE ( 'NONE', #8410, #7417, #8845, .T. ) ;
#3686 = CARTESIAN_POINT ( 'NONE',  ( 0.4419902159618101511, 0.1548560509607877500, 0.002000000000000000042 ) ) ;
#3687 = ORIENTED_EDGE ( 'NONE', *, *, #3507, .T. ) ;
#3688 = CARTESIAN_POINT ( 'NONE',  ( 0.7230000000000000870, 0.2954999999999998184, 0.2354999999999999871 ) ) ;
#3689 = CARTESIAN_POINT ( 'NONE',  ( 0.8313318613576787808, 0.3415033911334287020, 0.002000000000000000042 ) ) ;
#3690 = DIRECTION ( 'NONE',  ( -0.000000000000000000, -0.000000000000000000, -1.000000000000000000 ) ) ;
#3691 = DIRECTION ( 'NONE',  ( 0.7071067811865475727, 0.000000000000000000, 0.7071067811865475727 ) ) ;
#3692 = VECTOR ( 'NONE', #7537, 39.37007874015748143 ) ;
#3693 = AXIS2_PLACEMENT_3D ( 'NONE', #3879, #7063, #3930 ) ;
#3694 = VECTOR ( 'NONE', #7720, 39.37007874015748143 ) ;
#3695 = DIRECTION ( 'NONE',  ( -0.000000000000000000, -0.000000000000000000, -1.000000000000000000 ) ) ;
#3696 = AXIS2_PLACEMENT_3D ( 'NONE', #508, #7623, #2868 ) ;
#3697 = FACE_OUTER_BOUND ( 'NONE', #3521, .T. ) ;
#3698 = CARTESIAN_POINT ( 'NONE',  ( 0.7806557786473226068, 0.1633042395997510998, 0.002000000000000000042 ) ) ;
#3699 = CARTESIAN_POINT ( 'NONE',  ( 0.8297200381964193738, 0.3352615344944115949, 0.002000000000000000042 ) ) ;
#3700 = FACE_OUTER_BOUND ( 'NONE', #507, .T. ) ;
#3701 = ORIENTED_EDGE ( 'NONE', *, *, #5323, .F. ) ;
#3702 = ORIENTED_EDGE ( 'NONE', *, *, #4223, .F. ) ;
#3703 = LINE ( 'NONE', #6895, #2527 ) ;
#3704 = LINE ( 'NONE', #1885, #1052 ) ;
#3705 = DIRECTION ( 'NONE',  ( 1.000000000000000000, 0.000000000000000000, 0.000000000000000000 ) ) ;
#3706 = CARTESIAN_POINT ( 'NONE',  ( 0.4299999999999999378, 0.1784999999999998255, 0.000000000000000000 ) ) ;
#3707 = AXIS2_PLACEMENT_3D ( 'NONE', #4572, #7124, #4673 ) ;
#3708 = AXIS2_PLACEMENT_3D ( 'NONE', #2856, #6885, #2121 ) ;
#3709 = VECTOR ( 'NONE', #7625, 39.37007874015748143 ) ;
#3710 = EDGE_CURVE ( 'NONE', #5457, #5826, #10311, .T. ) ;
#3711 = CARTESIAN_POINT ( 'NONE',  ( 0.4351046837656313282, 0.1443276204397800910, 0.000000000000000000 ) ) ;
#3712 = EDGE_CURVE ( 'NONE', #6571, #938, #6344, .T. ) ;
#3713 = PLANE ( 'NONE',  #3151 ) ;
#3714 = VECTOR ( 'NONE', #7639, 39.37007874015748143 ) ;
#3715 = ORIENTED_EDGE ( 'NONE', *, *, #9680, .T. ) ;
#3716 = CARTESIAN_POINT ( 'NONE',  ( 0.8260015868798794569, 0.3379262737932117733, -0.000000000000000000 ) ) ;
#3717 = ORIENTED_EDGE ( 'NONE', *, *, #4287, .F. ) ;
#3718 = EDGE_CURVE ( 'NONE', #6350, #66, #4780, .T. ) ;
#3719 = VERTEX_POINT ( 'NONE', #6508 ) ;
#3720 = EDGE_LOOP ( 'NONE', ( #5148, #4495, #4693, #2158, #3154, #8279, #4642 ) ) ;
#3721 = CARTESIAN_POINT ( 'NONE',  ( 0.4457333739248451887, 0.1470899568495832310, 0.000000000000000000 ) ) ;
#3722 = CARTESIAN_POINT ( 'NONE',  ( 1.212999999999999856, 0.1149999999999998662, -0.1659999999999999531 ) ) ;
#3723 = CARTESIAN_POINT ( 'NONE',  ( 0.7728044751776775856, 0.1591822432287026412, 0.002000000000000000042 ) ) ;
#3724 = CARTESIAN_POINT ( 'NONE',  ( 0.8249393996844880395, 0.3427384989334236187, -0.000000000000000000 ) ) ;
#3725 = EDGE_CURVE ( 'NONE', #330, #1003, #9057, .T. ) ;
#3726 = CARTESIAN_POINT ( 'NONE',  ( 0.8202631052967811476, 0.3254441326448611616, 0.002000000000000000042 ) ) ;
#3727 = VECTOR ( 'NONE', #8813, 39.37007874015748143 ) ;
#3728 = VECTOR ( 'NONE', #1248, 39.37007874015748143 ) ;
#3729 = LINE ( 'NONE', #6919, #6990 ) ;
#3730 = CARTESIAN_POINT ( 'NONE',  ( 0.4322597706885717983, 0.1401457538988492013, 0.000000000000000000 ) ) ;
#3731 = DIRECTION ( 'NONE',  ( 2.765028333668283073E-16, -1.000000000000000000, 0.000000000000000000 ) ) ;
#3732 = ORIENTED_EDGE ( 'NONE', *, *, #8666, .T. ) ;
#3733 = ORIENTED_EDGE ( 'NONE', *, *, #927, .F. ) ;
#3734 = ORIENTED_EDGE ( 'NONE', *, *, #1566, .T. ) ;
#3735 = VECTOR ( 'NONE', #1271, 39.37007874015748854 ) ;
#3736 = CARTESIAN_POINT ( 'NONE',  ( -1.365923996832131609E-16, 0.4939999999999999947, -0.4899999999999999911 ) ) ;
#3737 = VECTOR ( 'NONE', #220, 39.37007874015748143 ) ;
#3738 = EDGE_CURVE ( 'NONE', #8069, #1722, #1116, .T. ) ;
#3739 = CARTESIAN_POINT ( 'NONE',  ( 0.6015000000000000346, -0.1250000000000000000, -0.4349999999999999423 ) ) ;
#3740 = DATE_TIME_ROLE ( 'classification_date' ) ;
#3741 = VECTOR ( 'NONE', #10067, 39.37007874015748143 ) ;
#3742 = EDGE_CURVE ( 'NONE', #3442, #2292, #5093, .T. ) ;
#3743 = ORIENTED_EDGE ( 'NONE', *, *, #9334, .T. ) ;
#3744 = CARTESIAN_POINT ( 'NONE',  ( 0.7740874899279773791, 0.1597639991489636924, 0.002000000000000000042 ) ) ;
#3745 = LINE ( 'NONE', #5357, #7650 ) ;
#3746 = ORIENTED_EDGE ( 'NONE', *, *, #4579, .F. ) ;
#3747 = CARTESIAN_POINT ( 'NONE',  ( 0.7671455789117959112, 0.1558875461355545278, 0.002000000000000000042 ) ) ;
#3748 = VECTOR ( 'NONE', #3753, 39.37007874015748143 ) ;
#3749 = VERTEX_POINT ( 'NONE', #168 ) ;
#3750 = DIRECTION ( 'NONE',  ( 0.000000000000000000, 0.000000000000000000, -1.000000000000000000 ) ) ;
#3751 = CARTESIAN_POINT ( 'NONE',  ( 0.8350285682149465316, 0.3336665925924848231, 0.000000000000000000 ) ) ;
#3752 = CARTESIAN_POINT ( 'NONE',  ( 0.7805664145437047896, 0.1619917182609540707, 0.002000000000000000042 ) ) ;
#3753 = DIRECTION ( 'NONE',  ( -0.000000000000000000, 1.000000000000000000, -0.000000000000000000 ) ) ;
#3754 = EDGE_CURVE ( 'NONE', #1644, #3719, #5870, .T. ) ;
#3755 = CARTESIAN_POINT ( 'NONE',  ( 0.7029999999999999583, -0.1250000000000000000, -0.4425000000000000044 ) ) ;
#3756 = CARTESIAN_POINT ( 'NONE',  ( 0.7694845230199089947, 0.1659219471240797605, 0.000000000000000000 ) ) ;
#3757 = CARTESIAN_POINT ( 'NONE',  ( 0.4396510713489324984, 0.1448094837889112030, 0.000000000000000000 ) ) ;
#3758 = CARTESIAN_POINT ( 'NONE',  ( 0.8299337882683381906, 0.3344173090559698913, 0.002000000000000000042 ) ) ;
#3759 = CARTESIAN_POINT ( 'NONE',  ( 0.7723052804872808652, 0.1670384106545644010, 0.002000000000000000042 ) ) ;
#3760 = EDGE_CURVE ( 'NONE', #3377, #1020, #6658, .T. ) ;
#3761 = ORIENTED_EDGE ( 'NONE', *, *, #259, .T. ) ;
#3762 = EDGE_CURVE ( 'NONE', #1484, #8791, #9833, .T. ) ;
#3763 = DIRECTION ( 'NONE',  ( 1.000000000000000000, 0.000000000000000000, -0.000000000000000000 ) ) ;
#3764 = DIRECTION ( 'NONE',  ( -0.000000000000000000, 1.000000000000000000, -0.000000000000000000 ) ) ;
#3765 = CARTESIAN_POINT ( 'NONE',  ( 0.4009999999999999676, -0.1174999999999999933, -0.4174999999999999822 ) ) ;
#3766 = CARTESIAN_POINT ( 'NONE',  ( 0.8163273202156631214, 0.3314581819964155796, 0.000000000000000000 ) ) ;
#3767 = VECTOR ( 'NONE', #8851, 39.37007874015748143 ) ;
#3768 = CARTESIAN_POINT ( 'NONE',  ( 0.4335497650631184863, 0.1468765576833045705, 0.002000000000000000042 ) ) ;
#3769 = DIRECTION ( 'NONE',  ( 0.000000000000000000, 0.000000000000000000, 1.000000000000000000 ) ) ;
#3770 = ORIENTED_EDGE ( 'NONE', *, *, #6559, .F. ) ;
#3771 = DIRECTION ( 'NONE',  ( 0.5773502691896270633, -0.5773502691896230665, 0.5773502691896270633 ) ) ;
#3772 = ORIENTED_EDGE ( 'NONE', *, *, #7691, .F. ) ;
#3773 = ORIENTED_EDGE ( 'NONE', *, *, #1371, .T. ) ;
#3774 = ORIENTED_EDGE ( 'NONE', *, *, #2940, .F. ) ;
#3775 = CARTESIAN_POINT ( 'NONE',  ( 0.9529999999999999583, 0.1139999999999999347, -0.4899999999999999911 ) ) ;
#3776 = CARTESIAN_POINT ( 'NONE',  ( 0.7805098024657844968, 0.1649838571289137246, 0.000000000000000000 ) ) ;
#3777 = DIRECTION ( 'NONE',  ( 0.000000000000000000, 0.000000000000000000, -1.000000000000000000 ) ) ;
#3778 = CARTESIAN_POINT ( 'NONE',  ( 0.8252338799367407995, 0.3428205154013434508, 0.000000000000000000 ) ) ;
#3779 = B_SPLINE_SURFACE_WITH_KNOTS ( 'NONE', 3, 1, ( 
 ( #5482, #3914 ),
 ( #772, #5594 ),
 ( #5689, #4643 ),
 ( #7148, #3229 ),
 ( #9605, #1556 ),
 ( #7044, #7199 ),
 ( #8768, #9652 ),
 ( #2448, #8816 ),
 ( #9443, #1498 ),
 ( #8034, #10232 ),
 ( #6310, #1660 ),
 ( #4851, #5534 ),
 ( #88, #3278 ),
 ( #4695, #7097 ),
 ( #877, #8716 ),
 ( #10332, #4062 ),
 ( #1607, #4753 ),
 ( #7983, #6473 ),
 ( #825, #7936 ) ),
 .UNSPECIFIED., .F., .F., .F.,
 ( 4, 1, 1, 1, 1, 1, 1, 1, 1, 1, 1, 1, 1, 1, 1, 1, 4 ),
 ( 2, 2 ),
 ( 0.000000000000000000, 0.06117934308804237609, 0.1203713884445974241, 0.1784417313622614076, 0.2359341281810979352, 0.2942679362243760255, 0.3526542946283778290, 0.4131221280938570661, 0.4755857683820464143, 0.5389001041802226055, 0.6018690472303271921, 0.6643326875185096014, 0.7276470233166927315, 0.7924087308653633421, 0.8591195288732081936, 0.9281350966840186123, 1.000000000000000000 ),
 ( 0.000000000000000000, 1.000000000000000000 ),
 .UNSPECIFIED. ) ;
#3780 = DIRECTION ( 'NONE',  ( 0.000000000000000000, 1.000000000000000000, 0.000000000000000000 ) ) ;
#3781 = ADVANCED_FACE ( 'NONE', ( #8946 ), #687, .T. ) ;
#3782 = CARTESIAN_POINT ( 'NONE',  ( 0.1869999999999998885, 0.1140000000000000041, -0.2199999999999999456 ) ) ;
#3783 = CARTESIAN_POINT ( 'NONE',  ( 0.4371543786620399330, 0.1386556837640715301, 0.000000000000000000 ) ) ;
#3784 = CARTESIAN_POINT ( 'NONE',  ( 0.7644999999999998463, 0.1784999999999998255, 0.2379999999999999893 ) ) ;
#3785 = ORIENTED_EDGE ( 'NONE', *, *, #9093, .F. ) ;
#3786 = ORIENTED_EDGE ( 'NONE', *, *, #6403, .T. ) ;
#3787 = EDGE_LOOP ( 'NONE', ( #6511, #10016, #9213, #2260 ) ) ;
#3788 = EDGE_CURVE ( 'NONE', #1918, #3650, #8898, .T. ) ;
#3789 = CARTESIAN_POINT ( 'NONE',  ( 0.7796512177153080980, 0.1589901862024975798, 0.000000000000000000 ) ) ;
#3790 = ADVANCED_FACE ( 'NONE', ( #5923 ), #960, .F. ) ;
#3791 = DIRECTION ( 'NONE',  ( 1.000000000000000000, -0.000000000000000000, -0.000000000000000000 ) ) ;
#3792 = EDGE_CURVE ( 'NONE', #6196, #204, #6343, .T. ) ;
#3793 = CARTESIAN_POINT ( 'NONE',  ( 0.7755898272947260308, 0.1622703674069969348, 0.002000000000000000042 ) ) ;
#3794 = CARTESIAN_POINT ( 'NONE',  ( 0.1139999999999998792, 0.5082634147716499351, -0.4455000000000000071 ) ) ;
#3795 = ORIENTED_EDGE ( 'NONE', *, *, #447, .T. ) ;
#3796 = CARTESIAN_POINT ( 'NONE',  ( 0.8414999999999999147, 0.07050000000000002098, 0.2079999999999999627 ) ) ;
#3797 = ORIENTED_EDGE ( 'NONE', *, *, #932, .T. ) ;
#3798 = CARTESIAN_POINT ( 'NONE',  ( 0.6189999999999999947, -0.1174999999999999933, -0.4174999999999999822 ) ) ;
#3799 = LINE ( 'NONE', #6250, #5232 ) ;
#3800 = CARTESIAN_POINT ( 'NONE',  ( 0.7788647479572262666, 0.1572637290494900142, 0.002000000000000000042 ) ) ;
#3801 = CARTESIAN_POINT ( 'NONE',  ( 0.2599999999999998423, 0.1140000000000000041, -0.1649999999999999523 ) ) ;
#3802 = CARTESIAN_POINT ( 'NONE',  ( 0.4849999999999999312, 0.3079999999999998295, 0.2379999999999999893 ) ) ;
#3803 = VECTOR ( 'NONE', #4119, 39.37007874015748143 ) ;
#3804 = CARTESIAN_POINT ( 'NONE',  ( 0.7684280395708678046, 0.1630738456189906871, 0.000000000000000000 ) ) ;
#3805 = DIRECTION ( 'NONE',  ( -1.000000000000000000, 0.000000000000000000, 0.000000000000000000 ) ) ;
#3806 = PLANE ( 'NONE',  #2140 ) ;
#3807 = EDGE_CURVE ( 'NONE', #1812, #6805, #9784, .T. ) ;
#3808 = DIRECTION ( 'NONE',  ( -0.000000000000000000, 0.000000000000000000, 1.000000000000000000 ) ) ;
#3809 = EDGE_LOOP ( 'NONE', ( #7278, #9451, #5456, #10079 ) ) ;
#3810 = CARTESIAN_POINT ( 'NONE',  ( 0.8247974326481134488, 0.3239275411665807347, 0.002000000000000000042 ) ) ;
#3811 = LINE ( 'NONE', #1557, #6733 ) ;
#3812 = AXIS2_PLACEMENT_3D ( 'NONE', #1878, #9182, #4377 ) ;
#3813 = CARTESIAN_POINT ( 'NONE',  ( 0.8295000000000000151, -0.1250000000000000000, -0.4174999999999999822 ) ) ;
#3814 = ADVANCED_FACE ( 'NONE', ( #2630 ), #272, .T. ) ;
#3815 = CARTESIAN_POINT ( 'NONE',  ( 0.8184673689304708954, 0.3270211361639307479, 0.000000000000000000 ) ) ;
#3816 = VECTOR ( 'NONE', #7358, 39.37007874015748143 ) ;
#3817 = CARTESIAN_POINT ( 'NONE',  ( 0.4335255033518229939, 0.1474037331497803083, 0.002000000000000000042 ) ) ;
#3818 = CARTESIAN_POINT ( 'NONE',  ( 0.8346689288303448251, 0.3526769056879103248, 0.000000000000000000 ) ) ;
#3819 = VECTOR ( 'NONE', #10254, 39.37007874015748143 ) ;
#3820 = VERTEX_POINT ( 'NONE', #5038 ) ;
#3821 = LINE ( 'NONE', #1306, #7132 ) ;
#3822 = ORIENTED_EDGE ( 'NONE', *, *, #2346, .F. ) ;
#3823 = ORIENTED_EDGE ( 'NONE', *, *, #3574, .T. ) ;
#3824 = ORIENTED_EDGE ( 'NONE', *, *, #2330, .F. ) ;
#3825 = CARTESIAN_POINT ( 'NONE',  ( 0.4447688737410823157, 0.1432492468514029449, 0.002000000000000000042 ) ) ;
#3826 = CARTESIAN_POINT ( 'NONE',  ( 0.7806486024651521083, 0.1635894104864315246, 0.002000000000000000042 ) ) ;
#3827 = CARTESIAN_POINT ( 'NONE',  ( 0.4421724719503092316, 0.1658871284168743354, 0.002000000000000000042 ) ) ;
#3828 = CARTESIAN_POINT ( 'NONE',  ( 0.9394999999999998908, 0.3418303204446733190, 0.000000000000000000 ) ) ;
#3829 = CARTESIAN_POINT ( 'NONE',  ( 0.1869999999999998885, 0.05399999999999999245, -0.4899999999999999911 ) ) ;
#3830 = CARTESIAN_POINT ( 'NONE',  ( 0.4374999999999998890, 0.1859999999999998044, 0.2379999999999999893 ) ) ;
#3831 = CARTESIAN_POINT ( 'NONE',  ( 0.7665362151033857652, 0.1701478866888085917, 0.000000000000000000 ) ) ;
#3832 = LINE ( 'NONE', #1469, #3114 ) ;
#3833 = ORIENTED_EDGE ( 'NONE', *, *, #4263, .T. ) ;
#3834 = ORIENTED_EDGE ( 'NONE', *, *, #8542, .F. ) ;
#3835 = VERTEX_POINT ( 'NONE', #2788 ) ;
#3836 = LINE ( 'NONE', #1528, #5214 ) ;
#3837 = CARTESIAN_POINT ( 'NONE',  ( 0.7029999999999999583, -0.1250000000000000000, -0.4174999999999999822 ) ) ;
#3838 = EDGE_CURVE ( 'NONE', #771, #8125, #538, .T. ) ;
#3839 = ADVANCED_FACE ( 'NONE', ( #9365 ), #2155, .F. ) ;
#3840 = LINE ( 'NONE', #3632, #165 ) ;
#3841 = EDGE_CURVE ( 'NONE', #7361, #6376, #8432, .T. ) ;
#3842 = EDGE_LOOP ( 'NONE', ( #3774 ) ) ;
#3843 = ORIENTED_EDGE ( 'NONE', *, *, #7293, .F. ) ;
#3844 = CARTESIAN_POINT ( 'NONE',  ( 0.7579999999999998961, -0.1174999999999999933, -0.3305000000000000160 ) ) ;
#3845 = VERTEX_POINT ( 'NONE', #425 ) ;
#3846 = CARTESIAN_POINT ( 'NONE',  ( 0.7700089553022927413, 0.1597599427297942964, 0.000000000000000000 ) ) ;
#3847 = CARTESIAN_POINT ( 'NONE',  ( 0.7105000000000000204, 0.2979999999999998206, 0.2379999999999999893 ) ) ;
#3848 = CARTESIAN_POINT ( 'NONE',  ( 1.212999999999999856, 0.1299999999999998657, -0.1649999999999999523 ) ) ;
#3849 = CARTESIAN_POINT ( 'NONE',  ( 0.9529999999999999583, 0.1139999999999999347, -0.1649999999999999523 ) ) ;
#3850 = EDGE_CURVE ( 'NONE', #3845, #3377, #4507, .T. ) ;
#3851 = LINE ( 'NONE', #7822, #3694 ) ;
#3852 = ORIENTED_EDGE ( 'NONE', *, *, #10080, .F. ) ;
#3853 = DIRECTION ( 'NONE',  ( -0.000000000000000000, 0.000000000000000000, 1.000000000000000000 ) ) ;
#3854 = LINE ( 'NONE', #3066, #3969 ) ;
#3855 = PLANE ( 'NONE',  #2304 ) ;
#3856 = LINE ( 'NONE', #7042, #9896 ) ;
#3857 = ORIENTED_EDGE ( 'NONE', *, *, #7533, .F. ) ;
#3858 = CARTESIAN_POINT ( 'NONE',  ( 1.171000000000000041, 0.1139999999999998653, -0.4899999999999999911 ) ) ;
#3859 = LINE ( 'NONE', #8663, #4054 ) ;
#3860 = B_SPLINE_SURFACE_WITH_KNOTS ( 'NONE', 3, 1, ( 
 ( #7722, #9284 ),
 ( #2232, #7824 ),
 ( #1491, #565 ),
 ( #6889, #10121 ),
 ( #10072, #2862 ),
 ( #2916, #3756 ),
 ( #8556, #6992 ),
 ( #6942, #3643 ),
 ( #10175, #2965 ),
 ( #6155, #10012 ),
 ( #666, #3804 ) ),
 .UNSPECIFIED., .F., .F., .F.,
 ( 4, 1, 1, 1, 1, 1, 1, 1, 4 ),
 ( 2, 2 ),
 ( 0.000000000000000000, 0.1213709152894187071, 0.2383107987948463180, 0.3569764961416287408, 0.4822940445794957065, 0.6096371144050468649, 0.7348147291848068363, 0.8637987975302436894, 1.000000000000000000 ),
 ( 0.000000000000000000, 1.000000000000000000 ),
 .UNSPECIFIED. ) ;
#3861 = LINE ( 'NONE', #5379, #539 ) ;
#3862 = CARTESIAN_POINT ( 'NONE',  ( 0.8281915110768711674, 0.3296580873365029807, 0.002000000000000000042 ) ) ;
#3863 = VECTOR ( 'NONE', #2492, 39.37007874015748854 ) ;
#3864 = AXIS2_PLACEMENT_3D ( 'NONE', #6044, #10006, #2854 ) ;
#3865 = CARTESIAN_POINT ( 'NONE',  ( 0.3810000000000000053, -0.1224999999999999978, -0.4375000000000000000 ) ) ;
#3866 = ADVANCED_FACE ( 'NONE', ( #5347 ), #1518, .T. ) ;
#3867 = LINE ( 'NONE', #3818, #3655 ) ;
#3868 = ADVANCED_FACE ( 'NONE', ( #479 ), #9313, .T. ) ;
#3869 = ORIENTED_EDGE ( 'NONE', *, *, #475, .F. ) ;
#3870 = PLANE ( 'NONE',  #9796 ) ;
#3871 = VERTEX_POINT ( 'NONE', #5296 ) ;
#3872 = VECTOR ( 'NONE', #9946, 39.37007874015748143 ) ;
#3873 = ORIENTED_EDGE ( 'NONE', *, *, #9093, .T. ) ;
#3874 = EDGE_LOOP ( 'NONE', ( #340, #4364, #4393, #6756 ) ) ;
#3875 = FACE_OUTER_BOUND ( 'NONE', #7434, .T. ) ;
#3876 = PLANE ( 'NONE',  #1018 ) ;
#3877 = CARTESIAN_POINT ( 'NONE',  ( 0.8119999999999999440, 0.2904999999999998139, 0.2379999999999999893 ) ) ;
#3878 = FACE_BOUND ( 'NONE', #2392, .T. ) ;
#3879 = CARTESIAN_POINT ( 'NONE',  ( 0.7029999999999999583, -0.1250000000000000000, -0.4349999999999999978 ) ) ;
#3880 = DIRECTION ( 'NONE',  ( 0.000000000000000000, -0.7071067811865474617, 0.7071067811865474617 ) ) ;
#3881 = VECTOR ( 'NONE', #4672, 39.37007874015748143 ) ;
#3882 = EDGE_CURVE ( 'NONE', #3311, #5457, #7753, .T. ) ;
#3883 = LINE ( 'NONE', #5007, #9970 ) ;
#3884 = LINE ( 'NONE', #2309, #7464 ) ;
#3885 = ORIENTED_EDGE ( 'NONE', *, *, #4930, .T. ) ;
#3886 = ORIENTED_EDGE ( 'NONE', *, *, #9989, .F. ) ;
#3887 = ORIENTED_EDGE ( 'NONE', *, *, #7916, .F. ) ;
#3888 = CARTESIAN_POINT ( 'NONE',  ( 0.7734815459822667050, 0.1593968126303243749, 0.000000000000000000 ) ) ;
#3889 = DIRECTION ( 'NONE',  ( 1.000000000000000000, 0.000000000000000000, 0.000000000000000000 ) ) ;
#3890 = VECTOR ( 'NONE', #1177, 39.37007874015748143 ) ;
#3891 = VECTOR ( 'NONE', #7883, 39.37007874015748143 ) ;
#3892 = EDGE_CURVE ( 'NONE', #9878, #4457, #986, .T. ) ;
#3893 = DIRECTION ( 'NONE',  ( 0.000000000000000000, 1.000000000000000000, 0.000000000000000000 ) ) ;
#3894 = VECTOR ( 'NONE', #8046, 39.37007874015748854 ) ;
#3895 = VECTOR ( 'NONE', #2500, 39.37007874015748854 ) ;
#3896 = ORIENTED_EDGE ( 'NONE', *, *, #6669, .F. ) ;
#3897 = VERTEX_POINT ( 'NONE', #6533 ) ;
#3898 = DIRECTION ( 'NONE',  ( -0.000000000000000000, -1.000000000000000000, -0.000000000000000000 ) ) ;
#3899 = ORIENTED_EDGE ( 'NONE', *, *, #7288, .T. ) ;
#3900 = DIRECTION ( 'NONE',  ( -0.000000000000000000, 0.000000000000000000, 1.000000000000000000 ) ) ;
#3901 = CARTESIAN_POINT ( 'NONE',  ( 0.8298811155275372942, 0.3423296791784397053, 0.002000000000000000042 ) ) ;
#3902 = FACE_OUTER_BOUND ( 'NONE', #453, .T. ) ;
#3903 = AXIS2_PLACEMENT_3D ( 'NONE', #4275, #9913, #2857 ) ;
#3904 = DIRECTION ( 'NONE',  ( -0.000000000000000000, -0.000000000000000000, -1.000000000000000000 ) ) ;
#3905 = EDGE_CURVE ( 'NONE', #8434, #6183, #3883, .T. ) ;
#3906 = CARTESIAN_POINT ( 'NONE',  ( 0.8295000000000000151, 0.3154999999999998361, 0.2379999999999999893 ) ) ;
#3907 = ADVANCED_FACE ( 'NONE', ( #4667 ), #5505, .F. ) ;
#3908 = ORIENTED_EDGE ( 'NONE', *, *, #10151, .F. ) ;
#3909 = CARTESIAN_POINT ( 'NONE',  ( 0.4414999999999997815, 0.07050000000000002098, 0.2080000000000000460 ) ) ;
#3910 = CARTESIAN_POINT ( 'NONE',  ( 0.4404586590865010032, 0.1460991277879150618, 0.002000000000000000042 ) ) ;
#3911 = CARTESIAN_POINT ( 'NONE',  ( 0.4299999999999999378, 0.1784999999999998255, 0.2379999999999999893 ) ) ;
#3912 = CARTESIAN_POINT ( 'NONE',  ( 0.7714999999999999636, 0.4234999999999998765, 0.1079999999999999849 ) ) ;
#3913 = ORIENTED_EDGE ( 'NONE', *, *, #1344, .T. ) ;
#3914 = CARTESIAN_POINT ( 'NONE',  ( 0.8259364350229873031, 0.3289407063042044110, 0.000000000000000000 ) ) ;
#3915 = CARTESIAN_POINT ( 'NONE',  ( 0.7714999999999999636, 0.4234999999999998765, 0.2079999999999999627 ) ) ;
#3916 = EDGE_CURVE ( 'NONE', #1583, #2539, #5559, .T. ) ;
#3917 = CARTESIAN_POINT ( 'NONE',  ( 0.4849999999999999312, 0.3154999999999998361, 0.2379999999999999893 ) ) ;
#3918 = DIRECTION ( 'NONE',  ( 0.000000000000000000, 0.000000000000000000, -1.000000000000000000 ) ) ;
#3919 = LINE ( 'NONE', #9556, #8411 ) ;
#3920 = CARTESIAN_POINT ( 'NONE',  ( 1.026000000000000245, 0.5082634147716499351, -0.3734999999999999987 ) ) ;
#3921 = ORIENTED_EDGE ( 'NONE', *, *, #7012, .T. ) ;
#3922 = CARTESIAN_POINT ( 'NONE',  ( 0.5574999999999998845, -0.1250000000000000000, -0.3054999999999999938 ) ) ;
#3923 = ORIENTED_EDGE ( 'NONE', *, *, #9688, .T. ) ;
#3924 = ORIENTED_EDGE ( 'NONE', *, *, #8963, .F. ) ;
#3925 = ORIENTED_EDGE ( 'NONE', *, *, #9395, .T. ) ;
#3926 = DIRECTION ( 'NONE',  ( 0.7071067811865459074, 0.000000000000000000, -0.7071067811865491270 ) ) ;
#3927 = LINE ( 'NONE', #584, #517 ) ;
#3928 = DIRECTION ( 'NONE',  ( -1.000000000000000000, 0.000000000000000000, 0.000000000000000000 ) ) ;
#3929 = DIRECTION ( 'NONE',  ( -0.000000000000000000, -1.000000000000000000, -0.000000000000000000 ) ) ;
#3930 = DIRECTION ( 'NONE',  ( 0.000000000000000000, 0.7071067811865483499, -0.7071067811865466846 ) ) ;
#3931 = FACE_OUTER_BOUND ( 'NONE', #781, .T. ) ;
#3932 = CARTESIAN_POINT ( 'NONE',  ( 0.7653101062965729229, 0.1689100258656248410, 0.000000000000000000 ) ) ;
#3933 = DIRECTION ( 'NONE',  ( -0.4534572437205529605, -0.8912780307610858044, 0.000000000000000000 ) ) ;
#3934 = ORIENTED_EDGE ( 'NONE', *, *, #5410, .F. ) ;
#3935 = ORIENTED_EDGE ( 'NONE', *, *, #7386, .T. ) ;
#3936 = ORIENTED_EDGE ( 'NONE', *, *, #2988, .F. ) ;
#3937 = CARTESIAN_POINT ( 'NONE',  ( 0.7753910632984906126, 0.1615244934888503681, 0.000000000000000000 ) ) ;
#3938 = EDGE_CURVE ( 'NONE', #6486, #7444, #2307, .T. ) ;
#3939 = DIRECTION ( 'NONE',  ( -0.000000000000000000, 0.000000000000000000, 1.000000000000000000 ) ) ;
#3940 = DIRECTION ( 'NONE',  ( 0.000000000000000000, 1.000000000000000000, 0.000000000000000000 ) ) ;
#3941 = VERTEX_POINT ( 'NONE', #10203 ) ;
#3942 = ORIENTED_EDGE ( 'NONE', *, *, #4314, .F. ) ;
#3943 = DIRECTION ( 'NONE',  ( 0.000000000000000000, -1.000000000000000000, 0.000000000000000000 ) ) ;
#3944 = ORIENTED_EDGE ( 'NONE', *, *, #8958, .T. ) ;
#3945 = CARTESIAN_POINT ( 'NONE',  ( 0.4849999999999999312, -0.1250000000000000000, -0.4174999999999999822 ) ) ;
#3946 = CARTESIAN_POINT ( 'NONE',  ( 0.8346619011805697097, 0.3307622907221423603, 0.002000000000000000042 ) ) ;
#3947 = DIRECTION ( 'NONE',  ( -0.000000000000000000, 0.000000000000000000, 1.000000000000000000 ) ) ;
#3948 = DIRECTION ( 'NONE',  ( 0.000000000000000000, 1.000000000000000000, 0.000000000000000000 ) ) ;
#3949 = CARTESIAN_POINT ( 'NONE',  ( 0.4474999999999999534, 0.1859999999999998044, 0.2379999999999999893 ) ) ;
#3950 = ORIENTED_EDGE ( 'NONE', *, *, #3367, .T. ) ;
#3951 = CARTESIAN_POINT ( 'NONE',  ( 0.5939999999999999725, 0.2904999999999998139, 0.2379999999999999893 ) ) ;
#3952 = VECTOR ( 'NONE', #4565, 39.37007874015748143 ) ;
#3953 = DIRECTION ( 'NONE',  ( -0.000000000000000000, -0.000000000000000000, -1.000000000000000000 ) ) ;
#3954 = CARTESIAN_POINT ( 'NONE',  ( 0.7753828005365769327, 0.1646242342848733275, 0.000000000000000000 ) ) ;
#3955 = LINE ( 'NONE', #7197, #6897 ) ;
#3956 = VERTEX_POINT ( 'NONE', #8923 ) ;
#3957 = CARTESIAN_POINT ( 'NONE',  ( 0.8168126853080031058, 0.3297986180355813035, 0.002000000000000000042 ) ) ;
#3958 = DIRECTION ( 'NONE',  ( -0.000000000000000000, -0.000000000000000000, -1.000000000000000000 ) ) ;
#3959 = DIRECTION ( 'NONE',  ( -0.000000000000000000, -0.000000000000000000, -1.000000000000000000 ) ) ;
#3960 = CARTESIAN_POINT ( 'NONE',  ( 0.8239642995931611980, 0.3240163969732560156, 0.000000000000000000 ) ) ;
#3961 = VECTOR ( 'NONE', #5603, 39.37007874015748143 ) ;
#3962 = CARTESIAN_POINT ( 'NONE',  ( 1.171000000000000041, 0.05400000000000002714, -0.01499999999999999944 ) ) ;
#3963 = DIRECTION ( 'NONE',  ( -0.000000000000000000, -0.000000000000000000, -1.000000000000000000 ) ) ;
#3964 = EDGE_CURVE ( 'NONE', #1896, #10264, #2603, .T. ) ;
#3965 = EDGE_CURVE ( 'NONE', #9865, #5774, #5453, .T. ) ;
#3966 = ORIENTED_EDGE ( 'NONE', *, *, #2316, .F. ) ;
#3967 = FACE_OUTER_BOUND ( 'NONE', #5526, .T. ) ;
#3968 = EDGE_LOOP ( 'NONE', ( #9811, #5110, #5023, #5575 ) ) ;
#3969 = VECTOR ( 'NONE', #3115, 39.37007874015748143 ) ;
#3970 = ORIENTED_EDGE ( 'NONE', *, *, #7710, .T. ) ;
#3971 = CARTESIAN_POINT ( 'NONE',  ( 0.6114999999999999325, -0.1250000000000000000, -0.4250000000000000444 ) ) ;
#3972 = ORIENTED_EDGE ( 'NONE', *, *, #2154, .F. ) ;
#3973 = CARTESIAN_POINT ( 'NONE',  ( 0.3922110345599258419, 0.3526769056879103248, 0.000000000000000000 ) ) ;
#3974 = FACE_OUTER_BOUND ( 'NONE', #6448, .T. ) ;
#3975 = CARTESIAN_POINT ( 'NONE',  ( 0.4345552671548617019, 0.1448263110696073885, 0.000000000000000000 ) ) ;
#3976 = CARTESIAN_POINT ( 'NONE',  ( 0.4291056072791336051, 0.1508337950927216842, 0.000000000000000000 ) ) ;
#3977 = AXIS2_PLACEMENT_3D ( 'NONE', #504, #4534, #7724 ) ;
#3978 = DIRECTION ( 'NONE',  ( 1.000000000000000000, -0.000000000000000000, -0.000000000000000000 ) ) ;
#3979 = AXIS2_PLACEMENT_3D ( 'NONE', #9337, #3853, #6051 ) ;
#3980 = DIRECTION ( 'NONE',  ( 0.000000000000000000, -0.000000000000000000, -1.000000000000000000 ) ) ;
#3981 = CARTESIAN_POINT ( 'NONE',  ( 0.7029999999999999583, -0.1250000000000000000, -0.4249999999999999889 ) ) ;
#3982 = VERTEX_POINT ( 'NONE', #8871 ) ;
#3983 = ORIENTED_EDGE ( 'NONE', *, *, #3965, .F. ) ;
#3984 = ORIENTED_EDGE ( 'NONE', *, *, #2537, .T. ) ;
#3985 = PLANE ( 'NONE',  #9055 ) ;
#3986 = DIRECTION ( 'NONE',  ( -0.000000000000000000, 0.000000000000000000, -1.000000000000000000 ) ) ;
#3987 = EDGE_CURVE ( 'NONE', #4034, #3992, #643, .T. ) ;
#3988 = CARTESIAN_POINT ( 'NONE',  ( 1.212999999999999856, 0.1149999999999998662, -0.1659999999999999531 ) ) ;
#3989 = EDGE_CURVE ( 'NONE', #4592, #929, #5681, .T. ) ;
#3990 = ORIENTED_EDGE ( 'NONE', *, *, #7139, .T. ) ;
#3991 = VERTEX_POINT ( 'NONE', #8683 ) ;
#3992 = VERTEX_POINT ( 'NONE', #3333 ) ;
#3993 = CARTESIAN_POINT ( 'NONE',  ( 0.7634010259078647387, 0.1630342086027125048, 0.002000000000000000042 ) ) ;
#3994 = B_SPLINE_CURVE_WITH_KNOTS ( 'NONE', 3,
 ( #9154, #5139, #3723, #4350, #2099, #6019, #8375, #9203, #2001, #473, #6963 ),
 .UNSPECIFIED., .F., .F.,
 ( 4, 1, 1, 1, 1, 1, 1, 1, 4 ),
 ( 0.000000000000000000, 0.1230968722812877392, 0.2405034170556010487, 0.3584816461617038041, 0.4824381542669064493, 0.6089240509359661324, 0.7351672660030073025, 0.8637312830652016382, 1.000000000000000000 ),
 .UNSPECIFIED. ) ;
#3995 = EDGE_LOOP ( 'NONE', ( #1400, #1002, #6382, #9813 ) ) ;
#3996 = CARTESIAN_POINT ( 'NONE',  ( 0.7684405069751305550, 0.1628046945425994096, 0.000000000000000000 ) ) ;
#3997 = DIRECTION ( 'NONE',  ( -0.000000000000000000, 1.000000000000000000, -0.000000000000000000 ) ) ;
#3998 = CARTESIAN_POINT ( 'NONE',  ( 0.3871760831755033383, 0.3246250336889850985, 0.000000000000000000 ) ) ;
#3999 = CARTESIAN_POINT ( 'NONE',  ( 0.4359999999999999432, -0.1224999999999999978, -0.3255000000000000115 ) ) ;
#4000 = LINE ( 'NONE', #713, #2025 ) ;
#4001 = ORIENTED_EDGE ( 'NONE', *, *, #9232, .F. ) ;
#4002 = FACE_OUTER_BOUND ( 'NONE', #6957, .T. ) ;
#4003 = EDGE_CURVE ( 'NONE', #8125, #404, #9415, .T. ) ;
#4004 = FACE_OUTER_BOUND ( 'NONE', #3787, .T. ) ;
#4005 = CARTESIAN_POINT ( 'NONE',  ( 0.6479999999999999094, 0.2034999999999998199, 0.2379999999999999893 ) ) ;
#4006 = CARTESIAN_POINT ( 'NONE',  ( 0.5399999999999999245, -0.1250000000000000000, -0.3229999999999999538 ) ) ;
#4007 = VECTOR ( 'NONE', #8482, 39.37007874015748143 ) ;
#4008 = VERTEX_POINT ( 'NONE', #9707 ) ;
#4009 = DIRECTION ( 'NONE',  ( -0.000000000000000000, -0.000000000000000000, -1.000000000000000000 ) ) ;
#4010 = LINE ( 'NONE', #3326, #6231 ) ;
#4011 = CARTESIAN_POINT ( 'NONE',  ( 0.3677413038504020459, 0.1424999999999999878, 0.2379999999999999893 ) ) ;
#4012 = DIRECTION ( 'NONE',  ( 0.000000000000000000, -0.7071067811865459074, -0.7071067811865491270 ) ) ;
#4013 = ADVANCED_FACE ( 'NONE', ( #745 ), #5750, .T. ) ;
#4014 = CARTESIAN_POINT ( 'NONE',  ( 0.4849999999999999312, 0.3154999999999998361, 0.2379999999999999893 ) ) ;
#4015 = CARTESIAN_POINT ( 'NONE',  ( 0.8185975438309606167, 0.3371112635731220997, 0.002000000000000000042 ) ) ;
#4016 = ORIENTED_EDGE ( 'NONE', *, *, #2057, .F. ) ;
#4017 = CARTESIAN_POINT ( 'NONE',  ( 0.7279999999999999805, 0.03300000000000000155, -0.4425000000000000044 ) ) ;
#4018 = VERTEX_POINT ( 'NONE', #4957 ) ;
#4019 = VERTEX_POINT ( 'NONE', #3387 ) ;
#4020 = DIRECTION ( 'NONE',  ( -1.000000000000000000, 0.000000000000000000, 0.000000000000000000 ) ) ;
#4021 = ORIENTED_EDGE ( 'NONE', *, *, #1795, .F. ) ;
#4022 = LINE ( 'NONE', #9667, #4222 ) ;
#4023 = PLANE ( 'NONE',  #1517 ) ;
#4024 = CARTESIAN_POINT ( 'NONE',  ( 0.4457173756285661703, 0.1483052793090132715, 0.002000000000000000042 ) ) ;
#4025 = EDGE_CURVE ( 'NONE', #9289, #9894, #8974, .T. ) ;
#4026 = PRODUCT ( '182-009-113', '182-009-113', '', ( #432 ) ) ;
#4027 = DIRECTION ( 'NONE',  ( 0.000000000000000000, -1.000000000000000000, 0.000000000000000000 ) ) ;
#4028 = VECTOR ( 'NONE', #106, 39.37007874015748143 ) ;
#4029 = CARTESIAN_POINT ( 'NONE',  ( 0.7569999999999998952, 0.1784999999999998255, 0.2304999999999999827 ) ) ;
#4030 = EDGE_CURVE ( 'NONE', #1589, #4245, #5946, .T. ) ;
#4031 = AXIS2_PLACEMENT_3D ( 'NONE', #1712, #9021, #7508 ) ;
#4032 = CARTESIAN_POINT ( 'NONE',  ( 0.6189999999999999947, 0.2904999999999998139, 0.2305000000000000104 ) ) ;
#4033 = CARTESIAN_POINT ( 'NONE',  ( 0.8220815503692886494, 0.3314581819964155796, 0.000000000000000000 ) ) ;
#4034 = VERTEX_POINT ( 'NONE', #1190 ) ;
#4035 = ORIENTED_EDGE ( 'NONE', *, *, #3097, .T. ) ;
#4036 = ORIENTED_EDGE ( 'NONE', *, *, #9837, .T. ) ;
#4037 = CARTESIAN_POINT ( 'NONE',  ( 0.7728044751776775856, 0.1591822432287026412, 0.000000000000000000 ) ) ;
#4038 = CARTESIAN_POINT ( 'NONE',  ( 0.7737560479002969505, 0.1719329930299287879, 0.000000000000000000 ) ) ;
#4039 = ADVANCED_FACE ( 'NONE', ( #6052 ), #5998, .F. ) ;
#4040 = VECTOR ( 'NONE', #5717, 39.37007874015748143 ) ;
#4041 = VECTOR ( 'NONE', #9704, 39.37007874015748143 ) ;
#4042 = B_SPLINE_CURVE_WITH_KNOTS ( 'NONE', 3,
 ( #4856, #7206, #3284, #2455, #8823, #8041, #883, #5694, #8870, #3332, #1720, #4910, #143, #9705, #2553, #5749, #3385, #5945, #3492 ),
 .UNSPECIFIED., .F., .F.,
 ( 4, 1, 1, 1, 1, 1, 1, 1, 1, 1, 1, 1, 1, 1, 1, 1, 4 ),
 ( 0.000000000000000000, 0.06117934308804237609, 0.1203713884445974241, 0.1784417313622614076, 0.2359341281810979352, 0.2942679362243760255, 0.3526542946283778290, 0.4131221280938570661, 0.4755857683820464143, 0.5389001041802226055, 0.6018690472303271921, 0.6643326875185096014, 0.7276470233166927315, 0.7924087308653633421, 0.8591195288732081936, 0.9281350966840186123, 1.000000000000000000 ),
 .UNSPECIFIED. ) ;
#4043 = CARTESIAN_POINT ( 'NONE',  ( 0.7714999999999999636, 0.07050000000000002098, 0.1079999999999999849 ) ) ;
#4044 = EDGE_CURVE ( 'NONE', #4008, #6283, #3646, .T. ) ;
#4045 = ORIENTED_EDGE ( 'NONE', *, *, #8595, .T. ) ;
#4046 = ORIENTED_EDGE ( 'NONE', *, *, #9608, .F. ) ;
#4047 = VECTOR ( 'NONE', #7591, 39.37007874015748143 ) ;
#4048 = DIRECTION ( 'NONE',  ( 0.000000000000000000, 0.7071067811865450192, -0.7071067811865499042 ) ) ;
#4049 = FACE_OUTER_BOUND ( 'NONE', #2144, .T. ) ;
#4050 = FACE_OUTER_BOUND ( 'NONE', #7997, .T. ) ;
#4051 = CARTESIAN_POINT ( 'NONE',  ( 0.04199999999999984995, 0.05400000000000002714, -0.3734999999999999432 ) ) ;
#4052 = CARTESIAN_POINT ( 'NONE',  ( 0.4416666666666665964, 0.1901666666666665118, 0.2438333333333333464 ) ) ;
#4053 = VECTOR ( 'NONE', #7921, 39.37007874015748143 ) ;
#4054 = VECTOR ( 'NONE', #10333, 39.37007874015748143 ) ;
#4055 = ORIENTED_EDGE ( 'NONE', *, *, #8690, .F. ) ;
#4056 = CARTESIAN_POINT ( 'NONE',  ( 0.1149999999999998940, 0.05399999999999999245, -0.2199999999999999456 ) ) ;
#4057 = LINE ( 'NONE', #8029, #5808 ) ;
#4058 = PLANE ( 'NONE',  #4966 ) ;
#4059 = LINE ( 'NONE', #5785, #8563 ) ;
#4060 = VECTOR ( 'NONE', #2961, 39.37007874015748143 ) ;
#4061 = VERTEX_POINT ( 'NONE', #2656 ) ;
#4062 = CARTESIAN_POINT ( 'NONE',  ( 0.8299282987330607320, 0.3325410558036897557, 0.000000000000000000 ) ) ;
#4063 = CARTESIAN_POINT ( 'NONE',  ( 0.8295000000000000151, 0.2979999999999998206, 0.2379999999999999893 ) ) ;
#4064 = VECTOR ( 'NONE', #357, 39.37007874015748143 ) ;
#4065 = CARTESIAN_POINT ( 'NONE',  ( 0.8252338799367407995, 0.3428205154013434508, 0.002000000000000000042 ) ) ;
#4066 = DIRECTION ( 'NONE',  ( -0.5773502691896270633, -0.5773502691896230665, -0.5773502691896270633 ) ) ;
#4067 = DIRECTION ( 'NONE',  ( -0.5773502691896270633, -0.5773502691896230665, -0.5773502691896270633 ) ) ;
#4068 = DIRECTION ( 'NONE',  ( 0.7071067811865499042, -0.7071067811865450192, 0.000000000000000000 ) ) ;
#4069 = ADVANCED_FACE ( 'NONE', ( #2762 ), #8406, .F. ) ;
#4070 = EDGE_CURVE ( 'NONE', #810, #7054, #10013, .T. ) ;
#4071 = VERTEX_POINT ( 'NONE', #348 ) ;
#4072 = LINE ( 'NONE', #3239, #2964 ) ;
#4073 = EDGE_LOOP ( 'NONE', ( #7708, #3885, #7497, #9101 ) ) ;
#4074 = ORIENTED_EDGE ( 'NONE', *, *, #7305, .T. ) ;
#4075 = LINE ( 'NONE', #8730, #9731 ) ;
#4076 = ORIENTED_EDGE ( 'NONE', *, *, #8145, .T. ) ;
#4077 = CARTESIAN_POINT ( 'NONE',  ( 0.7820000000000000284, 0.2034999999999998199, 0.000000000000000000 ) ) ;
#4078 = ADVANCED_FACE ( 'NONE', ( #5898 ), #9027, .F. ) ;
#4079 = CARTESIAN_POINT ( 'NONE',  ( 0.4299999999999999378, 0.1784999999999998255, 0.2304999999999999827 ) ) ;
#4080 = CARTESIAN_POINT ( 'NONE',  ( 0.1869999999999998885, 0.05400000000000002714, -0.3734999999999999432 ) ) ;
#4081 = CARTESIAN_POINT ( 'NONE',  ( 0.4289636321713942158, 0.1504349209335059667, 0.000000000000000000 ) ) ;
#4082 = CARTESIAN_POINT ( 'NONE',  ( 0.8285913968362544901, 0.3369781234256963853, 0.002000000000000000042 ) ) ;
#4083 = DIRECTION ( 'NONE',  ( 0.000000000000000000, -0.000000000000000000, 1.000000000000000000 ) ) ;
#4084 = CARTESIAN_POINT ( 'NONE',  ( 0.5714999999999998970, 0.4234999999999998765, 0.1079999999999999988 ) ) ;
#4085 = ORIENTED_EDGE ( 'NONE', *, *, #1219, .T. ) ;
#4086 = ORIENTED_EDGE ( 'NONE', *, *, #7872, .F. ) ;
#4087 = ORIENTED_EDGE ( 'NONE', *, *, #1475, .F. ) ;
#4088 = LINE ( 'NONE', #1005, #7886 ) ;
#4089 = CARTESIAN_POINT ( 'NONE',  ( 0.3934999999999999054, -0.1250000000000000000, -0.4425000000000000044 ) ) ;
#4090 = DIRECTION ( 'NONE',  ( -1.000000000000000000, 0.000000000000000000, 0.000000000000000000 ) ) ;
#4091 = EDGE_CURVE ( 'NONE', #8841, #7444, #1241, .T. ) ;
#4092 = EDGE_LOOP ( 'NONE', ( #4809 ) ) ;
#4093 = EDGE_CURVE ( 'NONE', #9529, #10338, #6784, .T. ) ;
#4094 = ORIENTED_EDGE ( 'NONE', *, *, #1561, .T. ) ;
#4095 = EDGE_LOOP ( 'NONE', ( #2844, #428, #7236, #7142, #3146, #7930, #4444, #4432, #2673, #5975, #9520, #2766 ) ) ;
#4096 = PLANE ( 'NONE',  #6060 ) ;
#4097 = CYLINDRICAL_SURFACE ( 'NONE', #4542, 0.06000000000000004635 ) ;
#4098 = DIRECTION ( 'NONE',  ( 1.000000000000000000, 0.000000000000000000, 0.000000000000000000 ) ) ;
#4099 = CARTESIAN_POINT ( 'NONE',  ( 1.098999999999999977, 0.05399999999999985367, -0.2199999999999999456 ) ) ;
#4100 = B_SPLINE_CURVE_WITH_KNOTS ( 'NONE', 3,
 ( #2837, #5187, #2936, #1161, #9887, #4351, #9106, #8376, #6020, #4503, #1902, #5090, #1113, #1212, #3669, #6914, #6858, #9155, #7539 ),
 .UNSPECIFIED., .F., .F.,
 ( 4, 1, 1, 1, 1, 1, 1, 1, 1, 1, 1, 1, 1, 1, 1, 1, 4 ),
 ( 0.000000000000000000, 0.06332879336011403015, 0.1247364441626588050, 0.1849157484558918707, 0.2443004085890904398, 0.3038255705820997465, 0.3643529976730645048, 0.4260731436723977916, 0.4897209088385836573, 0.5537559315351878730, 0.6164580629276267265, 0.6783188623542998341, 0.7403009402150833029, 0.8026562643773391681, 0.8667321228001687583, 0.9321567378801843828, 1.000000000000000000 ),
 .UNSPECIFIED. ) ;
#4101 = CARTESIAN_POINT ( 'NONE',  ( 0.6414999999999998481, 0.06550000000000003042, 0.1079999999999999988 ) ) ;
#4102 = ORIENTED_EDGE ( 'NONE', *, *, #5569, .F. ) ;
#4103 = PLANE ( 'NONE',  #500 ) ;
#4104 = CARTESIAN_POINT ( 'NONE',  ( 0.4368003990627061794, 0.1515916202817745861, 0.000000000000000000 ) ) ;
#4105 = CARTESIAN_POINT ( 'NONE',  ( 0.3677413038504020459, 0.1424999999999999878, 0.2379999999999999893 ) ) ;
#4106 = CARTESIAN_POINT ( 'NONE',  ( 0.6739999999999999325, -0.1174999999999999933, -0.3054999999999999938 ) ) ;
#4107 = VERTEX_POINT ( 'NONE', #248 ) ;
#4108 = PLANE ( 'NONE',  #10211 ) ;
#4109 = DIRECTION ( 'NONE',  ( -0.4530638136767707325, -0.8914780876368527673, 0.000000000000000000 ) ) ;
#4110 = FACE_OUTER_BOUND ( 'NONE', #3100, .T. ) ;
#4111 = CARTESIAN_POINT ( 'NONE',  ( 0.8299909106424572247, 0.3333292669912131245, 0.002000000000000000042 ) ) ;
#4112 = AXIS2_PLACEMENT_3D ( 'NONE', #8918, #4952, #981 ) ;
#4113 = DIRECTION ( 'NONE',  ( -0.000000000000000000, 0.000000000000000000, -1.000000000000000000 ) ) ;
#4114 = DIRECTION ( 'NONE',  ( -0.7071067811865451302, -0.7071067811865500152, 0.000000000000000000 ) ) ;
#4115 = ADVANCED_FACE ( 'NONE', ( #4428 ), #6630, .T. ) ;
#4116 = CARTESIAN_POINT ( 'NONE',  ( 0.7633930881864453566, 0.1633435751574418837, 0.000000000000000000 ) ) ;
#4117 = ORIENTED_EDGE ( 'NONE', *, *, #9436, .T. ) ;
#4118 = ADVANCED_FACE ( 'NONE', ( #2814 ), #4226, .T. ) ;
#4119 = DIRECTION ( 'NONE',  ( 1.000000000000000000, 0.000000000000000000, 0.000000000000000000 ) ) ;
#4120 = ORIENTED_EDGE ( 'NONE', *, *, #6329, .F. ) ;
#4121 = EDGE_CURVE ( 'NONE', #6183, #4459, #8191, .T. ) ;
#4122 = ORIENTED_EDGE ( 'NONE', *, *, #5141, .F. ) ;
#4123 = CARTESIAN_POINT ( 'NONE',  ( 0.7806557786473223848, 0.1633042395997510721, 0.000000000000000000 ) ) ;
#4124 = ORIENTED_EDGE ( 'NONE', *, *, #7156, .T. ) ;
#4125 = PLANE ( 'NONE',  #5063 ) ;
#4126 = AXIS2_PLACEMENT_3D ( 'NONE', #64, #8107, #9576 ) ;
#4127 = DIRECTION ( 'NONE',  ( -0.5773502691896257311, 0.5773502691896257311, -0.5773502691896257311 ) ) ;
#4128 = B_SPLINE_CURVE_WITH_KNOTS ( 'NONE', 3,
 ( #623, #7000, #10183, #1449, #4647, #7835, #674, #3862, #7047, #3075, #6263, #9447, #3282, #5790, #7355, #8134, #5839, #4111, #3434 ),
 .UNSPECIFIED., .F., .F.,
 ( 4, 1, 1, 1, 1, 1, 1, 1, 1, 1, 1, 1, 1, 1, 1, 1, 4 ),
 ( 0.000000000000000000, 0.06117934308804237609, 0.1203713884445974241, 0.1784417313622614076, 0.2359341281810979352, 0.2942679362243760255, 0.3526542946283778290, 0.4131221280938570661, 0.4755857683820464143, 0.5389001041802226055, 0.6018690472303271921, 0.6643326875185096014, 0.7276470233166927315, 0.7924087308653633421, 0.8591195288732081936, 0.9281350966840186123, 1.000000000000000000 ),
 .UNSPECIFIED. ) ;
#4129 = DIRECTION ( 'NONE',  ( 1.000000000000000000, 0.000000000000000000, 0.000000000000000000 ) ) ;
#4130 = CARTESIAN_POINT ( 'NONE',  ( 0.4292815541429328974, 0.1512764581922199925, 0.000000000000000000 ) ) ;
#4131 = CARTESIAN_POINT ( 'NONE',  ( 0.8282868710977353555, 0.3372334289536664809, 0.002000000000000000042 ) ) ;
#4132 = VECTOR ( 'NONE', #2030, 39.37007874015748143 ) ;
#4133 = EDGE_CURVE ( 'NONE', #2442, #9470, #7618, .T. ) ;
#4134 = PLANE ( 'NONE',  #6833 ) ;
#4135 = CARTESIAN_POINT ( 'NONE',  ( 0.2615000000000000657, 0.03300000000000000155, -0.4900000000000000466 ) ) ;
#4136 = ORIENTED_EDGE ( 'NONE', *, *, #6057, .T. ) ;
#4137 = ORIENTED_EDGE ( 'NONE', *, *, #8958, .F. ) ;
#4138 = ORIENTED_EDGE ( 'NONE', *, *, #3807, .T. ) ;
#4139 = CARTESIAN_POINT ( 'NONE',  ( 0.4454026660942531635, 0.1448040987748159258, 0.002000000000000000042 ) ) ;
#4140 = CARTESIAN_POINT ( 'NONE',  ( 0.7787609229447248760, 0.1687628001113986309, 0.000000000000000000 ) ) ;
#4141 = VECTOR ( 'NONE', #5371, 39.37007874015748143 ) ;
#4142 = CARTESIAN_POINT ( 'NONE',  ( 0.8259364350229871921, 0.3289407063042043555, 0.002000000000000000042 ) ) ;
#4143 = DIMENSIONAL_EXPONENTS ( 1.000000000000000000, 0.000000000000000000, 0.000000000000000000, 0.000000000000000000, 0.000000000000000000, 0.000000000000000000, 0.000000000000000000 ) ;
#4144 = VERTEX_POINT ( 'NONE', #5217 ) ;
#4145 = ORIENTED_EDGE ( 'NONE', *, *, #3132, .T. ) ;
#4146 = ORIENTED_EDGE ( 'NONE', *, *, #6063, .F. ) ;
#4147 = VECTOR ( 'NONE', #7345, 39.37007874015748854 ) ;
#4148 = DIRECTION ( 'NONE',  ( -1.000000000000000000, 0.000000000000000000, 0.000000000000000000 ) ) ;
#4149 = CARTESIAN_POINT ( 'NONE',  ( 0.7720918658014966907, 0.1591402898499106322, 0.000000000000000000 ) ) ;
#4150 = DIRECTION ( 'NONE',  ( 0.7071067811865475727, 0.000000000000000000, 0.7071067811865475727 ) ) ;
#4151 = LINE ( 'NONE', #6416, #233 ) ;
#4152 = EDGE_CURVE ( 'NONE', #3228, #6183, #5475, .T. ) ;
#4153 = CARTESIAN_POINT ( 'NONE',  ( 0.7803121544116682351, 0.1607790876599789753, 0.000000000000000000 ) ) ;
#4154 = EDGE_LOOP ( 'NONE', ( #9150, #856, #7364, #4961 ) ) ;
#4155 = CARTESIAN_POINT ( 'NONE',  ( 0.7643679734794874836, 0.1674930139256022299, 0.000000000000000000 ) ) ;
#4156 = VECTOR ( 'NONE', #8222, 39.37007874015748143 ) ;
#4157 = EDGE_CURVE ( 'NONE', #1998, #1388, #299, .T. ) ;
#4158 = LINE ( 'NONE', #2495, #5979 ) ;
#4159 = LINE ( 'NONE', #184, #4727 ) ;
#4160 = ORIENTED_EDGE ( 'NONE', *, *, #1666, .T. ) ;
#4161 = CARTESIAN_POINT ( 'NONE',  ( 0.5100000000000000089, 0.03300000000000000155, -0.4174999999999999822 ) ) ;
#4162 = CARTESIAN_POINT ( 'NONE',  ( 0.3922110345599258419, 0.3246250336889850985, 0.000000000000000000 ) ) ;
#4163 = CARTESIAN_POINT ( 'NONE',  ( 0.1144999999999998935, 0.2469999999999997753, 0.000000000000000000 ) ) ;
#4164 = CARTESIAN_POINT ( 'NONE',  ( 0.8119999999999999440, -0.1250000000000000000, -0.4174999999999999822 ) ) ;
#4165 = EDGE_CURVE ( 'NONE', #129, #2853, #9861, .T. ) ;
#4166 = CARTESIAN_POINT ( 'NONE',  ( 0.7720750077053435412, 0.1670523563111459275, 0.002000000000000000042 ) ) ;
#4167 = CARTESIAN_POINT ( 'NONE',  ( 0.6739999999999999325, 0.03300000000000000155, -0.3054999999999999938 ) ) ;
#4168 = CARTESIAN_POINT ( 'NONE',  ( 0.8350285682149465316, 0.3336665925924848231, 0.002000000000000000042 ) ) ;
#4169 = VECTOR ( 'NONE', #9324, 39.37007874015748143 ) ;
#4170 = ORIENTED_EDGE ( 'NONE', *, *, #712, .F. ) ;
#4171 = CARTESIAN_POINT ( 'NONE',  ( 0.4304817495265489957, 0.1539200285592718653, 0.002000000000000000042 ) ) ;
#4172 = EDGE_LOOP ( 'NONE', ( #5888, #7694, #4431, #3045 ) ) ;
#4173 = VERTEX_POINT ( 'NONE', #4330 ) ;
#4174 = LINE ( 'NONE', #4336, #4731 ) ;
#4175 = ORIENTED_EDGE ( 'NONE', *, *, #8378, .F. ) ;
#4176 = DIRECTION ( 'NONE',  ( 2.478385171246373220E-16, 1.000000000000000000, -0.000000000000000000 ) ) ;
#4177 = CARTESIAN_POINT ( 'NONE',  ( 0.1869999999999998885, 0.000000000000000000, -0.01499999999999999944 ) ) ;
#4178 = CARTESIAN_POINT ( 'NONE',  ( -1.193109725977864164E-16, 0.4314999999999999392, -0.09500000000000001499 ) ) ;
#4179 = EDGE_CURVE ( 'NONE', #7054, #4357, #3545, .T. ) ;
#4180 = DIRECTION ( 'NONE',  ( 0.000000000000000000, -0.7071067811865459074, -0.7071067811865491270 ) ) ;
#4181 = EDGE_CURVE ( 'NONE', #2539, #5420, #2917, .T. ) ;
#4182 = CARTESIAN_POINT ( 'NONE',  ( 0.8293693834562767542, 0.3360205744534943695, 0.002000000000000000042 ) ) ;
#4183 = LINE ( 'NONE', #3194, #656 ) ;
#4184 = PLANE ( 'NONE',  #5466 ) ;
#4185 = EDGE_LOOP ( 'NONE', ( #7600, #8358, #4215, #4983 ) ) ;
#4186 = ORIENTED_EDGE ( 'NONE', *, *, #7228, .F. ) ;
#4187 = ORIENTED_EDGE ( 'NONE', *, *, #9574, .F. ) ;
#4188 = LINE ( 'NONE', #4977, #9555 ) ;
#4189 = ORIENTED_EDGE ( 'NONE', *, *, #10201, .F. ) ;
#4190 = DIRECTION ( 'NONE',  ( 0.000000000000000000, 0.000000000000000000, -1.000000000000000000 ) ) ;
#4191 = CARTESIAN_POINT ( 'NONE',  ( 0.4329780630910206041, 0.1396833439402393462, 0.000000000000000000 ) ) ;
#4192 = VECTOR ( 'NONE', #4661, 39.37007874015748143 ) ;
#4193 = VECTOR ( 'NONE', #1768, 39.37007874015748143 ) ;
#4194 = EDGE_CURVE ( 'NONE', #6970, #2192, #10073, .T. ) ;
#4195 = VECTOR ( 'NONE', #7868, 39.37007874015748143 ) ;
#4196 = CARTESIAN_POINT ( 'NONE',  ( 0.1869999999999998885, 0.05399999999999999245, -0.4899999999999999911 ) ) ;
#4197 = ORIENTED_EDGE ( 'NONE', *, *, #2038, .F. ) ;
#4198 = ORIENTED_EDGE ( 'NONE', *, *, #6305, .T. ) ;
#4199 = EDGE_CURVE ( 'NONE', #4569, #8825, #2179, .T. ) ;
#4200 = ORIENTED_EDGE ( 'NONE', *, *, #932, .F. ) ;
#4201 = FACE_BOUND ( 'NONE', #3652, .T. ) ;
#4202 = EDGE_CURVE ( 'NONE', #4863, #7451, #5370, .T. ) ;
#4203 = AXIS2_PLACEMENT_3D ( 'NONE', #5778, #1851, #8284 ) ;
#4204 = CARTESIAN_POINT ( 'NONE',  ( 0.4340669223851272296, 0.1498975222861386458, 0.002000000000000000042 ) ) ;
#4205 = DIRECTION ( 'NONE',  ( 1.000000000000000000, 0.000000000000000000, 0.000000000000000000 ) ) ;
#4206 = AXIS2_PLACEMENT_3D ( 'NONE', #2808, #8399, #1236 ) ;
#4207 = DIRECTION ( 'NONE',  ( -0.000000000000000000, -0.000000000000000000, -1.000000000000000000 ) ) ;
#4208 = VECTOR ( 'NONE', #7425, 39.37007874015748143 ) ;
#4209 = CARTESIAN_POINT ( 'NONE',  ( 0.4391294955489369878, 0.1509888169886619558, 0.000000000000000000 ) ) ;
#4210 = ORIENTED_EDGE ( 'NONE', *, *, #768, .T. ) ;
#4211 = CARTESIAN_POINT ( 'NONE',  ( 0.7672159434498222463, 0.1706678706707046578, 0.002000000000000000042 ) ) ;
#4212 = VECTOR ( 'NONE', #10252, 39.37007874015748143 ) ;
#4213 = CARTESIAN_POINT ( 'NONE',  ( 0.8346689288303448251, 0.3480015936880894167, 0.000000000000000000 ) ) ;
#4214 = CARTESIAN_POINT ( 'NONE',  ( 0.2580000000000000626, 0.1299999999999998379, -0.1659999999999999531 ) ) ;
#4215 = ORIENTED_EDGE ( 'NONE', *, *, #1936, .T. ) ;
#4216 = CARTESIAN_POINT ( 'NONE',  ( 0.5939999999999999725, -0.1250000000000000000, -0.4250000000000000444 ) ) ;
#4217 = DIRECTION ( 'NONE',  ( -0.000000000000000000, -0.000000000000000000, -1.000000000000000000 ) ) ;
#4218 = DIRECTION ( 'NONE',  ( -0.000000000000000000, -0.000000000000000000, -1.000000000000000000 ) ) ;
#4219 = FACE_OUTER_BOUND ( 'NONE', #5182, .T. ) ;
#4220 = EDGE_CURVE ( 'NONE', #7366, #8892, #1492, .T. ) ;
#4221 = VECTOR ( 'NONE', #1025, 39.37007874015748143 ) ;
#4222 = VECTOR ( 'NONE', #7213, 39.37007874015748854 ) ;
#4223 = EDGE_CURVE ( 'NONE', #6376, #4863, #7665, .T. ) ;
#4224 = DIRECTION ( 'NONE',  ( 0.000000000000000000, -1.000000000000000000, 0.000000000000000000 ) ) ;
#4225 = CARTESIAN_POINT ( 'NONE',  ( 0.8232153042089201955, 0.3299283715395267547, 0.002000000000000000042 ) ) ;
#4226 = PLANE ( 'NONE',  #7307 ) ;
#4227 = EDGE_CURVE ( 'NONE', #2197, #4347, #10228, .T. ) ;
#4228 = VERTEX_POINT ( 'NONE', #8506 ) ;
#4229 = VECTOR ( 'NONE', #9033, 39.37007874015748143 ) ;
#4230 = CARTESIAN_POINT ( 'NONE',  ( 0.5024999999999999467, -0.1250000000000000000, -0.4349999999999999423 ) ) ;
#4231 = EDGE_LOOP ( 'NONE', ( #9738, #7237, #905, #3797 ) ) ;
#4232 = VECTOR ( 'NONE', #1462, 39.37007874015748143 ) ;
#4233 = EDGE_CURVE ( 'NONE', #7006, #1773, #6156, .T. ) ;
#4234 = VERTEX_POINT ( 'NONE', #1292 ) ;
#4235 = DIRECTION ( 'NONE',  ( 0.7071067811865459074, 0.000000000000000000, 0.7071067811865491270 ) ) ;
#4236 = ORIENTED_EDGE ( 'NONE', *, *, #4611, .F. ) ;
#4237 = CARTESIAN_POINT ( 'NONE',  ( 0.7146666666666666723, -0.1308333333333333570, -0.4308333333333332904 ) ) ;
#4238 = LINE ( 'NONE', #7474, #10045 ) ;
#4239 = CARTESIAN_POINT ( 'NONE',  ( 0.3759999999999999454, 0.3154999999999998361, 0.2305000000000000104 ) ) ;
#4240 = EDGE_CURVE ( 'NONE', #1866, #1695, #503, .T. ) ;
#4241 = VECTOR ( 'NONE', #6354, 39.37007874015748143 ) ;
#4242 = CARTESIAN_POINT ( 'NONE',  ( 0.7679316100563823300, 0.1711025273159249571, 0.002000000000000000042 ) ) ;
#4243 = AXIS2_PLACEMENT_3D ( 'NONE', #8955, #1785, #900 ) ;
#4244 = CARTESIAN_POINT ( 'NONE',  ( 0.4407058175849807857, 0.1476747652060336757, 0.002000000000000000042 ) ) ;
#4245 = VERTEX_POINT ( 'NONE', #2966 ) ;
#4246 = CARTESIAN_POINT ( 'NONE',  ( 0.6554999999999998606, 0.1784999999999998255, 0.2379999999999999893 ) ) ;
#4247 = ORIENTED_EDGE ( 'NONE', *, *, #5259, .T. ) ;
#4248 = VECTOR ( 'NONE', #9690, 39.37007874015748143 ) ;
#4249 = ORIENTED_EDGE ( 'NONE', *, *, #6917, .T. ) ;
#4250 = ORIENTED_EDGE ( 'NONE', *, *, #8100, .T. ) ;
#4251 = CARTESIAN_POINT ( 'NONE',  ( 0.4447688737410823157, 0.1432492468514029449, 0.002000000000000000042 ) ) ;
#4252 = ORIENTED_EDGE ( 'NONE', *, *, #7915, .T. ) ;
#4253 = CARTESIAN_POINT ( 'NONE',  ( 0.8350190616617279016, 0.3333309768593934463, 0.002000000000000000042 ) ) ;
#4254 = CARTESIAN_POINT ( 'NONE',  ( 0.7768743033338237902, 0.1705977815909907325, 0.000000000000000000 ) ) ;
#4255 = PLANE ( 'NONE',  #994 ) ;
#4256 = CARTESIAN_POINT ( 'NONE',  ( 0.8236931155220645895, 0.3295635702595118288, 0.000000000000000000 ) ) ;
#4257 = ORIENTED_EDGE ( 'NONE', *, *, #6559, .T. ) ;
#4258 = ORIENTED_EDGE ( 'NONE', *, *, #3009, .F. ) ;
#4259 = ORIENTED_EDGE ( 'NONE', *, *, #6530, .T. ) ;
#4260 = CARTESIAN_POINT ( 'NONE',  ( 0.8258858607345276326, 0.3480015936880894167, 0.002000000000000000042 ) ) ;
#4261 = ADVANCED_FACE ( 'NONE', ( #1441 ), #10176, .F. ) ;
#4262 = CARTESIAN_POINT ( 'NONE',  ( 0.4335439718178204505, 0.1484705574134032591, 0.002000000000000000042 ) ) ;
#4263 = EDGE_CURVE ( 'NONE', #9674, #5723, #3854, .T. ) ;
#4264 = DIRECTION ( 'NONE',  ( 0.5773502691896252870, 0.5773502691896267303, -0.5773502691896252870 ) ) ;
#4265 = CARTESIAN_POINT ( 'NONE',  ( 0.000000000000000000, 0.000000000000000000, 0.000000000000000000 ) ) ;
#4266 = FACE_OUTER_BOUND ( 'NONE', #9598, .T. ) ;
#4267 = ORIENTED_EDGE ( 'NONE', *, *, #9395, .F. ) ;
#4268 = CARTESIAN_POINT ( 'NONE',  ( 0.7634149588432765920, 0.1642349640432707869, 0.000000000000000000 ) ) ;
#4269 = CARTESIAN_POINT ( 'NONE',  ( 0.3347413038504020721, 0.4284999999999998810, 0.2379999999999999893 ) ) ;
#4270 = CARTESIAN_POINT ( 'NONE',  ( 0.5024999999999999467, -0.1250000000000000000, -0.4425000000000000044 ) ) ;
#4271 = VERTEX_POINT ( 'NONE', #3698 ) ;
#4272 = CARTESIAN_POINT ( 'NONE',  ( 0.7669557658401549016, 0.1448446243119968224, 0.002000000000000000042 ) ) ;
#4273 = CARTESIAN_POINT ( 'NONE',  ( 0.4340669223851272296, 0.1498975222861386458, 0.000000000000000000 ) ) ;
#4274 = LINE ( 'NONE', #1925, #8212 ) ;
#4275 = CARTESIAN_POINT ( 'NONE',  ( 0.1149999999999998801, 0.05399999999999999245, -0.2919999999999999263 ) ) ;
#4276 = DIRECTION ( 'NONE',  ( 0.000000000000000000, 0.000000000000000000, -1.000000000000000000 ) ) ;
#4277 = CARTESIAN_POINT ( 'NONE',  ( 0.7029999999999999583, 0.2904999999999998139, 0.2305000000000000104 ) ) ;
#4278 = CARTESIAN_POINT ( 'NONE',  ( 0.6664999999999999813, -0.1250000000000000000, -0.3305000000000000160 ) ) ;
#4279 = ORIENTED_EDGE ( 'NONE', *, *, #6154, .F. ) ;
#4280 = CARTESIAN_POINT ( 'NONE',  ( 0.6414999999999998481, 0.07050000000000002098, 0.2080000000000000182 ) ) ;
#4281 = ORIENTED_EDGE ( 'NONE', *, *, #4951, .T. ) ;
#4282 = ORIENTED_EDGE ( 'NONE', *, *, #5372, .T. ) ;
#4283 = DIRECTION ( 'NONE',  ( 0.7071067811865491270, 0.000000000000000000, 0.7071067811865459074 ) ) ;
#4284 = DIRECTION ( 'NONE',  ( 0.9877629653290691536, 0.1559625734730109292, -0.000000000000000000 ) ) ;
#4285 = FACE_OUTER_BOUND ( 'NONE', #370, .T. ) ;
#4286 = CARTESIAN_POINT ( 'NONE',  ( 0.8288748555470625279, 0.3366862095756464890, 0.000000000000000000 ) ) ;
#4287 = EDGE_CURVE ( 'NONE', #8620, #3583, #6302, .T. ) ;
#4288 = CARTESIAN_POINT ( 'NONE',  ( 0.7711143237655804228, 0.1720648190351925788, 0.002000000000000000042 ) ) ;
#4289 = EDGE_CURVE ( 'NONE', #9113, #7224, #6890, .T. ) ;
#4290 = FACE_OUTER_BOUND ( 'NONE', #1327, .T. ) ;
#4291 = ADVANCED_FACE ( 'NONE', ( #7040 ), #105, .T. ) ;
#4292 = ORIENTED_EDGE ( 'NONE', *, *, #6218, .T. ) ;
#4293 = VECTOR ( 'NONE', #367, 39.37007874015748143 ) ;
#4294 = CARTESIAN_POINT ( 'NONE',  ( 1.171000000000000041, 0.1139999999999998653, -0.2199999999999999456 ) ) ;
#4295 = VERTEX_POINT ( 'NONE', #1603 ) ;
#4296 = ORIENTED_EDGE ( 'NONE', *, *, #4157, .F. ) ;
#4297 = ORIENTED_EDGE ( 'NONE', *, *, #5720, .T. ) ;
#4298 = DIRECTION ( 'NONE',  ( -0.000000000000000000, -0.000000000000000000, 1.000000000000000000 ) ) ;
#4299 = CARTESIAN_POINT ( 'NONE',  ( 0.7796984373132835877, 0.1673274375575012629, 0.000000000000000000 ) ) ;
#4300 = LINE ( 'NONE', #5031, #1726 ) ;
#4301 = DIRECTION ( 'NONE',  ( -0.000000000000000000, 0.000000000000000000, 1.000000000000000000 ) ) ;
#4302 = LINE ( 'NONE', #5922, #1994 ) ;
#4303 = VECTOR ( 'NONE', #6070, 39.37007874015748143 ) ;
#4304 = EDGE_CURVE ( 'NONE', #2297, #1771, #5654, .T. ) ;
#4305 = DIRECTION ( 'NONE',  ( 1.000000000000000000, 0.000000000000000000, 0.000000000000000000 ) ) ;
#4306 = DIRECTION ( 'NONE',  ( 0.000000000000000000, -0.000000000000000000, -1.000000000000000000 ) ) ;
#4307 = VERTEX_POINT ( 'NONE', #7932 ) ;
#4308 = VERTEX_POINT ( 'NONE', #7979 ) ;
#4309 = ORIENTED_EDGE ( 'NONE', *, *, #3523, .T. ) ;
#4310 = DIRECTION ( 'NONE',  ( 0.1559625734730108737, -0.9877629653290691536, -0.000000000000000000 ) ) ;
#4311 = VECTOR ( 'NONE', #9285, 39.37007874015748143 ) ;
#4312 = CARTESIAN_POINT ( 'NONE',  ( 0.7756208272628999367, 0.1630569875228374821, 0.000000000000000000 ) ) ;
#4313 = COORDINATED_UNIVERSAL_TIME_OFFSET ( 5, 0, .BEHIND. ) ;
#4314 = EDGE_CURVE ( 'NONE', #2843, #148, #4158, .T. ) ;
#4315 = EDGE_CURVE ( 'NONE', #6771, #4061, #8764, .T. ) ;
#4316 = ORIENTED_EDGE ( 'NONE', *, *, #3435, .F. ) ;
#4317 = PLANE ( 'NONE',  #5350 ) ;
#4318 = AXIS2_PLACEMENT_3D ( 'NONE', #2640, #5830, #8124 ) ;
#4319 = LINE ( 'NONE', #1176, #4820 ) ;
#4320 = CARTESIAN_POINT ( 'NONE',  ( 0.7685839064610712201, 0.1550849019048068100, -5.335640612625514099E-19 ) ) ;
#4321 = VERTEX_POINT ( 'NONE', #9543 ) ;
#4322 = CARTESIAN_POINT ( 'NONE',  ( 0.4414999999999997815, 0.07050000000000002098, 0.1079999999999999988 ) ) ;
#4323 = CARTESIAN_POINT ( 'NONE',  ( 0.7714999999999999636, 0.4234999999999998765, 0.1079999999999999849 ) ) ;
#4324 = DIRECTION ( 'NONE',  ( 1.000000000000000000, -0.000000000000000000, -2.439149994343094625E-16 ) ) ;
#4325 = CARTESIAN_POINT ( 'NONE',  ( 0.6414999999999998481, 0.06550000000000003042, 0.2080000000000000182 ) ) ;
#4326 = EDGE_CURVE ( 'NONE', #6283, #6147, #1655, .T. ) ;
#4327 = DIRECTION ( 'NONE',  ( 0.000000000000000000, -0.7071067811865459074, -0.7071067811865491270 ) ) ;
#4328 = EDGE_CURVE ( 'NONE', #2694, #9277, #9647, .T. ) ;
#4329 = DIRECTION ( 'NONE',  ( -0.000000000000000000, -0.000000000000000000, 1.000000000000000000 ) ) ;
#4330 = CARTESIAN_POINT ( 'NONE',  ( 0.8163273202156631214, 0.3314581819964155796, 0.002000000000000000042 ) ) ;
#4331 = CARTESIAN_POINT ( 'NONE',  ( 0.8269140027246983937, 0.3378576357143399100, 0.002000000000000000042 ) ) ;
#4332 = EDGE_LOOP ( 'NONE', ( #8634 ) ) ;
#4333 = PLANE ( 'NONE',  #2124 ) ;
#4334 = ORIENTED_EDGE ( 'NONE', *, *, #5374, .F. ) ;
#4335 = ORIENTED_EDGE ( 'NONE', *, *, #9079, .T. ) ;
#4336 = CARTESIAN_POINT ( 'NONE',  ( 0.4849999999999999312, -0.1250000000000000000, -0.4174999999999999822 ) ) ;
#4337 = CARTESIAN_POINT ( 'NONE',  ( 1.026000000000000023, 0.1139999999999998653, -0.4899999999999999911 ) ) ;
#4338 = DIRECTION ( 'NONE',  ( 1.000000000000000000, 0.000000000000000000, 0.000000000000000000 ) ) ;
#4339 = EDGE_CURVE ( 'NONE', #2096, #1822, #5589, .T. ) ;
#4340 = CARTESIAN_POINT ( 'NONE',  ( 0.6414999999999998481, 0.4234999999999998765, 0.2080000000000000182 ) ) ;
#4341 = FACE_OUTER_BOUND ( 'NONE', #1550, .T. ) ;
#4342 = CARTESIAN_POINT ( 'NONE',  ( 0.4421724719503092316, 0.1658871284168743077, 0.000000000000000000 ) ) ;
#4343 = ORIENTED_EDGE ( 'NONE', *, *, #8691, .T. ) ;
#4344 = CARTESIAN_POINT ( 'NONE',  ( 0.4406926458894447340, 0.1479455488386481610, 0.002000000000000000042 ) ) ;
#4345 = ORIENTED_EDGE ( 'NONE', *, *, #5856, .F. ) ;
#4346 = ORIENTED_EDGE ( 'NONE', *, *, #8327, .F. ) ;
#4347 = VERTEX_POINT ( 'NONE', #4845 ) ;
#4348 = PLANE ( 'NONE',  #4549 ) ;
#4349 = CARTESIAN_POINT ( 'NONE',  ( 0.7722834327113256014, 0.1720810511266692433, 0.002000000000000000042 ) ) ;
#4350 = CARTESIAN_POINT ( 'NONE',  ( 0.7734815459822667050, 0.1593968126303243749, 0.002000000000000000042 ) ) ;
#4351 = CARTESIAN_POINT ( 'NONE',  ( 0.4405500186030285592, 0.1556581882911906300, 0.000000000000000000 ) ) ;
#4352 = LINE ( 'NONE', #2680, #2829 ) ;
#4353 = EDGE_CURVE ( 'NONE', #5617, #1011, #4057, .T. ) ;
#4354 = DIRECTION ( 'NONE',  ( 1.000000000000000000, 0.000000000000000000, 6.829619984160637260E-14 ) ) ;
#4355 = DIRECTION ( 'NONE',  ( 0.000000000000000000, 0.000000000000000000, 1.000000000000000000 ) ) ;
#4356 = ORIENTED_EDGE ( 'NONE', *, *, #8252, .T. ) ;
#4357 = VERTEX_POINT ( 'NONE', #2444 ) ;
#4358 = ORIENTED_EDGE ( 'NONE', *, *, #8311, .F. ) ;
#4359 = EDGE_CURVE ( 'NONE', #10305, #433, #8128, .T. ) ;
#4360 = DIRECTION ( 'NONE',  ( 0.5773502691896248429, 0.5773502691896248429, 0.5773502691896275074 ) ) ;
#4361 = DIRECTION ( 'NONE',  ( 0.000000000000000000, 0.000000000000000000, 1.000000000000000000 ) ) ;
#4362 = AXIS2_PLACEMENT_3D ( 'NONE', #5165, #8249, #1089 ) ;
#4363 = EDGE_CURVE ( 'NONE', #2107, #4497, #4748, .T. ) ;
#4364 = ORIENTED_EDGE ( 'NONE', *, *, #6958, .F. ) ;
#4365 = LINE ( 'NONE', #7555, #4849 ) ;
#4366 = LINE ( 'NONE', #6619, #641 ) ;
#4367 = VECTOR ( 'NONE', #5001, 39.37007874015748854 ) ;
#4368 = PLANE ( 'NONE',  #8064 ) ;
#4369 = VERTEX_POINT ( 'NONE', #4899 ) ;
#4370 = CARTESIAN_POINT ( 'NONE',  ( 0.4009999999999999676, -0.1174999999999999933, -0.4425000000000000044 ) ) ;
#4371 = CARTESIAN_POINT ( 'NONE',  ( 0.5649999999999999467, -0.1250000000000000000, -0.3054999999999999938 ) ) ;
#4372 = DIRECTION ( 'NONE',  ( -0.5773502691896257311, 0.5773502691896257311, -0.5773502691896257311 ) ) ;
#4373 = LINE ( 'NONE', #4474, #2227 ) ;
#4374 = VECTOR ( 'NONE', #6176, 39.37007874015748143 ) ;
#4375 = FACE_OUTER_BOUND ( 'NONE', #679, .T. ) ;
#4376 = DIRECTION ( 'NONE',  ( 0.000000000000000000, 0.000000000000000000, 1.000000000000000000 ) ) ;
#4377 = DIRECTION ( 'NONE',  ( 0.000000000000000000, 0.000000000000000000, -1.000000000000000000 ) ) ;
#4378 = CARTESIAN_POINT ( 'NONE',  ( 0.8298433123761979058, 0.3348494213980274803, 0.000000000000000000 ) ) ;
#4379 = CARTESIAN_POINT ( 'NONE',  ( 0.7745734014510180510, 0.1659148003076377498, 0.002000000000000000042 ) ) ;
#4380 = EDGE_LOOP ( 'NONE', ( #3469, #8115, #6244, #8545 ) ) ;
#4381 = EDGE_LOOP ( 'NONE', ( #5770 ) ) ;
#4382 = CARTESIAN_POINT ( 'NONE',  ( 0.4294826874710956921, 0.1517640406137398812, 0.002000000000000000042 ) ) ;
#4383 = PLANE ( 'NONE',  #5895 ) ;
#4384 = VECTOR ( 'NONE', #4999, 39.37007874015748143 ) ;
#4385 = VECTOR ( 'NONE', #9089, 39.37007874015748143 ) ;
#4386 = CARTESIAN_POINT ( 'NONE',  ( 0.06249999999999995143, 0.4939999999999999947, -0.09500000000000001499 ) ) ;
#4387 = CARTESIAN_POINT ( 'NONE',  ( 0.8163273202156631214, 0.3314581819964155796, 0.000000000000000000 ) ) ;
#4388 = CARTESIAN_POINT ( 'NONE',  ( 0.7694565865355172951, 0.1717402874638890853, 0.002000000000000000042 ) ) ;
#4389 = CARTESIAN_POINT ( 'NONE',  ( 0.8414999999999999147, 0.07050000000000002098, 0.1079999999999999710 ) ) ;
#4390 = EDGE_CURVE ( 'NONE', #10291, #314, #8081, .T. ) ;
#4391 = VECTOR ( 'NONE', #7499, 39.37007874015748143 ) ;
#4392 = AXIS2_PLACEMENT_3D ( 'NONE', #2449, #878, #1814 ) ;
#4393 = ORIENTED_EDGE ( 'NONE', *, *, #1387, .F. ) ;
#4394 = ADVANCED_FACE ( 'NONE', ( #4004 ), #855, .T. ) ;
#4395 = LINE ( 'NONE', #10089, #3464 ) ;
#4396 = ORIENTED_EDGE ( 'NONE', *, *, #5292, .T. ) ;
#4397 = EDGE_LOOP ( 'NONE', ( #10103, #4601, #3082, #6484 ) ) ;
#4398 = VERTEX_POINT ( 'NONE', #6672 ) ;
#4399 = CARTESIAN_POINT ( 'NONE',  ( 0.4457333739248451887, 0.1470899568495832310, 0.002000000000000000042 ) ) ;
#4400 = LINE ( 'NONE', #5239, #8844 ) ;
#4401 = AXIS2_PLACEMENT_3D ( 'NONE', #4908, #245, #4012 ) ;
#4402 = CARTESIAN_POINT ( 'NONE',  ( 0.7633930881864453566, 0.1633435751574418837, 0.002000000000000000042 ) ) ;
#4403 = CARTESIAN_POINT ( 'NONE',  ( 0.5639999999999999458, 0.1784999999999998255, 0.2379999999999999893 ) ) ;
#4404 = VECTOR ( 'NONE', #6316, 39.37007874015748143 ) ;
#4405 = DIRECTION ( 'NONE',  ( 0.000000000000000000, 0.000000000000000000, 1.000000000000000000 ) ) ;
#4406 = APPROVAL_PERSON_ORGANIZATION ( #7449, #8176, #6718 ) ;
#4407 = CARTESIAN_POINT ( 'NONE',  ( 0.4345392115312997627, 0.1390161659127961691, 0.002000000000000000042 ) ) ;
#4408 = CARTESIAN_POINT ( 'NONE',  ( 0.8257154558694616009, 0.3379154167105136164, 0.002000000000000000042 ) ) ;
#4409 = ORIENTED_EDGE ( 'NONE', *, *, #9122, .F. ) ;
#4410 = EDGE_LOOP ( 'NONE', ( #8042, #489, #8146, #7108 ) ) ;
#4411 = ORIENTED_EDGE ( 'NONE', *, *, #4263, .F. ) ;
#4412 = CARTESIAN_POINT ( 'NONE',  ( 1.171000000000000041, 0.000000000000000000, -0.01499999999999999944 ) ) ;
#4413 = CARTESIAN_POINT ( 'NONE',  ( 0.4404755381030751593, 0.1492241316674232099, 0.000000000000000000 ) ) ;
#4414 = VERTEX_POINT ( 'NONE', #6770 ) ;
#4415 = EDGE_CURVE ( 'NONE', #7119, #6894, #1081, .T. ) ;
#4416 = ORIENTED_EDGE ( 'NONE', *, *, #5530, .F. ) ;
#4417 = EDGE_CURVE ( 'NONE', #5917, #8168, #9906, .T. ) ;
#4418 = DIRECTION ( 'NONE',  ( 0.000000000000000000, 0.000000000000000000, -1.000000000000000000 ) ) ;
#4419 = PLANE ( 'NONE',  #9975 ) ;
#4420 = CARTESIAN_POINT ( 'NONE',  ( 0.7693552695696995736, 0.1548119441406696217, -5.335640612625514099E-19 ) ) ;
#4421 = ORIENTED_EDGE ( 'NONE', *, *, #3139, .T. ) ;
#4422 = DIRECTION ( 'NONE',  ( 0.000000000000000000, -1.000000000000000000, 0.000000000000000000 ) ) ;
#4423 = CARTESIAN_POINT ( 'NONE',  ( 0.8298811155275372942, 0.3423296791784397053, 0.000000000000000000 ) ) ;
#4424 = DIRECTION ( 'NONE',  ( 0.7071067811865459074, 0.000000000000000000, -0.7071067811865491270 ) ) ;
#4425 = DIRECTION ( 'NONE',  ( 1.000000000000000000, 0.000000000000000000, 0.000000000000000000 ) ) ;
#4426 = LINE ( 'NONE', #5215, #4865 ) ;
#4427 = DIRECTION ( 'NONE',  ( 0.000000000000000000, -1.000000000000000000, 0.000000000000000000 ) ) ;
#4428 = FACE_OUTER_BOUND ( 'NONE', #5236, .T. ) ;
#4429 = FACE_OUTER_BOUND ( 'NONE', #9267, .T. ) ;
#4430 = DIRECTION ( 'NONE',  ( 0.000000000000000000, -1.000000000000000000, 0.000000000000000000 ) ) ;
#4431 = ORIENTED_EDGE ( 'NONE', *, *, #5893, .T. ) ;
#4432 = ORIENTED_EDGE ( 'NONE', *, *, #8910, .F. ) ;
#4433 = CARTESIAN_POINT ( 'NONE',  ( 0.4289636321713942158, 0.1504349209335059667, 0.002000000000000000042 ) ) ;
#4434 = CARTESIAN_POINT ( 'NONE',  ( 0.3064999999999997726, 0.1328303204446733277, 0.000000000000000000 ) ) ;
#4435 = DIRECTION ( 'NONE',  ( 1.000000000000000000, 0.000000000000000000, 0.000000000000000000 ) ) ;
#4436 = DIRECTION ( 'NONE',  ( 0.000000000000000000, 0.000000000000000000, 1.000000000000000000 ) ) ;
#4437 = CARTESIAN_POINT ( 'NONE',  ( 0.8348924182817925033, 0.3356028284275250906, 0.000000000000000000 ) ) ;
#4438 = EDGE_CURVE ( 'NONE', #8776, #2096, #4366, .T. ) ;
#4439 = CARTESIAN_POINT ( 'NONE',  ( 0.7756208272628999367, 0.1630569875228374821, 0.002000000000000000042 ) ) ;
#4440 = ADVANCED_FACE ( 'NONE', ( #3428 ), #7559, .F. ) ;
#4441 = ORIENTED_EDGE ( 'NONE', *, *, #17, .T. ) ;
#4442 = LINE ( 'NONE', #9251, #9466 ) ;
#4443 = EDGE_LOOP ( 'NONE', ( #7861, #8927, #8224, #8215 ) ) ;
#4444 = ORIENTED_EDGE ( 'NONE', *, *, #9547, .F. ) ;
#4445 = ORIENTED_EDGE ( 'NONE', *, *, #10070, .T. ) ;
#4446 = CARTESIAN_POINT ( 'NONE',  ( 0.7720750077053435412, 0.1670523563111459275, 0.002000000000000000042 ) ) ;
#4447 = CARTESIAN_POINT ( 'NONE',  ( 0.7737560479002969505, 0.1719329930299287879, 0.000000000000000000 ) ) ;
#4448 = CARTESIAN_POINT ( 'NONE',  ( 0.3922110345599258419, 0.3526769056879103248, 0.002000000000000000042 ) ) ;
#4449 = DIRECTION ( 'NONE',  ( 1.000000000000000000, 0.000000000000000000, 0.000000000000000000 ) ) ;
#4450 = CARTESIAN_POINT ( 'NONE',  ( 0.7829999999999999183, 0.03300000000000000155, -0.3305000000000000160 ) ) ;
#4451 = AXIS2_PLACEMENT_3D ( 'NONE', #8718, #10334, #7986 ) ;
#4452 = CARTESIAN_POINT ( 'NONE',  ( 0.7801689631185857454, 0.1603122160908259097, 0.000000000000000000 ) ) ;
#4453 = ADVANCED_FACE ( 'NONE', ( #5107, #9797, #5203, #5053 ), #238, .F. ) ;
#4454 = AXIS2_PLACEMENT_3D ( 'NONE', #5638, #6470, #6764 ) ;
#4455 = CARTESIAN_POINT ( 'NONE',  ( 0.4284780785085262056, 0.1474275131291200580, 0.002000000000000000042 ) ) ;
#4456 = FACE_OUTER_BOUND ( 'NONE', #7469, .T. ) ;
#4457 = VERTEX_POINT ( 'NONE', #1920 ) ;
#4458 = ORIENTED_EDGE ( 'NONE', *, *, #2416, .T. ) ;
#4459 = VERTEX_POINT ( 'NONE', #1809 ) ;
#4460 = LINE ( 'NONE', #1223, #6404 ) ;
#4461 = CARTESIAN_POINT ( 'NONE',  ( 0.4370419913543519552, 0.1516027016097293290, 0.002000000000000000042 ) ) ;
#4462 = VECTOR ( 'NONE', #3026, 39.37007874015748143 ) ;
#4463 = LENGTH_MEASURE_WITH_UNIT ( LENGTH_MEASURE( 0.02539999999999999897 ), #9118 );
#4464 = VERTEX_POINT ( 'NONE', #287 ) ;
#4465 = CARTESIAN_POINT ( 'NONE',  ( 0.7746245600440070378, 0.1602518113293783797, 0.000000000000000000 ) ) ;
#4466 = AXIS2_PLACEMENT_3D ( 'NONE', #1552, #6359, #3321 ) ;
#4467 = CARTESIAN_POINT ( 'NONE',  ( 0.8229675004310079700, 0.3362814433919988355, 0.002000000000000000042 ) ) ;
#4468 = LINE ( 'NONE', #5261, #3890 ) ;
#4469 = ORIENTED_EDGE ( 'NONE', *, *, #2642, .T. ) ;
#4470 = ADVANCED_FACE ( 'NONE', ( #8394 ), #4419, .F. ) ;
#4471 = DIRECTION ( 'NONE',  ( -1.000000000000000000, 0.000000000000000000, 0.000000000000000000 ) ) ;
#4472 = DIRECTION ( 'NONE',  ( 1.000000000000000000, 0.000000000000000000, -0.000000000000000000 ) ) ;
#4473 = DIRECTION ( 'NONE',  ( 1.000000000000000000, 0.000000000000000000, 0.000000000000000000 ) ) ;
#4474 = CARTESIAN_POINT ( 'NONE',  ( 0.8119999999999999440, -0.1250000000000000000, -0.4174999999999999822 ) ) ;
#4475 = EDGE_CURVE ( 'NONE', #7238, #4308, #8181, .T. ) ;
#4476 = VECTOR ( 'NONE', #1166, 39.37007874015748143 ) ;
#4477 = LINE ( 'NONE', #1438, #6032 ) ;
#4478 = ADVANCED_FACE ( 'NONE', ( #3481 ), #8342, .T. ) ;
#4479 = CARTESIAN_POINT ( 'NONE',  ( 0.1139999999999998792, 0.05400000000000002714, -0.4455000000000000071 ) ) ;
#4480 = AXIS2_PLACEMENT_3D ( 'NONE', #8922, #4114, #4068 ) ;
#4481 = DIRECTION ( 'NONE',  ( -1.000000000000000000, 0.000000000000000000, 0.000000000000000000 ) ) ;
#4482 = CARTESIAN_POINT ( 'NONE',  ( 0.8276328815213432888, 0.3376302973369181282, 0.000000000000000000 ) ) ;
#4483 = CARTESIAN_POINT ( 'NONE',  ( 0.7753828005365769327, 0.1646242342848733275, 0.000000000000000000 ) ) ;
#4484 = ORIENTED_EDGE ( 'NONE', *, *, #9584, .F. ) ;
#4485 = ORIENTED_EDGE ( 'NONE', *, *, #6463, .F. ) ;
#4486 = DIRECTION ( 'NONE',  ( 0.000000000000000000, 0.000000000000000000, 1.000000000000000000 ) ) ;
#4487 = CARTESIAN_POINT ( 'NONE',  ( 0.8169999999999999485, 0.3104999999999997762, 0.2354999999999999871 ) ) ;
#4488 = AXIS2_PLACEMENT_3D ( 'NONE', #793, #1680, #8054 ) ;
#4489 = ADVANCED_FACE ( 'NONE', ( #9070 ), #7608, .T. ) ;
#4490 = CARTESIAN_POINT ( 'NONE',  ( 0.4414999999999997815, 0.07050000000000002098, 0.2080000000000000460 ) ) ;
#4491 = CARTESIAN_POINT ( 'NONE',  ( 0.3064999999999997726, 0.1328303204446733277, 0.2379999999999999893 ) ) ;
#4492 = CARTESIAN_POINT ( 'NONE',  ( 0.8350285682149465316, 0.3336665925924848231, 0.002000000000000000042 ) ) ;
#4493 = LINE ( 'NONE', #10286, #8155 ) ;
#4494 = ADVANCED_FACE ( 'NONE', ( #9121 ), #7454, .T. ) ;
#4495 = ORIENTED_EDGE ( 'NONE', *, *, #6808, .F. ) ;
#4496 = CARTESIAN_POINT ( 'NONE',  ( 0.1869999999999998885, 0.05399999999999999245, -0.2199999999999999456 ) ) ;
#4497 = VERTEX_POINT ( 'NONE', #5833 ) ;
#4498 = ORIENTED_EDGE ( 'NONE', *, *, #8298, .F. ) ;
#4499 = EDGE_LOOP ( 'NONE', ( #4358, #4258, #7346, #6438 ) ) ;
#4500 = CARTESIAN_POINT ( 'NONE',  ( 0.7706682567406326623, 0.1667857430632711524, 0.002000000000000000042 ) ) ;
#4501 = CARTESIAN_POINT ( 'NONE',  ( 0.7745931458419679227, 0.1717247194128219967, 0.000000000000000000 ) ) ;
#4502 = FACE_BOUND ( 'NONE', #8435, .T. ) ;
#4503 = CARTESIAN_POINT ( 'NONE',  ( 0.4432852733782132182, 0.1537356932485017535, 0.000000000000000000 ) ) ;
#4504 = EDGE_CURVE ( 'NONE', #2292, #4369, #9017, .T. ) ;
#4505 = DIRECTION ( 'NONE',  ( -0.000000000000000000, 0.000000000000000000, 1.000000000000000000 ) ) ;
#4506 = CARTESIAN_POINT ( 'NONE',  ( 0.7791524821841177006, 0.1578867947308830455, 0.000000000000000000 ) ) ;
#4507 = LINE ( 'NONE', #7597, #3471 ) ;
#4508 = PLANE ( 'NONE',  #5636 ) ;
#4509 = ORIENTED_EDGE ( 'NONE', *, *, #6663, .T. ) ;
#4510 = VECTOR ( 'NONE', #14, 39.37007874015748143 ) ;
#4511 = ORIENTED_EDGE ( 'NONE', *, *, #7271, .F. ) ;
#4512 = ORIENTED_EDGE ( 'NONE', *, *, #8884, .T. ) ;
#4513 = CARTESIAN_POINT ( 'NONE',  ( 1.212999999999999634, 0.000000000000000000, -0.4899999999999999911 ) ) ;
#4514 = CARTESIAN_POINT ( 'NONE',  ( 0.4372946803909803504, 0.1515914842884154567, 0.002000000000000000042 ) ) ;
#4515 = EDGE_CURVE ( 'NONE', #7912, #8140, #4319, .T. ) ;
#4516 = ORIENTED_EDGE ( 'NONE', *, *, #1276, .F. ) ;
#4517 = CARTESIAN_POINT ( 'NONE',  ( 0.7756102954488707235, 0.1627897441268046641, 0.000000000000000000 ) ) ;
#4518 = EDGE_CURVE ( 'NONE', #2832, #548, #6773, .T. ) ;
#4519 = ADVANCED_FACE ( 'NONE', ( #8239 ), #5449, .T. ) ;
#4520 = CARTESIAN_POINT ( 'NONE',  ( -3.971736690467507450E-17, 0.1299999999999998379, -0.1649999999999999523 ) ) ;
#4521 = EDGE_LOOP ( 'NONE', ( #6553, #7693, #273, #2879 ) ) ;
#4522 = CARTESIAN_POINT ( 'NONE',  ( 0.7701537296822326129, 0.1546069057404843849, 0.002000000000000000042 ) ) ;
#4523 = ORIENTED_EDGE ( 'NONE', *, *, #2914, .T. ) ;
#4524 = LINE ( 'NONE', #1389, #7204 ) ;
#4525 = DIRECTION ( 'NONE',  ( 0.8914780876368528784, -0.4530638136767708990, 0.000000000000000000 ) ) ;
#4526 = DIRECTION ( 'NONE',  ( -0.000000000000000000, -0.000000000000000000, -1.000000000000000000 ) ) ;
#4527 = DIRECTION ( 'NONE',  ( -1.000000000000000000, -0.000000000000000000, -0.000000000000000000 ) ) ;
#4528 = AXIS2_PLACEMENT_3D ( 'NONE', #6330, #2516, #6444 ) ;
#4529 = VECTOR ( 'NONE', #9179, 39.37007874015748143 ) ;
#4530 = LINE ( 'NONE', #2123, #5705 ) ;
#4531 = VECTOR ( 'NONE', #2608, 39.37007874015748143 ) ;
#4532 = DIRECTION ( 'NONE',  ( 3.524965153115178140E-16, -0.000000000000000000, -1.000000000000000000 ) ) ;
#4533 = CARTESIAN_POINT ( 'NONE',  ( 0.4390953824400578576, 0.1443123897585493753, 0.000000000000000000 ) ) ;
#4534 = DIRECTION ( 'NONE',  ( -1.000000000000000000, 0.000000000000000000, 0.000000000000000000 ) ) ;
#4535 = CARTESIAN_POINT ( 'NONE',  ( 0.6564999999999999725, -0.1250000000000000000, -0.3130000000000000004 ) ) ;
#4536 = ORIENTED_EDGE ( 'NONE', *, *, #3760, .T. ) ;
#4537 = CARTESIAN_POINT ( 'NONE',  ( 0.4284896704840947534, 0.1480868418086040417, 0.002000000000000000042 ) ) ;
#4538 = DIRECTION ( 'NONE',  ( -0.000000000000000000, -0.000000000000000000, 1.000000000000000000 ) ) ;
#4539 = ADVANCED_FACE ( 'NONE', ( #6930 ), #9274, .T. ) ;
#4540 = LINE ( 'NONE', #3765, #1784 ) ;
#4541 = CARTESIAN_POINT ( 'NONE',  ( 0.3871760831755033383, 0.3480015936880894167, 0.000000000000000000 ) ) ;
#4542 = AXIS2_PLACEMENT_3D ( 'NONE', #7290, #9687, #121 ) ;
#4543 = AXIS2_PLACEMENT_3D ( 'NONE', #2525, #8062, #8894 ) ;
#4544 = AXIS2_PLACEMENT_3D ( 'NONE', #9497, #1349, #4595 ) ;
#4545 = CARTESIAN_POINT ( 'NONE',  ( 0.8350207888137103351, 0.3339984410768800371, 0.002000000000000000042 ) ) ;
#4546 = CARTESIAN_POINT ( 'NONE',  ( 0.6489999999999999103, 0.03300000000000000155, -0.3054999999999999938 ) ) ;
#4547 = EDGE_CURVE ( 'NONE', #5959, #4019, #3000, .T. ) ;
#4548 = EDGE_CURVE ( 'NONE', #2196, #6695, #3745, .T. ) ;
#4549 = AXIS2_PLACEMENT_3D ( 'NONE', #2882, #9102, #2834 ) ;
#4550 = EDGE_LOOP ( 'NONE', ( #3118, #112, #2743, #5146 ) ) ;
#4551 = CARTESIAN_POINT ( 'NONE',  ( 0.8248703434888109420, 0.3376841063670811827, 0.000000000000000000 ) ) ;
#4552 = ORIENTED_EDGE ( 'NONE', *, *, #7872, .T. ) ;
#4553 = EDGE_LOOP ( 'NONE', ( #8281, #2545, #4409, #4828 ) ) ;
#4554 = ORIENTED_EDGE ( 'NONE', *, *, #5720, .F. ) ;
#4555 = EDGE_CURVE ( 'NONE', #8485, #7779, #1430, .T. ) ;
#4556 = CARTESIAN_POINT ( 'NONE',  ( 0.4425923973245762255, 0.1405970889594438389, 0.002000000000000000042 ) ) ;
#4557 = CARTESIAN_POINT ( 'NONE',  ( 0.7754999999999999671, -0.1250000000000000000, -0.3054999999999999938 ) ) ;
#4558 = DIRECTION ( 'NONE',  ( -0.000000000000000000, 1.000000000000000000, -0.000000000000000000 ) ) ;
#4559 = LINE ( 'NONE', #4609, #4374 ) ;
#4560 = CARTESIAN_POINT ( 'NONE',  ( 0.8223919985898706653, 0.3244008562100966775, 0.002000000000000000042 ) ) ;
#4561 = VECTOR ( 'NONE', #7668, 39.37007874015748143 ) ;
#4562 = AXIS2_PLACEMENT_3D ( 'NONE', #3073, #1347, #8511 ) ;
#4563 = LINE ( 'NONE', #7068, #9321 ) ;
#4564 = DIRECTION ( 'NONE',  ( 0.000000000000000000, -0.000000000000000000, -1.000000000000000000 ) ) ;
#4565 = DIRECTION ( 'NONE',  ( 1.000000000000000000, 0.000000000000000000, 0.000000000000000000 ) ) ;
#4566 = VERTEX_POINT ( 'NONE', #8493 ) ;
#4567 = AXIS2_PLACEMENT_3D ( 'NONE', #7565, #3691, #9281 ) ;
#4568 = VERTEX_POINT ( 'NONE', #8544 ) ;
#4569 = VERTEX_POINT ( 'NONE', #4520 ) ;
#4570 = CARTESIAN_POINT ( 'NONE',  ( 0.7801689631185857454, 0.1603122160908259097, 0.000000000000000000 ) ) ;
#4571 = AXIS2_PLACEMENT_3D ( 'NONE', #7748, #1160, #7538 ) ;
#4572 = CARTESIAN_POINT ( 'NONE',  ( 0.7657615006007366665, 0.1571134623170601929, 0.002000000000000000042 ) ) ;
#4573 = ADVANCED_FACE ( 'NONE', ( #6824 ), #2851, .F. ) ;
#4574 = EDGE_LOOP ( 'NONE', ( #1384, #9404, #1787, #9764 ) ) ;
#4575 = LINE ( 'NONE', #6141, #2174 ) ;
#4576 = DIRECTION ( 'NONE',  ( -1.000000000000000000, -0.000000000000000000, -0.000000000000000000 ) ) ;
#4577 = EDGE_CURVE ( 'NONE', #9777, #10191, #7706, .T. ) ;
#4578 = ORIENTED_EDGE ( 'NONE', *, *, #6435, .F. ) ;
#4579 = EDGE_CURVE ( 'NONE', #2828, #5119, #1383, .T. ) ;
#4580 = LINE ( 'NONE', #7082, #1214 ) ;
#4581 = VERTEX_POINT ( 'NONE', #6095 ) ;
#4582 = CARTESIAN_POINT ( 'NONE',  ( 0.7569999999999998952, 0.2034999999999998199, 0.2304999999999999827 ) ) ;
#4583 = CARTESIAN_POINT ( 'NONE',  ( 0.8344364198490813456, 0.3373743161794441336, 0.000000000000000000 ) ) ;
#4584 = CARTESIAN_POINT ( 'NONE',  ( 0.7806439746130018342, 0.1626486666045017515, 0.002000000000000000042 ) ) ;
#4585 = PLANE ( 'NONE',  #8066 ) ;
#4586 = DIRECTION ( 'NONE',  ( 1.177520686924251472E-16, 1.000000000000000000, 0.000000000000000000 ) ) ;
#4587 = PLANE ( 'NONE',  #4981 ) ;
#4588 = B_SPLINE_CURVE_WITH_KNOTS ( 'NONE', 3,
 ( #4446, #2933, #2049, #4500, #2780, #6017, #9934, #6758, #7485, #6700, #7636 ),
 .UNSPECIFIED., .F., .F.,
 ( 4, 1, 1, 1, 1, 1, 1, 1, 4 ),
 ( 0.000000000000000000, 0.1213709152894187071, 0.2383107987948463180, 0.3569764961416287408, 0.4822940445794957065, 0.6096371144050468649, 0.7348147291848068363, 0.8637987975302436894, 1.000000000000000000 ),
 .UNSPECIFIED. ) ;
#4589 = CARTESIAN_POINT ( 'NONE',  ( 0.3714999999999998304, 0.06550000000000003042, 0.1080000000000000265 ) ) ;
#4590 = CARTESIAN_POINT ( 'NONE',  ( 0.8369999999999999662, 0.3154999999999998361, 0.000000000000000000 ) ) ;
#4591 = CARTESIAN_POINT ( 'NONE',  ( 0.7720750077053435412, 0.1670523563111459275, 0.000000000000000000 ) ) ;
#4592 = VERTEX_POINT ( 'NONE', #349 ) ;
#4593 = FACE_BOUND ( 'NONE', #9933, .T. ) ;
#4594 = CARTESIAN_POINT ( 'NONE',  ( 0.8414999999999999147, 0.06550000000000003042, 0.1079999999999999710 ) ) ;
#4595 = DIRECTION ( 'NONE',  ( 0.7071067811865474617, 0.000000000000000000, 0.7071067811865474617 ) ) ;
#4596 = CARTESIAN_POINT ( 'NONE',  ( 0.1139999999999998792, 0.5082634147716499351, -0.3734999999999999432 ) ) ;
#4597 = VECTOR ( 'NONE', #2638, 39.37007874015748143 ) ;
#4598 = EDGE_CURVE ( 'NONE', #8573, #4307, #10124, .T. ) ;
#4599 = CARTESIAN_POINT ( 'NONE',  ( 0.4335255033518229939, 0.1474037331497803083, 0.000000000000000000 ) ) ;
#4600 = LINE ( 'NONE', #8465, #2315 ) ;
#4601 = ORIENTED_EDGE ( 'NONE', *, *, #3807, .F. ) ;
#4602 = CARTESIAN_POINT ( 'NONE',  ( 0.4377163152004799329, 0.1681461133014031939, 0.002000000000000000042 ) ) ;
#4603 = ORIENTED_EDGE ( 'NONE', *, *, #2699, .T. ) ;
#4604 = VERTEX_POINT ( 'NONE', #8301 ) ;
#4605 = EDGE_LOOP ( 'NONE', ( #955, #557, #9241, #1411 ) ) ;
#4606 = CARTESIAN_POINT ( 'NONE',  ( 0.4432327875372569781, 0.1411863130031573155, 0.002000000000000000042 ) ) ;
#4607 = CARTESIAN_POINT ( 'NONE',  ( 0.5714999999999998970, 0.07050000000000002098, 0.1079999999999999988 ) ) ;
#4608 = CARTESIAN_POINT ( 'NONE',  ( 0.4412832998108461302, 0.1552918406235914983, 0.002000000000000000042 ) ) ;
#4609 = CARTESIAN_POINT ( 'NONE',  ( 0.9514999999999997904, 0.03300000000000000155, -0.4899999999999999911 ) ) ;
#4610 = EDGE_CURVE ( 'NONE', #10343, #3363, #5118, .T. ) ;
#4611 = EDGE_CURVE ( 'NONE', #8791, #5416, #568, .T. ) ;
#4612 = ADVANCED_FACE ( 'NONE', ( #10014 ), #9238, .F. ) ;
#4613 = B_SPLINE_SURFACE_WITH_KNOTS ( 'NONE', 3, 1, ( 
 ( #6809, #3573 ),
 ( #9987, #8430 ),
 ( #3670, #9259 ),
 ( #9361, #10097 ),
 ( #7902, #2888 ),
 ( #4560, #8681 ),
 ( #7751, #2989 ),
 ( #6965, #2303 ),
 ( #3726, #2202 ),
 ( #10198, #6229 ),
 ( #9413, #6918 ),
 ( #10253, #8629 ),
 ( #640, #2937 ),
 ( #5293, #10148 ),
 ( #6126, #2152 ),
 ( #5398, #7797 ),
 ( #8528, #6177 ),
 ( #8582, #4664 ),
 ( #3036, #9310 ) ),
 .UNSPECIFIED., .F., .F., .F.,
 ( 4, 1, 1, 1, 1, 1, 1, 1, 1, 1, 1, 1, 1, 1, 1, 1, 4 ),
 ( 2, 2 ),
 ( 0.000000000000000000, 0.06593481762567481030, 0.1300372587941702740, 0.1923620702496563195, 0.2538195214289220014, 0.3141994357375474389, 0.3746698781567828762, 0.4351541180379880358, 0.4964786684939738182, 0.5578092661396436558, 0.6190309229821167047, 0.6796911875192884755, 0.7409612864102661511, 0.8033752905051773086, 0.8668176884999617693, 0.9323179771745099265, 1.000000000000000000 ),
 ( 0.000000000000000000, 1.000000000000000000 ),
 .UNSPECIFIED. ) ;
#4614 = CARTESIAN_POINT ( 'NONE',  ( 0.4849999999999999312, 0.3154999999999998361, 0.2305000000000000104 ) ) ;
#4615 = DIRECTION ( 'NONE',  ( -1.000000000000000000, 0.000000000000000000, 0.000000000000000000 ) ) ;
#4616 = CARTESIAN_POINT ( 'NONE',  ( 0.4290849705698647765, 0.1441718191984580899, 0.002000000000000000042 ) ) ;
#4617 = DIRECTION ( 'NONE',  ( 1.000000000000000000, 0.000000000000000000, 0.000000000000000000 ) ) ;
#4618 = ORIENTED_EDGE ( 'NONE', *, *, #3038, .T. ) ;
#4619 = VERTEX_POINT ( 'NONE', #2864 ) ;
#4620 = ORIENTED_EDGE ( 'NONE', *, *, #8909, .F. ) ;
#4621 = DIRECTION ( 'NONE',  ( -1.000000000000000000, 0.000000000000000000, -0.000000000000000000 ) ) ;
#4622 = PLANE ( 'NONE',  #1872 ) ;
#4623 = ADVANCED_FACE ( 'NONE', ( #4429 ), #10282, .T. ) ;
#4624 = EDGE_CURVE ( 'NONE', #4791, #1484, #8507, .T. ) ;
#4625 = DIRECTION ( 'NONE',  ( -0.2022968521692496136, -0.9793242484501303302, 0.000000000000000000 ) ) ;
#4626 = EDGE_LOOP ( 'NONE', ( #2529, #3773, #4309, #8981 ) ) ;
#4627 = VECTOR ( 'NONE', #1684, 39.37007874015748143 ) ;
#4628 = LINE ( 'NONE', #7814, #10223 ) ;
#4629 = ORIENTED_EDGE ( 'NONE', *, *, #5091, .T. ) ;
#4630 = LINE ( 'NONE', #10318, #6548 ) ;
#4631 = DIRECTION ( 'NONE',  ( 0.000000000000000000, -1.000000000000000000, 0.000000000000000000 ) ) ;
#4632 = ADVANCED_FACE ( 'NONE', ( #1293 ), #1341, .F. ) ;
#4633 = CARTESIAN_POINT ( 'NONE',  ( 0.3810000000000000053, 0.2954999999999998184, 0.2354999999999999871 ) ) ;
#4634 = CARTESIAN_POINT ( 'NONE',  ( 0.8350285682149465316, 0.3336665925924848231, 0.002000000000000000042 ) ) ;
#4635 = EDGE_CURVE ( 'NONE', #8874, #1003, #7776, .T. ) ;
#4636 = DIRECTION ( 'NONE',  ( -0.000000000000000000, -1.000000000000000000, -0.000000000000000000 ) ) ;
#4637 = VERTEX_POINT ( 'NONE', #9440 ) ;
#4638 = DIRECTION ( 'NONE',  ( -0.000000000000000000, -0.000000000000000000, -1.000000000000000000 ) ) ;
#4639 = CARTESIAN_POINT ( 'NONE',  ( 0.5639999999999999458, 0.2034999999999998199, 0.2379999999999999893 ) ) ;
#4640 = FACE_OUTER_BOUND ( 'NONE', #48, .T. ) ;
#4641 = CARTESIAN_POINT ( 'NONE',  ( 0.4899999999999999911, -0.1224999999999999978, -0.4224999999999999867 ) ) ;
#4642 = ORIENTED_EDGE ( 'NONE', *, *, #2014, .F. ) ;
#4643 = CARTESIAN_POINT ( 'NONE',  ( 0.8263481930377442053, 0.3289561985474221961, 0.000000000000000000 ) ) ;
#4644 = CARTESIAN_POINT ( 'NONE',  ( 0.2580000000000000626, 0.1299999999999998379, -0.1649999999999999523 ) ) ;
#4645 = VECTOR ( 'NONE', #1038, 39.37007874015748143 ) ;
#4646 = CARTESIAN_POINT ( 'NONE',  ( 0.1869999999999998885, 0.05399999999999999245, -0.2199999999999999456 ) ) ;
#4647 = CARTESIAN_POINT ( 'NONE',  ( 0.8271343627275470345, 0.3291134559051891451, 0.002000000000000000042 ) ) ;
#4648 = EDGE_CURVE ( 'NONE', #7380, #2367, #4675, .T. ) ;
#4649 = EDGE_CURVE ( 'NONE', #482, #6486, #7933, .T. ) ;
#4650 = VECTOR ( 'NONE', #9557, 39.37007874015748143 ) ;
#4651 = DIRECTION ( 'NONE',  ( -0.000000000000000000, -0.000000000000000000, -1.000000000000000000 ) ) ;
#4652 = CARTESIAN_POINT ( 'NONE',  ( 0.8266014983721895470, 0.3239323432821951676, 0.000000000000000000 ) ) ;
#4653 = VECTOR ( 'NONE', #8264, 39.37007874015748143 ) ;
#4654 = ORIENTED_EDGE ( 'NONE', *, *, #4025, .T. ) ;
#4655 = CARTESIAN_POINT ( 'NONE',  ( 0.4406942551763622373, 0.1473979079166187756, -0.000000000000000000 ) ) ;
#4656 = ORIENTED_EDGE ( 'NONE', *, *, #8690, .T. ) ;
#4657 = ADVANCED_FACE ( 'NONE', ( #6422 ), #6360, .F. ) ;
#4658 = ORIENTED_EDGE ( 'NONE', *, *, #2503, .F. ) ;
#4659 = VERTEX_POINT ( 'NONE', #9545 ) ;
#4660 = CARTESIAN_POINT ( 'NONE',  ( 0.4412020491270126632, 0.1396407260165185571, 0.002000000000000000042 ) ) ;
#4661 = DIRECTION ( 'NONE',  ( 0.5773502691896252870, 0.5773502691896267303, -0.5773502691896252870 ) ) ;
#4662 = CARTESIAN_POINT ( 'NONE',  ( 0.8369999999999999662, -0.1174999999999999933, -0.4425000000000000044 ) ) ;
#4663 = DIRECTION ( 'NONE',  ( -0.000000000000000000, -0.000000000000000000, -1.000000000000000000 ) ) ;
#4664 = CARTESIAN_POINT ( 'NONE',  ( 0.8163982245209499000, 0.3311723561051589937, 0.000000000000000000 ) ) ;
#4665 = FACE_OUTER_BOUND ( 'NONE', #747, .T. ) ;
#4666 = AXIS2_PLACEMENT_3D ( 'NONE', #795, #2421, #3980 ) ;
#4667 = FACE_OUTER_BOUND ( 'NONE', #6245, .T. ) ;
#4668 = PLANE ( 'NONE',  #9790 ) ;
#4669 = EDGE_LOOP ( 'NONE', ( #8995, #5616, #10142, #5096 ) ) ;
#4670 = ORIENTED_EDGE ( 'NONE', *, *, #6370, .F. ) ;
#4671 = ORIENTED_EDGE ( 'NONE', *, *, #1277, .F. ) ;
#4672 = DIRECTION ( 'NONE',  ( -1.000000000000000000, -0.000000000000000000, -0.000000000000000000 ) ) ;
#4673 = DIRECTION ( 'NONE',  ( 1.000000000000000000, 0.000000000000000000, 0.000000000000000000 ) ) ;
#4674 = EDGE_CURVE ( 'NONE', #10257, #5159, #3116, .T. ) ;
#4675 = B_SPLINE_CURVE_WITH_KNOTS ( 'NONE', 3,
 ( #7092, #767, #668, #3954, #34, #4691, #7145, #3224, #10329, #2282, #8607 ),
 .UNSPECIFIED., .F., .F.,
 ( 4, 1, 1, 1, 1, 1, 1, 1, 4 ),
 ( 0.000000000000000000, 0.1380137893843821906, 0.2684697722542543352, 0.3965837838942593008, 0.5257888019551760772, 0.6513632627846279721, 0.7696313769898284196, 0.8836185296733402028, 1.000000000000000000 ),
 .UNSPECIFIED. ) ;
#4676 = AXIS2_PLACEMENT_3D ( 'NONE', #9069, #337, #3529 ) ;
#4677 = CARTESIAN_POINT ( 'NONE',  ( 0.3835000000000000075, -0.1250000000000000000, -0.4425000000000000044 ) ) ;
#4678 = EDGE_CURVE ( 'NONE', #9530, #6970, #7879, .T. ) ;
#4679 = ORIENTED_EDGE ( 'NONE', *, *, #10125, .T. ) ;
#4680 = EDGE_LOOP ( 'NONE', ( #2432, #7762, #4724, #9298 ) ) ;
#4681 = CARTESIAN_POINT ( 'NONE',  ( 0.7637269666784923805, 0.1606820497713278284, -5.335640612625514099E-19 ) ) ;
#4682 = ORIENTED_EDGE ( 'NONE', *, *, #6596, .F. ) ;
#4683 = DIRECTION ( 'NONE',  ( 0.000000000000000000, 0.000000000000000000, -1.000000000000000000 ) ) ;
#4684 = DIRECTION ( 'NONE',  ( 0.000000000000000000, 0.7071067811865450192, -0.7071067811865499042 ) ) ;
#4685 = CARTESIAN_POINT ( 'NONE',  ( 0.7791524821841177006, 0.1578867947308830455, 0.002000000000000000042 ) ) ;
#4686 = CARTESIAN_POINT ( 'NONE',  ( 0.3876666666666666594, 0.3021666666666664725, 0.2438333333333333464 ) ) ;
#4687 = DIRECTION ( 'NONE',  ( -1.000000000000000000, 0.000000000000000000, 0.000000000000000000 ) ) ;
#4688 = EDGE_LOOP ( 'NONE', ( #987, #9651, #2033, #8421 ) ) ;
#4689 = DIRECTION ( 'NONE',  ( 0.7071067811865499042, 0.7071067811865450192, 0.000000000000000000 ) ) ;
#4690 = DIRECTION ( 'NONE',  ( 0.000000000000000000, 1.000000000000000000, 0.000000000000000000 ) ) ;
#4691 = CARTESIAN_POINT ( 'NONE',  ( 0.7745734014510180510, 0.1659148003076377498, 0.000000000000000000 ) ) ;
#4692 = CARTESIAN_POINT ( 'NONE',  ( 0.3759999999999999454, -0.1250000000000000000, -0.4349999999999999423 ) ) ;
#4693 = ORIENTED_EDGE ( 'NONE', *, *, #2517, .F. ) ;
#4694 = VECTOR ( 'NONE', #9568, 39.37007874015748143 ) ;
#4695 = CARTESIAN_POINT ( 'NONE',  ( 0.8297021944615099454, 0.3316731026021348949, 0.002000000000000000042 ) ) ;
#4696 = FACE_OUTER_BOUND ( 'NONE', #328, .T. ) ;
#4697 = B_SPLINE_SURFACE_WITH_KNOTS ( 'NONE', 3, 1, ( 
 ( #10036, #9256 ),
 ( #4349, #6701 ),
 ( #6911, #372 ),
 ( #2098, #4447 ),
 ( #2883, #4501 ),
 ( #6075, #9153 ),
 ( #3568, #9202 ),
 ( #7637, #8374 ),
 ( #472, #3667 ),
 ( #9935, #8474 ),
 ( #1312, #2676 ),
 ( #1210, #8272 ),
 ( #1111, #4299 ),
 ( #420, #320 ),
 ( #5553, #1461 ),
 ( #7009, #3776 ),
 ( #3136, #10195 ),
 ( #3826, #3032 ),
 ( #7746, #6226 ) ),
 .UNSPECIFIED., .F., .F., .F.,
 ( 4, 1, 1, 1, 1, 1, 1, 1, 1, 1, 1, 1, 1, 1, 1, 1, 4 ),
 ( 2, 2 ),
 ( 0.000000000000000000, 0.06642662967496230919, 0.1306189793884467987, 0.1931144196681311709, 0.2549240255748169703, 0.3162976755469268930, 0.3785711829069247081, 0.4415254710240010816, 0.5067075589936207436, 0.5714919395441672156, 0.6345913436353456394, 0.6962800085785134652, 0.7567653858766795194, 0.8166204284879007291, 0.8768346786565044404, 0.9376658871165880482, 1.000000000000000000 ),
 ( 0.000000000000000000, 1.000000000000000000 ),
 .UNSPECIFIED. ) ;
#4698 = DIRECTION ( 'NONE',  ( 0.000000000000000000, 0.000000000000000000, 1.000000000000000000 ) ) ;
#4699 = CARTESIAN_POINT ( 'NONE',  ( 0.5100000000000000089, -0.1250000000000000000, -0.4174999999999999822 ) ) ;
#4700 = AXIS2_PLACEMENT_3D ( 'NONE', #2276, #8024, #4893 ) ;
#4701 = AXIS2_PLACEMENT_3D ( 'NONE', #5836, #186, #1867 ) ;
#4702 = CARTESIAN_POINT ( 'NONE',  ( 0.7713478439468335335, 0.1591816614238785454, 0.000000000000000000 ) ) ;
#4703 = DIRECTION ( 'NONE',  ( 0.000000000000000000, -1.000000000000000000, 0.000000000000000000 ) ) ;
#4704 = ADVANCED_FACE ( 'NONE', ( #8712 ), #3806, .F. ) ;
#4705 = ORIENTED_EDGE ( 'NONE', *, *, #6750, .F. ) ;
#4706 = CARTESIAN_POINT ( 'NONE',  ( 0.4404586590865010032, 0.1460991277879150618, 0.000000000000000000 ) ) ;
#4707 = EDGE_LOOP ( 'NONE', ( #4416, #2582, #3277, #3743 ) ) ;
#4708 = VECTOR ( 'NONE', #1378, 39.37007874015748143 ) ;
#4709 = ORIENTED_EDGE ( 'NONE', *, *, #3648, .F. ) ;
#4710 = ORIENTED_EDGE ( 'NONE', *, *, #844, .F. ) ;
#4711 = DIRECTION ( 'NONE',  ( 0.7071067811865491270, 0.000000000000000000, 0.7071067811865459074 ) ) ;
#4712 = VECTOR ( 'NONE', #6101, 39.37007874015748143 ) ;
#4713 = CYLINDRICAL_SURFACE ( 'NONE', #7360, 0.04450000000000003259 ) ;
#4714 = CARTESIAN_POINT ( 'NONE',  ( 0.4357139216209754418, 0.1439588148728538630, 0.000000000000000000 ) ) ;
#4715 = CARTESIAN_POINT ( 'NONE',  ( 0.5533333333333332327, -0.1308333333333333015, -0.3188333333333333575 ) ) ;
#4716 = CARTESIAN_POINT ( 'NONE',  ( 0.3834999999999999520, 0.2979999999999998206, 0.2379999999999999893 ) ) ;
#4717 = CARTESIAN_POINT ( 'NONE',  ( 0.8119999999999999440, 0.03300000000000000155, -0.4174999999999999822 ) ) ;
#4718 = AXIS2_PLACEMENT_3D ( 'NONE', #8793, #699, #3889 ) ;
#4719 = DIRECTION ( 'NONE',  ( -0.000000000000000000, 1.000000000000000000, -0.000000000000000000 ) ) ;
#4720 = B_SPLINE_CURVE_WITH_KNOTS ( 'NONE', 3,
 ( #7395, #5044, #1074, #9789, #3267, #967, #4204, #2637, #4262, #4990, #8121 ),
 .UNSPECIFIED., .F., .F.,
 ( 4, 1, 1, 1, 1, 1, 1, 1, 4 ),
 ( 0.000000000000000000, 0.1227180515039657527, 0.2401431180450250280, 0.3573623765102144079, 0.4816738524649447073, 0.6078658287995960530, 0.7329554806750206986, 0.8621444613629477560, 1.000000000000000000 ),
 .UNSPECIFIED. ) ;
#4721 = FACE_OUTER_BOUND ( 'NONE', #1472, .T. ) ;
#4722 = VERTEX_POINT ( 'NONE', #6307 ) ;
#4723 = VERTEX_POINT ( 'NONE', #719 ) ;
#4724 = ORIENTED_EDGE ( 'NONE', *, *, #3742, .T. ) ;
#4725 = PLANE ( 'NONE',  #8388 ) ;
#4726 = DIRECTION ( 'NONE',  ( 1.000000000000000000, 0.000000000000000000, 0.000000000000000000 ) ) ;
#4727 = VECTOR ( 'NONE', #3483, 39.37007874015748143 ) ;
#4728 = AXIS2_PLACEMENT_3D ( 'NONE', #5535, #10129, #572 ) ;
#4729 = PERSON_AND_ORGANIZATION ( #5486, #9908 ) ;
#4730 = CARTESIAN_POINT ( 'NONE',  ( 0.4335255033518229939, 0.1474037331497803083, 0.002000000000000000042 ) ) ;
#4731 = VECTOR ( 'NONE', #5073, 39.37007874015748143 ) ;
#4732 = VECTOR ( 'NONE', #9306, 39.37007874015748143 ) ;
#4733 = ORIENTED_EDGE ( 'NONE', *, *, #259, .F. ) ;
#4734 = ORIENTED_EDGE ( 'NONE', *, *, #7414, .F. ) ;
#4735 = ORIENTED_EDGE ( 'NONE', *, *, #9840, .F. ) ;
#4736 = CARTESIAN_POINT ( 'NONE',  ( 0.7647733655375199557, 0.1583550817730179638, 0.002000000000000000042 ) ) ;
#4737 = ORIENTED_EDGE ( 'NONE', *, *, #1823, .T. ) ;
#4738 = DIRECTION ( 'NONE',  ( -0.000000000000000000, 0.7071067811865491270, 0.7071067811865459074 ) ) ;
#4739 = CARTESIAN_POINT ( 'NONE',  ( 0.2599999999999998423, 0.1140000000000000041, -0.1649999999999999523 ) ) ;
#4740 = DIRECTION ( 'NONE',  ( -0.000000000000000000, -0.000000000000000000, -1.000000000000000000 ) ) ;
#4741 = AXIS2_PLACEMENT_3D ( 'NONE', #1301, #9926, #2771 ) ;
#4742 = LINE ( 'NONE', #7138, #1741 ) ;
#4743 = ADVANCED_FACE ( 'NONE', ( #6257 ), #9492, .F. ) ;
#4744 = EDGE_CURVE ( 'NONE', #9214, #5602, #1604, .T. ) ;
#4745 = CARTESIAN_POINT ( 'NONE',  ( 0.8346689288303448251, 0.3526769056879103248, 0.002000000000000000042 ) ) ;
#4746 = VERTEX_POINT ( 'NONE', #4590 ) ;
#4747 = DIRECTION ( 'NONE',  ( 0.000000000000000000, 1.000000000000000000, 0.000000000000000000 ) ) ;
#4748 = LINE ( 'NONE', #1707, #2479 ) ;
#4749 = CC_DESIGN_APPROVAL ( #8176, ( #3575 ) ) ;
#4750 = DIRECTION ( 'NONE',  ( -0.000000000000000000, 1.000000000000000000, -0.000000000000000000 ) ) ;
#4751 = DIRECTION ( 'NONE',  ( -0.9746736483397857587, 0.2236320174572765385, 0.000000000000000000 ) ) ;
#4752 = ORIENTED_EDGE ( 'NONE', *, *, #10261, .F. ) ;
#4753 = CARTESIAN_POINT ( 'NONE',  ( 0.8299856055626168017, 0.3330094841146843954, 0.000000000000000000 ) ) ;
#4754 = CARTESIAN_POINT ( 'NONE',  ( 0.4284780785085262056, 0.1474275131291200580, 0.002000000000000000042 ) ) ;
#4755 = CARTESIAN_POINT ( 'NONE',  ( 0.8256775148020498722, 0.3429027675410812326, 0.000000000000000000 ) ) ;
#4756 = DIRECTION ( 'NONE',  ( 0.000000000000000000, -1.000000000000000000, 0.000000000000000000 ) ) ;
#4757 = DIRECTION ( 'NONE',  ( 1.000000000000000000, 0.000000000000000000, -0.000000000000000000 ) ) ;
#4758 = DIRECTION ( 'NONE',  ( -1.000000000000000000, 0.000000000000000000, 0.000000000000000000 ) ) ;
#4759 = ORIENTED_EDGE ( 'NONE', *, *, #5948, .T. ) ;
#4760 = CARTESIAN_POINT ( 'NONE',  ( 0.4370588494505051602, 0.1436906351484940059, 0.000000000000000000 ) ) ;
#4761 = EDGE_LOOP ( 'NONE', ( #9922, #6303, #2498, #2726 ) ) ;
#4762 = VERTEX_POINT ( 'NONE', #617 ) ;
#4763 = CARTESIAN_POINT ( 'NONE',  ( 0.2614999999999999547, 0.03300000000000000155, -0.4899999999999999911 ) ) ;
#4764 = ORIENTED_EDGE ( 'NONE', *, *, #6513, .F. ) ;
#4765 = FACE_OUTER_BOUND ( 'NONE', #6662, .T. ) ;
#4766 = FACE_OUTER_BOUND ( 'NONE', #3995, .T. ) ;
#4767 = CARTESIAN_POINT ( 'NONE',  ( 0.4414999999999997815, 0.06550000000000003042, 0.1079999999999999988 ) ) ;
#4768 = EDGE_CURVE ( 'NONE', #2430, #8382, #6994, .T. ) ;
#4769 = DIRECTION ( 'NONE',  ( 0.000000000000000000, 0.000000000000000000, -1.000000000000000000 ) ) ;
#4770 = EDGE_CURVE ( 'NONE', #4569, #6235, #10177, .T. ) ;
#4771 = DIRECTION ( 'NONE',  ( 0.000000000000000000, 0.000000000000000000, 1.000000000000000000 ) ) ;
#4772 = DIRECTION ( 'NONE',  ( 1.000000000000000000, 0.000000000000000000, 0.000000000000000000 ) ) ;
#4773 = FACE_OUTER_BOUND ( 'NONE', #4092, .T. ) ;
#4774 = ORIENTED_EDGE ( 'NONE', *, *, #2669, .T. ) ;
#4775 = ORIENTED_EDGE ( 'NONE', *, *, #6035, .F. ) ;
#4776 = ORIENTED_EDGE ( 'NONE', *, *, #8859, .F. ) ;
#4777 = CARTESIAN_POINT ( 'NONE',  ( 0.8185975438309606167, 0.3371112635731220997, 0.002000000000000000042 ) ) ;
#4778 = DIRECTION ( 'NONE',  ( 0.000000000000000000, -1.000000000000000000, 0.000000000000000000 ) ) ;
#4779 = EDGE_CURVE ( 'NONE', #1591, #6055, #9388, .T. ) ;
#4780 = LINE ( 'NONE', #7965, #1496 ) ;
#4781 = ORIENTED_EDGE ( 'NONE', *, *, #10080, .T. ) ;
#4782 = ORIENTED_EDGE ( 'NONE', *, *, #844, .T. ) ;
#4783 = EDGE_LOOP ( 'NONE', ( #2841, #6380, #1729, #2622, #1120, #8724, #8225, #5352 ) ) ;
#4784 = CARTESIAN_POINT ( 'NONE',  ( 1.212999999999999856, 0.4314999999999999392, 0.000000000000000000 ) ) ;
#4785 = ORIENTED_EDGE ( 'NONE', *, *, #5868, .F. ) ;
#4786 = LINE ( 'NONE', #10269, #4195 ) ;
#4787 = CARTESIAN_POINT ( 'NONE',  ( 0.4414999999999997815, 0.4234999999999998765, 0.2080000000000000460 ) ) ;
#4788 = CARTESIAN_POINT ( 'NONE',  ( 0.9549999999999997380, 0.1149999999999998662, -0.1659999999999999531 ) ) ;
#4789 = VERTEX_POINT ( 'NONE', #5631 ) ;
#4790 = LINE ( 'NONE', #1489, #6542 ) ;
#4791 = VERTEX_POINT ( 'NONE', #1442 ) ;
#4792 = CARTESIAN_POINT ( 'NONE',  ( 0.5564999999999998836, 0.1959999999999998410, 0.2379999999999999893 ) ) ;
#4793 = AXIS2_PLACEMENT_3D ( 'NONE', #2365, #9468, #2520 ) ;
#4794 = CARTESIAN_POINT ( 'NONE',  ( 0.7745000000000000773, 0.2034999999999998199, 0.2379999999999999893 ) ) ;
#4795 = CARTESIAN_POINT ( 'NONE',  ( 0.3922110345599258419, 0.3526769056879103248, 0.002000000000000000042 ) ) ;
#4796 = ADVANCED_FACE ( 'NONE', ( #4640 ), #3855, .F. ) ;
#4797 = DIRECTION ( 'NONE',  ( 0.000000000000000000, 0.000000000000000000, 1.000000000000000000 ) ) ;
#4798 = EDGE_CURVE ( 'NONE', #2742, #1896, #8659, .T. ) ;
#4799 = ORIENTED_EDGE ( 'NONE', *, *, #2785, .F. ) ;
#4800 = DIRECTION ( 'NONE',  ( -0.000000000000000000, 1.000000000000000000, -0.000000000000000000 ) ) ;
#4801 = DIRECTION ( 'NONE',  ( 0.000000000000000000, -0.000000000000000000, -1.000000000000000000 ) ) ;
#4802 = PLANE ( 'NONE',  #4451 ) ;
#4803 = LINE ( 'NONE', #1404, #2405 ) ;
#4804 = VECTOR ( 'NONE', #7789, 39.37007874015748143 ) ;
#4805 = EDGE_CURVE ( 'NONE', #6695, #5698, #1956, .T. ) ;
#4806 = CARTESIAN_POINT ( 'NONE',  ( 0.3714999999999998304, 0.4284999999999998810, 0.2080000000000000460 ) ) ;
#4807 = CARTESIAN_POINT ( 'NONE',  ( 0.5399999999999999245, 0.03300000000000000155, -0.3054999999999999938 ) ) ;
#4808 = ADVANCED_FACE ( 'NONE', ( #4846 ), #2445, .F. ) ;
#4809 = ORIENTED_EDGE ( 'NONE', *, *, #2940, .T. ) ;
#4810 = CARTESIAN_POINT ( 'NONE',  ( 0.7820000000000000284, 0.1859999999999998044, 0.2379999999999999893 ) ) ;
#4811 = ORIENTED_EDGE ( 'NONE', *, *, #6876, .F. ) ;
#4812 = VECTOR ( 'NONE', #2127, 39.37007874015748143 ) ;
#4813 = ORIENTED_EDGE ( 'NONE', *, *, #1718, .T. ) ;
#4814 = LINE ( 'NONE', #9665, #5572 ) ;
#4815 = ORIENTED_EDGE ( 'NONE', *, *, #1059, .T. ) ;
#4816 = PLANE ( 'NONE',  #6222 ) ;
#4817 = FACE_OUTER_BOUND ( 'NONE', #1881, .T. ) ;
#4818 = DIRECTION ( 'NONE',  ( -0.000000000000000000, 0.000000000000000000, -1.000000000000000000 ) ) ;
#4819 = CARTESIAN_POINT ( 'NONE',  ( 0.4294826874710956921, 0.1517640406137398812, 0.000000000000000000 ) ) ;
#4820 = VECTOR ( 'NONE', #3586, 39.37007874015748143 ) ;
#4821 = EDGE_CURVE ( 'NONE', #5039, #482, #6312, .T. ) ;
#4822 = CARTESIAN_POINT ( 'NONE',  ( 0.8269140027246983937, 0.3378576357143399100, 0.002000000000000000042 ) ) ;
#4823 = AXIS2_PLACEMENT_3D ( 'NONE', #6966, #591, #10199 ) ;
#4824 = VECTOR ( 'NONE', #5333, 39.37007874015748143 ) ;
#4825 = DIRECTION ( 'NONE',  ( -1.000000000000000000, 0.000000000000000000, 0.000000000000000000 ) ) ;
#4826 = CARTESIAN_POINT ( 'NONE',  ( 1.098999999999999977, 0.1139999999999998931, -0.2919999999999999263 ) ) ;
#4827 = VERTEX_POINT ( 'NONE', #5871 ) ;
#4828 = ORIENTED_EDGE ( 'NONE', *, *, #2221, .T. ) ;
#4829 = ORIENTED_EDGE ( 'NONE', *, *, #7442, .F. ) ;
#4830 = CARTESIAN_POINT ( 'NONE',  ( 0.7746245600440070378, 0.1602518113293783797, 0.000000000000000000 ) ) ;
#4831 = DIRECTION ( 'NONE',  ( 0.7071067811865499042, 0.7071067811865450192, 0.000000000000000000 ) ) ;
#4832 = PLANE ( 'NONE',  #5844 ) ;
#4833 = ORIENTED_EDGE ( 'NONE', *, *, #3127, .T. ) ;
#4834 = EDGE_LOOP ( 'NONE', ( #5508 ) ) ;
#4835 = FACE_BOUND ( 'NONE', #5081, .T. ) ;
#4836 = CARTESIAN_POINT ( 'NONE',  ( 0.7686679759920205246, 0.1615311197412958588, 0.000000000000000000 ) ) ;
#4837 = CARTESIAN_POINT ( 'NONE',  ( 0.8284206233540731823, 0.3242889719298241435, 0.002000000000000000042 ) ) ;
#4838 = DIRECTION ( 'NONE',  ( -0.000000000000000000, -0.000000000000000000, -1.000000000000000000 ) ) ;
#4839 = CARTESIAN_POINT ( 'NONE',  ( 0.2599999999999998423, 0.1140000000000000041, -0.4899999999999999911 ) ) ;
#4840 = EDGE_CURVE ( 'NONE', #8892, #9456, #3275, .T. ) ;
#4841 = EDGE_CURVE ( 'NONE', #6235, #8059, #378, .T. ) ;
#4842 = CARTESIAN_POINT ( 'NONE',  ( 0.8257373564820671419, 0.3289482668293949863, -0.000000000000000000 ) ) ;
#4843 = EDGE_LOOP ( 'NONE', ( #3212, #3288, #9136, #6221 ) ) ;
#4844 = DIRECTION ( 'NONE',  ( -1.000000000000000000, 0.000000000000000000, 0.000000000000000000 ) ) ;
#4845 = CARTESIAN_POINT ( 'NONE',  ( 0.5024999999999999467, 0.2979999999999998206, 0.2379999999999999893 ) ) ;
#4846 = FACE_OUTER_BOUND ( 'NONE', #9836, .T. ) ;
#4847 = B_SPLINE_CURVE_WITH_KNOTS ( 'NONE', 3,
 ( #6606, #4931, #5817, #4038, #6555, #7229, #69, #4254, #6653, #958, #4140, #8325, #9054, #8274, #9204, #9937, #3616, #8476, #5140 ),
 .UNSPECIFIED., .F., .F.,
 ( 4, 1, 1, 1, 1, 1, 1, 1, 1, 1, 1, 1, 1, 1, 1, 1, 4 ),
 ( 0.000000000000000000, 0.06642662967496230919, 0.1306189793884467987, 0.1931144196681311709, 0.2549240255748169703, 0.3162976755469268930, 0.3785711829069247081, 0.4415254710240010816, 0.5067075589936207436, 0.5714919395441672156, 0.6345913436353456394, 0.6962800085785134652, 0.7567653858766795194, 0.8166204284879007291, 0.8768346786565044404, 0.9376658871165880482, 1.000000000000000000 ),
 .UNSPECIFIED. ) ;
#4848 = CARTESIAN_POINT ( 'NONE',  ( 0.7714999999999999636, 0.4234999999999998765, 0.2079999999999999627 ) ) ;
#4849 = VECTOR ( 'NONE', #3584, 39.37007874015748143 ) ;
#4850 = VERTEX_POINT ( 'NONE', #3577 ) ;
#4851 = CARTESIAN_POINT ( 'NONE',  ( 0.8293285261670212405, 0.3308981095930332295, 0.002000000000000000042 ) ) ;
#4852 = CARTESIAN_POINT ( 'NONE',  ( 0.8369999999999999662, -0.1174999999999999933, -0.4425000000000000044 ) ) ;
#4853 = DIRECTION ( 'NONE',  ( 0.000000000000000000, 0.000000000000000000, 1.000000000000000000 ) ) ;
#4854 = PLANE ( 'NONE',  #6912 ) ;
#4855 = CARTESIAN_POINT ( 'NONE',  ( 0.8369999999999999662, -0.1250000000000000000, -0.4174999999999999822 ) ) ;
#4856 = CARTESIAN_POINT ( 'NONE',  ( 0.8259364350229871921, 0.3289407063042043555, 2.667820306312757049E-19 ) ) ;
#4857 = VERTEX_POINT ( 'NONE', #8331 ) ;
#4858 = PLANE ( 'NONE',  #8800 ) ;
#4859 = EDGE_LOOP ( 'NONE', ( #542, #915, #4485, #629 ) ) ;
#4860 = EDGE_CURVE ( 'NONE', #6924, #6771, #8297, .T. ) ;
#4861 = ORIENTED_EDGE ( 'NONE', *, *, #4438, .F. ) ;
#4862 = CARTESIAN_POINT ( 'NONE',  ( 0.7786526594290932302, 0.1568376852305349012, 0.002000000000000000042 ) ) ;
#4863 = VERTEX_POINT ( 'NONE', #9892 ) ;
#4864 = DIRECTION ( 'NONE',  ( 0.000000000000000000, -0.7071067811865466846, -0.7071067811865483499 ) ) ;
#4865 = VECTOR ( 'NONE', #6991, 39.37007874015748143 ) ;
#4866 = CARTESIAN_POINT ( 'NONE',  ( 0.5399999999999999245, -0.1174999999999999933, -0.3054999999999999938 ) ) ;
#4867 = LINE ( 'NONE', #154, #1065 ) ;
#4868 = PRODUCT_DEFINITION_SHAPE ( 'NONE', 'NONE',  #7859 ) ;
#4869 = ADVANCED_FACE ( 'NONE', ( #7249 ), #4058, .F. ) ;
#4870 = LINE ( 'NONE', #9570, #2359 ) ;
#4871 = EDGE_CURVE ( 'NONE', #10325, #10137, #3518, .T. ) ;
#4872 = CARTESIAN_POINT ( 'NONE',  ( 0.8298433123761979058, 0.3348494213980274803, 0.002000000000000000042 ) ) ;
#4873 = VECTOR ( 'NONE', #9954, 39.37007874015748143 ) ;
#4874 = DIRECTION ( 'NONE',  ( -0.000000000000000000, -0.000000000000000000, -1.000000000000000000 ) ) ;
#4875 = DIRECTION ( 'NONE',  ( 0.000000000000000000, 0.000000000000000000, -1.000000000000000000 ) ) ;
#4876 = ORIENTED_EDGE ( 'NONE', *, *, #5512, .T. ) ;
#4877 = ORIENTED_EDGE ( 'NONE', *, *, #6079, .T. ) ;
#4878 = ORIENTED_EDGE ( 'NONE', *, *, #9755, .T. ) ;
#4879 = CARTESIAN_POINT ( 'NONE',  ( 0.4457187570928756171, 0.1465005023646544502, 0.002000000000000000042 ) ) ;
#4880 = CARTESIAN_POINT ( 'NONE',  ( 0.3759999999999999454, 0.3154999999999998361, 0.000000000000000000 ) ) ;
#4881 = VECTOR ( 'NONE', #3258, 39.37007874015748143 ) ;
#4882 = AXIS2_PLACEMENT_3D ( 'NONE', #5649, #3283, #1719 ) ;
#4883 = LINE ( 'NONE', #7234, #4510 ) ;
#4884 = ORIENTED_EDGE ( 'NONE', *, *, #6114, .T. ) ;
#4885 = ORIENTED_EDGE ( 'NONE', *, *, #444, .F. ) ;
#4886 = ORIENTED_EDGE ( 'NONE', *, *, #2343, .F. ) ;
#4887 = DIRECTION ( 'NONE',  ( -0.000000000000000000, -0.000000000000000000, -1.000000000000000000 ) ) ;
#4888 = CARTESIAN_POINT ( 'NONE',  ( 0.7706418568790318613, 0.1593966674888676049, 0.002000000000000000042 ) ) ;
#4889 = B_SPLINE_CURVE_WITH_KNOTS ( 'NONE', 3,
 ( #3089, #9414, #8583, #7689, #2203, #6279, #9363, #5452, #3039, #2938, #5401, #8682, #689, #7905, #6232, #6127, #7798, #3142, #5503 ),
 .UNSPECIFIED., .F., .F.,
 ( 4, 1, 1, 1, 1, 1, 1, 1, 1, 1, 1, 1, 1, 1, 1, 1, 4 ),
 ( 0.000000000000000000, 0.06648593787487669382, 0.1307356009388763174, 0.1932868395043477738, 0.2552914267067085685, 0.3165376028954680065, 0.3788667103911640965, 0.4418772064706711911, 0.5071174914664494660, 0.5722713919203356037, 0.6354271335389665154, 0.6968172524575670934, 0.7573566333814840679, 0.8172651168318797454, 0.8771342994595139331, 0.9380198203164556991, 1.000000000000000000 ),
 .UNSPECIFIED. ) ;
#4890 = FACE_BOUND ( 'NONE', #8901, .T. ) ;
#4891 = DIRECTION ( 'NONE',  ( -0.000000000000000000, -0.000000000000000000, -1.000000000000000000 ) ) ;
#4892 = EDGE_CURVE ( 'NONE', #1108, #5754, #1656, .T. ) ;
#4893 = DIRECTION ( 'NONE',  ( -1.000000000000000000, 0.000000000000000000, 0.000000000000000000 ) ) ;
#4894 = VECTOR ( 'NONE', #1592, 39.37007874015748143 ) ;
#4895 = AXIS2_PLACEMENT_3D ( 'NONE', #7200, #9653, #826 ) ;
#4896 = ADVANCED_FACE ( 'NONE', ( #7299 ), #327, .F. ) ;
#4897 = ORIENTED_EDGE ( 'NONE', *, *, #4353, .T. ) ;
#4898 = LINE ( 'NONE', #9490, #1310 ) ;
#4899 = CARTESIAN_POINT ( 'NONE',  ( 0.8346689288303448251, 0.3480015936880894167, 0.002000000000000000042 ) ) ;
#4900 = CARTESIAN_POINT ( 'NONE',  ( 0.3714999999999998304, 0.4234999999999998765, 0.2080000000000000460 ) ) ;
#4901 = CARTESIAN_POINT ( 'NONE',  ( 0.4397785624361815193, 0.1559309693472737957, 0.000000000000000000 ) ) ;
#4902 = VECTOR ( 'NONE', #5127, 39.37007874015748143 ) ;
#4903 = EDGE_LOOP ( 'NONE', ( #3240, #9353, #2969, #7209 ) ) ;
#4904 = LINE ( 'NONE', #8131, #8370 ) ;
#4905 = LINE ( 'NONE', #8917, #5903 ) ;
#4906 = VECTOR ( 'NONE', #9854, 39.37007874015748143 ) ;
#4907 = CARTESIAN_POINT ( 'NONE',  ( 0.2916835555200637531, 0.1304908818425781492, 0.2379999999999999893 ) ) ;
#4908 = CARTESIAN_POINT ( 'NONE',  ( 0.7569999999999998952, 0.1859999999999998044, 0.2379999999999999893 ) ) ;
#4909 = CARTESIAN_POINT ( 'NONE',  ( 0.4009999999999999676, -0.1174999999999999933, -0.4174999999999999822 ) ) ;
#4910 = CARTESIAN_POINT ( 'NONE',  ( 0.8293285261670212405, 0.3308981095930332295, 0.000000000000000000 ) ) ;
#4911 = CARTESIAN_POINT ( 'NONE',  ( 0.7694565865355172951, 0.1717402874638890853, 0.000000000000000000 ) ) ;
#4912 = ORIENTED_EDGE ( 'NONE', *, *, #1579, .F. ) ;
#4913 = CARTESIAN_POINT ( 'NONE',  ( 0.4297153321747177457, 0.1522959557972981548, 0.000000000000000000 ) ) ;
#4914 = ORIENTED_EDGE ( 'NONE', *, *, #1540, .T. ) ;
#4915 = ORIENTED_EDGE ( 'NONE', *, *, #1082, .T. ) ;
#4916 = PLANE ( 'NONE',  #9231 ) ;
#4917 = ORIENTED_EDGE ( 'NONE', *, *, #5473, .F. ) ;
#4918 = DIRECTION ( 'NONE',  ( 0.5773502691896270633, 0.5773502691896230665, 0.5773502691896270633 ) ) ;
#4919 = CARTESIAN_POINT ( 'NONE',  ( 0.7652731129087035900, 0.1576539605841200398, 0.000000000000000000 ) ) ;
#4920 = CARTESIAN_POINT ( 'NONE',  ( 0.4425923973245762255, 0.1405970889594438389, 0.000000000000000000 ) ) ;
#4921 = LINE ( 'NONE', #5556, #6868 ) ;
#4922 = CARTESIAN_POINT ( 'NONE',  ( 0.8262757825879454288, 0.3379296610649819010, 0.002000000000000000042 ) ) ;
#4923 = PLANE ( 'NONE',  #2428 ) ;
#4924 = DIRECTION ( 'NONE',  ( 0.7071067811865499042, -0.7071067811865450192, 0.000000000000000000 ) ) ;
#4925 = ORIENTED_EDGE ( 'NONE', *, *, #2316, .T. ) ;
#4926 = EDGE_LOOP ( 'NONE', ( #4974, #6457, #2476, #7610 ) ) ;
#4927 = EDGE_LOOP ( 'NONE', ( #7994, #619, #5700, #3935 ) ) ;
#4928 = CARTESIAN_POINT ( 'NONE',  ( 0.9064999999999998614, 0.1328303204446733277, 0.000000000000000000 ) ) ;
#4929 = ADVANCED_FACE ( 'NONE', ( #2740 ), #132, .F. ) ;
#4930 = EDGE_CURVE ( 'NONE', #148, #5825, #7495, .T. ) ;
#4931 = CARTESIAN_POINT ( 'NONE',  ( 0.7722834327113256014, 0.1720810511266692433, -0.000000000000000000 ) ) ;
#4932 = CARTESIAN_POINT ( 'NONE',  ( 0.8259364350229871921, 0.3289407063042043555, 0.000000000000000000 ) ) ;
#4933 = EDGE_LOOP ( 'NONE', ( #284, #7389, #5312, #6560 ) ) ;
#4934 = ORIENTED_EDGE ( 'NONE', *, *, #6915, .F. ) ;
#4935 = ORIENTED_EDGE ( 'NONE', *, *, #2003, .T. ) ;
#4936 = ADVANCED_FACE ( 'NONE', ( #6659 ), #85, .T. ) ;
#4937 = CARTESIAN_POINT ( 'NONE',  ( 0.7654999999999999583, -0.1250000000000000000, -0.3230000000000000093 ) ) ;
#4938 = CARTESIAN_POINT ( 'NONE',  ( 1.098999999999999977, 0.1139999999999998653, -0.2199999999999999456 ) ) ;
#4939 = PLANE ( 'NONE',  #5102 ) ;
#4940 = CARTESIAN_POINT ( 'NONE',  ( 0.5939999999999999725, -0.1174999999999999933, -0.4425000000000000044 ) ) ;
#4941 = DIRECTION ( 'NONE',  ( -1.000000000000000000, 0.000000000000000000, -0.000000000000000000 ) ) ;
#4942 = EDGE_LOOP ( 'NONE', ( #4752, #8899, #9714, #1686, #4877, #9684, #2111, #8436 ) ) ;
#4943 = CARTESIAN_POINT ( 'NONE',  ( 0.3759999999999999454, -0.1250000000000000000, -0.4174999999999999822 ) ) ;
#4944 = CARTESIAN_POINT ( 'NONE',  ( 0.4345112760227426429, 0.1504904408717196995, 0.002000000000000000042 ) ) ;
#4945 = ADVANCED_FACE ( 'NONE', ( #1908 ), #9835, .F. ) ;
#4946 = DIRECTION ( 'NONE',  ( -2.765028333668285045E-16, 1.000000000000000000, -0.000000000000000000 ) ) ;
#4947 = ORIENTED_EDGE ( 'NONE', *, *, #2053, .F. ) ;
#4948 = LINE ( 'NONE', #979, #7703 ) ;
#4949 = CARTESIAN_POINT ( 'NONE',  ( 0.4443333333333333024, -0.1308333333333333015, -0.3188333333333333575 ) ) ;
#4950 = B_SPLINE_SURFACE_WITH_KNOTS ( 'NONE', 3, 1, ( 
 ( #3280, #1765 ),
 ( #7304, #6475 ),
 ( #4065, #6367 ),
 ( #1610, #4755 ),
 ( #9753, #8818 ),
 ( #6579, #9553 ),
 ( #7939, #5596 ) ),
 .UNSPECIFIED., .F., .F., .F.,
 ( 4, 1, 1, 1, 4 ),
 ( 2, 2 ),
 ( 0.000000000000000000, 0.2636542475285776344, 0.5199803460206469108, 0.7671028029252388025, 1.000000000000000000 ),
 ( 0.000000000000000000, 1.000000000000000000 ),
 .UNSPECIFIED. ) ;
#4951 = EDGE_CURVE ( 'NONE', #2932, #3820, #3630, .T. ) ;
#4952 = DIRECTION ( 'NONE',  ( -0.000000000000000000, 0.7071067811865491270, 0.7071067811865459074 ) ) ;
#4953 = DIRECTION ( 'NONE',  ( 0.000000000000000000, 0.000000000000000000, 1.000000000000000000 ) ) ;
#4954 = AXIS2_PLACEMENT_3D ( 'NONE', #933, #90, #9607 ) ;
#4955 = CARTESIAN_POINT ( 'NONE',  ( 1.098000000000000087, 0.05399999999999999245, -0.2199999999999999456 ) ) ;
#4956 = CARTESIAN_POINT ( 'NONE',  ( 1.212999999999999856, 0.1299999999999998657, -0.1659999999999999531 ) ) ;
#4957 = CARTESIAN_POINT ( 'NONE',  ( 0.8370000000000000773, 0.03300000000000000155, -0.4174999999999999822 ) ) ;
#4958 = ORIENTED_EDGE ( 'NONE', *, *, #1185, .T. ) ;
#4959 = DIRECTION ( 'NONE',  ( 1.000000000000000000, 0.000000000000000000, 0.000000000000000000 ) ) ;
#4960 = ORIENTED_EDGE ( 'NONE', *, *, #8512, .T. ) ;
#4961 = ORIENTED_EDGE ( 'NONE', *, *, #3414, .F. ) ;
#4962 = PLANE ( 'NONE',  #525 ) ;
#4963 = ORIENTED_EDGE ( 'NONE', *, *, #7785, .T. ) ;
#4964 = DIRECTION ( 'NONE',  ( -0.5773502691896252870, -0.5773502691896267303, -0.5773502691896252870 ) ) ;
#4965 = EDGE_CURVE ( 'NONE', #1982, #3563, #6085, .T. ) ;
#4966 = AXIS2_PLACEMENT_3D ( 'NONE', #8812, #5973, #7598 ) ;
#4967 = CARTESIAN_POINT ( 'NONE',  ( 0.7637269666784923805, 0.1606820497713278284, 0.000000000000000000 ) ) ;
#4968 = CARTESIAN_POINT ( 'NONE',  ( 0.4457187570928756171, 0.1465005023646544502, 0.000000000000000000 ) ) ;
#4969 = DIRECTION ( 'NONE',  ( 0.000000000000000000, 0.000000000000000000, 1.000000000000000000 ) ) ;
#4970 = CARTESIAN_POINT ( 'NONE',  ( 0.5939999999999999725, -0.1250000000000000000, -0.4250000000000000444 ) ) ;
#4971 = ADVANCED_FACE ( 'NONE', ( #4456 ), #4508, .T. ) ;
#4972 = CARTESIAN_POINT ( 'NONE',  ( 0.7654999999999999583, -0.1250000000000000000, -0.3305000000000000160 ) ) ;
#4973 = DIRECTION ( 'NONE',  ( -3.810108777774426687E-16, 0.000000000000000000, 1.000000000000000000 ) ) ;
#4974 = ORIENTED_EDGE ( 'NONE', *, *, #6329, .T. ) ;
#4975 = VERTEX_POINT ( 'NONE', #6921 ) ;
#4976 = VERTEX_POINT ( 'NONE', #10204 ) ;
#4977 = CARTESIAN_POINT ( 'NONE',  ( 0.3677413038504020459, 0.08050000000000000211, 0.2379999999999999893 ) ) ;
#4978 = EDGE_LOOP ( 'NONE', ( #9111, #4035, #1742, #9827 ) ) ;
#4979 = DIRECTION ( 'NONE',  ( 0.000000000000000000, 0.000000000000000000, -1.000000000000000000 ) ) ;
#4980 = VECTOR ( 'NONE', #2697, 39.37007874015748143 ) ;
#4981 = AXIS2_PLACEMENT_3D ( 'NONE', #502, #7039, #4689 ) ;
#4982 = DIRECTION ( 'NONE',  ( 0.000000000000000000, 0.000000000000000000, 1.000000000000000000 ) ) ;
#4983 = ORIENTED_EDGE ( 'NONE', *, *, #7556, .F. ) ;
#4984 = ORIENTED_EDGE ( 'NONE', *, *, #9308, .T. ) ;
#4985 = EDGE_CURVE ( 'NONE', #2442, #9112, #3832, .T. ) ;
#4986 = ORIENTED_EDGE ( 'NONE', *, *, #2191, .F. ) ;
#4987 = VECTOR ( 'NONE', #7219, 39.37007874015748143 ) ;
#4988 = DIRECTION ( 'NONE',  ( 0.000000000000000000, 0.000000000000000000, -1.000000000000000000 ) ) ;
#4989 = EDGE_CURVE ( 'NONE', #433, #6587, #5404, .T. ) ;
#4990 = CARTESIAN_POINT ( 'NONE',  ( 0.4335235646301900947, 0.1479457070378088490, 0.002000000000000000042 ) ) ;
#4991 = CARTESIAN_POINT ( 'NONE',  ( 1.171000000000000041, 0.05399999999999985367, -0.2199999999999999456 ) ) ;
#4992 = VERTEX_POINT ( 'NONE', #9538 ) ;
#4993 = ADVANCED_FACE ( 'NONE', ( #8531 ), #5297, .T. ) ;
#4994 = FACE_OUTER_BOUND ( 'NONE', #8598, .T. ) ;
#4995 = ORIENTED_EDGE ( 'NONE', *, *, #3461, .F. ) ;
#4996 = CARTESIAN_POINT ( 'NONE',  ( 0.7647918889131452014, 0.1682231922788985645, 0.000000000000000000 ) ) ;
#4997 = VECTOR ( 'NONE', #4772, 39.37007874015748143 ) ;
#4998 = CARTESIAN_POINT ( 'NONE',  ( 0.3759999999999999454, 0.3154999999999998361, 0.2379999999999999893 ) ) ;
#4999 = DIRECTION ( 'NONE',  ( -0.000000000000000000, -1.000000000000000000, -0.000000000000000000 ) ) ;
#5000 = EDGE_LOOP ( 'NONE', ( #4001, #7522, #9909, #8789 ) ) ;
#5001 = DIRECTION ( 'NONE',  ( 0.5773502691896270633, 0.5773502691896230665, -0.5773502691896270633 ) ) ;
#5002 = LINE ( 'NONE', #8185, #9402 ) ;
#5003 = CARTESIAN_POINT ( 'NONE',  ( 0.04199999999999988465, 0.05399999999999999245, -0.2199999999999999456 ) ) ;
#5004 = DIRECTION ( 'NONE',  ( -1.000000000000000000, 0.000000000000000000, 0.000000000000000000 ) ) ;
#5005 = CARTESIAN_POINT ( 'NONE',  ( 0.5389999999999999236, 0.1859999999999998044, 0.2379999999999999893 ) ) ;
#5006 = LINE ( 'NONE', #1876, #2813 ) ;
#5007 = CARTESIAN_POINT ( 'NONE',  ( 0.9529999999999999583, 0.4039999999999998592, -0.4899999999999999911 ) ) ;
#5008 = VECTOR ( 'NONE', #3940, 39.37007874015748143 ) ;
#5009 = VERTEX_POINT ( 'NONE', #7692 ) ;
#5010 = CARTESIAN_POINT ( 'NONE',  ( 0.4291056072791336051, 0.1508337950927216842, 0.002000000000000000042 ) ) ;
#5011 = VERTEX_POINT ( 'NONE', #6182 ) ;
#5012 = VERTEX_POINT ( 'NONE', #7018 ) ;
#5013 = CARTESIAN_POINT ( 'NONE',  ( 0.6015000000000000346, -0.1250000000000000000, -0.4250000000000000444 ) ) ;
#5014 = ORIENTED_EDGE ( 'NONE', *, *, #8626, .F. ) ;
#5015 = DIRECTION ( 'NONE',  ( 1.000000000000000000, 0.000000000000000000, 0.000000000000000000 ) ) ;
#5016 = B_SPLINE_CURVE_WITH_KNOTS ( 'NONE', 3,
 ( #3348, #4344, #3406, #1001, #262, #5858, #9879, #9774, #2728, #1995, #3453 ),
 .UNSPECIFIED., .F., .F.,
 ( 4, 1, 1, 1, 1, 1, 1, 1, 4 ),
 ( 0.000000000000000000, 0.1354037467141828155, 0.2622251654516490338, 0.3858490677562561033, 0.5108573636088564740, 0.6349774647635310076, 0.7532990766584793940, 0.8739320409395665568, 1.000000000000000000 ),
 .UNSPECIFIED. ) ;
#5017 = CARTESIAN_POINT ( 'NONE',  ( 0.7579999999999998961, 0.03300000000000000155, -0.3054999999999999938 ) ) ;
#5018 = CARTESIAN_POINT ( 'NONE',  ( 0.4451235952955020503, 0.1440102266681950738, 0.000000000000000000 ) ) ;
#5019 = CARTESIAN_POINT ( 'NONE',  ( 0.7643679734794874836, 0.1674930139256022299, 0.002000000000000000042 ) ) ;
#5020 = EDGE_CURVE ( 'NONE', #4107, #5171, #9366, .T. ) ;
#5021 = CARTESIAN_POINT ( 'NONE',  ( 0.06249999999999988204, 0.4939999999999999947, 0.000000000000000000 ) ) ;
#5022 = ADVANCED_FACE ( 'NONE', ( #10101, #6234 ), #4668, .F. ) ;
#5023 = ORIENTED_EDGE ( 'NONE', *, *, #3593, .T. ) ;
#5024 = ADVANCED_FACE ( 'NONE', ( #9314 ), #6812, .F. ) ;
#5025 = CARTESIAN_POINT ( 'NONE',  ( 0.1144999999999998935, 0.2469999999999997753, -0.4899999999999999911 ) ) ;
#5026 = ORIENTED_EDGE ( 'NONE', *, *, #7962, .F. ) ;
#5027 = ORIENTED_EDGE ( 'NONE', *, *, #4030, .T. ) ;
#5028 = ORIENTED_EDGE ( 'NONE', *, *, #2064, .F. ) ;
#5029 = CARTESIAN_POINT ( 'NONE',  ( 0.7719794784938086574, 0.1720873076955684311, 0.002000000000000000042 ) ) ;
#5030 = ORIENTED_EDGE ( 'NONE', *, *, #10022, .F. ) ;
#5031 = CARTESIAN_POINT ( 'NONE',  ( 0.8369999999999999662, 0.2979999999999998206, 0.2379999999999999893 ) ) ;
#5032 = DIRECTION ( 'NONE',  ( -0.000000000000000000, -0.000000000000000000, -1.000000000000000000 ) ) ;
#5033 = VECTOR ( 'NONE', #7951, 39.37007874015748143 ) ;
#5034 = AXIS2_PLACEMENT_3D ( 'NONE', #5243, #1164, #7540 ) ;
#5035 = VECTOR ( 'NONE', #7411, 39.37007874015748143 ) ;
#5036 = FACE_OUTER_BOUND ( 'NONE', #5193, .T. ) ;
#5037 = CIRCLE ( 'NONE', #1697, 0.07699999999999998512 ) ;
#5038 = CARTESIAN_POINT ( 'NONE',  ( 0.8228345453307983615, 0.3361391133616208893, 0.002000000000000000042 ) ) ;
#5039 = VERTEX_POINT ( 'NONE', #9212 ) ;
#5040 = VERTEX_POINT ( 'NONE', #7754 ) ;
#5041 = ORIENTED_EDGE ( 'NONE', *, *, #6009, .T. ) ;
#5042 = CARTESIAN_POINT ( 'NONE',  ( 0.3922110345599258419, 0.3246250336889850985, 0.000000000000000000 ) ) ;
#5043 = AXIS2_PLACEMENT_3D ( 'NONE', #5354, #2109, #431 ) ;
#5044 = CARTESIAN_POINT ( 'NONE',  ( 0.4368003990627061794, 0.1515916202817745861, 0.002000000000000000042 ) ) ;
#5045 = PLANE ( 'NONE',  #4243 ) ;
#5046 = VECTOR ( 'NONE', #4473, 39.37007874015748143 ) ;
#5047 = DIRECTION ( 'NONE',  ( 0.000000000000000000, 0.000000000000000000, 1.000000000000000000 ) ) ;
#5048 = VECTOR ( 'NONE', #6792, 39.37007874015748143 ) ;
#5049 = PLANE ( 'NONE',  #4318 ) ;
#5050 = ORIENTED_EDGE ( 'NONE', *, *, #652, .T. ) ;
#5051 = FACE_OUTER_BOUND ( 'NONE', #3157, .T. ) ;
#5052 = VECTOR ( 'NONE', #5032, 39.37007874015748143 ) ;
#5053 = FACE_OUTER_BOUND ( 'NONE', #6631, .T. ) ;
#5054 = DIRECTION ( 'NONE',  ( 2.765028333668283073E-16, -1.000000000000000000, 0.000000000000000000 ) ) ;
#5055 = ORIENTED_EDGE ( 'NONE', *, *, #1277, .T. ) ;
#5056 = DIRECTION ( 'NONE',  ( -1.000000000000000000, 0.000000000000000000, 0.000000000000000000 ) ) ;
#5057 = CARTESIAN_POINT ( 'NONE',  ( 0.9549999999999997380, 0.1299999999999998657, -0.1659999999999999531 ) ) ;
#5058 = ADVANCED_FACE ( 'NONE', ( #5454 ), #540, .F. ) ;
#5059 = DIRECTION ( 'NONE',  ( 0.000000000000000000, -1.000000000000000000, 0.000000000000000000 ) ) ;
#5060 = CARTESIAN_POINT ( 'NONE',  ( 0.7105000000000000204, -0.1250000000000000000, -0.4425000000000000044 ) ) ;
#5061 = EDGE_CURVE ( 'NONE', #4107, #4975, #10153, .T. ) ;
#5062 = AXIS2_PLACEMENT_3D ( 'NONE', #8714, #5431, #5531 ) ;
#5063 = AXIS2_PLACEMENT_3D ( 'NONE', #3397, #9817, #2610 ) ;
#5064 = CARTESIAN_POINT ( 'NONE',  ( 0.7579999999999998961, -0.1250000000000000000, -0.3305000000000000160 ) ) ;
#5065 = DIRECTION ( 'NONE',  ( -1.000000000000000000, -0.000000000000000000, -1.237249997130554240E-16 ) ) ;
#5066 = DIRECTION ( 'NONE',  ( 0.4521557177002711314, 0.8919390152644702807, -0.000000000000000000 ) ) ;
#5067 = ORIENTED_EDGE ( 'NONE', *, *, #1890, .F. ) ;
#5068 = VECTOR ( 'NONE', #6713, 39.37007874015748143 ) ;
#5069 = LINE ( 'NONE', #3391, #10301 ) ;
#5070 = EDGE_LOOP ( 'NONE', ( #4282, #1157, #1525, #9303 ) ) ;
#5071 = AXIS2_PLACEMENT_3D ( 'NONE', #9279, #6936, #1390 ) ;
#5072 = EDGE_LOOP ( 'NONE', ( #3025, #7020, #10207, #7561 ) ) ;
#5073 = DIRECTION ( 'NONE',  ( -0.000000000000000000, 1.000000000000000000, -0.000000000000000000 ) ) ;
#5074 = LINE ( 'NONE', #5954, #10059 ) ;
#5075 = DIRECTION ( 'NONE',  ( -0.000000000000000000, -0.000000000000000000, -1.000000000000000000 ) ) ;
#5076 = CARTESIAN_POINT ( 'NONE',  ( 0.4443350733071836367, 0.1425216058744171177, 0.000000000000000000 ) ) ;
#5077 = ADVANCED_FACE ( 'NONE', ( #6131 ), #9990, .T. ) ;
#5078 = VECTOR ( 'NONE', #4066, 39.37007874015748854 ) ;
#5079 = CARTESIAN_POINT ( 'NONE',  ( 0.8319997669491113745, 0.3409718208150791519, 0.002000000000000000042 ) ) ;
#5080 = CARTESIAN_POINT ( 'NONE',  ( 0.4549999999999999045, 0.1784999999999998255, 0.2304999999999999827 ) ) ;
#5081 = EDGE_LOOP ( 'NONE', ( #5882, #4886, #4346, #8685 ) ) ;
#5082 = CARTESIAN_POINT ( 'NONE',  ( 0.1869999999999998885, 0.5082634147716499351, -0.01499999999999999944 ) ) ;
#5083 = ORIENTED_EDGE ( 'NONE', *, *, #2026, .T. ) ;
#5084 = EDGE_LOOP ( 'NONE', ( #3458, #6001, #10047, #4914 ) ) ;
#5085 = ORIENTED_EDGE ( 'NONE', *, *, #8116, .T. ) ;
#5086 = CARTESIAN_POINT ( 'NONE',  ( 0.4419173911603824778, 0.1400733523372725831, 0.002000000000000000042 ) ) ;
#5087 = ADVANCED_FACE ( 'NONE', ( #6862 ), #2156, .T. ) ;
#5088 = EDGE_LOOP ( 'NONE', ( #7225, #1454, #9885, #5338 ) ) ;
#5089 = FACE_OUTER_BOUND ( 'NONE', #4933, .T. ) ;
#5090 = CARTESIAN_POINT ( 'NONE',  ( 0.4443605041735192440, 0.1523823140068465420, 0.000000000000000000 ) ) ;
#5091 = EDGE_CURVE ( 'NONE', #7588, #2631, #2116, .T. ) ;
#5092 = DIRECTION ( 'NONE',  ( -1.000000000000000000, 0.000000000000000000, -0.000000000000000000 ) ) ;
#5093 = LINE ( 'NONE', #1010, #7518 ) ;
#5094 = CARTESIAN_POINT ( 'NONE',  ( 0.5389999999999999236, 0.2034999999999998199, 0.2379999999999999893 ) ) ;
#5095 = ORIENTED_EDGE ( 'NONE', *, *, #4475, .F. ) ;
#5096 = ORIENTED_EDGE ( 'NONE', *, *, #6406, .T. ) ;
#5097 = ORIENTED_EDGE ( 'NONE', *, *, #9359, .T. ) ;
#5098 = LINE ( 'NONE', #7550, #8235 ) ;
#5099 = PLANE ( 'NONE',  #2040 ) ;
#5100 = ADVANCED_FACE ( 'NONE', ( #7908 ), #746, .T. ) ;
#5101 = CARTESIAN_POINT ( 'NONE',  ( 0.4414999999999997815, 0.4234999999999998765, 0.1079999999999999988 ) ) ;
#5102 = AXIS2_PLACEMENT_3D ( 'NONE', #3160, #9537, #6515 ) ;
#5103 = ADVANCED_FACE ( 'NONE', ( #3195 ), #7222, .T. ) ;
#5104 = DIRECTION ( 'NONE',  ( 1.000000000000000000, 0.000000000000000000, 0.000000000000000000 ) ) ;
#5105 = ORIENTED_EDGE ( 'NONE', *, *, #6079, .F. ) ;
#5106 = CARTESIAN_POINT ( 'NONE',  ( 0.5574999999999998845, -0.1250000000000000000, -0.3305000000000000160 ) ) ;
#5107 = FACE_BOUND ( 'NONE', #9504, .T. ) ;
#5108 = EDGE_CURVE ( 'NONE', #5493, #10017, #6393, .T. ) ;
#5109 = CARTESIAN_POINT ( 'NONE',  ( 0.2615000000000000657, 0.03300000000000000155, -0.4900000000000000466 ) ) ;
#5110 = ORIENTED_EDGE ( 'NONE', *, *, #9708, .T. ) ;
#5111 = CARTESIAN_POINT ( 'NONE',  ( 0.3347413038504020721, 0.4134999999999999232, 0.2379999999999999893 ) ) ;
#5112 = CARTESIAN_POINT ( 'NONE',  ( 0.4345112760227426429, 0.1504904408717196995, 0.000000000000000000 ) ) ;
#5113 = CARTESIAN_POINT ( 'NONE',  ( 0.7755834686115824494, 0.1638604565362231646, 0.002000000000000000042 ) ) ;
#5114 = DIRECTION ( 'NONE',  ( -0.000000000000000000, 0.000000000000000000, 1.000000000000000000 ) ) ;
#5115 = CARTESIAN_POINT ( 'NONE',  ( 0.2734999999999998543, 0.3418303204446733190, 0.2379999999999999893 ) ) ;
#5116 = CARTESIAN_POINT ( 'NONE',  ( 0.4559999999999999054, -0.1174999999999999933, -0.3305000000000000160 ) ) ;
#5117 = CARTESIAN_POINT ( 'NONE',  ( 0.5100000000000000089, -0.1174999999999999933, -0.4174999999999999822 ) ) ;
#5118 = LINE ( 'NONE', #5218, #3141 ) ;
#5119 = VERTEX_POINT ( 'NONE', #1739 ) ;
#5120 = CARTESIAN_POINT ( 'NONE',  ( 0.4284896704840947534, 0.1480868418086040417, 0.000000000000000000 ) ) ;
#5121 = ORIENTED_EDGE ( 'NONE', *, *, #1904, .F. ) ;
#5122 = EDGE_LOOP ( 'NONE', ( #4267, #9626, #8267, #1789, #8109, #6132 ) ) ;
#5123 = CARTESIAN_POINT ( 'NONE',  ( 1.098999999999999977, 0.05400000000000002714, -0.3734999999999999987 ) ) ;
#5124 = FACE_OUTER_BOUND ( 'NONE', #1643, .T. ) ;
#5125 = ADVANCED_FACE ( 'NONE', ( #7173, #4773 ), #5665, .F. ) ;
#5126 = CARTESIAN_POINT ( 'NONE',  ( 0.7279999999999999805, 0.2979999999999998206, 0.2379999999999999893 ) ) ;
#5127 = DIRECTION ( 'NONE',  ( -1.000000000000000000, -0.000000000000000000, -0.000000000000000000 ) ) ;
#5128 = CARTESIAN_POINT ( 'NONE',  ( 0.4302721644301692461, 0.1534927876667128155, 0.000000000000000000 ) ) ;
#5129 = FACE_OUTER_BOUND ( 'NONE', #5391, .T. ) ;
#5130 = EDGE_CURVE ( 'NONE', #7096, #4746, #6447, .T. ) ;
#5131 = EDGE_LOOP ( 'NONE', ( #6863, #2729, #8872, #5121 ) ) ;
#5132 = VECTOR ( 'NONE', #5180, 39.37007874015748143 ) ;
#5133 = PLANE ( 'NONE',  #9959 ) ;
#5134 = VERTEX_POINT ( 'NONE', #1524 ) ;
#5135 = VERTEX_POINT ( 'NONE', #9625 ) ;
#5136 = ORIENTED_EDGE ( 'NONE', *, *, #8785, .F. ) ;
#5137 = CARTESIAN_POINT ( 'NONE',  ( 0.7714175419553686019, 0.1425968781582367673, 0.002000000000000000042 ) ) ;
#5138 = DIRECTION ( 'NONE',  ( -0.000000000000000000, -0.000000000000000000, -1.000000000000000000 ) ) ;
#5139 = CARTESIAN_POINT ( 'NONE',  ( 0.7723331196946828792, 0.1591544931656460327, 0.002000000000000000042 ) ) ;
#5140 = CARTESIAN_POINT ( 'NONE',  ( 0.7806557786473226068, 0.1633042395997510998, 0.000000000000000000 ) ) ;
#5141 = EDGE_CURVE ( 'NONE', #1839, #7338, #1793, .T. ) ;
#5142 = DIRECTION ( 'NONE',  ( 0.000000000000000000, 0.000000000000000000, -1.000000000000000000 ) ) ;
#5143 = AXIS2_PLACEMENT_3D ( 'NONE', #523, #2929, #1205 ) ;
#5144 = DIRECTION ( 'NONE',  ( -1.000000000000000000, 0.000000000000000000, 0.000000000000000000 ) ) ;
#5145 = DIRECTION ( 'NONE',  ( 0.000000000000000000, 0.000000000000000000, -1.000000000000000000 ) ) ;
#5146 = ORIENTED_EDGE ( 'NONE', *, *, #4989, .T. ) ;
#5147 = ORIENTED_EDGE ( 'NONE', *, *, #3353, .T. ) ;
#5148 = ORIENTED_EDGE ( 'NONE', *, *, #447, .F. ) ;
#5149 = DIRECTION ( 'NONE',  ( -0.5773502691896257311, 0.5773502691896257311, 0.5773502691896257311 ) ) ;
#5150 = VECTOR ( 'NONE', #9950, 39.37007874015748143 ) ;
#5151 = FACE_OUTER_BOUND ( 'NONE', #6908, .T. ) ;
#5152 = PERSON_AND_ORGANIZATION_ROLE ( 'design_owner' ) ;
#5153 = AXIS2_PLACEMENT_3D ( 'NONE', #2029, #5216, #8405 ) ;
#5154 = ORIENTED_EDGE ( 'NONE', *, *, #2651, .F. ) ;
#5155 = CARTESIAN_POINT ( 'NONE',  ( 0.7634004508557488133, 0.1636436576669796639, 0.000000000000000000 ) ) ;
#5156 = VECTOR ( 'NONE', #8431, 39.37007874015748143 ) ;
#5157 = DIRECTION ( 'NONE',  ( -0.5773502691896248429, 0.5773502691896248429, 0.5773502691896275074 ) ) ;
#5158 = CARTESIAN_POINT ( 'NONE',  ( 0.4432852733782132182, 0.1537356932485017535, 0.002000000000000000042 ) ) ;
#5159 = VERTEX_POINT ( 'NONE', #4033 ) ;
#5160 = LINE ( 'NONE', #6935, #6871 ) ;
#5161 = CARTESIAN_POINT ( 'NONE',  ( 0.8268247506586169360, 0.3429598073383509083, -0.000000000000000000 ) ) ;
#5162 = CARTESIAN_POINT ( 'NONE',  ( 0.7734197376554778902, 0.1667839374997612811, 0.002000000000000000042 ) ) ;
#5163 = FACE_OUTER_BOUND ( 'NONE', #388, .T. ) ;
#5164 = ADVANCED_FACE ( 'NONE', ( #8838 ), #6281, .T. ) ;
#5165 = CARTESIAN_POINT ( 'NONE',  ( 0.4849999999999999312, -0.1250000000000000000, -0.4425000000000000044 ) ) ;
#5166 = EDGE_CURVE ( 'NONE', #2711, #4295, #3145, .T. ) ;
#5167 = CARTESIAN_POINT ( 'NONE',  ( 0.8253431190034182796, 0.3289632390226543412, 0.002000000000000000042 ) ) ;
#5168 = DIRECTION ( 'NONE',  ( -1.000000000000000000, 1.313388458492434903E-16, 0.000000000000000000 ) ) ;
#5169 = CARTESIAN_POINT ( 'NONE',  ( 0.8293693834562767542, 0.3360205744534943695, 0.002000000000000000042 ) ) ;
#5170 = DIRECTION ( 'NONE',  ( 0.000000000000000000, 0.000000000000000000, 1.000000000000000000 ) ) ;
#5171 = VERTEX_POINT ( 'NONE', #796 ) ;
#5172 = ORIENTED_EDGE ( 'NONE', *, *, #10202, .F. ) ;
#5173 = CARTESIAN_POINT ( 'NONE',  ( 0.8119999999999999440, -0.1174999999999999933, -0.4174999999999999822 ) ) ;
#5174 = CARTESIAN_POINT ( 'NONE',  ( 0.7720918658014966907, 0.1591402898499106322, 0.002000000000000000042 ) ) ;
#5175 = PLANE ( 'NONE',  #1370 ) ;
#5176 = DIRECTION ( 'NONE',  ( 0.000000000000000000, -1.000000000000000000, 0.000000000000000000 ) ) ;
#5177 = DIRECTION ( 'NONE',  ( -0.000000000000000000, -0.000000000000000000, -1.000000000000000000 ) ) ;
#5178 = DIRECTION ( 'NONE',  ( -0.000000000000000000, -0.000000000000000000, -1.000000000000000000 ) ) ;
#5179 = EDGE_LOOP ( 'NONE', ( #1070, #10292, #8687, #5481 ) ) ;
#5180 = DIRECTION ( 'NONE',  ( 1.000000000000000000, 0.000000000000000000, 0.000000000000000000 ) ) ;
#5181 = ORIENTED_EDGE ( 'NONE', *, *, #9041, .T. ) ;
#5182 = EDGE_LOOP ( 'NONE', ( #2591, #8616, #5517, #902 ) ) ;
#5183 = ORIENTED_EDGE ( 'NONE', *, *, #439, .T. ) ;
#5184 = CARTESIAN_POINT ( 'NONE',  ( 0.4457407689694032893, 0.1473881775714292741, 0.000000000000000000 ) ) ;
#5185 = DIRECTION ( 'NONE',  ( -0.8930733842936222633, 0.4499110248330619455, 0.000000000000000000 ) ) ;
#5186 = LINE ( 'NONE', #3615, #6405 ) ;
#5187 = CARTESIAN_POINT ( 'NONE',  ( 0.4375724526114599389, 0.1562705356928570932, -0.000000000000000000 ) ) ;
#5188 = EDGE_CURVE ( 'NONE', #697, #1812, #7118, .T. ) ;
#5189 = EDGE_CURVE ( 'NONE', #9743, #9743, #8961, .T. ) ;
#5190 = CARTESIAN_POINT ( 'NONE',  ( 0.000000000000000000, 0.000000000000000000, 0.000000000000000000 ) ) ;
#5191 = CARTESIAN_POINT ( 'NONE',  ( 0.4362526758666916971, 0.1386740792217242557, 0.000000000000000000 ) ) ;
#5192 = DIRECTION ( 'NONE',  ( 0.000000000000000000, -1.000000000000000000, 0.000000000000000000 ) ) ;
#5193 = EDGE_LOOP ( 'NONE', ( #8148, #6108, #3044, #850 ) ) ;
#5194 = ORIENTED_EDGE ( 'NONE', *, *, #1612, .T. ) ;
#5195 = EDGE_LOOP ( 'NONE', ( #10315, #5375, #2606, #1246 ) ) ;
#5196 = LINE ( 'NONE', #6090, #4391 ) ;
#5197 = CARTESIAN_POINT ( 'NONE',  ( 0.2580000000000000626, 0.1149999999999998385, -0.1649999999999999523 ) ) ;
#5198 = AXIS2_PLACEMENT_3D ( 'NONE', #9435, #9539, #6465 ) ;
#5199 =( NAMED_UNIT ( * ) SI_UNIT ( $, .STERADIAN. ) SOLID_ANGLE_UNIT ( ) );
#5200 = AXIS2_PLACEMENT_3D ( 'NONE', #5123, #1938, #8306 ) ;
#5201 = ORIENTED_EDGE ( 'NONE', *, *, #3247, .T. ) ;
#5202 = FACE_OUTER_BOUND ( 'NONE', #7317, .T. ) ;
#5203 = FACE_BOUND ( 'NONE', #4397, .T. ) ;
#5204 = VECTOR ( 'NONE', #3681, 39.37007874015748854 ) ;
#5205 = CARTESIAN_POINT ( 'NONE',  ( 0.6015000000000000346, 0.3079999999999998295, 0.2379999999999999893 ) ) ;
#5206 = VERTEX_POINT ( 'NONE', #8057 ) ;
#5207 = LINE ( 'NONE', #4370, #8539 ) ;
#5208 = CARTESIAN_POINT ( 'NONE',  ( 0.8290965060156425537, 0.3426169830609576139, 0.000000000000000000 ) ) ;
#5209 = EDGE_CURVE ( 'NONE', #7802, #7545, #7277, .T. ) ;
#5210 = DIRECTION ( 'NONE',  ( -0.000000000000000000, 0.000000000000000000, 1.000000000000000000 ) ) ;
#5211 = CARTESIAN_POINT ( 'NONE',  ( 0.3759999999999999454, 0.3079999999999998295, 0.2379999999999999893 ) ) ;
#5212 = ADVANCED_FACE ( 'NONE', ( #4721, #6499 ), #3092, .F. ) ;
#5213 = ADVANCED_FACE ( 'NONE', ( #5561 ), #8889, .T. ) ;
#5214 = VECTOR ( 'NONE', #2524, 39.37007874015748143 ) ;
#5215 = CARTESIAN_POINT ( 'NONE',  ( 0.3347413038504020721, 0.4284999999999998810, 0.2379999999999999893 ) ) ;
#5216 = DIRECTION ( 'NONE',  ( -0.000000000000000000, 0.7071067811865475727, 0.7071067811865475727 ) ) ;
#5217 = CARTESIAN_POINT ( 'NONE',  ( 0.4374999999999998890, 0.1959999999999998410, 0.2379999999999999893 ) ) ;
#5218 = CARTESIAN_POINT ( 'NONE',  ( 0.5100000000000000089, 0.3154999999999998361, 0.000000000000000000 ) ) ;
#5219 = DIRECTION ( 'NONE',  ( 3.524965153115178140E-16, -0.000000000000000000, -1.000000000000000000 ) ) ;
#5220 = ORIENTED_EDGE ( 'NONE', *, *, #9771, .T. ) ;
#5221 = ORIENTED_EDGE ( 'NONE', *, *, #2191, .T. ) ;
#5222 = CARTESIAN_POINT ( 'NONE',  ( 0.8171485856348146282, 0.3290362169725498109, 0.002000000000000000042 ) ) ;
#5223 = DIRECTION ( 'NONE',  ( -0.5773502691896252870, 0.5773502691896267303, 0.5773502691896252870 ) ) ;
#5224 = VECTOR ( 'NONE', #2487, 39.37007874015748143 ) ;
#5225 = VECTOR ( 'NONE', #773, 39.37007874015748143 ) ;
#5226 = CARTESIAN_POINT ( 'NONE',  ( 0.6739999999999999325, -0.1250000000000000000, -0.3230000000000000093 ) ) ;
#5227 = CARTESIAN_POINT ( 'NONE',  ( 0.5589999999999999414, 0.1834999999999998299, 0.2354999999999999871 ) ) ;
#5228 = EDGE_CURVE ( 'NONE', #4723, #4568, #3884, .T. ) ;
#5229 = CARTESIAN_POINT ( 'NONE',  ( 0.3759999999999999454, 0.3079999999999998295, 0.2379999999999999893 ) ) ;
#5230 = CARTESIAN_POINT ( 'NONE',  ( 0.5939999999999999725, -0.1250000000000000000, -0.4174999999999999822 ) ) ;
#5231 = VECTOR ( 'NONE', #6030, 39.37007874015748143 ) ;
#5232 = VECTOR ( 'NONE', #708, 39.37007874015748854 ) ;
#5233 = EDGE_LOOP ( 'NONE', ( #9430, #9061, #1044, #7157 ) ) ;
#5234 = DIRECTION ( 'NONE',  ( -1.000000000000000000, 0.000000000000000000, 0.000000000000000000 ) ) ;
#5235 = ORIENTED_EDGE ( 'NONE', *, *, #8814, .T. ) ;
#5236 = EDGE_LOOP ( 'NONE', ( #2609, #4917, #101, #831 ) ) ;
#5237 = EDGE_LOOP ( 'NONE', ( #2583, #884, #163, #1791 ) ) ;
#5238 = CARTESIAN_POINT ( 'NONE',  ( 0.4009999999999999676, 0.03300000000000000155, -0.4174999999999999822 ) ) ;
#5239 = CARTESIAN_POINT ( 'NONE',  ( 0.7579999999999998961, -0.1174999999999999933, -0.3054999999999999938 ) ) ;
#5240 = CIRCLE ( 'NONE', #6076, 0.07700000000000002676 ) ;
#5241 = CARTESIAN_POINT ( 'NONE',  ( 0.7709886980136790857, 0.1544867940037849552, 0.002000000000000000042 ) ) ;
#5242 = CARTESIAN_POINT ( 'NONE',  ( 0.3835000000000000075, -0.1250000000000000000, -0.4250000000000000444 ) ) ;
#5243 = CARTESIAN_POINT ( 'NONE',  ( 0.4549999999999999045, 0.2034999999999998199, 0.2379999999999999893 ) ) ;
#5244 = LINE ( 'NONE', #178, #1148 ) ;
#5245 = VECTOR ( 'NONE', #4891, 39.37007874015748143 ) ;
#5246 = CARTESIAN_POINT ( 'NONE',  ( 0.4284853778631531607, 0.1471442305820586383, 0.000000000000000000 ) ) ;
#5247 = EDGE_CURVE ( 'NONE', #1004, #9674, #7481, .T. ) ;
#5248 = CARTESIAN_POINT ( 'NONE',  ( 0.7569999999999998952, 0.1784999999999998255, 0.000000000000000000 ) ) ;
#5249 = ORIENTED_EDGE ( 'NONE', *, *, #9379, .F. ) ;
#5250 = ADVANCED_FACE ( 'NONE', ( #8158 ), #2671, .F. ) ;
#5251 = ORIENTED_EDGE ( 'NONE', *, *, #8156, .T. ) ;
#5252 = ORIENTED_EDGE ( 'NONE', *, *, #7490, .T. ) ;
#5253 = CARTESIAN_POINT ( 'NONE',  ( 0.3759999999999999454, 0.03300000000000000155, -0.4425000000000000044 ) ) ;
#5254 = CARTESIAN_POINT ( 'NONE',  ( 0.4407058175849807857, 0.1476747652060336757, 0.000000000000000000 ) ) ;
#5255 = EDGE_CURVE ( 'NONE', #3198, #10325, #5960, .T. ) ;
#5256 = PERSON_AND_ORGANIZATION_ROLE ( 'design_supplier' ) ;
#5257 = ORIENTED_EDGE ( 'NONE', *, *, #7865, .T. ) ;
#5258 = DIRECTION ( 'NONE',  ( 0.000000000000000000, 0.000000000000000000, -1.000000000000000000 ) ) ;
#5259 = EDGE_CURVE ( 'NONE', #7802, #438, #7327, .T. ) ;
#5260 = CARTESIAN_POINT ( 'NONE',  ( 0.8240428688053148543, 0.3372287215368550695, 0.000000000000000000 ) ) ;
#5261 = CARTESIAN_POINT ( 'NONE',  ( 0.5939999999999999725, 0.3154999999999998361, 0.000000000000000000 ) ) ;
#5262 = ORIENTED_EDGE ( 'NONE', *, *, #7992, .T. ) ;
#5263 = DIRECTION ( 'NONE',  ( 1.000000000000000000, 0.000000000000000000, 0.000000000000000000 ) ) ;
#5264 = CARTESIAN_POINT ( 'NONE',  ( 0.4335235646301900947, 0.1479457070378088490, -0.000000000000000000 ) ) ;
#5265 = CARTESIAN_POINT ( 'NONE',  ( 0.4371543786620399330, 0.1386556837640715301, 0.002000000000000000042 ) ) ;
#5266 = CARTESIAN_POINT ( 'NONE',  ( 0.9394999999999998908, 0.3418303204446733190, 0.2379999999999999893 ) ) ;
#5267 = EDGE_CURVE ( 'NONE', #1119, #4071, #9147, .T. ) ;
#5268 = CARTESIAN_POINT ( 'NONE',  ( 1.171000000000000041, 0.1139999999999998653, -0.4899999999999999911 ) ) ;
#5269 = FACE_OUTER_BOUND ( 'NONE', #7315, .T. ) ;
#5270 = CARTESIAN_POINT ( 'NONE',  ( 0.4373020258453021447, 0.1437048497854404028, 0.002000000000000000042 ) ) ;
#5271 = CARTESIAN_POINT ( 'NONE',  ( 0.8288748555470625279, 0.3366862095756464890, 0.002000000000000000042 ) ) ;
#5272 = EDGE_CURVE ( 'NONE', #1079, #201, #1836, .T. ) ;
#5273 = CARTESIAN_POINT ( 'NONE',  ( 0.3814218530218776437, 0.3480015936880894167, 0.000000000000000000 ) ) ;
#5274 = ORIENTED_EDGE ( 'NONE', *, *, #9012, .T. ) ;
#5275 = VERTEX_POINT ( 'NONE', #9725 ) ;
#5276 = CARTESIAN_POINT ( 'NONE',  ( 0.4285674040165208809, 0.1487456572313045899, 0.002000000000000000042 ) ) ;
#5277 = CARTESIAN_POINT ( 'NONE',  ( 0.7714999999999999636, 0.4234999999999998765, 0.2079999999999999627 ) ) ;
#5278 = DIRECTION ( 'NONE',  ( 0.7071067811865474617, 0.000000000000000000, 0.7071067811865474617 ) ) ;
#5279 = FACE_OUTER_BOUND ( 'NONE', #3172, .T. ) ;
#5280 = CARTESIAN_POINT ( 'NONE',  ( 0.8331856457634186919, 0.3396896796879048663, 0.000000000000000000 ) ) ;
#5281 = CARTESIAN_POINT ( 'NONE',  ( 0.8259705502175892500, 0.3239147150986658175, -0.000000000000000000 ) ) ;
#5282 = EDGE_CURVE ( 'NONE', #5823, #1218, #9824, .T. ) ;
#5283 = EDGE_LOOP ( 'NONE', ( #2670, #4296, #3405, #7128 ) ) ;
#5284 = CARTESIAN_POINT ( 'NONE',  ( 0.8261443515422099981, 0.3379316909192445206, 0.000000000000000000 ) ) ;
#5285 = ORIENTED_EDGE ( 'NONE', *, *, #6479, .F. ) ;
#5286 = ORIENTED_EDGE ( 'NONE', *, *, #6328, .T. ) ;
#5287 = ORIENTED_EDGE ( 'NONE', *, *, #2669, .F. ) ;
#5288 = CARTESIAN_POINT ( 'NONE',  ( 0.7279999999999999805, 0.03300000000000000155, -0.4174999999999999822 ) ) ;
#5289 = FACE_OUTER_BOUND ( 'NONE', #3565, .T. ) ;
#5290 = FACE_OUTER_BOUND ( 'NONE', #417, .T. ) ;
#5291 = LINE ( 'NONE', #1314, #1368 ) ;
#5292 = EDGE_CURVE ( 'NONE', #8270, #1026, #5016, .T. ) ;
#5293 = CARTESIAN_POINT ( 'NONE',  ( 0.8175273549163754039, 0.3283147528495745093, 0.002000000000000000042 ) ) ;
#5294 = CARTESIAN_POINT ( 'NONE',  ( 0.7794200286961955326, 0.1584594494356297567, 0.000000000000000000 ) ) ;
#5295 = AXIS2_PLACEMENT_3D ( 'NONE', #4900, #9160, #4306 ) ;
#5296 = CARTESIAN_POINT ( 'NONE',  ( 0.4377163152004799329, 0.1681461133014031939, 0.000000000000000000 ) ) ;
#5297 = PLANE ( 'NONE',  #2464 ) ;
#5298 = ORIENTED_EDGE ( 'NONE', *, *, #9308, .F. ) ;
#5299 = EDGE_LOOP ( 'NONE', ( #1509, #2683, #6946, #9505 ) ) ;
#5300 = EDGE_LOOP ( 'NONE', ( #9471, #3936, #3043, #10034 ) ) ;
#5301 = DIRECTION ( 'NONE',  ( -1.000000000000000000, 0.000000000000000000, 0.000000000000000000 ) ) ;
#5302 = LINE ( 'NONE', #333, #5204 ) ;
#5303 = AXIS2_PLACEMENT_3D ( 'NONE', #96, #5494, #10290 ) ;
#5304 = EDGE_LOOP ( 'NONE', ( #2833, #3614, #5274, #9976, #5701, #3833 ) ) ;
#5305 = CARTESIAN_POINT ( 'NONE',  ( 0.7750683783485551315, 0.1608469645032826190, 0.000000000000000000 ) ) ;
#5306 = ADVANCED_FACE ( 'NONE', ( #8992, #5914 ), #1106, .F. ) ;
#5307 = VECTOR ( 'NONE', #5168, 39.37007874015748143 ) ;
#5308 = EDGE_CURVE ( 'NONE', #7445, #6029, #6550, .T. ) ;
#5309 = DIRECTION ( 'NONE',  ( 0.5773502691896252870, 0.5773502691896267303, 0.5773502691896252870 ) ) ;
#5310 = ORIENTED_EDGE ( 'NONE', *, *, #4093, .F. ) ;
#5311 = CARTESIAN_POINT ( 'NONE',  ( 0.7718446137245830174, 0.1544649778500897797, 0.002000000000000000042 ) ) ;
#5312 = ORIENTED_EDGE ( 'NONE', *, *, #1705, .T. ) ;
#5313 = DIRECTION ( 'NONE',  ( -0.000000000000000000, -0.000000000000000000, -1.000000000000000000 ) ) ;
#5314 = CARTESIAN_POINT ( 'NONE',  ( 0.8350285682149465316, 0.3336665925924848231, 0.002000000000000000042 ) ) ;
#5315 = DIRECTION ( 'NONE',  ( 1.000000000000000000, -0.000000000000000000, -0.000000000000000000 ) ) ;
#5316 = CARTESIAN_POINT ( 'NONE',  ( 0.8339742768954558905, 0.3290194257541385059, 0.002000000000000000042 ) ) ;
#5317 = EDGE_CURVE ( 'NONE', #5493, #4619, #8210, .T. ) ;
#5318 = VECTOR ( 'NONE', #4750, 39.37007874015748143 ) ;
#5319 = EDGE_CURVE ( 'NONE', #1839, #2094, #7431, .T. ) ;
#5320 = CARTESIAN_POINT ( 'NONE',  ( 0.7720750077053435412, 0.1670523563111459275, 0.002000000000000000042 ) ) ;
#5321 = FACE_OUTER_BOUND ( 'NONE', #8875, .T. ) ;
#5322 = VECTOR ( 'NONE', #4329, 39.37007874015748143 ) ;
#5323 = EDGE_CURVE ( 'NONE', #9317, #1702, #7376, .T. ) ;
#5324 = CARTESIAN_POINT ( 'NONE',  ( 0.4370588494505051602, 0.1436906351484940059, 0.000000000000000000 ) ) ;
#5325 = CARTESIAN_POINT ( 'NONE',  ( 0.8276328815213432888, 0.3376302973369181282, 0.002000000000000000042 ) ) ;
#5326 = FACE_OUTER_BOUND ( 'NONE', #3290, .T. ) ;
#5327 = ORIENTED_EDGE ( 'NONE', *, *, #1746, .F. ) ;
#5328 = FACE_BOUND ( 'NONE', #4834, .T. ) ;
#5329 = FACE_OUTER_BOUND ( 'NONE', #1937, .T. ) ;
#5330 = FACE_OUTER_BOUND ( 'NONE', #8384, .T. ) ;
#5331 = DIRECTION ( 'NONE',  ( -0.000000000000000000, -1.000000000000000000, -0.000000000000000000 ) ) ;
#5332 = CARTESIAN_POINT ( 'NONE',  ( 0.4357139216209754418, 0.1439588148728538630, 0.002000000000000000042 ) ) ;
#5333 = DIRECTION ( 'NONE',  ( -0.000000000000000000, -1.000000000000000000, -0.000000000000000000 ) ) ;
#5334 = ORIENTED_EDGE ( 'NONE', *, *, #6594, .F. ) ;
#5335 = LINE ( 'NONE', #10190, #794 ) ;
#5336 = ORIENTED_EDGE ( 'NONE', *, *, #2827, .T. ) ;
#5337 = ORIENTED_EDGE ( 'NONE', *, *, #6112, .T. ) ;
#5338 = ORIENTED_EDGE ( 'NONE', *, *, #4768, .T. ) ;
#5339 = LINE ( 'NONE', #9255, #4047 ) ;
#5340 = LINE ( 'NONE', #4557, #177 ) ;
#5341 = CARTESIAN_POINT ( 'NONE',  ( 0.7718446137245830174, 0.1544649778500897797, 0.002000000000000000042 ) ) ;
#5342 = CARTESIAN_POINT ( 'NONE',  ( 0.9529999999999999583, 0.4039999999999998592, -0.1649999999999999523 ) ) ;
#5343 = CARTESIAN_POINT ( 'NONE',  ( 0.5939999999999999725, 0.3154999999999998361, 0.2305000000000000104 ) ) ;
#5344 = ADVANCED_FACE ( 'NONE', ( #9097 ), #5133, .F. ) ;
#5345 = CARTESIAN_POINT ( 'NONE',  ( 0.3759999999999999454, 0.3154999999999998361, 0.2379999999999999893 ) ) ;
#5346 = ADVANCED_FACE ( 'NONE', ( #9930 ), #4184, .F. ) ;
#5347 = FACE_OUTER_BOUND ( 'NONE', #4410, .T. ) ;
#5348 = DIRECTION ( 'NONE',  ( 0.7071067811865475727, 0.000000000000000000, 0.7071067811865475727 ) ) ;
#5349 = ORIENTED_EDGE ( 'NONE', *, *, #5091, .F. ) ;
#5350 = AXIS2_PLACEMENT_3D ( 'NONE', #5106, #2800, #1080 ) ;
#5351 = ORIENTED_EDGE ( 'NONE', *, *, #10234, .T. ) ;
#5352 = ORIENTED_EDGE ( 'NONE', *, *, #8638, .T. ) ;
#5353 = CARTESIAN_POINT ( 'NONE',  ( 0.7806439746130018342, 0.1626486666045017515, 0.000000000000000000 ) ) ;
#5354 = CARTESIAN_POINT ( 'NONE',  ( 1.212999999999999856, 0.4940000000000003277, -0.09500000000000001499 ) ) ;
#5355 = ORIENTED_EDGE ( 'NONE', *, *, #2084, .F. ) ;
#5356 = CARTESIAN_POINT ( 'NONE',  ( 0.7723331196946828792, 0.1591544931656460327, 0.002000000000000000042 ) ) ;
#5357 = CARTESIAN_POINT ( 'NONE',  ( 0.4924999999999999933, -0.1250000000000000000, -0.4425000000000000044 ) ) ;
#5358 = VERTEX_POINT ( 'NONE', #9405 ) ;
#5359 = CARTESIAN_POINT ( 'NONE',  ( 0.7709886980136790857, 0.1544867940037849552, 0.002000000000000000042 ) ) ;
#5360 = EDGE_CURVE ( 'NONE', #1804, #1804, #2289, .T. ) ;
#5361 = ORIENTED_EDGE ( 'NONE', *, *, #7271, .T. ) ;
#5362 = LINE ( 'NONE', #8550, #6545 ) ;
#5363 = CARTESIAN_POINT ( 'NONE',  ( 0.8336793683262426757, 0.3389638980631275444, 0.002000000000000000042 ) ) ;
#5364 = LINE ( 'NONE', #5265, #6385 ) ;
#5365 = CARTESIAN_POINT ( 'NONE',  ( 0.8343651834769977294, 0.3298682620827432244, 0.002000000000000000042 ) ) ;
#5366 = AXIS2_PLACEMENT_3D ( 'NONE', #5229, #6595, #5957 ) ;
#5367 = LINE ( 'NONE', #5320, #8027 ) ;
#5368 = VECTOR ( 'NONE', #4800, 39.37007874015748143 ) ;
#5369 = DIRECTION ( 'NONE',  ( 0.000000000000000000, 0.000000000000000000, -1.000000000000000000 ) ) ;
#5370 = LINE ( 'NONE', #8557, #6485 ) ;
#5371 = DIRECTION ( 'NONE',  ( -0.000000000000000000, -0.000000000000000000, -1.000000000000000000 ) ) ;
#5372 = EDGE_CURVE ( 'NONE', #8125, #329, #4442, .T. ) ;
#5373 = DIRECTION ( 'NONE',  ( -1.000000000000000000, 0.000000000000000000, -0.000000000000000000 ) ) ;
#5374 = EDGE_CURVE ( 'NONE', #1722, #1042, #2979, .T. ) ;
#5375 = ORIENTED_EDGE ( 'NONE', *, *, #8174, .T. ) ;
#5376 = CARTESIAN_POINT ( 'NONE',  ( 0.04199999999999991934, 0.5082634147716499351, -0.01499999999999999944 ) ) ;
#5377 = DIRECTION ( 'NONE',  ( -0.000000000000000000, -0.000000000000000000, -1.000000000000000000 ) ) ;
#5378 = EDGE_CURVE ( 'NONE', #4568, #8096, #5335, .T. ) ;
#5379 = CARTESIAN_POINT ( 'NONE',  ( 0.5714999999999998970, 0.07050000000000002098, 0.2080000000000000182 ) ) ;
#5380 = CARTESIAN_POINT ( 'NONE',  ( 0.6489999999999999103, -0.1250000000000000000, -0.3305000000000000160 ) ) ;
#5381 = VECTOR ( 'NONE', #1745, 39.37007874015748143 ) ;
#5382 = VECTOR ( 'NONE', #4067, 39.37007874015748854 ) ;
#5383 = CARTESIAN_POINT ( 'NONE',  ( 0.4357139216209754418, 0.1439588148728538630, 0.000000000000000000 ) ) ;
#5384 = CARTESIAN_POINT ( 'NONE',  ( 0.8292749693297623015, 0.3246003312804244811, 0.000000000000000000 ) ) ;
#5385 = AXIS2_PLACEMENT_3D ( 'NONE', #9201, #2147, #3510 ) ;
#5386 = EDGE_CURVE ( 'NONE', #3871, #2711, #3821, .T. ) ;
#5387 = ORIENTED_EDGE ( 'NONE', *, *, #5670, .T. ) ;
#5388 = DIRECTION ( 'NONE',  ( -1.000000000000000000, 0.000000000000000000, -0.000000000000000000 ) ) ;
#5389 = ORIENTED_EDGE ( 'NONE', *, *, #257, .T. ) ;
#5390 = EDGE_CURVE ( 'NONE', #3455, #2383, #4395, .T. ) ;
#5391 = EDGE_LOOP ( 'NONE', ( #6395, #5262, #3128, #3134 ) ) ;
#5392 = EDGE_LOOP ( 'NONE', ( #6601, #2790, #10317, #5666 ) ) ;
#5393 = DIRECTION ( 'NONE',  ( 0.000000000000000000, -0.000000000000000000, 1.000000000000000000 ) ) ;
#5394 = B_SPLINE_CURVE_WITH_KNOTS ( 'NONE', 3,
 ( #6615, #1078, #1265, #10042, #1318, #4153, #4452, #9260, #6860, #2891, #5294, #4506, #1520, #2153, #8529 ),
 .UNSPECIFIED., .F., .F.,
 ( 4, 1, 1, 1, 1, 1, 1, 1, 1, 1, 1, 1, 4 ),
 ( 0.000000000000000000, 0.09209431708527245075, 0.1854986607749773697, 0.2798152041030999015, 0.3754574138970970809, 0.4269091217205720490, 0.4866339733851665073, 0.5532313763017737696, 0.6279374934729522462, 0.7093071966296300435, 0.7984171040704425293, 0.8956748130505525207, 1.000000000000000000 ),
 .UNSPECIFIED. ) ;
#5395 = DIRECTION ( 'NONE',  ( 0.000000000000000000, 0.000000000000000000, 1.000000000000000000 ) ) ;
#5396 = CARTESIAN_POINT ( 'NONE',  ( 0.4375724526114599389, 0.1562705356928570932, 0.002000000000000000042 ) ) ;
#5397 = CARTESIAN_POINT ( 'NONE',  ( 0.6189999999999999947, -0.1174999999999999933, -0.4174999999999999822 ) ) ;
#5398 = CARTESIAN_POINT ( 'NONE',  ( 0.8168126853080031058, 0.3297986180355813035, 0.002000000000000000042 ) ) ;
#5399 = AXIS2_PLACEMENT_3D ( 'NONE', #6892, #3808, #6308 ) ;
#5400 = VECTOR ( 'NONE', #3958, 39.37007874015748143 ) ;
#5401 = CARTESIAN_POINT ( 'NONE',  ( 0.4303745349295475808, 0.1419853666020280125, 0.002000000000000000042 ) ) ;
#5402 = CARTESIAN_POINT ( 'NONE',  ( 0.4322597706885717983, 0.1401457538988492013, 0.002000000000000000042 ) ) ;
#5403 = EDGE_CURVE ( 'NONE', #1218, #3409, #7004, .T. ) ;
#5404 = LINE ( 'NONE', #2992, #959 ) ;
#5405 = ORIENTED_EDGE ( 'NONE', *, *, #413, .T. ) ;
#5406 = VECTOR ( 'NONE', #513, 39.37007874015748143 ) ;
#5407 = EDGE_LOOP ( 'NONE', ( #764, #185, #2775, #1145 ) ) ;
#5408 = EDGE_LOOP ( 'NONE', ( #681, #8686, #8924, #6996 ) ) ;
#5409 = DIRECTION ( 'NONE',  ( -1.237249997130554240E-16, 0.000000000000000000, 1.000000000000000000 ) ) ;
#5410 = EDGE_CURVE ( 'NONE', #3309, #8509, #2093, .T. ) ;
#5411 = VECTOR ( 'NONE', #9606, 39.37007874015748854 ) ;
#5412 = DIRECTION ( 'NONE',  ( 0.000000000000000000, 0.000000000000000000, 1.000000000000000000 ) ) ;
#5413 = APPROVAL_PERSON_ORGANIZATION ( #4729, #10221, #7810 ) ;
#5414 = CARTESIAN_POINT ( 'NONE',  ( 0.7750683783485551315, 0.1608469645032826190, 0.002000000000000000042 ) ) ;
#5415 = CARTESIAN_POINT ( 'NONE',  ( 0.8248703434888109420, 0.3376841063670811827, 0.000000000000000000 ) ) ;
#5416 = VERTEX_POINT ( 'NONE', #8368 ) ;
#5417 = ADVANCED_FACE ( 'NONE', ( #1408 ), #6118, .F. ) ;
#5418 = DIRECTION ( 'NONE',  ( 1.000000000000000000, 0.000000000000000000, 0.000000000000000000 ) ) ;
#5419 = EDGE_CURVE ( 'NONE', #6788, #7445, #10139, .T. ) ;
#5420 = VERTEX_POINT ( 'NONE', #9351 ) ;
#5421 = DIRECTION ( 'NONE',  ( 0.000000000000000000, -1.000000000000000000, 0.000000000000000000 ) ) ;
#5422 = CARTESIAN_POINT ( 'NONE',  ( 0.8290965060156425537, 0.3426169830609576139, 0.002000000000000000042 ) ) ;
#5423 = LINE ( 'NONE', #7717, #5046 ) ;
#5424 = LINE ( 'NONE', #3801, #3236 ) ;
#5425 = LINE ( 'NONE', #2963, #2859 ) ;
#5426 = EDGE_CURVE ( 'NONE', #3991, #5724, #7587, .T. ) ;
#5427 = VERTEX_POINT ( 'NONE', #1255 ) ;
#5428 = DIRECTION ( 'NONE',  ( -1.000000000000000000, 0.000000000000000000, -0.000000000000000000 ) ) ;
#5429 = DIRECTION ( 'NONE',  ( 0.000000000000000000, 0.000000000000000000, -1.000000000000000000 ) ) ;
#5430 = CARTESIAN_POINT ( 'NONE',  ( -3.923116201771848898E-17, 0.1149999999999998662, -0.1659999999999999531 ) ) ;
#5431 = DIRECTION ( 'NONE',  ( -0.000000000000000000, 0.7071067811865475727, 0.7071067811865475727 ) ) ;
#5432 = EDGE_LOOP ( 'NONE', ( #4145, #7301, #6685, #2366 ) ) ;
#5433 = CARTESIAN_POINT ( 'NONE',  ( 0.8223919985898706653, 0.3244008562100966775, 0.002000000000000000042 ) ) ;
#5434 = CARTESIAN_POINT ( 'NONE',  ( 0.7684280395708678046, 0.1630738456189906871, 0.002000000000000000042 ) ) ;
#5435 = PLANE ( 'NONE',  #7627 ) ;
#5436 = CARTESIAN_POINT ( 'NONE',  ( 0.1149999999999998801, 0.05400000000000002714, -0.3734999999999999432 ) ) ;
#5437 = LINE ( 'NONE', #8614, #1706 ) ;
#5438 = CARTESIAN_POINT ( 'NONE',  ( 0.8329468790446969972, 0.3274369805470155881, 0.000000000000000000 ) ) ;
#5439 = ORIENTED_EDGE ( 'NONE', *, *, #10287, .F. ) ;
#5440 = LINE ( 'NONE', #5544, #9299 ) ;
#5441 = ORIENTED_EDGE ( 'NONE', *, *, #1082, .F. ) ;
#5442 = EDGE_CURVE ( 'NONE', #5703, #7911, #6521, .T. ) ;
#5443 = ORIENTED_EDGE ( 'NONE', *, *, #4965, .T. ) ;
#5444 = VERTEX_POINT ( 'NONE', #2193 ) ;
#5445 = CARTESIAN_POINT ( 'NONE',  ( 0.4438185964616371826, 0.1418327411595082521, 0.002000000000000000042 ) ) ;
#5446 = CARTESIAN_POINT ( 'NONE',  ( 0.8295000000000000151, -0.1250000000000000000, -0.4425000000000000044 ) ) ;
#5447 = CARTESIAN_POINT ( 'NONE',  ( 0.5389999999999999236, 0.1784999999999998255, 0.2379999999999999893 ) ) ;
#5448 = PLANE ( 'NONE',  #3040 ) ;
#5449 = B_SPLINE_SURFACE_WITH_KNOTS ( 'NONE', 3, 1, ( 
 ( #5987, #2018 ),
 ( #1231, #2905 ),
 ( #1329, #2071 ),
 ( #6875, #7764 ),
 ( #6144, #5415 ),
 ( #2166, #2219 ),
 ( #8444, #5260 ),
 ( #10164, #8594 ),
 ( #6192, #1278 ),
 ( #4467, #604 ),
 ( #10112, #9374 ) ),
 .UNSPECIFIED., .F., .F., .F.,
 ( 4, 1, 1, 1, 1, 1, 1, 1, 4 ),
 ( 2, 2 ),
 ( 0.000000000000000000, 0.1103603399843336580, 0.2211857967812547454, 0.3343638213725614317, 0.4529765798273928112, 0.5772343082002506787, 0.7088043240432337910, 0.8493551270704364775, 1.000000000000000000 ),
 ( 0.000000000000000000, 1.000000000000000000 ),
 .UNSPECIFIED. ) ;
#5450 = EDGE_CURVE ( 'NONE', #7482, #9980, #6012, .T. ) ;
#5451 = DIRECTION ( 'NONE',  ( -0.000000000000000000, 0.000000000000000000, -1.000000000000000000 ) ) ;
#5452 = CARTESIAN_POINT ( 'NONE',  ( 0.4322597706885717983, 0.1401457538988492013, 0.002000000000000000042 ) ) ;
#5453 = LINE ( 'NONE', #6233, #7812 ) ;
#5454 = FACE_OUTER_BOUND ( 'NONE', #5407, .T. ) ;
#5455 = EDGE_LOOP ( 'NONE', ( #7433, #3822, #6711, #9425, #1168, #597 ) ) ;
#5456 = ORIENTED_EDGE ( 'NONE', *, *, #2411, .T. ) ;
#5457 = VERTEX_POINT ( 'NONE', #2142 ) ;
#5458 = CARTESIAN_POINT ( 'NONE',  ( 0.2916835555200637531, 0.1304908818425781492, 0.000000000000000000 ) ) ;
#5459 = ADVANCED_FACE ( 'NONE', ( #1355 ), #7739, .F. ) ;
#5460 = CARTESIAN_POINT ( 'NONE',  ( 0.7029999999999999583, -0.1250000000000000000, -0.4174999999999999822 ) ) ;
#5461 = SHAPE_DEFINITION_REPRESENTATION ( #4868, #2240 ) ;
#5462 = VECTOR ( 'NONE', #6999, 39.37007874015748143 ) ;
#5463 = CARTESIAN_POINT ( 'NONE',  ( 0.4340872745334477534, 0.1454270871149139222, 0.002000000000000000042 ) ) ;
#5464 = ORIENTED_EDGE ( 'NONE', *, *, #1287, .T. ) ;
#5465 = ORIENTED_EDGE ( 'NONE', *, *, #2306, .F. ) ;
#5466 = AXIS2_PLACEMENT_3D ( 'NONE', #6599, #2776, #5961 ) ;
#5467 = CARTESIAN_POINT ( 'NONE',  ( 0.7664794748375189926, 0.1564122542087102996, -5.335640612625514099E-19 ) ) ;
#5468 = ORIENTED_EDGE ( 'NONE', *, *, #9462, .F. ) ;
#5469 = DIRECTION ( 'NONE',  ( 0.000000000000000000, -0.7071067811865450192, -0.7071067811865499042 ) ) ;
#5470 = CARTESIAN_POINT ( 'NONE',  ( 0.8265264683883492003, 0.3429666423036669132, 0.002000000000000000042 ) ) ;
#5471 = LINE ( 'NONE', #8651, #3369 ) ;
#5472 = PLANE ( 'NONE',  #2902 ) ;
#5473 = EDGE_CURVE ( 'NONE', #7999, #3871, #8574, .T. ) ;
#5474 = LINE ( 'NONE', #8078, #3863 ) ;
#5475 = CIRCLE ( 'NONE', #8808, 0.06249999999999995143 ) ;
#5476 = ORIENTED_EDGE ( 'NONE', *, *, #456, .F. ) ;
#5477 = DIRECTION ( 'NONE',  ( -0.000000000000000000, 0.000000000000000000, 1.000000000000000000 ) ) ;
#5478 = DIRECTION ( 'NONE',  ( 0.000000000000000000, 0.000000000000000000, 1.000000000000000000 ) ) ;
#5479 = DIRECTION ( 'NONE',  ( -0.000000000000000000, 0.000000000000000000, -1.000000000000000000 ) ) ;
#5480 = LINE ( 'NONE', #6258, #3382 ) ;
#5481 = ORIENTED_EDGE ( 'NONE', *, *, #4220, .F. ) ;
#5482 = CARTESIAN_POINT ( 'NONE',  ( 0.8259364350229873031, 0.3289407063042044110, 0.002000000000000000042 ) ) ;
#5483 = CARTESIAN_POINT ( 'NONE',  ( 0.8414999999999999147, 0.07050000000000002098, 0.2079999999999999627 ) ) ;
#5484 = AXIS2_PLACEMENT_3D ( 'NONE', #6725, #8289, #1967 ) ;
#5485 = CARTESIAN_POINT ( 'NONE',  ( -1.365923996832131609E-16, 0.4939999999999999947, -0.4899999999999999911 ) ) ;
#5486 = PERSON ( 'UNSPECIFIED', 'UNSPECIFIED', 'UNSPECIFIED', ('UNSPECIFIED'), ('UNSPECIFIED'), ('UNSPECIFIED') ) ;
#5487 = CARTESIAN_POINT ( 'NONE',  ( 0.8247974326481134488, 0.3239275411665807347, 0.000000000000000000 ) ) ;
#5488 = EDGE_CURVE ( 'NONE', #6147, #6928, #631, .T. ) ;
#5489 = VECTOR ( 'NONE', #399, 39.37007874015748143 ) ;
#5490 = CARTESIAN_POINT ( 'NONE',  ( 0.7684405069751305550, 0.1628046945425994096, -0.000000000000000000 ) ) ;
#5491 = DIRECTION ( 'NONE',  ( -0.000000000000000000, 1.000000000000000000, -0.000000000000000000 ) ) ;
#5492 = CIRCLE ( 'NONE', #3480, 0.06199999999999997874 ) ;
#5493 = VERTEX_POINT ( 'NONE', #6320 ) ;
#5494 = DIRECTION ( 'NONE',  ( 0.000000000000000000, 1.000000000000000000, 0.000000000000000000 ) ) ;
#5495 = EDGE_LOOP ( 'NONE', ( #6088, #5310, #2906, #6121 ) ) ;
#5496 = ORIENTED_EDGE ( 'NONE', *, *, #5842, .T. ) ;
#5497 = ORIENTED_EDGE ( 'NONE', *, *, #633, .F. ) ;
#5498 = CARTESIAN_POINT ( 'NONE',  ( 0.4380195323720578182, 0.1386781737713093932, 0.000000000000000000 ) ) ;
#5499 = LINE ( 'NONE', #4607, #5033 ) ;
#5500 = CARTESIAN_POINT ( 'NONE',  ( 0.4454078539893272515, 0.1500536761497780758, 0.002000000000000000042 ) ) ;
#5501 = CARTESIAN_POINT ( 'NONE',  ( 0.3714999999999998304, 0.07050000000000002098, 0.2080000000000000460 ) ) ;
#5502 = LINE ( 'NONE', #7114, #5866 ) ;
#5503 = CARTESIAN_POINT ( 'NONE',  ( 0.4284780785085262056, 0.1474275131291200580, 0.002000000000000000042 ) ) ;
#5504 = VECTOR ( 'NONE', #5142, 39.37007874015748143 ) ;
#5505 = CYLINDRICAL_SURFACE ( 'NONE', #2801, 0.06199999999999997874 ) ;
#5506 = DIRECTION ( 'NONE',  ( -0.7071067811865475727, 0.000000000000000000, 0.7071067811865475727 ) ) ;
#5507 = ORIENTED_EDGE ( 'NONE', *, *, #5633, .T. ) ;
#5508 = ORIENTED_EDGE ( 'NONE', *, *, #6464, .F. ) ;
#5509 = ORIENTED_EDGE ( 'NONE', *, *, #295, .F. ) ;
#5510 = CARTESIAN_POINT ( 'NONE',  ( 0.4309999999999999387, -0.1174999999999999933, -0.3305000000000000160 ) ) ;
#5511 = EDGE_CURVE ( 'NONE', #3155, #3455, #9503, .T. ) ;
#5512 = EDGE_CURVE ( 'NONE', #2347, #1959, #5440, .T. ) ;
#5513 = LINE ( 'NONE', #6240, #3365 ) ;
#5514 = VECTOR ( 'NONE', #3319, 39.37007874015748143 ) ;
#5515 = DIRECTION ( 'NONE',  ( -0.000000000000000000, -0.000000000000000000, 1.000000000000000000 ) ) ;
#5516 = ORIENTED_EDGE ( 'NONE', *, *, #3617, .F. ) ;
#5517 = ORIENTED_EDGE ( 'NONE', *, *, #7574, .F. ) ;
#5518 = ORIENTED_EDGE ( 'NONE', *, *, #4610, .F. ) ;
#5519 = CARTESIAN_POINT ( 'NONE',  ( 0.7652731129087035900, 0.1576539605841200398, 0.002000000000000000042 ) ) ;
#5520 = ORIENTED_EDGE ( 'NONE', *, *, #9454, .F. ) ;
#5521 = CARTESIAN_POINT ( 'NONE',  ( 0.6479999999999999094, 0.2034999999999998199, 0.000000000000000000 ) ) ;
#5522 = CARTESIAN_POINT ( 'NONE',  ( 0.8341010382057908457, 0.3381937060592244415, 0.002000000000000000042 ) ) ;
#5523 = FACE_BOUND ( 'NONE', #2397, .T. ) ;
#5524 = LINE ( 'NONE', #8705, #4060 ) ;
#5525 = LINE ( 'NONE', #7245, #1187 ) ;
#5526 = EDGE_LOOP ( 'NONE', ( #7530, #6801, #9146, #75 ) ) ;
#5527 = PLANE ( 'NONE',  #2146 ) ;
#5528 = CARTESIAN_POINT ( 'NONE',  ( 0.4335439718178204505, 0.1484705574134032591, 0.000000000000000000 ) ) ;
#5529 = CARTESIAN_POINT ( 'NONE',  ( 0.5939999999999999725, -0.1250000000000000000, -0.4174999999999999822 ) ) ;
#5530 = EDGE_CURVE ( 'NONE', #7285, #4762, #3126, .T. ) ;
#5531 = DIRECTION ( 'NONE',  ( 0.000000000000000000, -0.7071067811865474617, 0.7071067811865474617 ) ) ;
#5532 = ORIENTED_EDGE ( 'NONE', *, *, #10024, .T. ) ;
#5533 = AXIS2_PLACEMENT_3D ( 'NONE', #9305, #789, #10094 ) ;
#5534 = CARTESIAN_POINT ( 'NONE',  ( 0.8293285261670212405, 0.3308981095930332295, 0.000000000000000000 ) ) ;
#5535 = CARTESIAN_POINT ( 'NONE',  ( 0.8782586961495976174, 0.3514999999999999791, 0.000000000000000000 ) ) ;
#5536 = EDGE_CURVE ( 'NONE', #9427, #2711, #4072, .T. ) ;
#5537 = DIRECTION ( 'NONE',  ( 0.000000000000000000, 1.000000000000000000, 0.000000000000000000 ) ) ;
#5538 = FACE_OUTER_BOUND ( 'NONE', #3301, .T. ) ;
#5539 = VECTOR ( 'NONE', #10011, 39.37007874015748143 ) ;
#5540 = VECTOR ( 'NONE', #6526, 39.37007874015748143 ) ;
#5541 = LINE ( 'NONE', #7205, #7577 ) ;
#5542 = DIRECTION ( 'NONE',  ( -1.000000000000000000, 0.000000000000000000, 0.000000000000000000 ) ) ;
#5543 = ORIENTED_EDGE ( 'NONE', *, *, #5622, .T. ) ;
#5544 = CARTESIAN_POINT ( 'NONE',  ( 0.5714999999999998970, 0.06550000000000003042, 0.1079999999999999988 ) ) ;
#5545 = EDGE_LOOP ( 'NONE', ( #1193, #3608, #1883, #3923 ) ) ;
#5546 = AXIS2_PLACEMENT_3D ( 'NONE', #1225, #2068, #6926 ) ;
#5547 = ORIENTED_EDGE ( 'NONE', *, *, #8673, .F. ) ;
#5548 = CARTESIAN_POINT ( 'NONE',  ( 0.5100000000000000089, -0.1174999999999999933, -0.4425000000000000044 ) ) ;
#5549 = ORIENTED_EDGE ( 'NONE', *, *, #7962, .T. ) ;
#5550 = DIRECTION ( 'NONE',  ( 0.000000000000000000, 1.000000000000000000, 0.000000000000000000 ) ) ;
#5551 = EDGE_CURVE ( 'NONE', #5823, #1981, #286, .T. ) ;
#5552 = AXIS2_PLACEMENT_3D ( 'NONE', #442, #3639, #1335 ) ;
#5553 = CARTESIAN_POINT ( 'NONE',  ( 0.7803220894008182640, 0.1657904491619146270, 0.002000000000000000042 ) ) ;
#5554 = DIRECTION ( 'NONE',  ( 0.000000000000000000, 1.000000000000000000, 0.000000000000000000 ) ) ;
#5555 = VECTOR ( 'NONE', #4435, 39.37007874015748143 ) ;
#5556 = CARTESIAN_POINT ( 'NONE',  ( 0.3347413038504020721, 0.4284999999999998810, 0.000000000000000000 ) ) ;
#5557 = LINE ( 'NONE', #3782, #3819 ) ;
#5558 = VECTOR ( 'NONE', #5814, 39.37007874015748143 ) ;
#5559 = LINE ( 'NONE', #7359, #128 ) ;
#5560 = DIRECTION ( 'NONE',  ( 0.000000000000000000, 0.000000000000000000, -1.000000000000000000 ) ) ;
#5561 = FACE_OUTER_BOUND ( 'NONE', #3874, .T. ) ;
#5562 = ORIENTED_EDGE ( 'NONE', *, *, #1371, .F. ) ;
#5563 = ORIENTED_EDGE ( 'NONE', *, *, #6791, .T. ) ;
#5564 = ORIENTED_EDGE ( 'NONE', *, *, #4504, .F. ) ;
#5565 = DIRECTION ( 'NONE',  ( -1.000000000000000000, 0.000000000000000000, 0.000000000000000000 ) ) ;
#5566 = CARTESIAN_POINT ( 'NONE',  ( 0.3347413038504020721, 0.4284999999999999365, 0.2379999999999999893 ) ) ;
#5567 = VECTOR ( 'NONE', #9650, 39.37007874015748143 ) ;
#5568 = VECTOR ( 'NONE', #5015, 39.37007874015748143 ) ;
#5569 = EDGE_CURVE ( 'NONE', #7679, #1388, #7840, .T. ) ;
#5570 = CC_DESIGN_PERSON_AND_ORGANIZATION_ASSIGNMENT ( #6033, #2747, ( #3575 ) ) ;
#5571 = PLANE ( 'NONE',  #10010 ) ;
#5572 = VECTOR ( 'NONE', #2511, 39.37007874015748143 ) ;
#5573 = VECTOR ( 'NONE', #8881, 39.37007874015748143 ) ;
#5574 = ORIENTED_EDGE ( 'NONE', *, *, #4821, .T. ) ;
#5575 = ORIENTED_EDGE ( 'NONE', *, *, #770, .T. ) ;
#5576 = CARTESIAN_POINT ( 'NONE',  ( 0.7647733655375199557, 0.1583550817730179638, -5.335640612625514099E-19 ) ) ;
#5577 = EDGE_CURVE ( 'NONE', #5275, #2096, #50, .T. ) ;
#5578 = EDGE_LOOP ( 'NONE', ( #6648, #2349, #6650, #9862 ) ) ;
#5579 = CARTESIAN_POINT ( 'NONE',  ( 0.6189999999999999947, -0.1250000000000000000, -0.4174999999999999822 ) ) ;
#5580 = CARTESIAN_POINT ( 'NONE',  ( 0.8339742768954558905, 0.3290194257541385059, 0.002000000000000000042 ) ) ;
#5581 = CARTESIAN_POINT ( 'NONE',  ( 0.000000000000000000, 0.000000000000000000, 0.000000000000000000 ) ) ;
#5582 = AXIS2_PLACEMENT_3D ( 'NONE', #4596, #1562, #3918 ) ;
#5583 = LINE ( 'NONE', #9642, #8418 ) ;
#5584 = AXIS2_PLACEMENT_3D ( 'NONE', #7243, #9641, #9594 ) ;
#5585 = ADVANCED_FACE ( 'NONE', ( #782 ), #3870, .F. ) ;
#5586 = CARTESIAN_POINT ( 'NONE',  ( 0.8232153042089201955, 0.3299283715395267547, 0.000000000000000000 ) ) ;
#5587 = ORIENTED_EDGE ( 'NONE', *, *, #7139, .F. ) ;
#5588 = DIRECTION ( 'NONE',  ( -0.000000000000000000, 0.000000000000000000, 1.000000000000000000 ) ) ;
#5589 = LINE ( 'NONE', #4794, #10309 ) ;
#5590 = VECTOR ( 'NONE', #8123, 39.37007874015748143 ) ;
#5591 = DIRECTION ( 'NONE',  ( 0.000000000000000000, -0.000000000000000000, -1.000000000000000000 ) ) ;
#5592 = CARTESIAN_POINT ( 'NONE',  ( 0.7279999999999999805, -0.1174999999999999933, -0.4425000000000000044 ) ) ;
#5593 = VERTEX_POINT ( 'NONE', #4017 ) ;
#5594 = CARTESIAN_POINT ( 'NONE',  ( 0.8260751900951449622, 0.3289459269125435403, 0.000000000000000000 ) ) ;
#5595 = LINE ( 'NONE', #2547, #2218 ) ;
#5596 = CARTESIAN_POINT ( 'NONE',  ( 0.8265264683883492003, 0.3429666423036669132, 0.000000000000000000 ) ) ;
#5597 = ADVANCED_FACE ( 'NONE', ( #3967 ), #7208, .T. ) ;
#5598 = CARTESIAN_POINT ( 'NONE',  ( 0.8231610668106045248, 0.3241734948727085786, 0.000000000000000000 ) ) ;
#5599 = FACE_OUTER_BOUND ( 'NONE', #2069, .T. ) ;
#5600 = PLANE ( 'NONE',  #4480 ) ;
#5601 = ADVANCED_FACE ( 'NONE', ( #10244 ), #8826, .T. ) ;
#5602 = VERTEX_POINT ( 'NONE', #7262 ) ;
#5603 = DIRECTION ( 'NONE',  ( -1.000000000000000000, -0.000000000000000000, 4.878299988686189249E-16 ) ) ;
#5604 = VERTEX_POINT ( 'NONE', #732 ) ;
#5605 = ORIENTED_EDGE ( 'NONE', *, *, #5390, .F. ) ;
#5606 = CARTESIAN_POINT ( 'NONE',  ( 0.7794200286961955326, 0.1584594494356297567, 0.000000000000000000 ) ) ;
#5607 = EDGE_LOOP ( 'NONE', ( #2507, #4094, #3913, #4897 ) ) ;
#5608 = CARTESIAN_POINT ( 'NONE',  ( 1.171000000000000041, 0.05399999999999985367, -0.4899999999999999911 ) ) ;
#5609 = DIRECTION ( 'NONE',  ( -0.000000000000000000, 1.000000000000000000, -0.000000000000000000 ) ) ;
#5610 = CARTESIAN_POINT ( 'NONE',  ( 0.8299936168305240836, 0.3334923922655684270, 0.002000000000000000042 ) ) ;
#5611 = CARTESIAN_POINT ( 'NONE',  ( 0.7579999999999998961, -0.1250000000000000000, -0.3230000000000000093 ) ) ;
#5612 = CARTESIAN_POINT ( 'NONE',  ( 0.8288748555470625279, 0.3366862095756464890, 0.002000000000000000042 ) ) ;
#5613 = ADVANCED_FACE ( 'NONE', ( #9452 ), #9613, .F. ) ;
#5614 = CARTESIAN_POINT ( 'NONE',  ( 0.3934999999999999054, -0.1250000000000000000, -0.4349999999999999423 ) ) ;
#5615 = DIRECTION ( 'NONE',  ( -1.000000000000000000, 0.000000000000000000, -0.000000000000000000 ) ) ;
#5616 = ORIENTED_EDGE ( 'NONE', *, *, #9905, .T. ) ;
#5617 = VERTEX_POINT ( 'NONE', #7893 ) ;
#5618 = ORIENTED_EDGE ( 'NONE', *, *, #413, .F. ) ;
#5619 = CARTESIAN_POINT ( 'NONE',  ( 0.9213164444799359920, 0.1304908818425781492, 0.000000000000000000 ) ) ;
#5620 = ADVANCED_FACE ( 'NONE', ( #1670 ), #4858, .F. ) ;
#5621 = DIRECTION ( 'NONE',  ( 0.000000000000000000, -0.000000000000000000, 1.000000000000000000 ) ) ;
#5622 = EDGE_CURVE ( 'NONE', #6588, #2578, #3129, .T. ) ;
#5623 = FACE_OUTER_BOUND ( 'NONE', #7419, .T. ) ;
#5624 = B_SPLINE_SURFACE_WITH_KNOTS ( 'NONE', 3, 1, ( 
 ( #1999, #5184 ),
 ( #4399, #3721 ),
 ( #419, #10093 ),
 ( #3613, #6803 ),
 ( #9982, #8676 ),
 ( #8732, #9355 ),
 ( #3825, #1413 ),
 ( #6324, #6961 ),
 ( #5445, #636 ),
 ( #4606, #3084 ),
 ( #4556, #9409 ),
 ( #2983, #7008 ),
 ( #4660, #6225 ),
 ( #7745, #7898 ),
 ( #2251, #10344 ),
 ( #736, #1573 ),
 ( #7110, #5498 ),
 ( #2354, #2298 ),
 ( #1511, #682 ) ),
 .UNSPECIFIED., .F., .F., .F.,
 ( 4, 1, 1, 1, 1, 1, 1, 1, 1, 1, 1, 1, 1, 1, 1, 1, 4 ),
 ( 2, 2 ),
 ( 0.000000000000000000, 0.06562092715322302705, 0.1297044336027832756, 0.1920084100512055303, 0.2531653825181648942, 0.3145900137962934773, 0.3765327730011653329, 0.4392867016490336063, 0.5037985290657701620, 0.5682839993040031956, 0.6306288907425716683, 0.6915128396476393213, 0.7519975911628812293, 0.8123768520713843255, 0.8735768952802437370, 0.9360266791627421812, 1.000000000000000000 ),
 ( 0.000000000000000000, 1.000000000000000000 ),
 .UNSPECIFIED. ) ;
#5625 = ORIENTED_EDGE ( 'NONE', *, *, #8174, .F. ) ;
#5626 = ORIENTED_EDGE ( 'NONE', *, *, #4555, .F. ) ;
#5627 = CARTESIAN_POINT ( 'NONE',  ( 0.6189999999999999947, 0.3154999999999998361, 0.2379999999999999893 ) ) ;
#5628 = CARTESIAN_POINT ( 'NONE',  ( 0.7689990029917342929, 0.1608500052168329308, 0.000000000000000000 ) ) ;
#5629 = DIRECTION ( 'NONE',  ( 1.000000000000000000, 0.000000000000000000, 0.000000000000000000 ) ) ;
#5630 = CARTESIAN_POINT ( 'NONE',  ( 1.212999999999999856, 0.1299999999999998657, -0.1649999999999999523 ) ) ;
#5631 = CARTESIAN_POINT ( 'NONE',  ( 0.06999999999999989564, 0.2469999999999997753, -0.09499999999999994560 ) ) ;
#5632 = CARTESIAN_POINT ( 'NONE',  ( 0.8227800093937602810, 0.3303641615998301750, 0.000000000000000000 ) ) ;
#5633 = EDGE_CURVE ( 'NONE', #4827, #6323, #8976, .T. ) ;
#5634 = ORIENTED_EDGE ( 'NONE', *, *, #13, .T. ) ;
#5635 = CARTESIAN_POINT ( 'NONE',  ( 0.6623333333333333295, -0.1308333333333333570, -0.3188333333333333020 ) ) ;
#5636 = AXIS2_PLACEMENT_3D ( 'NONE', #8483, #2258, #7801 ) ;
#5637 = CARTESIAN_POINT ( 'NONE',  ( 0.4340669223851272296, 0.1498975222861386458, 0.000000000000000000 ) ) ;
#5638 = CARTESIAN_POINT ( 'NONE',  ( 1.098000000000000087, 0.1139999999999998931, -0.2919999999999999263 ) ) ;
#5639 = CARTESIAN_POINT ( 'NONE',  ( 0.8228345453307983615, 0.3361391133616208893, 0.000000000000000000 ) ) ;
#5640 = VERTEX_POINT ( 'NONE', #2605 ) ;
#5641 = CARTESIAN_POINT ( 'NONE',  ( 0.8165377475269007812, 0.3306099179377560704, 0.002000000000000000042 ) ) ;
#5642 = DIRECTION ( 'NONE',  ( -0.5773502691896257311, -0.5773502691896257311, 0.5773502691896257311 ) ) ;
#5643 = EDGE_CURVE ( 'NONE', #6029, #6610, #5069, .T. ) ;
#5644 = DIRECTION ( 'NONE',  ( 0.000000000000000000, 0.000000000000000000, 1.000000000000000000 ) ) ;
#5645 = DIRECTION ( 'NONE',  ( 0.000000000000000000, -0.7071067811865466846, 0.7071067811865483499 ) ) ;
#5646 = ADVANCED_FACE ( 'NONE', ( #2712 ), #4333, .F. ) ;
#5647 = VECTOR ( 'NONE', #7106, 39.37007874015748143 ) ;
#5648 = EDGE_CURVE ( 'NONE', #9277, #7589, #351, .T. ) ;
#5649 = CARTESIAN_POINT ( 'NONE',  ( 0.5939999999999999725, 0.3079999999999998295, 0.2379999999999999893 ) ) ;
#5650 = LINE ( 'NONE', #2345, #1810 ) ;
#5651 = ORIENTED_EDGE ( 'NONE', *, *, #752, .T. ) ;
#5652 = CARTESIAN_POINT ( 'NONE',  ( 0.4373020258453021447, 0.1437048497854404028, -0.000000000000000000 ) ) ;
#5653 = ORIENTED_EDGE ( 'NONE', *, *, #5670, .F. ) ;
#5654 = CIRCLE ( 'NONE', #4466, 0.06199999999999990935 ) ;
#5655 = VERTEX_POINT ( 'NONE', #3495 ) ;
#5656 = DIRECTION ( 'NONE',  ( -1.000000000000000000, -0.000000000000000000, -0.000000000000000000 ) ) ;
#5657 = EDGE_LOOP ( 'NONE', ( #1879, #1471, #756, #2141 ) ) ;
#5658 = PLANE ( 'NONE',  #7394 ) ;
#5659 = CARTESIAN_POINT ( 'NONE',  ( 0.9543164444799359103, 0.3394908818425781405, 0.000000000000000000 ) ) ;
#5660 = CARTESIAN_POINT ( 'NONE',  ( 0.8276328815213432888, 0.3376302973369181282, 0.000000000000000000 ) ) ;
#5661 = CARTESIAN_POINT ( 'NONE',  ( 0.6739999999999999325, -0.1174999999999999933, -0.3054999999999999938 ) ) ;
#5662 = DIRECTION ( 'NONE',  ( 0.000000000000000000, -0.7071067811865450192, -0.7071067811865499042 ) ) ;
#5663 = AXIS2_PLACEMENT_3D ( 'NONE', #1367, #7014, #3880 ) ;
#5664 = FACE_OUTER_BOUND ( 'NONE', #6472, .T. ) ;
#5665 = PLANE ( 'NONE',  #3123 ) ;
#5666 = ORIENTED_EDGE ( 'NONE', *, *, #5530, .T. ) ;
#5667 = VERTEX_POINT ( 'NONE', #5901 ) ;
#5668 = EDGE_LOOP ( 'NONE', ( #7025, #1167, #3238, #4963 ) ) ;
#5669 = LINE ( 'NONE', #9778, #5558 ) ;
#5670 = EDGE_CURVE ( 'NONE', #548, #9993, #146, .T. ) ;
#5671 = CARTESIAN_POINT ( 'NONE',  ( 0.4288127154484485670, 0.1449508799286122473, 0.000000000000000000 ) ) ;
#5672 = EDGE_CURVE ( 'NONE', #4228, #10264, #1934, .T. ) ;
#5673 = FACE_OUTER_BOUND ( 'NONE', #10179, .T. ) ;
#5674 = EDGE_LOOP ( 'NONE', ( #10061, #6815, #1039, #7578 ) ) ;
#5675 = ORIENTED_EDGE ( 'NONE', *, *, #3530, .T. ) ;
#5676 = EDGE_LOOP ( 'NONE', ( #9588, #8975, #4281, #216 ) ) ;
#5677 = FACE_OUTER_BOUND ( 'NONE', #5299, .T. ) ;
#5678 = DIRECTION ( 'NONE',  ( 0.000000000000000000, 0.000000000000000000, 1.000000000000000000 ) ) ;
#5679 = DIRECTION ( 'NONE',  ( 1.000000000000000000, 0.000000000000000000, 0.000000000000000000 ) ) ;
#5680 = LINE ( 'NONE', #8852, #6582 ) ;
#5681 = B_SPLINE_CURVE_WITH_KNOTS ( 'NONE', 3,
 ( #4116, #9758, #8091, #5795, #1721, #8139, #3143, #10255, #3932, #3090, #3831, #3041, #144, #1522, #4911, #197, #6280, #7016, #9467 ),
 .UNSPECIFIED., .F., .F.,
 ( 4, 1, 1, 1, 1, 1, 1, 1, 1, 1, 1, 1, 1, 1, 1, 1, 4 ),
 ( 0.000000000000000000, 0.06597116738556887960, 0.1299948203797410273, 0.1922406054388076102, 0.2541186554738964487, 0.3151128852375157940, 0.3767876776343475065, 0.4394829946412931454, 0.5039345685544647235, 0.5683598099065139131, 0.6309738802482213194, 0.6918009640577033048, 0.7522292233243607074, 0.8125520905116214720, 0.8736949733954679775, 0.9360864297056974426, 1.000000000000000000 ),
 .UNSPECIFIED. ) ;
#5682 = CARTESIAN_POINT ( 'NONE',  ( 0.8320000000000000728, -0.1225000000000000117, -0.4375000000000000000 ) ) ;
#5683 = ORIENTED_EDGE ( 'NONE', *, *, #10210, .T. ) ;
#5684 = DIRECTION ( 'NONE',  ( 0.000000000000000000, -0.000000000000000000, -1.000000000000000000 ) ) ;
#5685 = DIRECTION ( 'NONE',  ( 0.000000000000000000, 0.000000000000000000, -1.000000000000000000 ) ) ;
#5686 = DIRECTION ( 'NONE',  ( 0.000000000000000000, 0.000000000000000000, 1.000000000000000000 ) ) ;
#5687 = PLANE ( 'NONE',  #6399 ) ;
#5688 = EDGE_LOOP ( 'NONE', ( #7339, #9612, #147, #3029 ) ) ;
#5689 = CARTESIAN_POINT ( 'NONE',  ( 0.8263481930377442053, 0.3289561985474221961, 0.002000000000000000042 ) ) ;
#5690 = DIRECTION ( 'NONE',  ( -1.000000000000000000, 0.000000000000000000, 0.000000000000000000 ) ) ;
#5691 = CARTESIAN_POINT ( 'NONE',  ( 0.6414999999999998481, 0.06550000000000003042, 0.1079999999999999988 ) ) ;
#5692 = FACE_BOUND ( 'NONE', #5179, .T. ) ;
#5693 = LINE ( 'NONE', #4855, #8900 ) ;
#5694 = CARTESIAN_POINT ( 'NONE',  ( 0.8281915110768711674, 0.3296580873365029807, 0.000000000000000000 ) ) ;
#5695 = ADVANCED_FACE ( 'NONE', ( #6536 ), #8694, .T. ) ;
#5696 = EDGE_CURVE ( 'NONE', #9275, #7096, #6632, .T. ) ;
#5697 = EDGE_CURVE ( 'NONE', #8940, #8168, #3336, .T. ) ;
#5698 = VERTEX_POINT ( 'NONE', #4230 ) ;
#5699 = DIRECTION ( 'NONE',  ( 0.5773502691896252870, -0.5773502691896267303, 0.5773502691896252870 ) ) ;
#5700 = ORIENTED_EDGE ( 'NONE', *, *, #5977, .T. ) ;
#5701 = ORIENTED_EDGE ( 'NONE', *, *, #5247, .T. ) ;
#5702 = CARTESIAN_POINT ( 'NONE',  ( 0.5574999999999998845, -0.1250000000000000000, -0.3229999999999999538 ) ) ;
#5703 = VERTEX_POINT ( 'NONE', #988 ) ;
#5704 = CARTESIAN_POINT ( 'NONE',  ( -3.551358426084892890E-17, 0.1299999999999998657, -0.1659999999999999531 ) ) ;
#5705 = VECTOR ( 'NONE', #1288, 39.37007874015748143 ) ;
#5706 = DIRECTION ( 'NONE',  ( -0.000000000000000000, 0.000000000000000000, 1.000000000000000000 ) ) ;
#5707 = CARTESIAN_POINT ( 'NONE',  ( 0.4455979296268487433, 0.1456347436406049412, 0.000000000000000000 ) ) ;
#5708 = LINE ( 'NONE', #1734, #2693 ) ;
#5709 = DIRECTION ( 'NONE',  ( -0.000000000000000000, -0.000000000000000000, -1.000000000000000000 ) ) ;
#5710 = EDGE_CURVE ( 'NONE', #8573, #1702, #7362, .T. ) ;
#5711 = VECTOR ( 'NONE', #3589, 39.37007874015748143 ) ;
#5712 = PLANE ( 'NONE',  #9499 ) ;
#5713 = DIRECTION ( 'NONE',  ( 0.7071067811865474617, 0.000000000000000000, 0.7071067811865474617 ) ) ;
#5714 = VERTEX_POINT ( 'NONE', #618 ) ;
#5715 = EDGE_LOOP ( 'NONE', ( #7815, #3551, #7839, #6617 ) ) ;
#5716 = EDGE_LOOP ( 'NONE', ( #5916, #2310, #4249, #6634 ) ) ;
#5717 = DIRECTION ( 'NONE',  ( -0.000000000000000000, -0.000000000000000000, -1.000000000000000000 ) ) ;
#5718 = DIRECTION ( 'NONE',  ( 1.000000000000000000, 0.000000000000000000, 0.000000000000000000 ) ) ;
#5719 = VECTOR ( 'NONE', #8746, 39.37007874015748143 ) ;
#5720 = EDGE_CURVE ( 'NONE', #5698, #8997, #8508, .T. ) ;
#5721 = CARTESIAN_POINT ( 'NONE',  ( 0.8242165392532653234, 0.3292902673486814424, 0.002000000000000000042 ) ) ;
#5722 = EDGE_CURVE ( 'NONE', #4581, #2945, #9239, .T. ) ;
#5723 = VERTEX_POINT ( 'NONE', #5273 ) ;
#5724 = VERTEX_POINT ( 'NONE', #4535 ) ;
#5725 = ORIENTED_EDGE ( 'NONE', *, *, #7993, .F. ) ;
#5726 = VECTOR ( 'NONE', #3898, 39.37007874015748143 ) ;
#5727 = FACE_BOUND ( 'NONE', #1144, .T. ) ;
#5728 = VECTOR ( 'NONE', #1045, 39.37007874015748143 ) ;
#5729 = CARTESIAN_POINT ( 'NONE',  ( 0.4559999999999999054, 0.03300000000000000155, -0.3054999999999999938 ) ) ;
#5730 = CARTESIAN_POINT ( 'NONE',  ( 0.5639999999999999458, 0.1784999999999998255, 0.000000000000000000 ) ) ;
#5731 = CARTESIAN_POINT ( 'NONE',  ( 0.7569999999999998952, 0.2034999999999998199, 0.000000000000000000 ) ) ;
#5732 = CARTESIAN_POINT ( 'NONE',  ( 0.4384920721358186446, 0.1513456523137446386, 0.000000000000000000 ) ) ;
#5733 = AXIS2_PLACEMENT_3D ( 'NONE', #9268, #8335, #6768 ) ;
#5734 = VECTOR ( 'NONE', #5331, 39.37007874015748143 ) ;
#5735 = ORIENTED_EDGE ( 'NONE', *, *, #3892, .T. ) ;
#5736 = CARTESIAN_POINT ( 'NONE',  ( 0.1149999999999998801, 0.05400000000000002714, -0.4454999999999999516 ) ) ;
#5737 = EDGE_CURVE ( 'NONE', #3650, #7768, #451, .T. ) ;
#5738 = DIRECTION ( 'NONE',  ( -0.000000000000000000, -0.000000000000000000, -1.000000000000000000 ) ) ;
#5739 = CARTESIAN_POINT ( 'NONE',  ( 0.4397785624361815193, 0.1559309693472737957, 0.002000000000000000042 ) ) ;
#5740 = VECTOR ( 'NONE', #4425, 39.37007874015748143 ) ;
#5741 = ORIENTED_EDGE ( 'NONE', *, *, #7888, .T. ) ;
#5742 = CARTESIAN_POINT ( 'NONE',  ( 0.3759999999999999454, 0.03300000000000000155, -0.4174999999999999822 ) ) ;
#5743 = DIRECTION ( 'NONE',  ( -0.000000000000000000, 1.000000000000000000, -0.000000000000000000 ) ) ;
#5744 = PLANE ( 'NONE',  #4112 ) ;
#5745 = DIRECTION ( 'NONE',  ( -0.000000000000000000, 0.000000000000000000, 1.000000000000000000 ) ) ;
#5746 = ADVANCED_FACE ( 'NONE', ( #5326 ), #8356, .T. ) ;
#5747 = CARTESIAN_POINT ( 'NONE',  ( 0.7146666666666666723, 0.3021666666666664725, 0.2438333333333333464 ) ) ;
#5748 = VECTOR ( 'NONE', #6516, 39.37007874015748143 ) ;
#5749 = CARTESIAN_POINT ( 'NONE',  ( 0.8299282987330607320, 0.3325410558036897557, 0.000000000000000000 ) ) ;
#5750 = PLANE ( 'NONE',  #7478 ) ;
#5751 = EDGE_LOOP ( 'NONE', ( #18, #4085, #9787, #891 ) ) ;
#5752 = DIRECTION ( 'NONE',  ( -0.000000000000000000, -1.000000000000000000, -0.000000000000000000 ) ) ;
#5753 = ORIENTED_EDGE ( 'NONE', *, *, #7490, .F. ) ;
#5754 = VERTEX_POINT ( 'NONE', #6158 ) ;
#5755 = CARTESIAN_POINT ( 'NONE',  ( 0.7781861023624582208, 0.1694340856360305458, 0.002000000000000000042 ) ) ;
#5756 = EDGE_LOOP ( 'NONE', ( #8457, #8977, #648, #2748 ) ) ;
#5757 = DIRECTION ( 'NONE',  ( -1.000000000000000000, 0.000000000000000000, 0.000000000000000000 ) ) ;
#5758 = CARTESIAN_POINT ( 'NONE',  ( 0.7671455789117959112, 0.1558875461355545278, 0.000000000000000000 ) ) ;
#5759 = CARTESIAN_POINT ( 'NONE',  ( 0.4380195323720578182, 0.1386781737713093932, 0.000000000000000000 ) ) ;
#5760 = LINE ( 'NONE', #7168, #3191 ) ;
#5761 = FACE_OUTER_BOUND ( 'NONE', #1849, .T. ) ;
#5762 = EDGE_CURVE ( 'NONE', #5825, #4975, #6786, .T. ) ;
#5763 = ADVANCED_FACE ( 'NONE', ( #9288 ), #6945, .F. ) ;
#5764 = LINE ( 'NONE', #4972, #2407 ) ;
#5765 = DIRECTION ( 'NONE',  ( -0.000000000000000000, 1.000000000000000000, -0.000000000000000000 ) ) ;
#5766 = ORIENTED_EDGE ( 'NONE', *, *, #4202, .F. ) ;
#5767 = EDGE_LOOP ( 'NONE', ( #5950, #9168, #990, #2930 ) ) ;
#5768 = EDGE_LOOP ( 'NONE', ( #580, #4554, #5516, #5562 ) ) ;
#5769 = CARTESIAN_POINT ( 'NONE',  ( 0.4412020491270126632, 0.1396407260165185571, 0.002000000000000000042 ) ) ;
#5770 = ORIENTED_EDGE ( 'NONE', *, *, #5189, .T. ) ;
#5771 = CARTESIAN_POINT ( 'NONE',  ( 0.4286232814122634127, 0.1457552075767642452, 0.000000000000000000 ) ) ;
#5772 = ADVANCED_FACE ( 'NONE', ( #6000 ), #1294, .F. ) ;
#5773 = DIRECTION ( 'NONE',  ( -0.000000000000000000, 1.000000000000000000, -0.000000000000000000 ) ) ;
#5774 = VERTEX_POINT ( 'NONE', #10126 ) ;
#5775 = ORIENTED_EDGE ( 'NONE', *, *, #6722, .F. ) ;
#5776 = ORIENTED_EDGE ( 'NONE', *, *, #8378, .T. ) ;
#5777 = LINE ( 'NONE', #3313, #8392 ) ;
#5778 = CARTESIAN_POINT ( 'NONE',  ( 0.1139999999999998792, 0.05399999999999999245, -0.2919999999999999263 ) ) ;
#5779 = PLANE ( 'NONE',  #84 ) ;
#5780 = CARTESIAN_POINT ( 'NONE',  ( 0.8220815503692886494, 0.3314581819964155796, 0.002000000000000000042 ) ) ;
#5781 = DIRECTION ( 'NONE',  ( 0.2073096204707214341, 0.9782753810969003760, 0.000000000000000000 ) ) ;
#5782 = ORIENTED_EDGE ( 'NONE', *, *, #5822, .F. ) ;
#5783 = CARTESIAN_POINT ( 'NONE',  ( 0.7640057994922163642, 0.1667345974078531246, 0.002000000000000000042 ) ) ;
#5784 = DIRECTION ( 'NONE',  ( 0.000000000000000000, -1.000000000000000000, 0.000000000000000000 ) ) ;
#5785 = CARTESIAN_POINT ( 'NONE',  ( 0.7720918658014966907, 0.1591402898499106322, 0.002000000000000000042 ) ) ;
#5786 = ORIENTED_EDGE ( 'NONE', *, *, #1185, .F. ) ;
#5787 = LINE ( 'NONE', #9800, #5540 ) ;
#5788 = LINE ( 'NONE', #6578, #6570 ) ;
#5789 = DIRECTION ( 'NONE',  ( 0.000000000000000000, -1.000000000000000000, 0.000000000000000000 ) ) ;
#5790 = CARTESIAN_POINT ( 'NONE',  ( 0.8297021944615099454, 0.3316731026021348949, 0.002000000000000000042 ) ) ;
#5791 = ADVANCED_FACE ( 'NONE', ( #9919 ), #9360, .T. ) ;
#5792 = AXIS2_PLACEMENT_3D ( 'NONE', #2341, #8565, #7783 ) ;
#5793 = CYLINDRICAL_SURFACE ( 'NONE', #7863, 0.07700000000000002676 ) ;
#5794 = CARTESIAN_POINT ( 'NONE',  ( 0.8257373564820671419, 0.3289482668293949863, 0.002000000000000000042 ) ) ;
#5795 = CARTESIAN_POINT ( 'NONE',  ( 0.7635354490816528283, 0.1651028093749961068, 0.000000000000000000 ) ) ;
#5796 = EDGE_LOOP ( 'NONE', ( #3394, #9636, #8754, #8471 ) ) ;
#5797 = CARTESIAN_POINT ( 'NONE',  ( 0.4284780785085262611, 0.1474275131291200858, 0.002000000000000000042 ) ) ;
#5798 = ORIENTED_EDGE ( 'NONE', *, *, #9608, .T. ) ;
#5799 = ORIENTED_EDGE ( 'NONE', *, *, #1500, .F. ) ;
#5800 = LINE ( 'NONE', #1827, #4531 ) ;
#5801 = ORIENTED_EDGE ( 'NONE', *, *, #4892, .T. ) ;
#5802 = LINE ( 'NONE', #5851, #5568 ) ;
#5803 = AXIS2_PLACEMENT_3D ( 'NONE', #9560, #8775, #2409 ) ;
#5804 = DIRECTION ( 'NONE',  ( 1.000000000000000000, -2.765028333668283073E-16, 0.000000000000000000 ) ) ;
#5805 = CARTESIAN_POINT ( 'NONE',  ( 0.4438185964616371826, 0.1418327411595082521, 0.000000000000000000 ) ) ;
#5806 = PLANE ( 'NONE',  #5366 ) ;
#5807 = CARTESIAN_POINT ( 'NONE',  ( 0.8452586961495975881, 0.08050000000000005762, 0.000000000000000000 ) ) ;
#5808 = VECTOR ( 'NONE', #5685, 39.37007874015748143 ) ;
#5809 = ORIENTED_EDGE ( 'NONE', *, *, #1718, .F. ) ;
#5810 = CARTESIAN_POINT ( 'NONE',  ( 0.3871760831755033383, 0.3246250336889850985, 0.000000000000000000 ) ) ;
#5811 = ORIENTED_EDGE ( 'NONE', *, *, #2452, .F. ) ;
#5812 = ORIENTED_EDGE ( 'NONE', *, *, #2438, .F. ) ;
#5813 = ORIENTED_EDGE ( 'NONE', *, *, #8138, .T. ) ;
#5814 = DIRECTION ( 'NONE',  ( 1.000000000000000000, 0.000000000000000000, 0.000000000000000000 ) ) ;
#5815 = ORIENTED_EDGE ( 'NONE', *, *, #7834, .F. ) ;
#5816 = CARTESIAN_POINT ( 'NONE',  ( 0.4549999999999999045, 0.1784999999999998255, 0.000000000000000000 ) ) ;
#5817 = CARTESIAN_POINT ( 'NONE',  ( 0.7728811175534917588, 0.1720687484304752046, 0.000000000000000000 ) ) ;
#5818 = AXIS2_PLACEMENT_3D ( 'NONE', #492, #2114, #7656 ) ;
#5819 = CARTESIAN_POINT ( 'NONE',  ( 0.4559999999999999054, -0.1250000000000000000, -0.3054999999999999938 ) ) ;
#5820 = VECTOR ( 'NONE', #5369, 39.37007874015748143 ) ;
#5821 = CARTESIAN_POINT ( 'NONE',  ( 0.8256487419865234934, 0.3428937617810898231, 0.002000000000000000042 ) ) ;
#5822 = EDGE_CURVE ( 'NONE', #7451, #582, #10015, .T. ) ;
#5823 = VERTEX_POINT ( 'NONE', #505 ) ;
#5824 = ADVANCED_FACE ( 'NONE', ( #3700 ), #7777, .F. ) ;
#5825 = VERTEX_POINT ( 'NONE', #5592 ) ;
#5826 = VERTEX_POINT ( 'NONE', #7094 ) ;
#5827 = CARTESIAN_POINT ( 'NONE',  ( 0.2614999999999999547, 0.03300000000000000155, -0.1025000000000000216 ) ) ;
#5828 = CARTESIAN_POINT ( 'NONE',  ( 0.3714999999999998304, 0.06550000000000003042, 0.2080000000000000460 ) ) ;
#5829 = CARTESIAN_POINT ( 'NONE',  ( 0.1869999999999998885, 0.05400000000000002714, -0.01499999999999999944 ) ) ;
#5830 = DIRECTION ( 'NONE',  ( 0.000000000000000000, -0.7071067811865491270, 0.7071067811865459074 ) ) ;
#5831 = ORIENTED_EDGE ( 'NONE', *, *, #1427, .T. ) ;
#5832 = CARTESIAN_POINT ( 'NONE',  ( 0.7702680069760240444, 0.1719460592857508241, 0.000000000000000000 ) ) ;
#5833 = CARTESIAN_POINT ( 'NONE',  ( 0.8295000000000000151, 0.3079999999999998295, 0.2379999999999999893 ) ) ;
#5834 = CARTESIAN_POINT ( 'NONE',  ( 0.4375724526114599389, 0.1562705356928570932, 0.000000000000000000 ) ) ;
#5835 = EDGE_LOOP ( 'NONE', ( #5298, #3165, #5028, #7391 ) ) ;
#5836 = CARTESIAN_POINT ( 'NONE',  ( 0.7569999999999998952, 0.1959999999999998410, 0.2379999999999999893 ) ) ;
#5837 = CARTESIAN_POINT ( 'NONE',  ( 0.7105000000000000204, -0.1250000000000000000, -0.4425000000000000044 ) ) ;
#5838 = CARTESIAN_POINT ( 'NONE',  ( 0.5564999999999998836, 0.1784999999999998255, 0.2379999999999999893 ) ) ;
#5839 = CARTESIAN_POINT ( 'NONE',  ( 0.8299856055626168017, 0.3330094841146843954, 0.002000000000000000042 ) ) ;
#5840 = CARTESIAN_POINT ( 'NONE',  ( 0.5389999999999999236, 0.2034999999999998199, 0.2379999999999999893 ) ) ;
#5841 = PLANE ( 'NONE',  #8986 ) ;
#5842 = EDGE_CURVE ( 'NONE', #8211, #3845, #1495, .T. ) ;
#5843 = CARTESIAN_POINT ( 'NONE',  ( 0.7714999999999999636, 0.07050000000000002098, 0.2079999999999999627 ) ) ;
#5844 = AXIS2_PLACEMENT_3D ( 'NONE', #3988, #2482, #4090 ) ;
#5845 = ORIENTED_EDGE ( 'NONE', *, *, #966, .F. ) ;
#5846 = EDGE_CURVE ( 'NONE', #1774, #1935, #3955, .T. ) ;
#5847 = CARTESIAN_POINT ( 'NONE',  ( 0.4284819353441371992, 0.1476468823225153548, 0.000000000000000000 ) ) ;
#5848 = VERTEX_POINT ( 'NONE', #2446 ) ;
#5849 = ORIENTED_EDGE ( 'NONE', *, *, #610, .F. ) ;
#5850 = DIRECTION ( 'NONE',  ( -0.000000000000000000, -0.000000000000000000, -1.000000000000000000 ) ) ;
#5851 = CARTESIAN_POINT ( 'NONE',  ( 0.3844282135025317015, 0.3526769056879103248, 0.000000000000000000 ) ) ;
#5852 = CARTESIAN_POINT ( 'NONE',  ( 0.4370588494505051602, 0.1436906351484940059, 0.002000000000000000042 ) ) ;
#5853 = CARTESIAN_POINT ( 'NONE',  ( 0.4371543786620399330, 0.1386556837640715301, 0.000000000000000000 ) ) ;
#5854 = CARTESIAN_POINT ( 'NONE',  ( 0.7718446137245830174, 0.1544649778500897797, 0.002000000000000000042 ) ) ;
#5855 = LINE ( 'NONE', #2774, #3312 ) ;
#5856 = EDGE_CURVE ( 'NONE', #7911, #9084, #1605, .T. ) ;
#5857 = ORIENTED_EDGE ( 'NONE', *, *, #10312, .T. ) ;
#5858 = CARTESIAN_POINT ( 'NONE',  ( 0.4396790430646638770, 0.1504928883462755274, 0.002000000000000000042 ) ) ;
#5859 = ORIENTED_EDGE ( 'NONE', *, *, #4044, .T. ) ;
#5860 = EDGE_LOOP ( 'NONE', ( #9852, #10265, #783, #8856 ) ) ;
#5861 = EDGE_LOOP ( 'NONE', ( #5939, #3942, #8423, #7089 ) ) ;
#5862 = DIRECTION ( 'NONE',  ( -0.000000000000000000, -0.000000000000000000, -1.000000000000000000 ) ) ;
#5863 = LINE ( 'NONE', #10345, #9526 ) ;
#5864 = CARTESIAN_POINT ( 'NONE',  ( 0.8266014983721895470, 0.3239323432821951676, 0.002000000000000000042 ) ) ;
#5865 = CARTESIAN_POINT ( 'NONE',  ( 0.4290849705698647765, 0.1441718191984580899, 0.000000000000000000 ) ) ;
#5866 = VECTOR ( 'NONE', #6080, 39.37007874015748143 ) ;
#5867 = CARTESIAN_POINT ( 'NONE',  ( 0.5100000000000000089, -0.1174999999999999933, -0.4425000000000000044 ) ) ;
#5868 = EDGE_CURVE ( 'NONE', #5119, #111, #7981, .T. ) ;
#5869 = AXIS2_PLACEMENT_3D ( 'NONE', #4272, #6622, #241 ) ;
#5870 = LINE ( 'NONE', #7494, #1007 ) ;
#5871 = CARTESIAN_POINT ( 'NONE',  ( 0.7579999999999998961, -0.1174999999999999933, -0.3305000000000000160 ) ) ;
#5872 = ORIENTED_EDGE ( 'NONE', *, *, #2215, .F. ) ;
#5873 = ORIENTED_EDGE ( 'NONE', *, *, #10201, .T. ) ;
#5874 = ORIENTED_EDGE ( 'NONE', *, *, #8005, .T. ) ;
#5875 = DIRECTION ( 'NONE',  ( -0.000000000000000000, 1.000000000000000000, -0.000000000000000000 ) ) ;
#5876 = CARTESIAN_POINT ( 'NONE',  ( 0.6664999999999999813, -0.1250000000000000000, -0.3054999999999999938 ) ) ;
#5877 = AXIS2_PLACEMENT_3D ( 'NONE', #9473, #6189, #5412 ) ;
#5878 = CARTESIAN_POINT ( 'NONE',  ( 0.7579999999999998961, -0.1250000000000000000, -0.3305000000000000160 ) ) ;
#5879 = APPLICATION_PROTOCOL_DEFINITION ( 'international standard', 'config_control_design', 1994, #9464 ) ;
#5880 = VECTOR ( 'NONE', #9244, 39.37007874015748143 ) ;
#5881 = ADVANCED_FACE ( 'NONE', ( #823 ), #3015, .T. ) ;
#5882 = ORIENTED_EDGE ( 'NONE', *, *, #4353, .F. ) ;
#5883 = CARTESIAN_POINT ( 'NONE',  ( 0.7653101062965729229, 0.1689100258656248410, 0.000000000000000000 ) ) ;
#5884 = AXIS2_PLACEMENT_3D ( 'NONE', #8622, #4711, #3926 ) ;
#5885 = ADVANCED_FACE ( 'NONE', ( #2283 ), #7828, .T. ) ;
#5886 = DIRECTION ( 'NONE',  ( -0.000000000000000000, -0.000000000000000000, 1.000000000000000000 ) ) ;
#5887 = CARTESIAN_POINT ( 'NONE',  ( -1.365923996832131609E-16, 0.4939999999999999947, -0.4899999999999999911 ) ) ;
#5888 = ORIENTED_EDGE ( 'NONE', *, *, #1797, .F. ) ;
#5889 = PLANE ( 'NONE',  #4701 ) ;
#5890 = DIRECTION ( 'NONE',  ( 0.000000000000000000, -0.000000000000000000, -1.000000000000000000 ) ) ;
#5891 = LINE ( 'NONE', #5993, #8120 ) ;
#5892 = PLANE ( 'NONE',  #6415 ) ;
#5893 = EDGE_CURVE ( 'NONE', #8937, #5774, #7880, .T. ) ;
#5894 = VECTOR ( 'NONE', #4430, 39.37007874015748143 ) ;
#5895 = AXIS2_PLACEMENT_3D ( 'NONE', #9138, #1984, #9243 ) ;
#5896 = DIRECTION ( 'NONE',  ( 0.000000000000000000, -1.000000000000000000, 0.000000000000000000 ) ) ;
#5897 = CARTESIAN_POINT ( 'NONE',  ( 0.8221867378353958644, 0.3312601162931228527, 0.002000000000000000042 ) ) ;
#5898 = FACE_OUTER_BOUND ( 'NONE', #4550, .T. ) ;
#5899 = VECTOR ( 'NONE', #6678, 39.37007874015748143 ) ;
#5900 = ORIENTED_EDGE ( 'NONE', *, *, #7171, .F. ) ;
#5901 = CARTESIAN_POINT ( 'NONE',  ( 0.6489999999999999103, -0.1174999999999999933, -0.3054999999999999938 ) ) ;
#5902 = ORIENTED_EDGE ( 'NONE', *, *, #5141, .T. ) ;
#5903 = VECTOR ( 'NONE', #4217, 39.37007874015748143 ) ;
#5904 = EDGE_CURVE ( 'NONE', #2296, #1109, #769, .T. ) ;
#5905 = VERTEX_POINT ( 'NONE', #3170 ) ;
#5906 = CARTESIAN_POINT ( 'NONE',  ( 0.7768743033338237902, 0.1705977815909907325, 0.002000000000000000042 ) ) ;
#5907 = CARTESIAN_POINT ( 'NONE',  ( 0.2916835555200637531, 0.1304908818425781492, 0.2379999999999999893 ) ) ;
#5908 = CARTESIAN_POINT ( 'NONE',  ( 0.6489999999999999103, -0.1250000000000000000, -0.3054999999999999938 ) ) ;
#5909 = DIRECTION ( 'NONE',  ( 1.000000000000000000, -0.000000000000000000, -0.000000000000000000 ) ) ;
#5910 = VECTOR ( 'NONE', #3217, 39.37007874015748854 ) ;
#5911 = CARTESIAN_POINT ( 'NONE',  ( 0.2599999999999998979, 0.3415000000000000258, -0.1649999999999999523 ) ) ;
#5912 = PLANE ( 'NONE',  #1477 ) ;
#5913 = ORIENTED_EDGE ( 'NONE', *, *, #8207, .F. ) ;
#5914 = FACE_OUTER_BOUND ( 'NONE', #8633, .T. ) ;
#5915 = ORIENTED_EDGE ( 'NONE', *, *, #7888, .F. ) ;
#5916 = ORIENTED_EDGE ( 'NONE', *, *, #1344, .F. ) ;
#5917 = VERTEX_POINT ( 'NONE', #6207 ) ;
#5918 = DIRECTION ( 'NONE',  ( -0.000000000000000000, -0.000000000000000000, -1.000000000000000000 ) ) ;
#5919 = ORIENTED_EDGE ( 'NONE', *, *, #5020, .T. ) ;
#5920 = CARTESIAN_POINT ( 'NONE',  ( 0.8256498473883827627, 0.3239057549197819075, 0.000000000000000000 ) ) ;
#5921 = DIRECTION ( 'NONE',  ( -1.313388458492434903E-16, -1.000000000000000000, 0.000000000000000000 ) ) ;
#5922 = CARTESIAN_POINT ( 'NONE',  ( 0.4899999999999999911, -0.1224999999999999978, -0.4375000000000000000 ) ) ;
#5923 = FACE_OUTER_BOUND ( 'NONE', #5657, .T. ) ;
#5924 = CARTESIAN_POINT ( 'NONE',  ( 0.3347413038504020721, 0.4134999999999999232, 0.2379999999999999893 ) ) ;
#5925 = ORIENTED_EDGE ( 'NONE', *, *, #4555, .T. ) ;
#5926 = EDGE_CURVE ( 'NONE', #10091, #8577, #1554, .T. ) ;
#5927 = EDGE_LOOP ( 'NONE', ( #29, #5605, #9098, #904 ) ) ;
#5928 = EDGE_CURVE ( 'NONE', #6011, #3377, #36, .T. ) ;
#5929 = ORIENTED_EDGE ( 'NONE', *, *, #1990, .F. ) ;
#5930 = CARTESIAN_POINT ( 'NONE',  ( 0.3064999999999997726, 0.1328303204446733277, 0.000000000000000000 ) ) ;
#5931 = CARTESIAN_POINT ( 'NONE',  ( 0.4404755381030751593, 0.1492241316674232099, 0.002000000000000000042 ) ) ;
#5932 = ADVANCED_FACE ( 'NONE', ( #9390 ), #9603, .F. ) ;
#5933 = VECTOR ( 'NONE', #4740, 39.37007874015748143 ) ;
#5934 = PERSON_AND_ORGANIZATION ( #5486, #9908 ) ;
#5935 = VERTEX_POINT ( 'NONE', #1658 ) ;
#5936 = DIRECTION ( 'NONE',  ( -0.000000000000000000, 1.000000000000000000, -0.000000000000000000 ) ) ;
#5937 = DIRECTION ( 'NONE',  ( 1.000000000000000000, 0.000000000000000000, 0.000000000000000000 ) ) ;
#5938 = CARTESIAN_POINT ( 'NONE',  ( 0.7709886980136790857, 0.1544867940037849552, -5.335640612625514099E-19 ) ) ;
#5939 = ORIENTED_EDGE ( 'NONE', *, *, #8543, .F. ) ;
#5940 = LINE ( 'NONE', #4582, #9038 ) ;
#5941 = CARTESIAN_POINT ( 'NONE',  ( 0.8265264683883492003, 0.3429666423036669132, 0.000000000000000000 ) ) ;
#5942 = LINE ( 'NONE', #7409, #1875 ) ;
#5943 = DIRECTION ( 'NONE',  ( -0.000000000000000000, -0.000000000000000000, -1.000000000000000000 ) ) ;
#5944 = CARTESIAN_POINT ( 'NONE',  ( 0.8195000000000000062, 0.2979999999999998206, 0.2379999999999999893 ) ) ;
#5945 = CARTESIAN_POINT ( 'NONE',  ( 0.8299909106424572247, 0.3333292669912131245, -0.000000000000000000 ) ) ;
#5946 = LINE ( 'NONE', #7415, #10149 ) ;
#5947 = CARTESIAN_POINT ( 'NONE',  ( 0.8299904759864327186, 0.3336517310320484264, 0.002000000000000000042 ) ) ;
#5948 = EDGE_CURVE ( 'NONE', #9979, #8178, #8032, .T. ) ;
#5949 = CARTESIAN_POINT ( 'NONE',  ( 0.7745734014510180510, 0.1659148003076377498, 0.000000000000000000 ) ) ;
#5950 = ORIENTED_EDGE ( 'NONE', *, *, #2372, .F. ) ;
#5951 = ADVANCED_FACE ( 'NONE', ( #6995 ), #2235, .T. ) ;
#5952 = ORIENTED_EDGE ( 'NONE', *, *, #1640, .T. ) ;
#5953 = CARTESIAN_POINT ( 'NONE',  ( 0.7800490015921506259, 0.1665712734488480617, 0.002000000000000000042 ) ) ;
#5954 = CARTESIAN_POINT ( 'NONE',  ( 0.8169999999999999485, -0.1225000000000000117, -0.4224999999999999867 ) ) ;
#5955 = CARTESIAN_POINT ( 'NONE',  ( 0.04199999999999991934, 0.5082634147716499351, -0.01499999999999999944 ) ) ;
#5956 = FACE_OUTER_BOUND ( 'NONE', #5195, .T. ) ;
#5957 = DIRECTION ( 'NONE',  ( 0.000000000000000000, -0.7071067811865474617, 0.7071067811865474617 ) ) ;
#5958 = DIRECTION ( 'NONE',  ( -1.000000000000000000, 1.323569764372220076E-16, 0.000000000000000000 ) ) ;
#5959 = VERTEX_POINT ( 'NONE', #8608 ) ;
#5960 = CIRCLE ( 'NONE', #625, 0.07200000000000000844 ) ;
#5961 = DIRECTION ( 'NONE',  ( -1.000000000000000000, 0.000000000000000000, -0.000000000000000000 ) ) ;
#5962 = ORIENTED_EDGE ( 'NONE', *, *, #6652, .T. ) ;
#5963 = ORIENTED_EDGE ( 'NONE', *, *, #3989, .F. ) ;
#5964 = ORIENTED_EDGE ( 'NONE', *, *, #7386, .F. ) ;
#5965 = CARTESIAN_POINT ( 'NONE',  ( 0.3922110345599258419, 0.3246250336889850985, 0.002000000000000000042 ) ) ;
#5966 = DIRECTION ( 'NONE',  ( -1.000000000000000000, 0.000000000000000000, 0.000000000000000000 ) ) ;
#5967 = CARTESIAN_POINT ( 'NONE',  ( 0.7658488727598049550, 0.1570020477789123847, 0.002000000000000000042 ) ) ;
#5968 = CARTESIAN_POINT ( 'NONE',  ( 0.7669557658401549016, 0.1448446243119968224, 0.002000000000000000042 ) ) ;
#5969 = DIRECTION ( 'NONE',  ( -1.000000000000000000, 0.000000000000000000, 0.000000000000000000 ) ) ;
#5970 = VECTOR ( 'NONE', #2206, 39.37007874015748143 ) ;
#5971 = CARTESIAN_POINT ( 'NONE',  ( 0.4337408702647946868, 0.1393096489552574091, 0.000000000000000000 ) ) ;
#5972 = EDGE_CURVE ( 'NONE', #2196, #129, #1443, .T. ) ;
#5973 = DIRECTION ( 'NONE',  ( 1.000000000000000000, 0.000000000000000000, 0.000000000000000000 ) ) ;
#5974 = ORIENTED_EDGE ( 'NONE', *, *, #9334, .F. ) ;
#5975 = ORIENTED_EDGE ( 'NONE', *, *, #2651, .T. ) ;
#5976 = ORIENTED_EDGE ( 'NONE', *, *, #9107, .T. ) ;
#5977 = EDGE_CURVE ( 'NONE', #3111, #6086, #3856, .T. ) ;
#5978 = LINE ( 'NONE', #383, #1222 ) ;
#5979 = VECTOR ( 'NONE', #3168, 39.37007874015748143 ) ;
#5980 = EDGE_CURVE ( 'NONE', #6408, #5935, #5480, .T. ) ;
#5981 = FACE_OUTER_BOUND ( 'NONE', #5607, .T. ) ;
#5982 = CALENDAR_DATE ( 2025, 21, 2 ) ;
#5983 = AXIS2_PLACEMENT_3D ( 'NONE', #6783, #3437, #2655 ) ;
#5984 = EDGE_LOOP ( 'NONE', ( #119, #1776, #7266, #5625 ) ) ;
#5985 = CARTESIAN_POINT ( 'NONE',  ( 0.7634149588432765920, 0.1642349640432707869, 0.002000000000000000042 ) ) ;
#5986 = VECTOR ( 'NONE', #6568, 39.37007874015748143 ) ;
#5987 = CARTESIAN_POINT ( 'NONE',  ( 0.8261443515422099981, 0.3379316909192445206, 0.002000000000000000042 ) ) ;
#5988 = ADVANCED_FACE ( 'NONE', ( #8964 ), #2700, .T. ) ;
#5989 = CARTESIAN_POINT ( 'NONE',  ( 0.7693552695696995736, 0.1548119441406696217, 0.002000000000000000042 ) ) ;
#5990 = ORIENTED_EDGE ( 'NONE', *, *, #1136, .T. ) ;
#5991 = CARTESIAN_POINT ( 'NONE',  ( 0.5399999999999999245, -0.1250000000000000000, -0.3130000000000000560 ) ) ;
#5992 = CARTESIAN_POINT ( 'NONE',  ( 0.9549999999999997380, 0.1299999999999998657, -0.1659999999999999531 ) ) ;
#5993 = CARTESIAN_POINT ( 'NONE',  ( 0.4549999999999999045, 0.1784999999999998255, 0.2304999999999999827 ) ) ;
#5994 = DIRECTION ( 'NONE',  ( -1.000000000000000000, 0.000000000000000000, -0.000000000000000000 ) ) ;
#5995 = CARTESIAN_POINT ( 'NONE',  ( 0.4559999999999999054, -0.1174999999999999933, -0.3305000000000000160 ) ) ;
#5996 = VECTOR ( 'NONE', #2572, 39.37007874015748143 ) ;
#5997 = PLANE ( 'NONE',  #5153 ) ;
#5998 = PLANE ( 'NONE',  #7642 ) ;
#5999 = CARTESIAN_POINT ( 'NONE',  ( 0.8299843622571515533, 0.3339618878096285992, 0.000000000000000000 ) ) ;
#6000 = FACE_OUTER_BOUND ( 'NONE', #5233, .T. ) ;
#6001 = ORIENTED_EDGE ( 'NONE', *, *, #1075, .F. ) ;
#6002 = ORIENTED_EDGE ( 'NONE', *, *, #6346, .T. ) ;
#6003 = CARTESIAN_POINT ( 'NONE',  ( 0.8184673689304708954, 0.3270211361639307479, 0.002000000000000000042 ) ) ;
#6004 = CARTESIAN_POINT ( 'NONE',  ( 1.098500000000000032, 0.2469999999999999418, 0.000000000000000000 ) ) ;
#6005 = CARTESIAN_POINT ( 'NONE',  ( 1.212999999999999634, 0.000000000000000000, -0.4899999999999999911 ) ) ;
#6006 = CARTESIAN_POINT ( 'NONE',  ( 0.4305909598930606763, 0.1541426547634781874, 0.000000000000000000 ) ) ;
#6007 = CARTESIAN_POINT ( 'NONE',  ( 0.8274127307218330785, 0.3429463341160406409, 0.002000000000000000042 ) ) ;
#6008 = AXIS2_PLACEMENT_3D ( 'NONE', #4677, #8797, #6289 ) ;
#6009 = EDGE_CURVE ( 'NONE', #8059, #9470, #6471, .T. ) ;
#6010 = LINE ( 'NONE', #6848, #476 ) ;
#6011 = VERTEX_POINT ( 'NONE', #8914 ) ;
#6012 = LINE ( 'NONE', #9300, #9638 ) ;
#6013 = EDGE_LOOP ( 'NONE', ( #2575, #7207, #8163, #1948 ) ) ;
#6014 = EDGE_CURVE ( 'NONE', #2562, #9865, #8129, .T. ) ;
#6015 = ORIENTED_EDGE ( 'NONE', *, *, #8256, .F. ) ;
#6016 = EDGE_LOOP ( 'NONE', ( #10056, #95, #8010, #274 ) ) ;
#6017 = CARTESIAN_POINT ( 'NONE',  ( 0.7694845230199089947, 0.1659219471240797605, 0.002000000000000000042 ) ) ;
#6018 = LINE ( 'NONE', #1900, #8352 ) ;
#6019 = CARTESIAN_POINT ( 'NONE',  ( 0.7746245600440070378, 0.1602518113293783797, 0.002000000000000000042 ) ) ;
#6020 = CARTESIAN_POINT ( 'NONE',  ( 0.4426524787778178260, 0.1543245585932197517, 0.000000000000000000 ) ) ;
#6021 = EDGE_CURVE ( 'NONE', #5667, #1589, #977, .T. ) ;
#6022 = CARTESIAN_POINT ( 'NONE',  ( 0.8163273202156631214, 0.3314581819964155796, 0.002000000000000000042 ) ) ;
#6023 = CARTESIAN_POINT ( 'NONE',  ( -1.193109725977863917E-16, 0.4314999999999999392, 0.000000000000000000 ) ) ;
#6024 = CARTESIAN_POINT ( 'NONE',  ( 0.4284998476553403268, 0.1465826686638243559, 0.002000000000000000042 ) ) ;
#6025 = CARTESIAN_POINT ( 'NONE',  ( 0.8232245018776858103, 0.3365565665249597438, 0.002000000000000000042 ) ) ;
#6026 = ORIENTED_EDGE ( 'NONE', *, *, #9876, .F. ) ;
#6027 = EDGE_LOOP ( 'NONE', ( #10246, #3972, #2457, #4124 ) ) ;
#6028 = AXIS2_PLACEMENT_3D ( 'NONE', #5446, #6123, #6962 ) ;
#6029 = VERTEX_POINT ( 'NONE', #1811 ) ;
#6030 = DIRECTION ( 'NONE',  ( -0.000000000000000000, -0.000000000000000000, -1.000000000000000000 ) ) ;
#6031 = FACE_OUTER_BOUND ( 'NONE', #1799, .T. ) ;
#6032 = VECTOR ( 'NONE', #4636, 39.37007874015748143 ) ;
#6033 = PERSON_AND_ORGANIZATION ( #5486, #9908 ) ;
#6034 = VECTOR ( 'NONE', #7407, 39.37007874015748143 ) ;
#6035 = EDGE_CURVE ( 'NONE', #2332, #9993, #928, .T. ) ;
#6036 = EDGE_CURVE ( 'NONE', #8745, #9135, #4059, .T. ) ;
#6037 = ORIENTED_EDGE ( 'NONE', *, *, #8145, .F. ) ;
#6038 = CARTESIAN_POINT ( 'NONE',  ( 1.212999999999999856, 0.4040000000000004143, -0.1649999999999999523 ) ) ;
#6039 = CARTESIAN_POINT ( 'NONE',  ( 0.2614999999999999547, 0.03300000000000000155, -0.1025000000000000216 ) ) ;
#6040 = AXIS2_PLACEMENT_3D ( 'NONE', #6975, #7178, #5621 ) ;
#6041 = CARTESIAN_POINT ( 'NONE',  ( 0.000000000000000000, 0.000000000000000000, -0.4899999999999999911 ) ) ;
#6042 = VECTOR ( 'NONE', #2076, 39.37007874015748143 ) ;
#6043 = ORIENTED_EDGE ( 'NONE', *, *, #1287, .F. ) ;
#6044 = CARTESIAN_POINT ( 'NONE',  ( 0.3677413038504020459, 0.1424999999999999878, 0.2379999999999999893 ) ) ;
#6045 = CARTESIAN_POINT ( 'NONE',  ( 0.4363276346608888634, 0.1515699355775724233, 0.000000000000000000 ) ) ;
#6046 = CARTESIAN_POINT ( 'NONE',  ( 0.7719794784938086574, 0.1720873076955684311, 0.000000000000000000 ) ) ;
#6047 = LINE ( 'NONE', #5211, #10240 ) ;
#6048 = CIRCLE ( 'NONE', #870, 0.06199999999999997874 ) ;
#6049 = ADVANCED_FACE ( 'NONE', ( #239 ), #5687, .T. ) ;
#6050 = CARTESIAN_POINT ( 'NONE',  ( 0.3064999999999997726, 0.1328303204446733277, 0.2379999999999999893 ) ) ;
#6051 = DIRECTION ( 'NONE',  ( 1.000000000000000000, 0.000000000000000000, 0.000000000000000000 ) ) ;
#6052 = FACE_OUTER_BOUND ( 'NONE', #4380, .T. ) ;
#6053 = DIRECTION ( 'NONE',  ( -0.000000000000000000, 1.000000000000000000, -0.000000000000000000 ) ) ;
#6054 = CARTESIAN_POINT ( 'NONE',  ( 1.212999999999999856, 0.1149999999999998662, -0.1659999999999999531 ) ) ;
#6055 = VERTEX_POINT ( 'NONE', #9071 ) ;
#6056 = ORIENTED_EDGE ( 'NONE', *, *, #1708, .T. ) ;
#6057 = EDGE_CURVE ( 'NONE', #8209, #7966, #7349, .T. ) ;
#6058 = FACE_OUTER_BOUND ( 'NONE', #3720, .T. ) ;
#6059 = LINE ( 'NONE', #7472, #3728 ) ;
#6060 = AXIS2_PLACEMENT_3D ( 'NONE', #5827, #7287, #8903 ) ;
#6061 = VECTOR ( 'NONE', #1196, 39.37007874015748143 ) ;
#6062 = CARTESIAN_POINT ( 'NONE',  ( 0.7720750077053435412, 0.1670523563111459275, 0.000000000000000000 ) ) ;
#6063 = EDGE_CURVE ( 'NONE', #6585, #2945, #8241, .T. ) ;
#6064 = DIRECTION ( 'NONE',  ( 1.000000000000000000, 0.000000000000000000, 0.000000000000000000 ) ) ;
#6065 = CARTESIAN_POINT ( 'NONE',  ( 0.4368285934183138708, 0.1437046010428923437, 0.002000000000000000042 ) ) ;
#6066 = CARTESIAN_POINT ( 'NONE',  ( 1.171000000000000041, 0.000000000000000000, -0.01499999999999997516 ) ) ;
#6067 = VECTOR ( 'NONE', #2011, 39.37007874015748143 ) ;
#6068 = AXIS2_PLACEMENT_3D ( 'NONE', #9432, #4525, #7031 ) ;
#6069 = ORIENTED_EDGE ( 'NONE', *, *, #5737, .F. ) ;
#6070 = DIRECTION ( 'NONE',  ( -0.000000000000000000, -1.000000000000000000, -0.000000000000000000 ) ) ;
#6071 = ORIENTED_EDGE ( 'NONE', *, *, #7333, .T. ) ;
#6072 = VERTEX_POINT ( 'NONE', #86 ) ;
#6073 = ORIENTED_EDGE ( 'NONE', *, *, #2452, .T. ) ;
#6074 = CARTESIAN_POINT ( 'NONE',  ( 0.8119999999999999440, 0.3154999999999998361, 0.2379999999999999893 ) ) ;
#6075 = CARTESIAN_POINT ( 'NONE',  ( 0.7753958126431880205, 0.1714418413516656248, 0.002000000000000000042 ) ) ;
#6076 = AXIS2_PLACEMENT_3D ( 'NONE', #6845, #4436, #9190 ) ;
#6077 = CARTESIAN_POINT ( 'NONE',  ( 0.7637269666784923805, 0.1606820497713278284, 0.002000000000000000042 ) ) ;
#6078 = CARTESIAN_POINT ( 'NONE',  ( 0.4009999999999999676, 0.3154999999999998361, 0.2379999999999999893 ) ) ;
#6079 = EDGE_CURVE ( 'NONE', #1079, #4659, #4159, .T. ) ;
#6080 = DIRECTION ( 'NONE',  ( 0.000000000000000000, 0.000000000000000000, -1.000000000000000000 ) ) ;
#6081 = ADVANCED_FACE ( 'NONE', ( #3429 ), #3376, .T. ) ;
#6082 = DIRECTION ( 'NONE',  ( 1.000000000000000000, 0.000000000000000000, 0.000000000000000000 ) ) ;
#6083 = LOCAL_TIME ( 9, 34, 56.00000000000000000, #2690 ) ;
#6084 = DIRECTION ( 'NONE',  ( 1.000000000000000000, 0.000000000000000000, 0.000000000000000000 ) ) ;
#6085 = LINE ( 'NONE', #5248, #3292 ) ;
#6086 = VERTEX_POINT ( 'NONE', #1761 ) ;
#6087 = VERTEX_POINT ( 'NONE', #4214 ) ;
#6088 = ORIENTED_EDGE ( 'NONE', *, *, #1749, .F. ) ;
#6089 = ADVANCED_FACE ( 'NONE', ( #6620 ), #1083, .T. ) ;
#6090 = CARTESIAN_POINT ( 'NONE',  ( 0.4309999999999999387, -0.1250000000000000000, -0.3130000000000000560 ) ) ;
#6091 = CARTESIAN_POINT ( 'NONE',  ( 0.4391294955489369878, 0.1509888169886619558, 0.000000000000000000 ) ) ;
#6092 = ADVANCED_FACE ( 'NONE', ( #2594 ), #6277, .T. ) ;
#6093 = ORIENTED_EDGE ( 'NONE', *, *, #1778, .T. ) ;
#6094 = DIRECTION ( 'NONE',  ( 0.000000000000000000, -0.7071067811865459074, 0.7071067811865491270 ) ) ;
#6095 = CARTESIAN_POINT ( 'NONE',  ( 0.2614999999999999547, 0.000000000000000000, -0.1025000000000000216 ) ) ;
#6096 = ORIENTED_EDGE ( 'NONE', *, *, #1099, .F. ) ;
#6097 = CARTESIAN_POINT ( 'NONE',  ( 0.4447961006068885115, 0.1516497454809752066, 0.000000000000000000 ) ) ;
#6098 = VERTEX_POINT ( 'NONE', #6041 ) ;
#6099 = FACE_OUTER_BOUND ( 'NONE', #6270, .T. ) ;
#6100 = CARTESIAN_POINT ( 'NONE',  ( 0.8350207888137103351, 0.3339984410768800371, -0.000000000000000000 ) ) ;
#6101 = DIRECTION ( 'NONE',  ( -0.5773502691896257311, -0.5773502691896257311, -0.5773502691896257311 ) ) ;
#6102 = CARTESIAN_POINT ( 'NONE',  ( 0.7579999999999998961, 0.03300000000000000155, -0.3305000000000000160 ) ) ;
#6103 = CARTESIAN_POINT ( 'NONE',  ( 0.3759999999999999454, -0.1250000000000000000, -0.4425000000000000044 ) ) ;
#6104 = DIRECTION ( 'NONE',  ( -1.000000000000000000, 0.000000000000000000, 0.000000000000000000 ) ) ;
#6105 = CARTESIAN_POINT ( 'NONE',  ( 0.4370588494505051602, 0.1436906351484940059, 0.002000000000000000042 ) ) ;
#6106 = CARTESIAN_POINT ( 'NONE',  ( 0.8299843622571515533, 0.3339618878096285992, 0.002000000000000000042 ) ) ;
#6107 = CARTESIAN_POINT ( 'NONE',  ( 0.5024999999999999467, -0.1250000000000000000, -0.4174999999999999822 ) ) ;
#6108 = ORIENTED_EDGE ( 'NONE', *, *, #3838, .T. ) ;
#6109 = CARTESIAN_POINT ( 'NONE',  ( -3.923116201771848898E-17, 0.1149999999999998662, -0.1659999999999999531 ) ) ;
#6110 = CARTESIAN_POINT ( 'NONE',  ( 0.3714999999999998304, 0.4234999999999998765, 0.2080000000000000460 ) ) ;
#6111 = LINE ( 'NONE', #6262, #8213 ) ;
#6112 = EDGE_CURVE ( 'NONE', #6955, #748, #9276, .T. ) ;
#6113 = CARTESIAN_POINT ( 'NONE',  ( 0.5649999999999999467, -0.1250000000000000000, -0.3054999999999999938 ) ) ;
#6114 = EDGE_CURVE ( 'NONE', #1042, #8243, #10004, .T. ) ;
#6115 = CARTESIAN_POINT ( 'NONE',  ( 0.8350207888137103351, 0.3339984410768800371, 0.000000000000000000 ) ) ;
#6116 = DIRECTION ( 'NONE',  ( -1.000000000000000000, 0.000000000000000000, -0.000000000000000000 ) ) ;
#6117 = ORIENTED_EDGE ( 'NONE', *, *, #8311, .T. ) ;
#6118 = PLANE ( 'NONE',  #5143 ) ;
#6119 = ORIENTED_EDGE ( 'NONE', *, *, #6462, .T. ) ;
#6120 = VERTEX_POINT ( 'NONE', #8445 ) ;
#6121 = ORIENTED_EDGE ( 'NONE', *, *, #6036, .T. ) ;
#6122 = CARTESIAN_POINT ( 'NONE',  ( 0.4407058175849807857, 0.1476747652060336757, 0.002000000000000000042 ) ) ;
#6123 = DIRECTION ( 'NONE',  ( 0.7071067811865483499, -0.7071067811865466846, 0.000000000000000000 ) ) ;
#6124 = CARTESIAN_POINT ( 'NONE',  ( 0.7634166183668699146, 0.1624265045693688292, 0.002000000000000000042 ) ) ;
#6125 = LINE ( 'NONE', #3138, #4212 ) ;
#6126 = CARTESIAN_POINT ( 'NONE',  ( 0.8171485856348146282, 0.3290362169725498109, 0.002000000000000000042 ) ) ;
#6127 = CARTESIAN_POINT ( 'NONE',  ( 0.4286232814122634127, 0.1457552075767642452, 0.002000000000000000042 ) ) ;
#6128 = B_SPLINE_CURVE_WITH_KNOTS ( 'NONE', 3,
 ( #6445, #3403, #9720, #9623, #4872, #8836, #899, #4182, #8988, #5612, #4082, #4131, #1736, #8154, #3346, #4822, #3192, #4922, #8885 ),
 .UNSPECIFIED., .F., .F.,
 ( 4, 1, 1, 1, 1, 1, 1, 1, 1, 1, 1, 1, 1, 1, 1, 1, 4 ),
 ( 0.000000000000000000, 0.07289060658064414056, 0.1418833354390721946, 0.2092821354239173259, 0.2746226384553108746, 0.3384391539790450043, 0.4013048615705184785, 0.4650061847340330456, 0.5283200864625064996, 0.5907402649620360213, 0.6509809274188401718, 0.7096903202894507823, 0.7672117550042869549, 0.8241879505444217324, 0.8817668141839366536, 0.9399547263812905173, 1.000000000000000000 ),
 .UNSPECIFIED. ) ;
#6129 = AXIS2_PLACEMENT_3D ( 'NONE', #4105, #4355, #7544 ) ;
#6130 = CARTESIAN_POINT ( 'NONE',  ( 0.4288127154484485670, 0.1449508799286122473, 0.002000000000000000042 ) ) ;
#6131 = FACE_OUTER_BOUND ( 'NONE', #5000, .T. ) ;
#6132 = ORIENTED_EDGE ( 'NONE', *, *, #5255, .F. ) ;
#6133 = ORIENTED_EDGE ( 'NONE', *, *, #6167, .T. ) ;
#6134 = ORIENTED_EDGE ( 'NONE', *, *, #3710, .F. ) ;
#6135 = CARTESIAN_POINT ( 'NONE',  ( 0.7806557786473223848, 0.1633042395997510721, 0.002000000000000000042 ) ) ;
#6136 = CARTESIAN_POINT ( 'NONE',  ( 0.4406671373630925426, 0.1484699529602993839, 0.000000000000000000 ) ) ;
#6137 = VECTOR ( 'NONE', #8303, 39.37007874015748143 ) ;
#6138 = EDGE_CURVE ( 'NONE', #3992, #7129, #4468, .T. ) ;
#6139 = ORIENTED_EDGE ( 'NONE', *, *, #3327, .F. ) ;
#6140 = ADVANCED_FACE ( 'NONE', ( #2168 ), #4368, .F. ) ;
#6141 = CARTESIAN_POINT ( 'NONE',  ( 1.212999999999999856, 0.1139999999999998653, -0.4899999999999999911 ) ) ;
#6142 = EDGE_CURVE ( 'NONE', #1774, #8255, #1232, .T. ) ;
#6143 = AXIS2_PLACEMENT_3D ( 'NONE', #6256, #7825, #8658 ) ;
#6144 = CARTESIAN_POINT ( 'NONE',  ( 0.8248703434888109420, 0.3376841063670811827, 0.002000000000000000042 ) ) ;
#6145 = EDGE_LOOP ( 'NONE', ( #943, #7498, #3241, #4682 ) ) ;
#6146 = CARTESIAN_POINT ( 'NONE',  ( 0.7715557693690595631, 0.1544723401087488845, 0.002000000000000000042 ) ) ;
#6147 = VERTEX_POINT ( 'NONE', #5205 ) ;
#6148 = DIRECTION ( 'NONE',  ( -1.000000000000000000, 0.000000000000000000, -0.000000000000000000 ) ) ;
#6149 = CARTESIAN_POINT ( 'NONE',  ( 0.8350207888137103351, 0.3339984410768800371, 0.002000000000000000042 ) ) ;
#6150 = CARTESIAN_POINT ( 'NONE',  ( 0.7785428972627880251, 0.1566171947923149788, 0.002000000000000000042 ) ) ;
#6151 = DIRECTION ( 'NONE',  ( -0.000000000000000000, -0.000000000000000000, -1.000000000000000000 ) ) ;
#6152 = AXIS2_PLACEMENT_3D ( 'NONE', #4970, #6496, #5662 ) ;
#6153 = CARTESIAN_POINT ( 'NONE',  ( 0.3224999999999998979, 0.3415000000000000258, -0.4899999999999999911 ) ) ;
#6154 = EDGE_CURVE ( 'NONE', #3820, #7911, #2117, .T. ) ;
#6155 = CARTESIAN_POINT ( 'NONE',  ( 0.7684399751051634864, 0.1633468887239177825, 0.002000000000000000042 ) ) ;
#6156 = LINE ( 'NONE', #6205, #9145 ) ;
#6157 = CARTESIAN_POINT ( 'NONE',  ( 0.8279640219462356399, 0.3374453148148117698, 0.000000000000000000 ) ) ;
#6158 = CARTESIAN_POINT ( 'NONE',  ( 0.6739999999999999325, 0.03300000000000000155, -0.3305000000000000160 ) ) ;
#6159 = ORIENTED_EDGE ( 'NONE', *, *, #5710, .T. ) ;
#6160 = CARTESIAN_POINT ( 'NONE',  ( 0.4284780785085262056, 0.1474275131291200580, 0.002000000000000000042 ) ) ;
#6161 = DIRECTION ( 'NONE',  ( -0.000000000000000000, -0.000000000000000000, -1.000000000000000000 ) ) ;
#6162 = CARTESIAN_POINT ( 'NONE',  ( 0.7700363515042257800, 0.1664259053474933525, 0.000000000000000000 ) ) ;
#6163 = CYLINDRICAL_SURFACE ( 'NONE', #5582, 0.07200000000000000844 ) ;
#6164 = CARTESIAN_POINT ( 'NONE',  ( 0.6489999999999999103, 0.03300000000000000155, -0.3305000000000000160 ) ) ;
#6165 = ADVANCED_FACE ( 'NONE', ( #1968 ), #188, .T. ) ;
#6166 = CARTESIAN_POINT ( 'NONE',  ( 0.8350285682149465316, 0.3336665925924848231, 0.000000000000000000 ) ) ;
#6167 = EDGE_CURVE ( 'NONE', #1020, #6955, #10316, .T. ) ;
#6168 = VERTEX_POINT ( 'NONE', #6195 ) ;
#6169 = DIRECTION ( 'NONE',  ( 0.000000000000000000, 0.000000000000000000, -1.000000000000000000 ) ) ;
#6170 = ORIENTED_EDGE ( 'NONE', *, *, #493, .F. ) ;
#6171 = ORIENTED_EDGE ( 'NONE', *, *, #8005, .F. ) ;
#6172 = ORIENTED_EDGE ( 'NONE', *, *, #8385, .F. ) ;
#6173 = LINE ( 'NONE', #10194, #1717 ) ;
#6174 = PLANE ( 'NONE',  #5533 ) ;
#6175 = PLANE ( 'NONE',  #2900 ) ;
#6176 = DIRECTION ( 'NONE',  ( -0.000000000000000000, -1.000000000000000000, -0.000000000000000000 ) ) ;
#6177 = CARTESIAN_POINT ( 'NONE',  ( 0.8165377475269007812, 0.3306099179377560704, 0.000000000000000000 ) ) ;
#6178 = DIRECTION ( 'NONE',  ( 0.000000000000000000, -0.000000000000000000, -1.000000000000000000 ) ) ;
#6179 = ADVANCED_FACE ( 'NONE', ( #1539 ), #9378, .T. ) ;
#6180 = ADVANCED_FACE ( 'NONE', ( #6247 ), #10215, .T. ) ;
#6181 = DIRECTION ( 'NONE',  ( -1.000000000000000000, 0.000000000000000000, -0.000000000000000000 ) ) ;
#6182 = CARTESIAN_POINT ( 'NONE',  ( 0.3714999999999998304, 0.4284999999999998810, 0.2080000000000000460 ) ) ;
#6183 = VERTEX_POINT ( 'NONE', #10166 ) ;
#6184 = VECTOR ( 'NONE', #8640, 39.37007874015748143 ) ;
#6185 = ORIENTED_EDGE ( 'NONE', *, *, #7615, .T. ) ;
#6186 = ORIENTED_EDGE ( 'NONE', *, *, #3617, .T. ) ;
#6187 = FACE_OUTER_BOUND ( 'NONE', #4942, .T. ) ;
#6188 = CARTESIAN_POINT ( 'NONE',  ( 0.7785428972627880251, 0.1566171947923149788, 0.000000000000000000 ) ) ;
#6189 = DIRECTION ( 'NONE',  ( -1.000000000000000000, 0.000000000000000000, 0.000000000000000000 ) ) ;
#6190 = EDGE_CURVE ( 'NONE', #6272, #697, #1483, .T. ) ;
#6191 = LINE ( 'NONE', #7024, #841 ) ;
#6192 = CARTESIAN_POINT ( 'NONE',  ( 0.8232245018776858103, 0.3365565665249597438, 0.002000000000000000042 ) ) ;
#6193 = ORIENTED_EDGE ( 'NONE', *, *, #2215, .T. ) ;
#6194 = VECTOR ( 'NONE', #7616, 39.37007874015748143 ) ;
#6195 = CARTESIAN_POINT ( 'NONE',  ( 0.3064999999999997726, 0.1328303204446733277, 0.2379999999999999893 ) ) ;
#6196 = VERTEX_POINT ( 'NONE', #4784 ) ;
#6197 = CARTESIAN_POINT ( 'NONE',  ( 0.7654999999999999583, -0.1250000000000000000, -0.3305000000000000160 ) ) ;
#6198 = CARTESIAN_POINT ( 'NONE',  ( 0.3814218530218776437, 0.3480015936880894167, 0.000000000000000000 ) ) ;
#6199 = DIRECTION ( 'NONE',  ( 0.7071067811865475727, 0.000000000000000000, 0.7071067811865475727 ) ) ;
#6200 = CARTESIAN_POINT ( 'NONE',  ( 0.8308736298467503945, 0.3254808168012337521, 0.002000000000000000042 ) ) ;
#6201 = LINE ( 'NONE', #6103, #7701 ) ;
#6202 = EDGE_CURVE ( 'NONE', #7813, #3835, #4628, .T. ) ;
#6203 = AXIS2_PLACEMENT_3D ( 'NONE', #1234, #4422, #3057 ) ;
#6204 = DIRECTION ( 'NONE',  ( 1.000000000000000000, 0.000000000000000000, 0.000000000000000000 ) ) ;
#6205 = CARTESIAN_POINT ( 'NONE',  ( 0.7029999999999999583, 0.3154999999999998361, 0.2305000000000000104 ) ) ;
#6206 = DIRECTION ( 'NONE',  ( -2.627364152391369319E-16, 1.000000000000000000, -0.000000000000000000 ) ) ;
#6207 = CARTESIAN_POINT ( 'NONE',  ( 0.4009999999999999676, 0.2904999999999998139, 0.2305000000000000104 ) ) ;
#6208 = EDGE_LOOP ( 'NONE', ( #1898, #4146, #8484, #5962 ) ) ;
#6209 = PLANE ( 'NONE',  #7866 ) ;
#6210 = DIRECTION ( 'NONE',  ( -0.000000000000000000, -0.000000000000000000, 1.000000000000000000 ) ) ;
#6211 = EDGE_CURVE ( 'NONE', #1194, #4827, #657, .T. ) ;
#6212 = DIRECTION ( 'NONE',  ( 0.000000000000000000, -0.000000000000000000, -1.000000000000000000 ) ) ;
#6213 = CARTESIAN_POINT ( 'NONE',  ( 0.8209406694195610088, 0.3250306662892829546, 0.000000000000000000 ) ) ;
#6214 = AXIS2_PLACEMENT_3D ( 'NONE', #6761, #5921, #6703 ) ;
#6215 = VECTOR ( 'NONE', #4224, 39.37007874015748143 ) ;
#6216 = DIRECTION ( 'NONE',  ( 0.000000000000000000, 0.000000000000000000, -1.000000000000000000 ) ) ;
#6217 = CARTESIAN_POINT ( 'NONE',  ( 0.8343651834769977294, 0.3298682620827432244, 0.000000000000000000 ) ) ;
#6218 = EDGE_CURVE ( 'NONE', #118, #4357, #809, .T. ) ;
#6219 = ORIENTED_EDGE ( 'NONE', *, *, #8783, .F. ) ;
#6220 = CARTESIAN_POINT ( 'NONE',  ( 0.6414999999999998481, 0.07050000000000002098, 0.1079999999999999988 ) ) ;
#6221 = ORIENTED_EDGE ( 'NONE', *, *, #10098, .T. ) ;
#6222 = AXIS2_PLACEMENT_3D ( 'NONE', #1675, #5757, #8048 ) ;
#6223 = EDGE_LOOP ( 'NONE', ( #3209, #8938, #6002, #5976 ) ) ;
#6224 = ORIENTED_EDGE ( 'NONE', *, *, #1639, .T. ) ;
#6225 = CARTESIAN_POINT ( 'NONE',  ( 0.4412020491270126632, 0.1396407260165185571, 0.000000000000000000 ) ) ;
#6226 = CARTESIAN_POINT ( 'NONE',  ( 0.7806557786473226068, 0.1633042395997510998, 0.000000000000000000 ) ) ;
#6227 = CARTESIAN_POINT ( 'NONE',  ( 0.4451347157439471403, 0.1508692201636571140, 0.002000000000000000042 ) ) ;
#6228 = DIRECTION ( 'NONE',  ( -1.000000000000000000, 0.000000000000000000, 0.000000000000000000 ) ) ;
#6229 = CARTESIAN_POINT ( 'NONE',  ( 0.8196182347026111925, 0.3259135394087671611, 0.000000000000000000 ) ) ;
#6230 = AXIS2_PLACEMENT_3D ( 'NONE', #6054, #2816, #2865 ) ;
#6231 = VECTOR ( 'NONE', #39, 39.37007874015748143 ) ;
#6232 = CARTESIAN_POINT ( 'NONE',  ( 0.4288127154484485670, 0.1449508799286122473, 0.002000000000000000042 ) ) ;
#6233 = CARTESIAN_POINT ( 'NONE',  ( 0.8119999999999999440, 0.03300000000000000155, -0.4425000000000000044 ) ) ;
#6234 = FACE_OUTER_BOUND ( 'NONE', #3147, .T. ) ;
#6235 = VERTEX_POINT ( 'NONE', #7184 ) ;
#6236 = CIRCLE ( 'NONE', #4741, 0.07200000000000000844 ) ;
#6237 = ORIENTED_EDGE ( 'NONE', *, *, #7585, .T. ) ;
#6238 = ORIENTED_EDGE ( 'NONE', *, *, #10161, .F. ) ;
#6239 = CARTESIAN_POINT ( 'NONE',  ( 0.5024999999999999467, 0.2904999999999998139, 0.2379999999999999893 ) ) ;
#6240 = CARTESIAN_POINT ( 'NONE',  ( 0.4849999999999999312, 0.03300000000000000155, -0.4425000000000000044 ) ) ;
#6241 = LINE ( 'NONE', #10111, #1 ) ;
#6242 = EDGE_CURVE ( 'NONE', #6928, #7590, #4580, .T. ) ;
#6243 = EDGE_LOOP ( 'NONE', ( #4187, #5285, #8169, #3104 ) ) ;
#6244 = ORIENTED_EDGE ( 'NONE', *, *, #2306, .T. ) ;
#6245 = EDGE_LOOP ( 'NONE', ( #3717, #6984, #1107, #4076 ) ) ;
#6246 = EDGE_CURVE ( 'NONE', #6674, #7361, #6409, .T. ) ;
#6247 = FACE_OUTER_BOUND ( 'NONE', #6268, .T. ) ;
#6248 = ORIENTED_EDGE ( 'NONE', *, *, #633, .T. ) ;
#6249 = DIRECTION ( 'NONE',  ( -1.000000000000000000, 0.000000000000000000, 0.000000000000000000 ) ) ;
#6250 = CARTESIAN_POINT ( 'NONE',  ( 0.7686666666666666092, 0.1901666666666664840, 0.2438333333333333741 ) ) ;
#6251 = CARTESIAN_POINT ( 'NONE',  ( 0.7786526594290932302, 0.1568376852305349012, 0.002000000000000000042 ) ) ;
#6252 = FACE_OUTER_BOUND ( 'NONE', #81, .T. ) ;
#6253 = CARTESIAN_POINT ( 'NONE',  ( 0.5714999999999998970, 0.4234999999999998765, 0.2080000000000000182 ) ) ;
#6254 = EDGE_LOOP ( 'NONE', ( #8193, #9953, #9368, #5809 ) ) ;
#6255 = CARTESIAN_POINT ( 'NONE',  ( 0.8904999999999999583, 0.4040000000000002478, -0.4899999999999999911 ) ) ;
#6256 = CARTESIAN_POINT ( 'NONE',  ( 0.3677413038504020459, 0.1424999999999999878, 0.000000000000000000 ) ) ;
#6257 = FACE_OUTER_BOUND ( 'NONE', #10274, .T. ) ;
#6258 = CARTESIAN_POINT ( 'NONE',  ( 1.212999999999999856, 0.4939999999999999947, -0.4899999999999999911 ) ) ;
#6259 = ORIENTED_EDGE ( 'NONE', *, *, #10188, .T. ) ;
#6260 = CARTESIAN_POINT ( 'NONE',  ( 0.8163982245209499000, 0.3311723561051589937, 0.002000000000000000042 ) ) ;
#6261 = LINE ( 'NONE', #6998, #7730 ) ;
#6262 = CARTESIAN_POINT ( 'NONE',  ( 0.7714999999999999636, 0.4234999999999998765, 0.1079999999999999849 ) ) ;
#6263 = CARTESIAN_POINT ( 'NONE',  ( 0.8290884472637971569, 0.3305430969835361776, 0.002000000000000000042 ) ) ;
#6264 = CARTESIAN_POINT ( 'NONE',  ( 0.4335130298929487092, 0.1476747652060336757, 0.002000000000000000042 ) ) ;
#6265 = DIRECTION ( 'NONE',  ( 0.9793242484501304412, -0.2022968521692496413, 0.000000000000000000 ) ) ;
#6266 = EDGE_CURVE ( 'NONE', #1837, #2107, #606, .T. ) ;
#6267 = EDGE_CURVE ( 'NONE', #1866, #2741, #7027, .T. ) ;
#6268 = EDGE_LOOP ( 'NONE', ( #8369, #2412, #5349, #6697 ) ) ;
#6269 = DIRECTION ( 'NONE',  ( 1.000000000000000000, 0.000000000000000000, 0.000000000000000000 ) ) ;
#6270 = EDGE_LOOP ( 'NONE', ( #5574, #2574, #7212, #7432, #8413, #9199, #4629, #8926 ) ) ;
#6271 = ORIENTED_EDGE ( 'NONE', *, *, #2439, .F. ) ;
#6272 = VERTEX_POINT ( 'NONE', #3265 ) ;
#6273 = CARTESIAN_POINT ( 'NONE',  ( 0.5714999999999998970, 0.4234999999999998765, 0.2080000000000000182 ) ) ;
#6274 = CARTESIAN_POINT ( 'NONE',  ( 0.4849999999999999312, 0.3154999999999998361, 0.000000000000000000 ) ) ;
#6275 = CARTESIAN_POINT ( 'NONE',  ( 0.4335255033518229939, 0.1474037331497803083, -0.000000000000000000 ) ) ;
#6276 = CARTESIAN_POINT ( 'NONE',  ( 0.5389999999999999236, 0.1784999999999998255, 0.2379999999999999893 ) ) ;
#6277 = B_SPLINE_SURFACE_WITH_KNOTS ( 'NONE', 3, 1, ( 
 ( #2647, #3276 ),
 ( #7455, #5834 ),
 ( #9019, #288 ),
 ( #6673, #2497 ),
 ( #5739, #4901 ),
 ( #3323, #6523 ),
 ( #2544, #339 ),
 ( #3686, #6932 ),
 ( #8395, #9952 ),
 ( #5158, #7506 ),
 ( #2072, #2804 ),
 ( #6826, #9328 ),
 ( #10114, #6097 ),
 ( #8343, #7609 ),
 ( #2956, #6774 ),
 ( #494, #1281 ),
 ( #437, #6879 ),
 ( #9171, #9123 ),
 ( #3534, #7711 ) ),
 .UNSPECIFIED., .F., .F., .F.,
 ( 4, 1, 1, 1, 1, 1, 1, 1, 1, 1, 1, 1, 1, 1, 1, 1, 4 ),
 ( 2, 2 ),
 ( 0.000000000000000000, 0.06332879336011403015, 0.1247364441626588050, 0.1849157484558918707, 0.2443004085890904398, 0.3038255705820997465, 0.3643529976730645048, 0.4260731436723977916, 0.4897209088385836573, 0.5537559315351878730, 0.6164580629276267265, 0.6783188623542998341, 0.7403009402150833029, 0.8026562643773391681, 0.8667321228001687583, 0.9321567378801843828, 1.000000000000000000 ),
 ( 0.000000000000000000, 1.000000000000000000 ),
 .UNSPECIFIED. ) ;
#6278 = CARTESIAN_POINT ( 'NONE',  ( 0.8265264683883492003, 0.3429666423036669132, 0.000000000000000000 ) ) ;
#6279 = CARTESIAN_POINT ( 'NONE',  ( 0.4337408702647946868, 0.1393096489552574091, 0.002000000000000000042 ) ) ;
#6280 = CARTESIAN_POINT ( 'NONE',  ( 0.7711143237655804228, 0.1720648190351925788, 0.000000000000000000 ) ) ;
#6281 = PLANE ( 'NONE',  #9294 ) ;
#6282 = ORIENTED_EDGE ( 'NONE', *, *, #10287, .T. ) ;
#6283 = VERTEX_POINT ( 'NONE', #917 ) ;
#6284 = ORIENTED_EDGE ( 'NONE', *, *, #5928, .T. ) ;
#6285 = CARTESIAN_POINT ( 'NONE',  ( 0.7079999999999999627, -0.1225000000000000117, -0.4224999999999999867 ) ) ;
#6286 = DIRECTION ( 'NONE',  ( 1.000000000000000000, 0.000000000000000000, 0.000000000000000000 ) ) ;
#6287 = VECTOR ( 'NONE', #2134, 39.37007874015748143 ) ;
#6288 = EDGE_CURVE ( 'NONE', #7129, #10110, #5777, .T. ) ;
#6289 = DIRECTION ( 'NONE',  ( 0.7071067811865499042, -0.7071067811865450192, 0.000000000000000000 ) ) ;
#6290 = EDGE_CURVE ( 'NONE', #4008, #3992, #9740, .T. ) ;
#6291 = EDGE_CURVE ( 'NONE', #3455, #7779, #1646, .T. ) ;
#6292 = EDGE_LOOP ( 'NONE', ( #3734, #1375, #8357, #4445 ) ) ;
#6293 = ORIENTED_EDGE ( 'NONE', *, *, #7333, .F. ) ;
#6294 = AXIS2_PLACEMENT_3D ( 'NONE', #5924, #8381, #9110 ) ;
#6295 = CARTESIAN_POINT ( 'NONE',  ( 0.7639990416305973975, 0.1598681308451762595, -5.335640612625514099E-19 ) ) ;
#6296 = ORIENTED_EDGE ( 'NONE', *, *, #6190, .T. ) ;
#6297 = DIRECTION ( 'NONE',  ( -1.000000000000000000, 0.000000000000000000, -0.000000000000000000 ) ) ;
#6298 = CARTESIAN_POINT ( 'NONE',  ( 0.6489999999999999103, 0.03300000000000000155, -0.3054999999999999938 ) ) ;
#6299 = FACE_BOUND ( 'NONE', #1659, .T. ) ;
#6300 = CARTESIAN_POINT ( 'NONE',  ( 0.8350190616617279016, 0.3333309768593934463, 0.002000000000000000042 ) ) ;
#6301 = LINE ( 'NONE', #4052, #8858 ) ;
#6302 = CIRCLE ( 'NONE', #6143, 0.06199999999999997874 ) ;
#6303 = ORIENTED_EDGE ( 'NONE', *, *, #5672, .F. ) ;
#6304 = CARTESIAN_POINT ( 'NONE',  ( 0.7029999999999999583, 0.3154999999999998361, 0.2379999999999999893 ) ) ;
#6305 = EDGE_CURVE ( 'NONE', #8168, #9030, #9006, .T. ) ;
#6306 = CARTESIAN_POINT ( 'NONE',  ( -3.551358426084892890E-17, 0.1299999999999998657, -0.1649999999999999523 ) ) ;
#6307 = CARTESIAN_POINT ( 'NONE',  ( 1.026000000000000245, 0.000000000000000000, -0.3734999999999999987 ) ) ;
#6308 = DIRECTION ( 'NONE',  ( 1.000000000000000000, 0.000000000000000000, 0.000000000000000000 ) ) ;
#6309 = VERTEX_POINT ( 'NONE', #172 ) ;
#6310 = CARTESIAN_POINT ( 'NONE',  ( 0.8290884472637971569, 0.3305430969835361776, 0.002000000000000000042 ) ) ;
#6311 = CARTESIAN_POINT ( 'NONE',  ( 0.3714999999999998304, 0.06550000000000003042, 0.1080000000000000265 ) ) ;
#6312 = CIRCLE ( 'NONE', #6129, 0.07699999999999998512 ) ;
#6313 = DIRECTION ( 'NONE',  ( 0.000000000000000000, -1.000000000000000000, 0.000000000000000000 ) ) ;
#6314 = CARTESIAN_POINT ( 'NONE',  ( 0.8253630523945861830, 0.3239130849039085769, -0.000000000000000000 ) ) ;
#6315 = VECTOR ( 'NONE', #6204, 39.37007874015748143 ) ;
#6316 = DIRECTION ( 'NONE',  ( -0.000000000000000000, -0.000000000000000000, -1.000000000000000000 ) ) ;
#6317 = CARTESIAN_POINT ( 'NONE',  ( 0.9529999999999999583, 0.4039999999999998592, -0.1649999999999999523 ) ) ;
#6318 = AXIS2_PLACEMENT_3D ( 'NONE', #7450, #3671, #9209 ) ;
#6319 = ORIENTED_EDGE ( 'NONE', *, *, #27, .F. ) ;
#6320 = CARTESIAN_POINT ( 'NONE',  ( 0.4924999999999999378, 0.3079999999999998295, 0.2379999999999999893 ) ) ;
#6321 = ORIENTED_EDGE ( 'NONE', *, *, #1613, .T. ) ;
#6322 = ORIENTED_EDGE ( 'NONE', *, *, #1500, .T. ) ;
#6323 = VERTEX_POINT ( 'NONE', #4937 ) ;
#6324 = CARTESIAN_POINT ( 'NONE',  ( 0.4443350733071836367, 0.1425216058744171177, 0.002000000000000000042 ) ) ;
#6325 = LINE ( 'NONE', #637, #4192 ) ;
#6326 = CARTESIAN_POINT ( 'NONE',  ( 0.1869999999999998885, 0.05399999999999999245, -0.2199999999999999456 ) ) ;
#6328 = EDGE_CURVE ( 'NONE', #7430, #1722, #8119, .T. ) ;
#6327 = LINE ( 'NONE', #5397, #7214 ) ;
#6329 = EDGE_CURVE ( 'NONE', #10304, #1458, #860, .T. ) ;
#6330 = CARTESIAN_POINT ( 'NONE',  ( 0.4309999999999999387, -0.1250000000000000000, -0.3130000000000000560 ) ) ;
#6331 = DIRECTION ( 'NONE',  ( 0.000000000000000000, 0.000000000000000000, -1.000000000000000000 ) ) ;
#6332 = VECTOR ( 'NONE', #4874, 39.37007874015748143 ) ;
#6333 = EDGE_CURVE ( 'NONE', #4018, #2562, #9686, .T. ) ;
#6334 = DIRECTION ( 'NONE',  ( 1.000000000000000000, -0.000000000000000000, -0.000000000000000000 ) ) ;
#6335 = DIRECTION ( 'NONE',  ( 0.000000000000000000, 0.000000000000000000, -1.000000000000000000 ) ) ;
#6336 = CARTESIAN_POINT ( 'NONE',  ( 0.4421724719503092316, 0.1658871284168743354, 0.000000000000000000 ) ) ;
#6337 = VERTEX_POINT ( 'NONE', #5042 ) ;
#6338 = EDGE_LOOP ( 'NONE', ( #7646, #9050, #1570, #6026 ) ) ;
#6339 = ORIENTED_EDGE ( 'NONE', *, *, #9678, .F. ) ;
#6340 = DIRECTION ( 'NONE',  ( 0.000000000000000000, 0.000000000000000000, 1.000000000000000000 ) ) ;
#6341 = CARTESIAN_POINT ( 'NONE',  ( 0.4549999999999999045, 0.2034999999999998199, 0.2304999999999999827 ) ) ;
#6342 = ADVANCED_FACE ( 'NONE', ( #2532, #5727, #4835, #7340, #5677, #8951, #8170, #4201, #1800, #9639 ), #4096, .F. ) ;
#6343 = CIRCLE ( 'NONE', #7677, 0.06249999999999995143 ) ;
#6344 = LINE ( 'NONE', #9525, #9348 ) ;
#6345 = ORIENTED_EDGE ( 'NONE', *, *, #8907, .T. ) ;
#6346 = EDGE_CURVE ( 'NONE', #10, #4723, #7393, .T. ) ;
#6347 = VERTEX_POINT ( 'NONE', #6458 ) ;
#6348 = ORIENTED_EDGE ( 'NONE', *, *, #3754, .F. ) ;
#6349 = CARTESIAN_POINT ( 'NONE',  ( 0.7639990416305973975, 0.1598681308451762595, 0.002000000000000000042 ) ) ;
#6350 = VERTEX_POINT ( 'NONE', #8849 ) ;
#6351 = PLANE ( 'NONE',  #2028 ) ;
#6352 = DIRECTION ( 'NONE',  ( -0.000000000000000000, 0.000000000000000000, 1.000000000000000000 ) ) ;
#6353 = CARTESIAN_POINT ( 'NONE',  ( 0.9514999999999997904, 0.03300000000000000155, -0.1024999999999999245 ) ) ;
#6354 = DIRECTION ( 'NONE',  ( -0.5773502691896257311, -0.5773502691896257311, 0.5773502691896257311 ) ) ;
#6355 = ADVANCED_FACE ( 'NONE', ( #6611 ), #3364, .F. ) ;
#6356 = CARTESIAN_POINT ( 'NONE',  ( 0.8452586961495975881, 0.08049999999999998823, 0.000000000000000000 ) ) ;
#6357 = VERTEX_POINT ( 'NONE', #1014 ) ;
#6358 = LINE ( 'NONE', #3222, #9845 ) ;
#6359 = DIRECTION ( 'NONE',  ( 0.000000000000000000, 0.000000000000000000, 1.000000000000000000 ) ) ;
#6360 = PLANE ( 'NONE',  #462 ) ;
#6361 = DIRECTION ( 'NONE',  ( 1.000000000000000000, 0.000000000000000000, 0.000000000000000000 ) ) ;
#6362 = ORIENTED_EDGE ( 'NONE', *, *, #6843, .T. ) ;
#6363 = VECTOR ( 'NONE', #5138, 39.37007874015748143 ) ;
#6364 = CARTESIAN_POINT ( 'NONE',  ( 0.6015000000000000346, 0.2979999999999998206, 0.2379999999999999893 ) ) ;
#6365 = LINE ( 'NONE', #7254, #7066 ) ;
#6366 = VECTOR ( 'NONE', #7273, 39.37007874015748143 ) ;
#6367 = CARTESIAN_POINT ( 'NONE',  ( 0.8252338799367407995, 0.3428205154013434508, 0.000000000000000000 ) ) ;
#6368 = DIRECTION ( 'NONE',  ( 0.000000000000000000, 0.000000000000000000, -1.000000000000000000 ) ) ;
#6369 = VECTOR ( 'NONE', #398, 39.37007874015748143 ) ;
#6370 = EDGE_CURVE ( 'NONE', #3094, #1959, #6563, .T. ) ;
#6371 = VECTOR ( 'NONE', #3395, 39.37007874015748143 ) ;
#6372 = CARTESIAN_POINT ( 'NONE',  ( 0.7706418568790318613, 0.1593966674888676049, 0.000000000000000000 ) ) ;
#6373 = PLANE ( 'NONE',  #133 ) ;
#6374 = EDGE_CURVE ( 'NONE', #6120, #5640, #2635, .T. ) ;
#6375 = ADVANCED_FACE ( 'NONE', ( #276 ), #3470, .T. ) ;
#6376 = VERTEX_POINT ( 'NONE', #76 ) ;
#6377 = DIRECTION ( 'NONE',  ( -0.000000000000000000, -0.000000000000000000, -1.000000000000000000 ) ) ;
#6378 = ORIENTED_EDGE ( 'NONE', *, *, #5247, .F. ) ;
#6379 = VECTOR ( 'NONE', #8020, 39.37007874015748143 ) ;
#6380 = ORIENTED_EDGE ( 'NONE', *, *, #2162, .T. ) ;
#6381 = DIRECTION ( 'NONE',  ( 1.000000000000000000, -0.000000000000000000, -0.000000000000000000 ) ) ;
#6382 = ORIENTED_EDGE ( 'NONE', *, *, #8723, .T. ) ;
#6383 = CARTESIAN_POINT ( 'NONE',  ( 0.5714999999999998970, 0.07050000000000002098, 0.2080000000000000182 ) ) ;
#6384 = AXIS2_PLACEMENT_3D ( 'NONE', #6412, #9830, #1595 ) ;
#6385 = VECTOR ( 'NONE', #4526, 39.37007874015748143 ) ;
#6386 = CARTESIAN_POINT ( 'NONE',  ( 0.5939999999999999725, 0.3154999999999998361, 0.2305000000000000104 ) ) ;
#6387 = DIRECTION ( 'NONE',  ( -1.000000000000000000, 0.000000000000000000, -6.829619984160638522E-14 ) ) ;
#6388 = AXIS2_PLACEMENT_3D ( 'NONE', #3399, #5706, #7319 ) ;
#6389 = DIRECTION ( 'NONE',  ( -1.000000000000000000, -0.000000000000000000, -0.000000000000000000 ) ) ;
#6390 = CARTESIAN_POINT ( 'NONE',  ( 0.7785428972627880251, 0.1566171947923149788, 0.002000000000000000042 ) ) ;
#6391 = AXIS2_PLACEMENT_3D ( 'NONE', #6239, #698, #8792 ) ;
#6392 = DIRECTION ( 'NONE',  ( 0.000000000000000000, -0.7071067811865475727, 0.7071067811865475727 ) ) ;
#6393 = LINE ( 'NONE', #8788, #9130 ) ;
#6394 = EDGE_LOOP ( 'NONE', ( #8609, #10127, #9225, #4815 ) ) ;
#6395 = ORIENTED_EDGE ( 'NONE', *, *, #4635, .F. ) ;
#6396 = EDGE_LOOP ( 'NONE', ( #1490, #7856, #4781, #9645 ) ) ;
#6397 = CARTESIAN_POINT ( 'NONE',  ( 0.5939999999999999725, 0.3154999999999998361, 0.2379999999999999893 ) ) ;
#6398 = CARTESIAN_POINT ( 'NONE',  ( 0.7279999999999999805, 0.2904999999999998139, 0.2305000000000000104 ) ) ;
#6399 = AXIS2_PLACEMENT_3D ( 'NONE', #5887, #9697, #5054 ) ;
#6400 = VECTOR ( 'NONE', #3499, 39.37007874015748143 ) ;
#6401 = EDGE_CURVE ( 'NONE', #2741, #3409, #1696, .T. ) ;
#6402 = CARTESIAN_POINT ( 'NONE',  ( 0.4849999999999999312, 0.2904999999999998139, 0.2305000000000000104 ) ) ;
#6403 = EDGE_CURVE ( 'NONE', #5040, #8620, #1325, .T. ) ;
#6404 = VECTOR ( 'NONE', #6867, 39.37007874015748143 ) ;
#6405 = VECTOR ( 'NONE', #7593, 39.37007874015748143 ) ;
#6406 = EDGE_CURVE ( 'NONE', #7589, #837, #332, .T. ) ;
#6407 = EDGE_LOOP ( 'NONE', ( #3054, #2020, #6186, #8183 ) ) ;
#6408 = VERTEX_POINT ( 'NONE', #4513 ) ;
#6409 = LINE ( 'NONE', #3211, #7052 ) ;
#6410 = ORIENTED_EDGE ( 'NONE', *, *, #2542, .T. ) ;
#6411 = CARTESIAN_POINT ( 'NONE',  ( 0.7689990029917342929, 0.1608500052168329308, 0.002000000000000000042 ) ) ;
#6412 = CARTESIAN_POINT ( 'NONE',  ( 1.098000000000000087, 0.5082634147716499351, -0.3734999999999999987 ) ) ;
#6413 = ADVANCED_FACE ( 'NONE', ( #6816 ), #6925, .T. ) ;
#6414 = CARTESIAN_POINT ( 'NONE',  ( 0.4370419913543520107, 0.1516027016097293567, 0.002000000000000000042 ) ) ;
#6415 = AXIS2_PLACEMENT_3D ( 'NONE', #1926, #5114, #8450 ) ;
#6416 = CARTESIAN_POINT ( 'NONE',  ( 0.4305909598930606763, 0.1541426547634781874, 0.000000000000000000 ) ) ;
#6417 = DIRECTION ( 'NONE',  ( 1.000000000000000000, 0.000000000000000000, -0.000000000000000000 ) ) ;
#6418 = ORIENTED_EDGE ( 'NONE', *, *, #3593, .F. ) ;
#6419 = CARTESIAN_POINT ( 'NONE',  ( 1.026000000000000023, 0.000000000000000000, -0.01500000000000001679 ) ) ;
#6420 = CARTESIAN_POINT ( 'NONE',  ( 0.4345112760227426429, 0.1504904408717196995, 0.000000000000000000 ) ) ;
#6421 = CC_DESIGN_SECURITY_CLASSIFICATION ( #1575, ( #3575 ) ) ;
#6422 = FACE_OUTER_BOUND ( 'NONE', #8587, .T. ) ;
#6423 = CARTESIAN_POINT ( 'NONE',  ( 0.4559999999999999054, -0.1174999999999999933, -0.3054999999999999938 ) ) ;
#6424 = ORIENTED_EDGE ( 'NONE', *, *, #9657, .F. ) ;
#6425 = DIRECTION ( 'NONE',  ( -0.000000000000000000, -0.000000000000000000, -1.000000000000000000 ) ) ;
#6426 = DIRECTION ( 'NONE',  ( -0.5773502691896270633, -0.5773502691896230665, 0.5773502691896270633 ) ) ;
#6427 = FACE_OUTER_BOUND ( 'NONE', #9561, .T. ) ;
#6428 = PLANE ( 'NONE',  #7233 ) ;
#6429 = DIRECTION ( 'NONE',  ( 0.000000000000000000, -0.7071067811865475727, 0.7071067811865475727 ) ) ;
#6430 = CARTESIAN_POINT ( 'NONE',  ( 1.098500000000000032, 0.2469999999999999418, -0.09499999999999994560 ) ) ;
#6431 = EDGE_CURVE ( 'NONE', #6087, #1591, #10050, .T. ) ;
#6432 = ORIENTED_EDGE ( 'NONE', *, *, #8570, .T. ) ;
#6433 = DIRECTION ( 'NONE',  ( -0.000000000000000000, 0.000000000000000000, 1.000000000000000000 ) ) ;
#6434 = ORIENTED_EDGE ( 'NONE', *, *, #6333, .F. ) ;
#6435 = EDGE_CURVE ( 'NONE', #3845, #3454, #5196, .T. ) ;
#6436 = ORIENTED_EDGE ( 'NONE', *, *, #918, .T. ) ;
#6437 = CARTESIAN_POINT ( 'NONE',  ( 0.7801689631185857454, 0.1603122160908259097, 0.002000000000000000042 ) ) ;
#6438 = ORIENTED_EDGE ( 'NONE', *, *, #10172, .F. ) ;
#6439 = LINE ( 'NONE', #944, #384 ) ;
#6440 = EDGE_CURVE ( 'NONE', #9894, #7057, #2686, .T. ) ;
#6441 = VECTOR ( 'NONE', #9689, 39.37007874015748143 ) ;
#6442 = LINE ( 'NONE', #9668, #1856 ) ;
#6443 = CARTESIAN_POINT ( 'NONE',  ( 0.8297200381964193738, 0.3352615344944115949, 0.000000000000000000 ) ) ;
#6444 = DIRECTION ( 'NONE',  ( 0.000000000000000000, -0.7071067811865450192, -0.7071067811865499042 ) ) ;
#6445 = CARTESIAN_POINT ( 'NONE',  ( 0.8299936168305240836, 0.3334923922655684270, 0.002000000000000000042 ) ) ;
#6446 = DIRECTION ( 'NONE',  ( -0.000000000000000000, -0.000000000000000000, -1.000000000000000000 ) ) ;
#6447 = LINE ( 'NONE', #848, #7126 ) ;
#6448 = EDGE_LOOP ( 'NONE', ( #3966, #6037, #8877, #5813 ) ) ;
#6449 = VERTEX_POINT ( 'NONE', #9164 ) ;
#6450 = VERTEX_POINT ( 'NONE', #8282 ) ;
#6451 = DIRECTION ( 'NONE',  ( 1.000000000000000000, 0.000000000000000000, 0.000000000000000000 ) ) ;
#6452 = DIRECTION ( 'NONE',  ( -0.000000000000000000, -0.000000000000000000, -1.000000000000000000 ) ) ;
#6453 = EDGE_CURVE ( 'NONE', #7417, #9549, #222, .T. ) ;
#6454 = CARTESIAN_POINT ( 'NONE',  ( 0.7756208272628999367, 0.1630569875228374821, 0.002000000000000000042 ) ) ;
#6455 = B_SPLINE_SURFACE_WITH_KNOTS ( 'NONE', 3, 1, ( 
 ( #7551, #5254 ),
 ( #2745, #8438 ),
 ( #6818, #6136 ),
 ( #5931, #4413 ),
 ( #1962, #6769 ),
 ( #385, #10052 ),
 ( #2012, #6091 ),
 ( #8489, #3626 ),
 ( #9320, #9997 ),
 ( #4514, #1326 ),
 ( #4461, #2161 ) ),
 .UNSPECIFIED., .F., .F., .F.,
 ( 4, 1, 1, 1, 1, 1, 1, 1, 4 ),
 ( 2, 2 ),
 ( 0.000000000000000000, 0.1354037467141828155, 0.2622251654516490338, 0.3858490677562561033, 0.5108573636088564740, 0.6349774647635310076, 0.7532990766584793940, 0.8739320409395665568, 1.000000000000000000 ),
 ( 0.000000000000000000, 1.000000000000000000 ),
 .UNSPECIFIED. ) ;
#6456 = ORIENTED_EDGE ( 'NONE', *, *, #8853, .F. ) ;
#6457 = ORIENTED_EDGE ( 'NONE', *, *, #7533, .T. ) ;
#6458 = CARTESIAN_POINT ( 'NONE',  ( 0.6489999999999997993, 0.03300000000000000155, -0.3305000000000000160 ) ) ;
#6459 = DIRECTION ( 'NONE',  ( 1.000000000000000000, 0.000000000000000000, 0.000000000000000000 ) ) ;
#6460 = CARTESIAN_POINT ( 'NONE',  ( 0.1149999999999998801, 0.1140000000000000041, -0.2199999999999999456 ) ) ;
#6461 = LINE ( 'NONE', #5731, #5748 ) ;
#6462 = EDGE_CURVE ( 'NONE', #2944, #5826, #3625, .T. ) ;
#6463 = EDGE_CURVE ( 'NONE', #5825, #5171, #8386, .T. ) ;
#6464 = EDGE_CURVE ( 'NONE', #4992, #4992, #2065, .T. ) ;
#6465 = DIRECTION ( 'NONE',  ( -1.000000000000000000, 0.000000000000000000, 0.000000000000000000 ) ) ;
#6466 = ORIENTED_EDGE ( 'NONE', *, *, #4223, .T. ) ;
#6467 = DIRECTION ( 'NONE',  ( 0.9746736483397857587, -0.2236320174572765385, 0.000000000000000000 ) ) ;
#6468 = AXIS2_PLACEMENT_3D ( 'NONE', #1372, #9417, #9263 ) ;
#6469 = CARTESIAN_POINT ( 'NONE',  ( 1.026000000000000023, 0.1139999999999998653, -0.2199999999999999456 ) ) ;
#6470 = DIRECTION ( 'NONE',  ( -2.626776916984868821E-16, -1.000000000000000000, 0.000000000000000000 ) ) ;
#6471 = LINE ( 'NONE', #7300, #8886 ) ;
#6472 = EDGE_LOOP ( 'NONE', ( #2105, #9453, #5235, #8707 ) ) ;
#6473 = CARTESIAN_POINT ( 'NONE',  ( 0.8299909106424572247, 0.3333292669912131245, 0.000000000000000000 ) ) ;
#6474 = CARTESIAN_POINT ( 'NONE',  ( 0.4509999999999999010, -0.1224999999999999978, -0.3255000000000000115 ) ) ;
#6475 = CARTESIAN_POINT ( 'NONE',  ( 0.8249393996844880395, 0.3427384989334236187, 0.000000000000000000 ) ) ;
#6476 = CARTESIAN_POINT ( 'NONE',  ( 0.4009999999999999676, -0.1250000000000000000, -0.4349999999999999423 ) ) ;
#6477 = EDGE_CURVE ( 'NONE', #9087, #6660, #5098, .T. ) ;
#6478 = VECTOR ( 'NONE', #9964, 39.37007874015748854 ) ;
#6479 = EDGE_CURVE ( 'NONE', #8287, #7021, #9897, .T. ) ;
#6480 = CARTESIAN_POINT ( 'NONE',  ( 0.7689990029917342929, 0.1608500052168329308, 0.000000000000000000 ) ) ;
#6481 = DIRECTION ( 'NONE',  ( 0.4530362792511486436, 0.8914920805493872225, 0.000000000000000000 ) ) ;
#6482 = VERTEX_POINT ( 'NONE', #9114 ) ;
#6483 = DIRECTION ( 'NONE',  ( -1.000000000000000000, 0.000000000000000000, -0.000000000000000000 ) ) ;
#6484 = ORIENTED_EDGE ( 'NONE', *, *, #7865, .F. ) ;
#6485 = VECTOR ( 'NONE', #5429, 39.37007874015748143 ) ;
#6486 = VERTEX_POINT ( 'NONE', #484 ) ;
#6487 = DIRECTION ( 'NONE',  ( -1.000000000000000000, 0.000000000000000000, -0.000000000000000000 ) ) ;
#6488 = ORIENTED_EDGE ( 'NONE', *, *, #8138, .F. ) ;
#6489 = PLANE ( 'NONE',  #52 ) ;
#6490 = CARTESIAN_POINT ( 'NONE',  ( 0.7709886980136790857, 0.1544867940037849552, 0.000000000000000000 ) ) ;
#6491 = DIRECTION ( 'NONE',  ( 0.000000000000000000, 0.7071067811865483499, -0.7071067811865466846 ) ) ;
#6492 = VECTOR ( 'NONE', #7309, 39.37007874015748143 ) ;
#6493 = EDGE_CURVE ( 'NONE', #8841, #7223, #8401, .T. ) ;
#6494 = PLANE ( 'NONE',  #4528 ) ;
#6495 = EDGE_CURVE ( 'NONE', #2000, #8255, #3680, .T. ) ;
#6496 = DIRECTION ( 'NONE',  ( 0.000000000000000000, -0.7071067811865500152, 0.7071067811865451302 ) ) ;
#6497 = VECTOR ( 'NONE', #5709, 39.37007874015748143 ) ;
#6498 = DIRECTION ( 'NONE',  ( 0.000000000000000000, -0.7071067811865474617, -0.7071067811865474617 ) ) ;
#6499 = FACE_OUTER_BOUND ( 'NONE', #6727, .T. ) ;
#6500 = VERTEX_POINT ( 'NONE', #5253 ) ;
#6501 = EDGE_LOOP ( 'NONE', ( #4861, #9709, #1555, #9252 ) ) ;
#6502 = EDGE_LOOP ( 'NONE', ( #578, #1220, #4469, #3786, #1508, #4925, #6670, #4136 ) ) ;
#6503 = CARTESIAN_POINT ( 'NONE',  ( 0.4924999999999999378, 0.2904999999999998139, 0.2379999999999999893 ) ) ;
#6504 = CARTESIAN_POINT ( 'NONE',  ( 0.7669557658401549016, 0.1448446243119968224, 0.002000000000000000042 ) ) ;
#6505 = EDGE_CURVE ( 'NONE', #5917, #3182, #5978, .T. ) ;
#6506 = VECTOR ( 'NONE', #3252, 39.37007874015748143 ) ;
#6507 = EDGE_CURVE ( 'NONE', #8098, #202, #1170, .T. ) ;
#6508 = CARTESIAN_POINT ( 'NONE',  ( 0.1149999999999998801, 0.000000000000000000, -0.4454999999999999516 ) ) ;
#6509 = ORIENTED_EDGE ( 'NONE', *, *, #8329, .F. ) ;
#6510 = ORIENTED_EDGE ( 'NONE', *, *, #2626, .F. ) ;
#6511 = ORIENTED_EDGE ( 'NONE', *, *, #9090, .F. ) ;
#6512 = CARTESIAN_POINT ( 'NONE',  ( 0.7569999999999998952, 0.2034999999999998199, 0.2379999999999999893 ) ) ;
#6513 = EDGE_CURVE ( 'NONE', #1125, #8940, #9945, .T. ) ;
#6514 = CARTESIAN_POINT ( 'NONE',  ( 0.7720918658014966907, 0.1591402898499106322, 0.002000000000000000042 ) ) ;
#6515 = DIRECTION ( 'NONE',  ( 1.000000000000000000, 0.000000000000000000, 0.000000000000000000 ) ) ;
#6516 = DIRECTION ( 'NONE',  ( 0.000000000000000000, -1.000000000000000000, 0.000000000000000000 ) ) ;
#6517 = AXIS2_PLACEMENT_3D ( 'NONE', #2070, #2999, #2904 ) ;
#6518 = DIRECTION ( 'NONE',  ( 0.000000000000000000, -0.000000000000000000, 1.000000000000000000 ) ) ;
#6519 = EDGE_LOOP ( 'NONE', ( #1269, #526, #7363, #2994, #8621, #4829, #8305, #3687 ) ) ;
#6520 = FACE_OUTER_BOUND ( 'NONE', #2423, .T. ) ;
#6521 = B_SPLINE_CURVE_WITH_KNOTS ( 'NONE', 3,
 ( #5284, #3716, #6799, #3662, #4551, #9977, #579, #8469, #6906, #8520, #2830 ),
 .UNSPECIFIED., .F., .F.,
 ( 4, 1, 1, 1, 1, 1, 1, 1, 4 ),
 ( 0.000000000000000000, 0.1103603399843336580, 0.2211857967812547454, 0.3343638213725614317, 0.4529765798273928112, 0.5772343082002506787, 0.7088043240432337910, 0.8493551270704364775, 1.000000000000000000 ),
 .UNSPECIFIED. ) ;
#6522 = CARTESIAN_POINT ( 'NONE',  ( 0.4335235646301900947, 0.1479457070378088490, 0.000000000000000000 ) ) ;
#6523 = CARTESIAN_POINT ( 'NONE',  ( 0.4405500186030285592, 0.1556581882911906300, 0.000000000000000000 ) ) ;
#6524 = PRODUCT_RELATED_PRODUCT_CATEGORY ( 'detail', '', ( #4026 ) ) ;
#6525 = ORIENTED_EDGE ( 'NONE', *, *, #295, .T. ) ;
#6526 = DIRECTION ( 'NONE',  ( 0.000000000000000000, 0.000000000000000000, 1.000000000000000000 ) ) ;
#6527 = DIRECTION ( 'NONE',  ( 0.000000000000000000, 0.000000000000000000, 1.000000000000000000 ) ) ;
#6528 = CARTESIAN_POINT ( 'NONE',  ( 0.4371543786620399330, 0.1386556837640715301, 0.002000000000000000042 ) ) ;
#6529 = FACE_OUTER_BOUND ( 'NONE', #1105, .T. ) ;
#6530 = EDGE_CURVE ( 'NONE', #6587, #330, #4460, .T. ) ;
#6531 = DIRECTION ( 'NONE',  ( -0.000000000000000000, -0.000000000000000000, -1.000000000000000000 ) ) ;
#6532 = CARTESIAN_POINT ( 'NONE',  ( 0.5389999999999999236, 0.1784999999999998255, 0.2304999999999999827 ) ) ;
#6533 = CARTESIAN_POINT ( 'NONE',  ( 0.7279999999999999805, 0.2904999999999998139, 0.000000000000000000 ) ) ;
#6534 = EDGE_CURVE ( 'NONE', #8997, #2196, #9318, .T. ) ;
#6535 = ORIENTED_EDGE ( 'NONE', *, *, #9462, .T. ) ;
#6536 = FACE_OUTER_BOUND ( 'NONE', #6027, .T. ) ;
#6537 = ORIENTED_EDGE ( 'NONE', *, *, #8854, .F. ) ;
#6538 = ORIENTED_EDGE ( 'NONE', *, *, #1358, .F. ) ;
#6539 = CARTESIAN_POINT ( 'NONE',  ( 0.7722834327113256014, 0.1720810511266692433, 0.002000000000000000042 ) ) ;
#6540 = ORIENTED_EDGE ( 'NONE', *, *, #2827, .F. ) ;
#6541 = CARTESIAN_POINT ( 'NONE',  ( 0.7029999999999999583, 0.2904999999999998139, 0.2379999999999999893 ) ) ;
#6542 = VECTOR ( 'NONE', #818, 39.37007874015748143 ) ;
#6543 = DIRECTION ( 'NONE',  ( -1.000000000000000000, 0.000000000000000000, 0.000000000000000000 ) ) ;
#6544 = CARTESIAN_POINT ( 'NONE',  ( 0.8282868710977353555, 0.3372334289536664809, 0.000000000000000000 ) ) ;
#6545 = VECTOR ( 'NONE', #10168, 39.37007874015748143 ) ;
#6546 = CARTESIAN_POINT ( 'NONE',  ( 0.8414999999999999147, 0.4284999999999998810, 0.2079999999999999627 ) ) ;
#6547 = DIRECTION ( 'NONE',  ( 0.000000000000000000, -0.7071067811865475727, 0.7071067811865475727 ) ) ;
#6548 = VECTOR ( 'NONE', #8647, 39.37007874015748143 ) ;
#6549 = CARTESIAN_POINT ( 'NONE',  ( 1.212999999999999856, 0.4939999999999999947, 0.000000000000000000 ) ) ;
#6550 = LINE ( 'NONE', #8266, #5132 ) ;
#6551 = ORIENTED_EDGE ( 'NONE', *, *, #7160, .T. ) ;
#6552 = ORIENTED_EDGE ( 'NONE', *, *, #7510, .T. ) ;
#6553 = ORIENTED_EDGE ( 'NONE', *, *, #3213, .F. ) ;
#6554 = CARTESIAN_POINT ( 'NONE',  ( 0.6654999999999998694, 0.2034999999999998199, 0.2379999999999999893 ) ) ;
#6555 = CARTESIAN_POINT ( 'NONE',  ( 0.7745931458419679227, 0.1717247194128219967, 0.000000000000000000 ) ) ;
#6556 = VECTOR ( 'NONE', #10096, 39.37007874015748143 ) ;
#6557 = CARTESIAN_POINT ( 'NONE',  ( 0.8223911576717619631, 0.3308751982020680660, 0.002000000000000000042 ) ) ;
#6558 = ORIENTED_EDGE ( 'NONE', *, *, #3523, .F. ) ;
#6559 = EDGE_CURVE ( 'NONE', #9993, #2347, #7211, .T. ) ;
#6560 = ORIENTED_EDGE ( 'NONE', *, *, #9590, .F. ) ;
#6561 = ORIENTED_EDGE ( 'NONE', *, *, #5473, .T. ) ;
#6562 = VECTOR ( 'NONE', #4887, 39.37007874015748143 ) ;
#6563 = LINE ( 'NONE', #9788, #2556 ) ;
#6564 = VECTOR ( 'NONE', #9924, 39.37007874015748143 ) ;
#6565 = LINE ( 'NONE', #2534, #9208 ) ;
#6566 = CARTESIAN_POINT ( 'NONE',  ( 0.4374999999999998890, 0.1784999999999998255, 0.2379999999999999893 ) ) ;
#6567 = CARTESIAN_POINT ( 'NONE',  ( 1.054000000000000048, 0.2469999999999999418, -0.1649999999999999523 ) ) ;
#6568 = DIRECTION ( 'NONE',  ( -1.000000000000000000, 0.000000000000000000, 0.000000000000000000 ) ) ;
#6569 = VECTOR ( 'NONE', #4310, 39.37007874015748143 ) ;
#6570 = VECTOR ( 'NONE', #6426, 39.37007874015748854 ) ;
#6571 = VERTEX_POINT ( 'NONE', #54 ) ;
#6572 = CARTESIAN_POINT ( 'NONE',  ( 0.7635354490816528283, 0.1651028093749961068, 0.000000000000000000 ) ) ;
#6573 = CARTESIAN_POINT ( 'NONE',  ( 0.4337403957416710587, 0.1492212194414283266, 0.002000000000000000042 ) ) ;
#6574 = DIRECTION ( 'NONE',  ( 0.7071067811865451302, -0.7071067811865500152, 0.000000000000000000 ) ) ;
#6575 = VECTOR ( 'NONE', #9871, 39.37007874015748143 ) ;
#6576 = EDGE_LOOP ( 'NONE', ( #607, #1071, #6787, #2271 ) ) ;
#6577 = PLANE ( 'NONE',  #4031 ) ;
#6578 = CARTESIAN_POINT ( 'NONE',  ( 0.3959999999999999631, -0.1224999999999999978, -0.4375000000000000000 ) ) ;
#6579 = CARTESIAN_POINT ( 'NONE',  ( 0.8263895854460688861, 0.3429631920372863130, 0.002000000000000000042 ) ) ;
#6580 = CARTESIAN_POINT ( 'NONE',  ( 0.7579999999999998961, -0.1174999999999999933, -0.3054999999999999938 ) ) ;
#6581 = CARTESIAN_POINT ( 'NONE',  ( 0.3934999999999999054, -0.1250000000000000000, -0.4250000000000000444 ) ) ;
#6582 = VECTOR ( 'NONE', #4207, 39.37007874015748143 ) ;
#6583 = CARTESIAN_POINT ( 'NONE',  ( 0.8242165392532653234, 0.3292902673486814424, 0.002000000000000000042 ) ) ;
#6584 = CARTESIAN_POINT ( 'NONE',  ( 0.6189999999999999947, 0.3154999999999998361, 0.000000000000000000 ) ) ;
#6585 = VERTEX_POINT ( 'NONE', #4763 ) ;
#6586 = DIRECTION ( 'NONE',  ( -0.000000000000000000, -1.000000000000000000, -0.000000000000000000 ) ) ;
#6587 = VERTEX_POINT ( 'NONE', #7948 ) ;
#6588 = VERTEX_POINT ( 'NONE', #5702 ) ;
#6589 = DIRECTION ( 'NONE',  ( 0.000000000000000000, 0.000000000000000000, 1.000000000000000000 ) ) ;
#6590 = ORIENTED_EDGE ( 'NONE', *, *, #6328, .F. ) ;
#6591 = CARTESIAN_POINT ( 'NONE',  ( 0.8369999999999999662, -0.1250000000000000000, -0.4174999999999999822 ) ) ;
#6592 = DIRECTION ( 'NONE',  ( -0.000000000000000000, -0.000000000000000000, -1.000000000000000000 ) ) ;
#6593 = CARTESIAN_POINT ( 'NONE',  ( 0.5100000000000000089, 0.03300000000000000155, -0.4425000000000000044 ) ) ;
#6594 = EDGE_CURVE ( 'NONE', #2944, #4398, #6974, .T. ) ;
#6595 = DIRECTION ( 'NONE',  ( -0.000000000000000000, 0.7071067811865475727, 0.7071067811865475727 ) ) ;
#6596 = EDGE_CURVE ( 'NONE', #1412, #2944, #8535, .T. ) ;
#6597 = DIRECTION ( 'NONE',  ( 0.000000000000000000, -0.000000000000000000, 1.000000000000000000 ) ) ;
#6598 = ORIENTED_EDGE ( 'NONE', *, *, #8141, .T. ) ;
#6599 = CARTESIAN_POINT ( 'NONE',  ( 0.3844282135025317015, 0.3526769056879103248, 0.002000000000000000042 ) ) ;
#6600 = EDGE_LOOP ( 'NONE', ( #3494, #8911, #2701, #8367 ) ) ;
#6601 = ORIENTED_EDGE ( 'NONE', *, *, #2438, .T. ) ;
#6602 = ORIENTED_EDGE ( 'NONE', *, *, #3507, .F. ) ;
#6603 = DIRECTION ( 'NONE',  ( -1.177520686924251472E-16, -1.000000000000000000, 0.000000000000000000 ) ) ;
#6604 = EDGE_LOOP ( 'NONE', ( #3243 ) ) ;
#6605 = CARTESIAN_POINT ( 'NONE',  ( 0.8275309076699580713, 0.3240623171850621209, 0.002000000000000000042 ) ) ;
#6606 = CARTESIAN_POINT ( 'NONE',  ( 0.7719794784938086574, 0.1720873076955684311, 0.000000000000000000 ) ) ;
#6607 = CARTESIAN_POINT ( 'NONE',  ( 0.8253431190034182796, 0.3289632390226543412, 0.000000000000000000 ) ) ;
#6608 = ORIENTED_EDGE ( 'NONE', *, *, #5189, .F. ) ;
#6609 = ORIENTED_EDGE ( 'NONE', *, *, #3738, .F. ) ;
#6610 = VERTEX_POINT ( 'NONE', #3971 ) ;
#6611 = FACE_OUTER_BOUND ( 'NONE', #2530, .T. ) ;
#6612 = FACE_OUTER_BOUND ( 'NONE', #5578, .T. ) ;
#6613 = FACE_OUTER_BOUND ( 'NONE', #6394, .T. ) ;
#6614 = EDGE_CURVE ( 'NONE', #6788, #8874, #3242, .T. ) ;
#6615 = CARTESIAN_POINT ( 'NONE',  ( 0.7806557786473226068, 0.1633042395997510998, 0.000000000000000000 ) ) ;
#6616 = ADVANCED_FACE ( 'NONE', ( #3289 ), #9445, .T. ) ;
#6617 = ORIENTED_EDGE ( 'NONE', *, *, #10163, .T. ) ;
#6618 = CARTESIAN_POINT ( 'NONE',  ( 0.7694565865355172951, 0.1717402874638890853, 0.002000000000000000042 ) ) ;
#6619 = CARTESIAN_POINT ( 'NONE',  ( 0.7770000000000000240, 0.1834999999999998299, 0.2354999999999999871 ) ) ;
#6620 = FACE_OUTER_BOUND ( 'NONE', #2046, .T. ) ;
#6621 = ORIENTED_EDGE ( 'NONE', *, *, #3247, .F. ) ;
#6622 = DIRECTION ( 'NONE',  ( -0.8914920805493873335, 0.4530362792511486991, 0.000000000000000000 ) ) ;
#6623 = CARTESIAN_POINT ( 'NONE',  ( 0.4368003990627061794, 0.1515916202817745861, -0.000000000000000000 ) ) ;
#6624 = CARTESIAN_POINT ( 'NONE',  ( 0.7756081428408930778, 0.1633297901984075706, 0.002000000000000000042 ) ) ;
#6625 = CARTESIAN_POINT ( 'NONE',  ( 0.6056666666666666865, -0.1308333333333333015, -0.4308333333333333459 ) ) ;
#6626 = EDGE_CURVE ( 'NONE', #1822, #3155, #9506, .T. ) ;
#6627 = LINE ( 'NONE', #194, #9364 ) ;
#6628 = VECTOR ( 'NONE', #7853, 39.37007874015748143 ) ;
#6629 = CARTESIAN_POINT ( 'NONE',  ( 0.8236931155220645895, 0.3295635702595118288, 0.002000000000000000042 ) ) ;
#6630 = PLANE ( 'NONE',  #9311 ) ;
#6631 = EDGE_LOOP ( 'NONE', ( #2949, #3335, #4016, #8093 ) ) ;
#6632 = LINE ( 'NONE', #9812, #3803 ) ;
#6633 = ORIENTED_EDGE ( 'NONE', *, *, #4438, .T. ) ;
#6634 = ORIENTED_EDGE ( 'NONE', *, *, #2343, .T. ) ;
#6635 = CARTESIAN_POINT ( 'NONE',  ( 0.9394999999999998908, 0.3418303204446733190, 0.2379999999999999893 ) ) ;
#6636 = CARTESIAN_POINT ( 'NONE',  ( 0.5474999999999999867, -0.1250000000000000000, -0.3130000000000000560 ) ) ;
#6637 = VECTOR ( 'NONE', #2348, 39.37007874015748854 ) ;
#6638 = LINE ( 'NONE', #1940, #5880 ) ;
#6639 = CARTESIAN_POINT ( 'NONE',  ( 0.4396772562927800387, 0.1390027229478620618, 0.000000000000000000 ) ) ;
#6640 = CARTESIAN_POINT ( 'NONE',  ( 0.8298811155275372942, 0.3423296791784397053, 0.002000000000000000042 ) ) ;
#6641 = PLANE ( 'NONE',  #2821 ) ;
#6642 = VECTOR ( 'NONE', #9695, 39.37007874015748143 ) ;
#6643 = VERTEX_POINT ( 'NONE', #5548 ) ;
#6644 = DIRECTION ( 'NONE',  ( -0.000000000000000000, 1.000000000000000000, -0.000000000000000000 ) ) ;
#6645 = ORIENTED_EDGE ( 'NONE', *, *, #6750, .T. ) ;
#6646 = ORIENTED_EDGE ( 'NONE', *, *, #2137, .F. ) ;
#6647 = EDGE_CURVE ( 'NONE', #6924, #7338, #4075, .T. ) ;
#6648 = ORIENTED_EDGE ( 'NONE', *, *, #5904, .T. ) ;
#6649 = CARTESIAN_POINT ( 'NONE',  ( 0.4380195323720578182, 0.1386781737713093932, 0.002000000000000000042 ) ) ;
#6650 = ORIENTED_EDGE ( 'NONE', *, *, #3398, .F. ) ;
#6651 = CARTESIAN_POINT ( 'NONE',  ( 0.2599999999999998979, 0.3415000000000000258, -0.4899999999999999911 ) ) ;
#6652 = EDGE_CURVE ( 'NONE', #10191, #4581, #4814, .T. ) ;
#6653 = CARTESIAN_POINT ( 'NONE',  ( 0.7775540763638868480, 0.1700512535007670800, 0.000000000000000000 ) ) ;
#6654 = VECTOR ( 'NONE', #1398, 39.37007874015748143 ) ;
#6655 = DIRECTION ( 'NONE',  ( 1.000000000000000000, 0.000000000000000000, 0.000000000000000000 ) ) ;
#6656 = ADVANCED_FACE ( 'NONE', ( #1728 ), #4916, .F. ) ;
#6657 = VECTOR ( 'NONE', #9660, 39.37007874015748143 ) ;
#6658 = LINE ( 'NONE', #2528, #3008 ) ;
#6659 = FACE_OUTER_BOUND ( 'NONE', #10193, .T. ) ;
#6660 = VERTEX_POINT ( 'NONE', #8359 ) ;
#6661 = ORIENTED_EDGE ( 'NONE', *, *, #8760, .F. ) ;
#6662 = EDGE_LOOP ( 'NONE', ( #3664, #6743, #1601, #1056 ) ) ;
#6663 = EDGE_CURVE ( 'NONE', #129, #2192, #4174, .T. ) ;
#6664 = CARTESIAN_POINT ( 'NONE',  ( 0.5939999999999999725, -0.1250000000000000000, -0.4349999999999999423 ) ) ;
#6665 = DIRECTION ( 'NONE',  ( -0.000000000000000000, 0.000000000000000000, 1.000000000000000000 ) ) ;
#6666 = LINE ( 'NONE', #1016, #1929 ) ;
#6667 = PERSON_AND_ORGANIZATION_ROLE ( 'creator' ) ;
#6668 = CYLINDRICAL_SURFACE ( 'NONE', #6318, 0.07200000000000000844 ) ;
#6669 = EDGE_CURVE ( 'NONE', #5640, #3079, #1146, .T. ) ;
#6670 = ORIENTED_EDGE ( 'NONE', *, *, #7167, .T. ) ;
#6671 = CARTESIAN_POINT ( 'NONE',  ( 0.7719794784938086574, 0.1720873076955684311, 0.000000000000000000 ) ) ;
#6672 = CARTESIAN_POINT ( 'NONE',  ( 0.5389999999999999236, 0.1784999999999998255, 0.000000000000000000 ) ) ;
#6673 = CARTESIAN_POINT ( 'NONE',  ( 0.4389783616315570125, 0.1561367646039695245, 0.002000000000000000042 ) ) ;
#6674 = VERTEX_POINT ( 'NONE', #5173 ) ;
#6675 = DIRECTION ( 'NONE',  ( 0.2073096204707214341, 0.9782753810969003760, 0.000000000000000000 ) ) ;
#6676 = CARTESIAN_POINT ( 'NONE',  ( 0.8282728709416398161, 0.3428184292884038364, 0.000000000000000000 ) ) ;
#6677 = CARTESIAN_POINT ( 'NONE',  ( 0.4414999999999997815, 0.4234999999999998765, 0.1079999999999999988 ) ) ;
#6678 = DIRECTION ( 'NONE',  ( -1.000000000000000000, 0.000000000000000000, -0.000000000000000000 ) ) ;
#6679 = CARTESIAN_POINT ( 'NONE',  ( 0.8414999999999999147, 0.06550000000000003042, 0.1079999999999999710 ) ) ;
#6680 = DIRECTION ( 'NONE',  ( -0.000000000000000000, -0.000000000000000000, -1.000000000000000000 ) ) ;
#6681 = DIRECTION ( 'NONE',  ( -0.000000000000000000, 1.000000000000000000, -0.000000000000000000 ) ) ;
#6682 = VECTOR ( 'NONE', #8541, 39.37007874015748143 ) ;
#6683 = ORIENTED_EDGE ( 'NONE', *, *, #5948, .F. ) ;
#6684 = CARTESIAN_POINT ( 'NONE',  ( 0.4291056072791336051, 0.1508337950927216842, 0.000000000000000000 ) ) ;
#6685 = ORIENTED_EDGE ( 'NONE', *, *, #8794, .F. ) ;
#6686 = ORIENTED_EDGE ( 'NONE', *, *, #2372, .T. ) ;
#6687 = CARTESIAN_POINT ( 'NONE',  ( 0.3810000000000000053, 0.3104999999999997762, 0.2354999999999999871 ) ) ;
#6688 = DIRECTION ( 'NONE',  ( 0.000000000000000000, 0.000000000000000000, 1.000000000000000000 ) ) ;
#6689 = CARTESIAN_POINT ( 'NONE',  ( 0.3759999999999999454, -0.1174999999999999933, -0.4425000000000000044 ) ) ;
#6690 = PLANE ( 'NONE',  #61 ) ;
#6691 = DIRECTION ( 'NONE',  ( -0.000000000000000000, -0.000000000000000000, -1.000000000000000000 ) ) ;
#6692 = EDGE_CURVE ( 'NONE', #1060, #4569, #1043, .T. ) ;
#6693 = DIRECTION ( 'NONE',  ( 0.000000000000000000, -1.000000000000000000, 0.000000000000000000 ) ) ;
#6694 = EDGE_CURVE ( 'NONE', #6450, #6486, #5037, .T. ) ;
#6695 = VERTEX_POINT ( 'NONE', #3340 ) ;
#6696 = DIRECTION ( 'NONE',  ( 0.000000000000000000, -1.000000000000000000, 0.000000000000000000 ) ) ;
#6697 = ORIENTED_EDGE ( 'NONE', *, *, #7439, .T. ) ;
#6698 = ORIENTED_EDGE ( 'NONE', *, *, #6406, .F. ) ;
#6699 = ORIENTED_EDGE ( 'NONE', *, *, #2112, .T. ) ;
#6700 = CARTESIAN_POINT ( 'NONE',  ( 0.7684399751051634864, 0.1633468887239177825, 0.002000000000000000042 ) ) ;
#6701 = CARTESIAN_POINT ( 'NONE',  ( 0.7722834327113256014, 0.1720810511266692433, 0.000000000000000000 ) ) ;
#6702 = CARTESIAN_POINT ( 'NONE',  ( 0.8350285682149465316, 0.3336665925924848231, 0.002000000000000000042 ) ) ;
#6703 = DIRECTION ( 'NONE',  ( 1.000000000000000000, -2.371395827833561945E-16, 0.000000000000000000 ) ) ;
#6704 = VECTOR ( 'NONE', #8053, 39.37007874015748143 ) ;
#6705 = PLANE ( 'NONE',  #8667 ) ;
#6706 = AXIS2_PLACEMENT_3D ( 'NONE', #5376, #8561, #10128 ) ;
#6707 = CC_DESIGN_PERSON_AND_ORGANIZATION_ASSIGNMENT ( #3474, #9844, ( #1575 ) ) ;
#6708 = CARTESIAN_POINT ( 'NONE',  ( 0.8247642468738677346, 0.3290830070643018801, 0.000000000000000000 ) ) ;
#6709 = CARTESIAN_POINT ( 'NONE',  ( -1.117071446801986152E-16, 0.4039999999999999702, -0.4899999999999999911 ) ) ;
#6710 = ORIENTED_EDGE ( 'NONE', *, *, #6290, .T. ) ;
#6711 = ORIENTED_EDGE ( 'NONE', *, *, #950, .F. ) ;
#6712 = ORIENTED_EDGE ( 'NONE', *, *, #9389, .F. ) ;
#6713 = DIRECTION ( 'NONE',  ( -0.5773502691896252870, -0.5773502691896267303, 0.5773502691896252870 ) ) ;
#6714 = ADVANCED_FACE ( 'NONE', ( #1884 ), #9868, .T. ) ;
#6715 = DIRECTION ( 'NONE',  ( 0.4530362792511486436, 0.8914920805493872225, 0.000000000000000000 ) ) ;
#6716 = VECTOR ( 'NONE', #4663, 39.37007874015748143 ) ;
#6717 = AXIS2_PLACEMENT_3D ( 'NONE', #3447, #6691, #1251 ) ;
#6718 = APPROVAL_ROLE ( '' ) ;
#6719 = B_SPLINE_CURVE_WITH_KNOTS ( 'NONE', 3,
 ( #532, #3724, #3778, #9307, #8679, #8625, #8581 ),
 .UNSPECIFIED., .F., .F.,
 ( 4, 1, 1, 1, 4 ),
 ( 0.000000000000000000, 0.2636542475285776344, 0.5199803460206469108, 0.7671028029252388025, 1.000000000000000000 ),
 .UNSPECIFIED. ) ;
#6720 = ADVANCED_FACE ( 'NONE', ( #8258 ), #4962, .T. ) ;
#6721 = ORIENTED_EDGE ( 'NONE', *, *, #553, .F. ) ;
#6722 = EDGE_CURVE ( 'NONE', #3941, #4271, #8477, .T. ) ;
#6723 = CARTESIAN_POINT ( 'NONE',  ( 0.8256498473883827627, 0.3239057549197819075, 0.002000000000000000042 ) ) ;
#6724 = VECTOR ( 'NONE', #6910, 39.37007874015748143 ) ;
#6725 = CARTESIAN_POINT ( 'NONE',  ( 0.5399999999999999245, -0.1250000000000000000, -0.3130000000000000560 ) ) ;
#6726 = CARTESIAN_POINT ( 'NONE',  ( 0.4309999999999999387, -0.1250000000000000000, -0.3054999999999999938 ) ) ;
#6727 = EDGE_LOOP ( 'NONE', ( #10268 ) ) ;
#6728 = CARTESIAN_POINT ( 'NONE',  ( 0.4309999999999999387, 0.03300000000000000155, -0.3054999999999999938 ) ) ;
#6729 = PLANE ( 'NONE',  #10236 ) ;
#6730 = LINE ( 'NONE', #5003, #9544 ) ;
#6731 = LINE ( 'NONE', #2757, #1392 ) ;
#6732 = AXIS2_PLACEMENT_3D ( 'NONE', #4270, #6574, #134 ) ;
#6733 = VECTOR ( 'NONE', #6210, 39.37007874015748143 ) ;
#6734 = LINE ( 'NONE', #2760, #3022 ) ;
#6735 = LINE ( 'NONE', #4277, #10320 ) ;
#6736 = CARTESIAN_POINT ( 'NONE',  ( 0.8452586961495975881, 0.06549999999999996103, 0.2379999999999999893 ) ) ;
#6737 = AXIS2_PLACEMENT_3D ( 'NONE', #8088, #934, #6780 ) ;
#6738 = CARTESIAN_POINT ( 'NONE',  ( 0.8279640219462356399, 0.3374453148148117698, 0.002000000000000000042 ) ) ;
#6739 = EDGE_LOOP ( 'NONE', ( #1584, #702, #6171, #3869, #1497, #3924, #110, #5014 ) ) ;
#6740 = CARTESIAN_POINT ( 'NONE',  ( 0.4289636321713942158, 0.1504349209335059667, 0.000000000000000000 ) ) ;
#6741 = ORIENTED_EDGE ( 'NONE', *, *, #8315, .T. ) ;
#6742 = VECTOR ( 'NONE', #9022, 39.37007874015748143 ) ;
#6743 = ORIENTED_EDGE ( 'NONE', *, *, #816, .F. ) ;
#6744 = CARTESIAN_POINT ( 'NONE',  ( 0.7719794784938086574, 0.1720873076955684311, 0.002000000000000000042 ) ) ;
#6745 = CARTESIAN_POINT ( 'NONE',  ( 0.5100000000000000089, 0.3154999999999998361, 0.2305000000000000104 ) ) ;
#6746 = DIRECTION ( 'NONE',  ( 0.8912780307610858044, -0.4534572437205530160, 0.000000000000000000 ) ) ;
#6747 = CARTESIAN_POINT ( 'NONE',  ( 0.7714175419553686019, 0.1425968781582367673, 0.000000000000000000 ) ) ;
#6748 =( GEOMETRIC_REPRESENTATION_CONTEXT ( 3 ) GLOBAL_UNCERTAINTY_ASSIGNED_CONTEXT ( ( #1183 ) ) GLOBAL_UNIT_ASSIGNED_CONTEXT ( ( #2013, #8286, #5199 ) ) REPRESENTATION_CONTEXT ( 'NONE', 'WORKASPACE' ) );
#6749 = CARTESIAN_POINT ( 'NONE',  ( 0.8306259330191491097, 0.3419557457547377499, 0.002000000000000000042 ) ) ;
#6750 = EDGE_CURVE ( 'NONE', #10304, #9494, #1775, .T. ) ;
#6751 = DIRECTION ( 'NONE',  ( -1.000000000000000000, 0.000000000000000000, -0.000000000000000000 ) ) ;
#6752 = EDGE_CURVE ( 'NONE', #8949, #7966, #3443, .T. ) ;
#6753 = ORIENTED_EDGE ( 'NONE', *, *, #3367, .F. ) ;
#6754 = DIRECTION ( 'NONE',  ( 0.000000000000000000, 0.000000000000000000, -1.000000000000000000 ) ) ;
#6755 = VERTEX_POINT ( 'NONE', #9088 ) ;
#6756 = ORIENTED_EDGE ( 'NONE', *, *, #4548, .F. ) ;
#6757 = ORIENTED_EDGE ( 'NONE', *, *, #5374, .T. ) ;
#6758 = CARTESIAN_POINT ( 'NONE',  ( 0.7686739025979792972, 0.1646369545247902688, 0.002000000000000000042 ) ) ;
#6759 = DIRECTION ( 'NONE',  ( 0.000000000000000000, 0.000000000000000000, 1.000000000000000000 ) ) ;
#6760 = CARTESIAN_POINT ( 'NONE',  ( 0.7634010259078647387, 0.1630342086027125048, 0.002000000000000000042 ) ) ;
#6761 = CARTESIAN_POINT ( 'NONE',  ( 0.1149999999999998801, 0.1140000000000000180, -0.2919999999999999263 ) ) ;
#6762 = CARTESIAN_POINT ( 'NONE',  ( 0.5639999999999999458, 0.1784999999999998255, 0.2304999999999999827 ) ) ;
#6763 = CARTESIAN_POINT ( 'NONE',  ( 0.4329780630910206041, 0.1396833439402393462, 0.000000000000000000 ) ) ;
#6764 = DIRECTION ( 'NONE',  ( 1.000000000000000000, -2.371395827833563917E-16, 0.000000000000000000 ) ) ;
#6765 = ORIENTED_EDGE ( 'NONE', *, *, #5710, .F. ) ;
#6766 = ORIENTED_EDGE ( 'NONE', *, *, #3685, .F. ) ;
#6767 = ORIENTED_EDGE ( 'NONE', *, *, #5426, .T. ) ;
#6768 = DIRECTION ( 'NONE',  ( -1.000000000000000000, 0.000000000000000000, 0.000000000000000000 ) ) ;
#6769 = CARTESIAN_POINT ( 'NONE',  ( 0.4401334505621712911, 0.1498978277912006718, 0.000000000000000000 ) ) ;
#6770 = CARTESIAN_POINT ( 'NONE',  ( 1.054000000000000048, 0.2469999999999999418, -0.09499999999999994560 ) ) ;
#6771 = VERTEX_POINT ( 'NONE', #9763 ) ;
#6772 = CARTESIAN_POINT ( 'NONE',  ( 0.7702680069760240444, 0.1719460592857508241, 0.002000000000000000042 ) ) ;
#6773 = LINE ( 'NONE', #1863, #1806 ) ;
#6774 = CARTESIAN_POINT ( 'NONE',  ( 0.4454078539893272515, 0.1500536761497780758, 0.000000000000000000 ) ) ;
#6775 = EDGE_LOOP ( 'NONE', ( #2659, #6757, #4884, #5083 ) ) ;
#6776 = LINE ( 'NONE', #7659, #4873 ) ;
#6777 = CARTESIAN_POINT ( 'NONE',  ( 0.9543164444799359103, 0.3394908818425781405, 0.2379999999999999893 ) ) ;
#6778 = EDGE_CURVE ( 'NONE', #8117, #10155, #5800, .T. ) ;
#6779 = DIRECTION ( 'NONE',  ( 1.000000000000000000, 0.000000000000000000, 0.000000000000000000 ) ) ;
#6780 = DIRECTION ( 'NONE',  ( 0.000000000000000000, 0.000000000000000000, 1.000000000000000000 ) ) ;
#6781 = EDGE_CURVE ( 'NONE', #9563, #8410, #8700, .T. ) ;
#6782 = LINE ( 'NONE', #2811, #4529 ) ;
#6783 = CARTESIAN_POINT ( 'NONE',  ( 0.8163273202156631214, 0.3314581819964155796, 0.002000000000000000042 ) ) ;
#6784 = LINE ( 'NONE', #400, #9644 ) ;
#6785 = CARTESIAN_POINT ( 'NONE',  ( 0.8261443515422099981, 0.3379316909192445206, 0.002000000000000000042 ) ) ;
#6786 = LINE ( 'NONE', #3598, #8725 ) ;
#6787 = ORIENTED_EDGE ( 'NONE', *, *, #6530, .F. ) ;
#6788 = VERTEX_POINT ( 'NONE', #5013 ) ;
#6789 = CARTESIAN_POINT ( 'NONE',  ( 0.4284819353441371992, 0.1476468823225153548, 0.002000000000000000042 ) ) ;
#6790 = DIRECTION ( 'NONE',  ( -0.1559625734730109292, 0.9877629653290691536, 0.000000000000000000 ) ) ;
#6791 = EDGE_CURVE ( 'NONE', #8697, #2312, #7523, .T. ) ;
#6792 = DIRECTION ( 'NONE',  ( 0.000000000000000000, 0.000000000000000000, -1.000000000000000000 ) ) ;
#6793 = PLANE ( 'NONE',  #386 ) ;
#6794 = VECTOR ( 'NONE', #4853, 39.37007874015748143 ) ;
#6795 = CARTESIAN_POINT ( 'NONE',  ( 0.8282728709416398161, 0.3428184292884038364, 0.000000000000000000 ) ) ;
#6796 = LINE ( 'NONE', #8365, #7491 ) ;
#6797 = ORIENTED_EDGE ( 'NONE', *, *, #7832, .F. ) ;
#6798 = VECTOR ( 'NONE', #4973, 39.37007874015748143 ) ;
#6799 = CARTESIAN_POINT ( 'NONE',  ( 0.8257154558694616009, 0.3379154167105136164, 0.000000000000000000 ) ) ;
#6800 = ORIENTED_EDGE ( 'NONE', *, *, #1668, .F. ) ;
#6801 = ORIENTED_EDGE ( 'NONE', *, *, #10266, .F. ) ;
#6802 = EDGE_LOOP ( 'NONE', ( #2208, #9786, #4618, #4512 ) ) ;
#6803 = CARTESIAN_POINT ( 'NONE',  ( 0.4455979296268487433, 0.1456347436406049412, 0.000000000000000000 ) ) ;
#6804 = ADVANCED_FACE ( 'NONE', ( #6058, #4593 ), #6209, .T. ) ;
#6805 = VERTEX_POINT ( 'NONE', #1346 ) ;
#6806 = CARTESIAN_POINT ( 'NONE',  ( 0.8369999999999999662, 0.2904999999999998139, 0.2305000000000000104 ) ) ;
#6807 = CARTESIAN_POINT ( 'NONE',  ( 1.212999999999999856, 0.1299999999999998657, -0.1659999999999999531 ) ) ;
#6808 = EDGE_CURVE ( 'NONE', #8827, #6755, #1627, .T. ) ;
#6809 = CARTESIAN_POINT ( 'NONE',  ( 0.8256498473883827627, 0.3239057549197819075, 0.002000000000000000042 ) ) ;
#6810 = VECTOR ( 'NONE', #9339, 39.37007874015748143 ) ;
#6811 = CARTESIAN_POINT ( 'NONE',  ( 0.4309458263081459850, 0.1413091365864510562, 0.002000000000000000042 ) ) ;
#6812 = PLANE ( 'NONE',  #788 ) ;
#6813 = EDGE_LOOP ( 'NONE', ( #2379, #7658, #7159, #4578 ) ) ;
#6814 = ORIENTED_EDGE ( 'NONE', *, *, #4233, .T. ) ;
#6815 = ORIENTED_EDGE ( 'NONE', *, *, #4165, .F. ) ;
#6816 = FACE_OUTER_BOUND ( 'NONE', #8217, .T. ) ;
#6817 = VECTOR ( 'NONE', #822, 39.37007874015748143 ) ;
#6818 = CARTESIAN_POINT ( 'NONE',  ( 0.4406671373630925426, 0.1484699529602993839, 0.002000000000000000042 ) ) ;
#6819 = ADVANCED_FACE ( 'NONE', ( #7727 ), #8510, .F. ) ;
#6820 = VECTOR ( 'NONE', #5491, 39.37007874015748143 ) ;
#6821 = ORIENTED_EDGE ( 'NONE', *, *, #6958, .T. ) ;
#6822 = DIRECTION ( 'NONE',  ( -0.000000000000000000, -0.000000000000000000, -1.000000000000000000 ) ) ;
#6823 = AXIS2_PLACEMENT_3D ( 'NONE', #5230, #7629, #6751 ) ;
#6824 = FACE_OUTER_BOUND ( 'NONE', #8396, .T. ) ;
#6825 = ADVANCED_FACE ( 'NONE', ( #571 ), #7672, .F. ) ;
#6826 = CARTESIAN_POINT ( 'NONE',  ( 0.4443605041735192440, 0.1523823140068465420, 0.002000000000000000042 ) ) ;
#6827 = ORIENTED_EDGE ( 'NONE', *, *, #9523, .T. ) ;
#6828 = DIRECTION ( 'NONE',  ( -1.000000000000000000, -0.000000000000000000, -0.000000000000000000 ) ) ;
#6829 = CARTESIAN_POINT ( 'NONE',  ( 0.8326177849804817788, 0.3403607019921953136, 0.000000000000000000 ) ) ;
#6830 = CARTESIAN_POINT ( 'NONE',  ( 0.7756208272628999367, 0.1630569875228374821, 0.002000000000000000042 ) ) ;
#6831 = FACE_OUTER_BOUND ( 'NONE', #4073, .T. ) ;
#6832 = DIRECTION ( 'NONE',  ( -0.000000000000000000, 1.000000000000000000, -0.000000000000000000 ) ) ;
#6833 = AXIS2_PLACEMENT_3D ( 'NONE', #108, #6392, #6498 ) ;
#6834 = CARTESIAN_POINT ( 'NONE',  ( 0.3844282135025317015, 0.3526769056879103248, 0.002000000000000000042 ) ) ;
#6835 = CARTESIAN_POINT ( 'NONE',  ( 0.8904999999999999583, 0.3415000000000002478, -0.4899999999999999911 ) ) ;
#6836 = CARTESIAN_POINT ( 'NONE',  ( 0.8262757825879454288, 0.3379296610649819010, 0.000000000000000000 ) ) ;
#6837 = CARTESIAN_POINT ( 'NONE',  ( 0.7740287714591403967, 0.1664170544062558155, 0.000000000000000000 ) ) ;
#6838 = ORIENTED_EDGE ( 'NONE', *, *, #6440, .T. ) ;
#6839 = ORIENTED_EDGE ( 'NONE', *, *, #9018, .T. ) ;
#6840 = DIRECTION ( 'NONE',  ( -1.000000000000000000, 0.000000000000000000, 0.000000000000000000 ) ) ;
#6841 = ADVANCED_FACE ( 'NONE', ( #2131 ), #1247, .T. ) ;
#6842 = CARTESIAN_POINT ( 'NONE',  ( 0.8782586961495976174, 0.4134999999999999232, 0.2379999999999999893 ) ) ;
#6843 = EDGE_CURVE ( 'NONE', #2383, #8485, #3703, .T. ) ;
#6844 = CARTESIAN_POINT ( 'NONE',  ( 0.4299999999999999378, 0.2034999999999998199, 0.2379999999999999893 ) ) ;
#6845 = CARTESIAN_POINT ( 'NONE',  ( 0.8782586961495976174, 0.3514999999999999791, 0.2379999999999999893 ) ) ;
#6846 = CARTESIAN_POINT ( 'NONE',  ( 0.4340872745334477534, 0.1454270871149139222, 0.002000000000000000042 ) ) ;
#6847 = VECTOR ( 'NONE', #9542, 39.37007874015748143 ) ;
#6848 = CARTESIAN_POINT ( 'NONE',  ( 0.3714999999999998304, 0.4234999999999998765, 0.1080000000000000265 ) ) ;
#6849 = EDGE_CURVE ( 'NONE', #4789, #4789, #8868, .T. ) ;
#6850 = EDGE_LOOP ( 'NONE', ( #8008, #2895, #9369, #9628 ) ) ;
#6851 = DIRECTION ( 'NONE',  ( -1.000000000000000000, 1.323569764372220076E-16, -0.000000000000000000 ) ) ;
#6852 = ORIENTED_EDGE ( 'NONE', *, *, #5419, .T. ) ;
#6853 = EDGE_LOOP ( 'NONE', ( #3561, #9254, #5252, #3064 ) ) ;
#6854 = ORIENTED_EDGE ( 'NONE', *, *, #4768, .F. ) ;
#6855 = LINE ( 'NONE', #2732, #7220 ) ;
#6856 = ORIENTED_EDGE ( 'NONE', *, *, #6927, .F. ) ;
#6857 = CARTESIAN_POINT ( 'NONE',  ( 0.7635281749994782263, 0.1615335956672551976, 0.002000000000000000042 ) ) ;
#6858 = CARTESIAN_POINT ( 'NONE',  ( 0.4457173756285661703, 0.1483052793090132715, 0.000000000000000000 ) ) ;
#6859 = DIRECTION ( 'NONE',  ( -0.000000000000000000, -0.000000000000000000, -1.000000000000000000 ) ) ;
#6860 = CARTESIAN_POINT ( 'NONE',  ( 0.7798508425204120353, 0.1594764679076589864, 0.000000000000000000 ) ) ;
#6861 = CARTESIAN_POINT ( 'NONE',  ( 0.8236666666666666581, -0.1308333333333333570, -0.4308333333333332904 ) ) ;
#6862 = FACE_OUTER_BOUND ( 'NONE', #758, .T. ) ;
#6863 = ORIENTED_EDGE ( 'NONE', *, *, #5511, .T. ) ;
#6864 = ORIENTED_EDGE ( 'NONE', *, *, #1936, .F. ) ;
#6865 = VECTOR ( 'NONE', #8677, 39.37007874015748143 ) ;
#6866 = ORIENTED_EDGE ( 'NONE', *, *, #412, .T. ) ;
#6867 = DIRECTION ( 'NONE',  ( -0.000000000000000000, 0.000000000000000000, 1.000000000000000000 ) ) ;
#6868 = VECTOR ( 'NONE', #6389, 39.37007874015748143 ) ;
#6869 = DIRECTION ( 'NONE',  ( 0.000000000000000000, -0.000000000000000000, 1.000000000000000000 ) ) ;
#6870 = VECTOR ( 'NONE', #3695, 39.37007874015748143 ) ;
#6871 = VECTOR ( 'NONE', #6828, 39.37007874015748143 ) ;
#6872 = ORIENTED_EDGE ( 'NONE', *, *, #4860, .T. ) ;
#6873 = PLANE ( 'NONE',  #6517 ) ;
#6874 = ADVANCED_FACE ( 'NONE', ( #5328, #2970 ), #10081, .F. ) ;
#6875 = CARTESIAN_POINT ( 'NONE',  ( 0.8252903368011861307, 0.3378270755322314023, 0.002000000000000000042 ) ) ;
#6876 = EDGE_CURVE ( 'NONE', #3451, #4173, #488, .T. ) ;
#6877 = VECTOR ( 'NONE', #6715, 39.37007874015748854 ) ;
#6878 = EDGE_CURVE ( 'NONE', #3610, #8940, #3119, .T. ) ;
#6879 = CARTESIAN_POINT ( 'NONE',  ( 0.4457173756285661703, 0.1483052793090132715, 0.000000000000000000 ) ) ;
#6880 = VECTOR ( 'NONE', #4218, 39.37007874015748143 ) ;
#6881 = ORIENTED_EDGE ( 'NONE', *, *, #2488, .T. ) ;
#6882 = VECTOR ( 'NONE', #1887, 39.37007874015748143 ) ;
#6883 = DIRECTION ( 'NONE',  ( -0.5773502691896257311, 0.5773502691896257311, 0.5773502691896257311 ) ) ;
#6884 = CARTESIAN_POINT ( 'NONE',  ( 0.8252338799367407995, 0.3428205154013434508, 0.002000000000000000042 ) ) ;
#6885 = DIRECTION ( 'NONE',  ( 1.000000000000000000, 0.000000000000000000, -0.000000000000000000 ) ) ;
#6886 = DIRECTION ( 'NONE',  ( 0.000000000000000000, -0.7071067811865474617, -0.7071067811865474617 ) ) ;
#6887 = VECTOR ( 'NONE', #4298, 39.37007874015748143 ) ;
#6888 = DIRECTION ( 'NONE',  ( 0.000000000000000000, -0.000000000000000000, -1.000000000000000000 ) ) ;
#6889 = CARTESIAN_POINT ( 'NONE',  ( 0.7706682567406326623, 0.1667857430632711524, 0.002000000000000000042 ) ) ;
#6890 = LINE ( 'NONE', #9491, #9805 ) ;
#6891 = CARTESIAN_POINT ( 'NONE',  ( 0.8295622325301642563, 0.3356511457944886812, 0.002000000000000000042 ) ) ;
#6892 = CARTESIAN_POINT ( 'NONE',  ( 0.8119999999999999440, -0.1250000000000000000, -0.4425000000000000044 ) ) ;
#6893 = ORIENTED_EDGE ( 'NONE', *, *, #5, .T. ) ;
#6894 = VERTEX_POINT ( 'NONE', #8662 ) ;
#6895 = CARTESIAN_POINT ( 'NONE',  ( 0.7820000000000000284, 0.2034999999999998199, 0.2379999999999999893 ) ) ;
#6896 = LINE ( 'NONE', #355, #551 ) ;
#6897 = VECTOR ( 'NONE', #2396, 39.37007874015748854 ) ;
#6898 = VECTOR ( 'NONE', #3654, 39.37007874015748143 ) ;
#6899 = DIRECTION ( 'NONE',  ( 0.000000000000000000, 0.000000000000000000, -1.000000000000000000 ) ) ;
#6900 = DIRECTION ( 'NONE',  ( 0.000000000000000000, -0.000000000000000000, -1.000000000000000000 ) ) ;
#6901 = CARTESIAN_POINT ( 'NONE',  ( 1.171000000000000041, 0.05399999999999999245, -0.2919999999999999263 ) ) ;
#6902 = CARTESIAN_POINT ( 'NONE',  ( 1.026000000000000023, 0.05399999999999985367, -0.4899999999999999911 ) ) ;
#6903 = VECTOR ( 'NONE', #836, 39.37007874015748143 ) ;
#6904 = AXIS2_PLACEMENT_3D ( 'NONE', #1677, #3294, #6491 ) ;
#6905 = ORIENTED_EDGE ( 'NONE', *, *, #3754, .T. ) ;
#6906 = CARTESIAN_POINT ( 'NONE',  ( 0.8232245018776858103, 0.3365565665249597438, 0.000000000000000000 ) ) ;
#6907 = EDGE_LOOP ( 'NONE', ( #1245, #6525, #5873, #466 ) ) ;
#6908 = EDGE_LOOP ( 'NONE', ( #9250, #5105, #7959, #369, #8799, #3934 ) ) ;
#6909 = EDGE_LOOP ( 'NONE', ( #5634, #3497, #3430, #9327 ) ) ;
#6910 = DIRECTION ( 'NONE',  ( 0.000000000000000000, 0.000000000000000000, -1.000000000000000000 ) ) ;
#6911 = CARTESIAN_POINT ( 'NONE',  ( 0.7728811175534917588, 0.1720687484304752046, 0.002000000000000000042 ) ) ;
#6912 = AXIS2_PLACEMENT_3D ( 'NONE', #3234, #5745, #3381 ) ;
#6913 = CARTESIAN_POINT ( 'NONE',  ( 0.4407058175849807857, 0.1476747652060336757, 0.002000000000000000042 ) ) ;
#6914 = CARTESIAN_POINT ( 'NONE',  ( 0.4456049352533203445, 0.1491998533589793674, 0.000000000000000000 ) ) ;
#6915 = EDGE_CURVE ( 'NONE', #9470, #352, #1864, .T. ) ;
#6916 = VECTOR ( 'NONE', #3422, 39.37007874015748143 ) ;
#6917 = EDGE_CURVE ( 'NONE', #148, #7881, #2339, .T. ) ;
#6918 = CARTESIAN_POINT ( 'NONE',  ( 0.8190165358689099895, 0.3264423079218926049, 0.000000000000000000 ) ) ;
#6919 = CARTESIAN_POINT ( 'NONE',  ( 0.4421724719503092316, 0.1658871284168743354, 0.002000000000000000042 ) ) ;
#6920 = DIRECTION ( 'NONE',  ( -0.000000000000000000, 0.000000000000000000, 1.000000000000000000 ) ) ;
#6921 = CARTESIAN_POINT ( 'NONE',  ( 0.7029999999999999583, -0.1174999999999999933, -0.4425000000000000044 ) ) ;
#6922 = ORIENTED_EDGE ( 'NONE', *, *, #3462, .T. ) ;
#6923 = ORIENTED_EDGE ( 'NONE', *, *, #10327, .F. ) ;
#6924 = VERTEX_POINT ( 'NONE', #7253 ) ;
#6925 = PLANE ( 'NONE',  #3390 ) ;
#6926 = DIRECTION ( 'NONE',  ( 0.000000000000000000, -0.000000000000000000, -1.000000000000000000 ) ) ;
#6927 = EDGE_CURVE ( 'NONE', #2094, #5009, #7830, .T. ) ;
#6928 = VERTEX_POINT ( 'NONE', #6364 ) ;
#6929 = DIRECTION ( 'NONE',  ( 1.000000000000000000, 2.101421533587895056E-15, -0.000000000000000000 ) ) ;
#6930 = FACE_OUTER_BOUND ( 'NONE', #3372, .T. ) ;
#6931 = ORIENTED_EDGE ( 'NONE', *, *, #10225, .F. ) ;
#6932 = CARTESIAN_POINT ( 'NONE',  ( 0.4419902159618101511, 0.1548560509607877500, 0.000000000000000000 ) ) ;
#6933 = VECTOR ( 'NONE', #4264, 39.37007874015748143 ) ;
#6934 = EDGE_LOOP ( 'NONE', ( #5543, #7390, #5181, #8095 ) ) ;
#6935 = CARTESIAN_POINT ( 'NONE',  ( 0.3714999999999998304, 0.06550000000000003042, 0.2080000000000000460 ) ) ;
#6936 = DIRECTION ( 'NONE',  ( 0.000000000000000000, -1.000000000000000000, 0.000000000000000000 ) ) ;
#6937 = ADVANCED_FACE ( 'NONE', ( #9550 ), #3779, .T. ) ;
#6938 = LINE ( 'NONE', #7661, #537 ) ;
#6939 = CARTESIAN_POINT ( 'NONE',  ( 0.8350003024533280138, 0.3326687089127957075, 0.002000000000000000042 ) ) ;
#6940 = EDGE_CURVE ( 'NONE', #1330, #5723, #9495, .T. ) ;
#6941 = DIRECTION ( 'NONE',  ( -0.000000000000000000, -0.000000000000000000, -1.000000000000000000 ) ) ;
#6942 = CARTESIAN_POINT ( 'NONE',  ( 0.7686739025979792972, 0.1646369545247902688, 0.002000000000000000042 ) ) ;
#6943 = CARTESIAN_POINT ( 'NONE',  ( 0.5049999999999998934, 0.2954999999999998184, 0.2354999999999999871 ) ) ;
#6944 = CARTESIAN_POINT ( 'NONE',  ( 0.8299337882683381906, 0.3344173090559698913, 0.000000000000000000 ) ) ;
#6945 = PLANE ( 'NONE',  #6230 ) ;
#6946 = ORIENTED_EDGE ( 'NONE', *, *, #2795, .T. ) ;
#6947 = CARTESIAN_POINT ( 'NONE',  ( 0.1144999999999998935, 0.2469999999999997753, -0.09499999999999994560 ) ) ;
#6948 = CARTESIAN_POINT ( 'NONE',  ( 0.8299936168305240836, 0.3334923922655684270, 0.002000000000000000042 ) ) ;
#6949 = FACE_OUTER_BOUND ( 'NONE', #1510, .T. ) ;
#6950 = CARTESIAN_POINT ( 'NONE',  ( 0.8179674091615299902, 0.3276427282875094549, 0.000000000000000000 ) ) ;
#6951 = EDGE_CURVE ( 'NONE', #4173, #10257, #7882, .T. ) ;
#6952 = ADVANCED_FACE ( 'NONE', ( #1923 ), #8085, .T. ) ;
#6953 = CARTESIAN_POINT ( 'NONE',  ( 0.8326177849804817788, 0.3403607019921953136, 0.000000000000000000 ) ) ;
#6954 = FACE_OUTER_BOUND ( 'NONE', #9047, .T. ) ;
#6955 = VERTEX_POINT ( 'NONE', #6728 ) ;
#6956 = CARTESIAN_POINT ( 'NONE',  ( 0.6015000000000000346, -0.1250000000000000000, -0.4425000000000000044 ) ) ;
#6957 = EDGE_LOOP ( 'NONE', ( #4345, #4279, #5990, #7467 ) ) ;
#6958 = EDGE_CURVE ( 'NONE', #9392, #129, #5787, .T. ) ;
#6959 = EDGE_LOOP ( 'NONE', ( #3852, #9880, #9266, #10306 ) ) ;
#6960 = ORIENTED_EDGE ( 'NONE', *, *, #8884, .F. ) ;
#6961 = CARTESIAN_POINT ( 'NONE',  ( 0.4443350733071836367, 0.1425216058744171177, 0.000000000000000000 ) ) ;
#6962 = DIRECTION ( 'NONE',  ( 0.7071067811865466846, 0.7071067811865483499, 0.000000000000000000 ) ) ;
#6963 = CARTESIAN_POINT ( 'NONE',  ( 0.7756208272628999367, 0.1630569875228374821, 0.002000000000000000042 ) ) ;
#6964 = DIRECTION ( 'NONE',  ( -0.4530638136767707325, -0.8914780876368527673, 0.000000000000000000 ) ) ;
#6965 = CARTESIAN_POINT ( 'NONE',  ( 0.8209406694195610088, 0.3250306662892829546, 0.002000000000000000042 ) ) ;
#6966 = CARTESIAN_POINT ( 'NONE',  ( 0.5714999999999998970, 0.4234999999999998765, 0.1079999999999999988 ) ) ;
#6967 = VECTOR ( 'NONE', #3933, 39.37007874015748854 ) ;
#6968 = CARTESIAN_POINT ( 'NONE',  ( 0.4288127154484485670, 0.1449508799286122473, 0.000000000000000000 ) ) ;
#6969 = DIRECTION ( 'NONE',  ( 0.000000000000000000, 0.000000000000000000, -1.000000000000000000 ) ) ;
#6970 = VERTEX_POINT ( 'NONE', #4161 ) ;
#6971 = ADVANCED_FACE ( 'NONE', ( #3378 ), #6577, .T. ) ;
#6972 = ORIENTED_EDGE ( 'NONE', *, *, #3892, .F. ) ;
#6973 = ORIENTED_EDGE ( 'NONE', *, *, #5643, .T. ) ;
#6974 = LINE ( 'NONE', #2160, #1063 ) ;
#6975 = CARTESIAN_POINT ( 'NONE',  ( 0.6479999999999999094, 0.1784999999999998255, 0.2379999999999999893 ) ) ;
#6976 = VECTOR ( 'NONE', #6169, 39.37007874015748143 ) ;
#6977 = ADVANCED_FACE ( 'NONE', ( #2649 ), #5889, .T. ) ;
#6978 = FACE_OUTER_BOUND ( 'NONE', #9100, .T. ) ;
#6979 = EDGE_CURVE ( 'NONE', #9084, #7829, #341, .T. ) ;
#6980 = VECTOR ( 'NONE', #8860, 39.37007874015748143 ) ;
#6981 = DIRECTION ( 'NONE',  ( 0.000000000000000000, 0.000000000000000000, -1.000000000000000000 ) ) ;
#6982 = ORIENTED_EDGE ( 'NONE', *, *, #7194, .T. ) ;
#6983 = DIRECTION ( 'NONE',  ( -0.000000000000000000, -0.000000000000000000, -1.000000000000000000 ) ) ;
#6984 = ORIENTED_EDGE ( 'NONE', *, *, #9755, .F. ) ;
#6985 = CARTESIAN_POINT ( 'NONE',  ( 0.4549999999999999045, 0.1859999999999998044, 0.2379999999999999893 ) ) ;
#6986 = CARTESIAN_POINT ( 'NONE',  ( 0.4849999999999999312, -0.1250000000000000000, -0.4349999999999999423 ) ) ;
#6987 = CARTESIAN_POINT ( 'NONE',  ( 0.7829999999999999183, -0.1250000000000000000, -0.3054999999999999938 ) ) ;
#6988 = DIRECTION ( 'NONE',  ( 1.000000000000000000, 0.000000000000000000, 1.177520686924251965E-16 ) ) ;
#6989 = EDGE_CURVE ( 'NONE', #8255, #1506, #8864, .T. ) ;
#6990 = VECTOR ( 'NONE', #8630, 39.37007874015748854 ) ;
#6991 = DIRECTION ( 'NONE',  ( -1.000000000000000000, -0.000000000000000000, -0.000000000000000000 ) ) ;
#6992 = CARTESIAN_POINT ( 'NONE',  ( 0.7690069366272613838, 0.1653296947516592064, 0.000000000000000000 ) ) ;
#6993 = DIRECTION ( 'NONE',  ( -1.000000000000000000, -0.000000000000000000, -0.000000000000000000 ) ) ;
#6994 = LINE ( 'NONE', #4795, #6817 ) ;
#6995 = FACE_OUTER_BOUND ( 'NONE', #3411, .T. ) ;
#6996 = ORIENTED_EDGE ( 'NONE', *, *, #9808, .T. ) ;
#6997 = CARTESIAN_POINT ( 'NONE',  ( 0.8239642995931611980, 0.3240163969732560156, 0.002000000000000000042 ) ) ;
#6998 = CARTESIAN_POINT ( 'NONE',  ( 0.4349999999999999423, 0.1834999999999998299, 0.2354999999999999871 ) ) ;
#6999 = DIRECTION ( 'NONE',  ( 0.000000000000000000, 0.000000000000000000, 1.000000000000000000 ) ) ;
#7000 = CARTESIAN_POINT ( 'NONE',  ( 0.8260751900951449622, 0.3289459269125435403, 0.002000000000000000042 ) ) ;
#7001 = CARTESIAN_POINT ( 'NONE',  ( 0.4335497650631184863, 0.1468765576833045705, 0.000000000000000000 ) ) ;
#7002 = CARTESIAN_POINT ( 'NONE',  ( 0.8284206233540731823, 0.3242889719298241435, 0.000000000000000000 ) ) ;
#7003 = VERTEX_POINT ( 'NONE', #5111 ) ;
#7004 = LINE ( 'NONE', #465, #4303 ) ;
#7005 = ORIENTED_EDGE ( 'NONE', *, *, #6614, .F. ) ;
#7006 = VERTEX_POINT ( 'NONE', #2596 ) ;
#7007 = ORIENTED_EDGE ( 'NONE', *, *, #4871, .F. ) ;
#7008 = CARTESIAN_POINT ( 'NONE',  ( 0.4419173911603824778, 0.1400733523372725831, 0.000000000000000000 ) ) ;
#7009 = CARTESIAN_POINT ( 'NONE',  ( 0.7805098024657844968, 0.1649838571289137246, 0.002000000000000000042 ) ) ;
#7010 = LINE ( 'NONE', #3086, #4232 ) ;
#7011 = DIRECTION ( 'NONE',  ( -0.000000000000000000, 0.000000000000000000, -1.000000000000000000 ) ) ;
#7012 = EDGE_CURVE ( 'NONE', #9215, #6347, #4948, .T. ) ;
#7013 = PLANE ( 'NONE',  #9528 ) ;
#7014 = DIRECTION ( 'NONE',  ( -0.000000000000000000, 0.7071067811865475727, 0.7071067811865475727 ) ) ;
#7015 = EDGE_CURVE ( 'NONE', #3719, #3001, #3193, .T. ) ;
#7016 = CARTESIAN_POINT ( 'NONE',  ( 0.7716887859514414139, 0.1720797514912898452, -0.000000000000000000 ) ) ;
#7017 = B_SPLINE_CURVE_WITH_KNOTS ( 'NONE', 3,
 ( #409, #2041, #9142, #1942, #9873, #2720, #5019, #8312, #258, #3402, #2666, #3502, #4242, #1049, #4388, #209, #4288, #312, #7372 ),
 .UNSPECIFIED., .F., .F.,
 ( 4, 1, 1, 1, 1, 1, 1, 1, 1, 1, 1, 1, 1, 1, 1, 1, 4 ),
 ( 0.000000000000000000, 0.06597116738556887960, 0.1299948203797410273, 0.1922406054388076102, 0.2541186554738964487, 0.3151128852375157940, 0.3767876776343475065, 0.4394829946412931454, 0.5039345685544647235, 0.5683598099065139131, 0.6309738802482213194, 0.6918009640577033048, 0.7522292233243607074, 0.8125520905116214720, 0.8736949733954679775, 0.9360864297056974426, 1.000000000000000000 ),
 .UNSPECIFIED. ) ;
#7018 = CARTESIAN_POINT ( 'NONE',  ( 0.3224999999999997868, 0.4039999999999999702, -0.1649999999999999523 ) ) ;
#7019 = ORIENTED_EDGE ( 'NONE', *, *, #6211, .F. ) ;
#7020 = ORIENTED_EDGE ( 'NONE', *, *, #2695, .F. ) ;
#7021 = VERTEX_POINT ( 'NONE', #1763 ) ;
#7022 = CARTESIAN_POINT ( 'NONE',  ( 0.2614999999999999547, 0.03300000000000000155, -0.1025000000000000216 ) ) ;
#7023 = PLANE ( 'NONE',  #1538 ) ;
#7024 = CARTESIAN_POINT ( 'NONE',  ( 0.2580000000000000626, 0.1299999999999998379, -0.1659999999999999531 ) ) ;
#7025 = ORIENTED_EDGE ( 'NONE', *, *, #2911, .T. ) ;
#7026 = VECTOR ( 'NONE', #3271, 39.37007874015748143 ) ;
#7027 = LINE ( 'NONE', #10267, #2550 ) ;
#7028 = AXIS2_PLACEMENT_3D ( 'NONE', #2767, #9816, #4235 ) ;
#7029 = VERTEX_POINT ( 'NONE', #8292 ) ;
#7030 = CARTESIAN_POINT ( 'NONE',  ( 0.1869999999999998885, 0.1140000000000000041, -0.2919999999999999263 ) ) ;
#7031 = DIRECTION ( 'NONE',  ( 0.4530638136767708435, 0.8914780876368527673, 0.000000000000000000 ) ) ;
#7032 = FACE_OUTER_BOUND ( 'NONE', #8333, .T. ) ;
#7033 = CARTESIAN_POINT ( 'NONE',  ( 0.8266014983721895470, 0.3239323432821951676, 0.002000000000000000042 ) ) ;
#7034 = ADVANCED_FACE ( 'NONE', ( #7351 ), #7457, .T. ) ;
#7035 = ADVANCED_FACE ( 'NONE', ( #2546 ), #9853, .T. ) ;
#7036 = LINE ( 'NONE', #3642, #2361 ) ;
#7037 = ORIENTED_EDGE ( 'NONE', *, *, #6781, .F. ) ;
#7038 = CIRCLE ( 'NONE', #9696, 0.06199999999999990935 ) ;
#7039 = DIRECTION ( 'NONE',  ( 0.7071067811865451302, -0.7071067811865500152, 0.000000000000000000 ) ) ;
#7040 = FACE_OUTER_BOUND ( 'NONE', #4707, .T. ) ;
#7041 = CARTESIAN_POINT ( 'NONE',  ( 0.6479999999999999094, 0.2034999999999998199, 0.2379999999999999893 ) ) ;
#7042 = CARTESIAN_POINT ( 'NONE',  ( 0.4559999999999999054, -0.1250000000000000000, -0.3305000000000000160 ) ) ;
#7043 = VERTEX_POINT ( 'NONE', #4322 ) ;
#7044 = CARTESIAN_POINT ( 'NONE',  ( 0.8275028766337408914, 0.3292559731760310582, 0.002000000000000000042 ) ) ;
#7045 = LINE ( 'NONE', #2286, #2056 ) ;
#7046 = DIRECTION ( 'NONE',  ( -1.000000000000000000, 0.000000000000000000, 0.000000000000000000 ) ) ;
#7047 = CARTESIAN_POINT ( 'NONE',  ( 0.8285123765663636730, 0.3299163559153968639, 0.002000000000000000042 ) ) ;
#7048 = VECTOR ( 'NONE', #4621, 39.37007874015748143 ) ;
#7049 = DIRECTION ( 'NONE',  ( -0.5773502691896270633, 0.5773502691896230665, -0.5773502691896270633 ) ) ;
#7050 = LINE ( 'NONE', #7678, #7655 ) ;
#7051 = ORIENTED_EDGE ( 'NONE', *, *, #283, .F. ) ;
#7052 = VECTOR ( 'NONE', #7766, 39.37007874015748143 ) ;
#7053 = DIRECTION ( 'NONE',  ( 1.000000000000000000, 0.000000000000000000, 0.000000000000000000 ) ) ;
#7054 = VERTEX_POINT ( 'NONE', #2753 ) ;
#7055 = VECTOR ( 'NONE', #10082, 39.37007874015748143 ) ;
#7056 = EDGE_LOOP ( 'NONE', ( #733, #5147, #9197, #4737 ) ) ;
#7057 = VERTEX_POINT ( 'NONE', #3536 ) ;
#7058 = DIRECTION ( 'NONE',  ( -1.000000000000000000, 0.000000000000000000, -0.000000000000000000 ) ) ;
#7059 = LINE ( 'NONE', #6274, #6865 ) ;
#7060 = CARTESIAN_POINT ( 'NONE',  ( 0.4447961006068885115, 0.1516497454809752066, 0.002000000000000000042 ) ) ;
#7061 = FACE_OUTER_BOUND ( 'NONE', #7586, .T. ) ;
#7062 = EDGE_CURVE ( 'NONE', #4019, #1194, #4904, .T. ) ;
#7063 = DIRECTION ( 'NONE',  ( 0.000000000000000000, -0.7071067811865466846, -0.7071067811865483499 ) ) ;
#7064 = VECTOR ( 'NONE', #4020, 39.37007874015748143 ) ;
#7065 = ADVANCED_FACE ( 'NONE', ( #9751 ), #4108, .F. ) ;
#7066 = VECTOR ( 'NONE', #89, 39.37007874015748143 ) ;
#7067 = EDGE_CURVE ( 'NONE', #6588, #771, #8966, .T. ) ;
#7068 = CARTESIAN_POINT ( 'NONE',  ( 0.4370419913543520107, 0.1516027016097293567, 0.002000000000000000042 ) ) ;
#7069 = DIRECTION ( 'NONE',  ( 1.000000000000000000, 0.000000000000000000, 0.000000000000000000 ) ) ;
#7070 = DIRECTION ( 'NONE',  ( 0.000000000000000000, -1.000000000000000000, 0.000000000000000000 ) ) ;
#7071 = VERTEX_POINT ( 'NONE', #8184 ) ;
#7072 = AXIS2_PLACEMENT_3D ( 'NONE', #9230, #3640, #6886 ) ;
#7073 = ORIENTED_EDGE ( 'NONE', *, *, #3762, .F. ) ;
#7074 = EDGE_LOOP ( 'NONE', ( #5041, #8742, #8947, #807, #1305, #5050 ) ) ;
#7075 = CARTESIAN_POINT ( 'NONE',  ( 0.7740874899279773791, 0.1597639991489636924, 0.000000000000000000 ) ) ;
#7076 = AXIS2_PLACEMENT_3D ( 'NONE', #7786, #8515, #1351 ) ;
#7077 = DIRECTION ( 'NONE',  ( 0.000000000000000000, 0.000000000000000000, -1.000000000000000000 ) ) ;
#7078 = EDGE_CURVE ( 'NONE', #6610, #6788, #1027, .T. ) ;
#7079 = LINE ( 'NONE', #6402, #6184 ) ;
#7080 = VERTEX_POINT ( 'NONE', #7611 ) ;
#7081 = ORIENTED_EDGE ( 'NONE', *, *, #5512, .F. ) ;
#7082 = CARTESIAN_POINT ( 'NONE',  ( 0.6189999999999999947, 0.2979999999999998206, 0.2379999999999999893 ) ) ;
#7083 = ORIENTED_EDGE ( 'NONE', *, *, #126, .T. ) ;
#7084 = CARTESIAN_POINT ( 'NONE',  ( 0.8782586961495976174, 0.3514999999999999791, 0.2379999999999999893 ) ) ;
#7085 = CARTESIAN_POINT ( 'NONE',  ( 0.8348924182817925033, 0.3356028284275250906, 0.000000000000000000 ) ) ;
#7086 = CARTESIAN_POINT ( 'NONE',  ( 0.7798508425204120353, 0.1594764679076589864, 0.002000000000000000042 ) ) ;
#7087 = CARTESIAN_POINT ( 'NONE',  ( 0.4849999999999999312, 0.3154999999999998361, 0.000000000000000000 ) ) ;
#7088 = PLANE ( 'NONE',  #7529 ) ;
#7089 = ORIENTED_EDGE ( 'NONE', *, *, #2416, .F. ) ;
#7090 = LINE ( 'NONE', #10275, #6847 ) ;
#7091 = CARTESIAN_POINT ( 'NONE',  ( 0.4406718910199168837, 0.1468624070588128161, 0.002000000000000000042 ) ) ;
#7092 = CARTESIAN_POINT ( 'NONE',  ( 0.7756208272628999367, 0.1630569875228374821, 0.000000000000000000 ) ) ;
#7093 = EDGE_CURVE ( 'NONE', #8618, #8265, #9278, .T. ) ;
#7094 = CARTESIAN_POINT ( 'NONE',  ( 0.5464999999999998748, 0.1859999999999998044, 0.2379999999999999893 ) ) ;
#7095 = ADVANCED_FACE ( 'NONE', ( #6099, #10064 ), #440, .F. ) ;
#7096 = VERTEX_POINT ( 'NONE', #2074 ) ;
#7097 = CARTESIAN_POINT ( 'NONE',  ( 0.8297021944615099454, 0.3316731026021348949, 0.000000000000000000 ) ) ;
#7098 = DIRECTION ( 'NONE',  ( -0.5773502691896257311, 0.5773502691896257311, 0.5773502691896257311 ) ) ;
#7099 = LINE ( 'NONE', #10130, #6287 ) ;
#7100 = FACE_OUTER_BOUND ( 'NONE', #5283, .T. ) ;
#7101 = EDGE_CURVE ( 'NONE', #10305, #8874, #4524, .T. ) ;
#7102 = CARTESIAN_POINT ( 'NONE',  ( 1.212999999999999856, 0.1139999999999998653, -0.1649999999999999523 ) ) ;
#7103 = CARTESIAN_POINT ( 'NONE',  ( 0.8300942048986893473, 0.3249938681309413324, 0.000000000000000000 ) ) ;
#7104 = EDGE_CURVE ( 'NONE', #2107, #4746, #9226, .T. ) ;
#7105 = ORIENTED_EDGE ( 'NONE', *, *, #5536, .F. ) ;
#7106 = DIRECTION ( 'NONE',  ( 0.000000000000000000, 0.000000000000000000, 1.000000000000000000 ) ) ;
#7107 = ORIENTED_EDGE ( 'NONE', *, *, #3916, .T. ) ;
#7108 = ORIENTED_EDGE ( 'NONE', *, *, #2154, .T. ) ;
#7109 = ORIENTED_EDGE ( 'NONE', *, *, #5648, .F. ) ;
#7110 = CARTESIAN_POINT ( 'NONE',  ( 0.4380195323720578182, 0.1386781737713093932, 0.002000000000000000042 ) ) ;
#7111 = CARTESIAN_POINT ( 'NONE',  ( 0.7714999999999999636, 0.4284999999999998810, 0.2079999999999999627 ) ) ;
#7112 = CARTESIAN_POINT ( 'NONE',  ( 0.9543164444799359103, 0.3394908818425781405, 0.2379999999999999893 ) ) ;
#7113 = DIRECTION ( 'NONE',  ( -0.5773502691896270633, 0.5773502691896230665, -0.5773502691896270633 ) ) ;
#7114 = CARTESIAN_POINT ( 'NONE',  ( 0.5939999999999999725, 0.03300000000000000155, -0.4174999999999999822 ) ) ;
#7115 = EDGE_CURVE ( 'NONE', #6482, #3455, #5940, .T. ) ;
#7116 = PLANE ( 'NONE',  #9986 ) ;
#7117 = DIRECTION ( 'NONE',  ( -0.000000000000000000, -0.000000000000000000, -1.000000000000000000 ) ) ;
#7118 = LINE ( 'NONE', #4084, #4627 ) ;
#7119 = VERTEX_POINT ( 'NONE', #3798 ) ;
#7120 = EDGE_LOOP ( 'NONE', ( #4117, #10000, #6319, #9604 ) ) ;
#7121 = ORIENTED_EDGE ( 'NONE', *, *, #654, .T. ) ;
#7122 = CARTESIAN_POINT ( 'NONE',  ( 0.7714999999999999636, 0.06550000000000003042, 0.2079999999999999627 ) ) ;
#7123 = EDGE_CURVE ( 'NONE', #4619, #8642, #1179, .T. ) ;
#7124 = DIRECTION ( 'NONE',  ( 0.000000000000000000, -0.000000000000000000, 1.000000000000000000 ) ) ;
#7125 = VECTOR ( 'NONE', #1714, 39.37007874015748143 ) ;
#7126 = VECTOR ( 'NONE', #2422, 39.37007874015748143 ) ;
#7127 = CARTESIAN_POINT ( 'NONE',  ( 1.098999999999999977, 0.05400000000000002714, -0.4455000000000000071 ) ) ;
#7128 = ORIENTED_EDGE ( 'NONE', *, *, #712, .T. ) ;
#7129 = VERTEX_POINT ( 'NONE', #496 ) ;
#7130 = ORIENTED_EDGE ( 'NONE', *, *, #3491, .F. ) ;
#7131 = EDGE_CURVE ( 'NONE', #10154, #7366, #5160, .T. ) ;
#7132 = VECTOR ( 'NONE', #2878, 39.37007874015748854 ) ;
#7133 = CARTESIAN_POINT ( 'NONE',  ( 0.3347413038504020721, 0.3514999999999999791, 0.2379999999999999893 ) ) ;
#7134 = ORIENTED_EDGE ( 'NONE', *, *, #5410, .T. ) ;
#7135 = CARTESIAN_POINT ( 'NONE',  ( 0.4370588494505051602, 0.1436906351484940059, 0.000000000000000000 ) ) ;
#7136 = CARTESIAN_POINT ( 'NONE',  ( 1.212999999999999856, 0.1139999999999998653, -0.4899999999999999911 ) ) ;
#7137 = CARTESIAN_POINT ( 'NONE',  ( 0.000000000000000000, 0.000000000000000000, 0.000000000000000000 ) ) ;
#7138 = CARTESIAN_POINT ( 'NONE',  ( 0.3922110345599258419, 0.3246250336889850985, 0.002000000000000000042 ) ) ;
#7139 = EDGE_CURVE ( 'NONE', #2555, #2259, #1333, .T. ) ;
#7140 = CARTESIAN_POINT ( 'NONE',  ( 0.8185975438309606167, 0.3371112635731220997, 0.002000000000000000042 ) ) ;
#7141 = VECTOR ( 'NONE', #692, 39.37007874015748143 ) ;
#7142 = ORIENTED_EDGE ( 'NONE', *, *, #335, .F. ) ;
#7143 = LINE ( 'NONE', #869, #813 ) ;
#7144 = CARTESIAN_POINT ( 'NONE',  ( 0.4356554343837245047, 0.1513428427986651670, 0.002000000000000000042 ) ) ;
#7145 = CARTESIAN_POINT ( 'NONE',  ( 0.7740287714591403967, 0.1664170544062558155, 0.000000000000000000 ) ) ;
#7146 = DIRECTION ( 'NONE',  ( -0.000000000000000000, 1.000000000000000000, -0.000000000000000000 ) ) ;
#7147 = EDGE_LOOP ( 'NONE', ( #4915, #10226, #8815, #2159 ) ) ;
#7148 = CARTESIAN_POINT ( 'NONE',  ( 0.8267504197033648250, 0.3290105380740397933, 0.002000000000000000042 ) ) ;
#7149 = LINE ( 'NONE', #6110, #3220 ) ;
#7150 = VECTOR ( 'NONE', #4576, 39.37007874015748143 ) ;
#7151 = DIRECTION ( 'NONE',  ( 1.000000000000000000, 0.000000000000000000, 0.000000000000000000 ) ) ;
#7152 = CARTESIAN_POINT ( 'NONE',  ( 0.8163982245209499000, 0.3311723561051589937, -0.000000000000000000 ) ) ;
#7153 = VECTOR ( 'NONE', #9916, 39.37007874015748143 ) ;
#7154 = CARTESIAN_POINT ( 'NONE',  ( 0.7686679759920205246, 0.1615311197412958588, 0.000000000000000000 ) ) ;
#7155 = LINE ( 'NONE', #3178, #4650 ) ;
#7156 = EDGE_CURVE ( 'NONE', #6755, #9737, #2119, .T. ) ;
#7157 = ORIENTED_EDGE ( 'NONE', *, *, #5130, .T. ) ;
#7158 = CARTESIAN_POINT ( 'NONE',  ( 0.5464999999999998748, 0.1784999999999998255, 0.2379999999999999893 ) ) ;
#7159 = ORIENTED_EDGE ( 'NONE', *, *, #9004, .T. ) ;
#7160 = EDGE_CURVE ( 'NONE', #1774, #9149, #5207, .T. ) ;
#7161 = ORIENTED_EDGE ( 'NONE', *, *, #325, .T. ) ;
#7162 = CARTESIAN_POINT ( 'NONE',  ( 0.7788647479572262666, 0.1572637290494900142, 0.002000000000000000042 ) ) ;
#7163 = ORIENTED_EDGE ( 'NONE', *, *, #2797, .F. ) ;
#7164 = LINE ( 'NONE', #6383, #9222 ) ;
#7165 = DIRECTION ( 'NONE',  ( 2.765028333668283073E-16, 1.000000000000000000, 0.000000000000000000 ) ) ;
#7166 = CARTESIAN_POINT ( 'NONE',  ( 0.4457407689694032893, 0.1473881775714292741, 0.002000000000000000042 ) ) ;
#7167 = EDGE_CURVE ( 'NONE', #2595, #8209, #7038, .T. ) ;
#7168 = CARTESIAN_POINT ( 'NONE',  ( 0.7029999999999999583, -0.1174999999999999933, -0.4174999999999999822 ) ) ;
#7169 = EDGE_CURVE ( 'NONE', #6928, #3749, #2958, .T. ) ;
#7170 = PLANE ( 'NONE',  #10323 ) ;
#7171 = EDGE_CURVE ( 'NONE', #6894, #10305, #9330, .T. ) ;
#7172 = FACE_OUTER_BOUND ( 'NONE', #2521, .T. ) ;
#7173 = FACE_BOUND ( 'NONE', #7946, .T. ) ;
#7174 = ORIENTED_EDGE ( 'NONE', *, *, #6940, .T. ) ;
#7175 = ORIENTED_EDGE ( 'NONE', *, *, #6431, .F. ) ;
#7176 = ORIENTED_EDGE ( 'NONE', *, *, #3916, .F. ) ;
#7177 = DIRECTION ( 'NONE',  ( -0.4499110248330619455, -0.8930733842936222633, 0.000000000000000000 ) ) ;
#7178 = DIRECTION ( 'NONE',  ( 0.000000000000000000, 1.000000000000000000, 0.000000000000000000 ) ) ;
#7179 = VECTOR ( 'NONE', #9109, 39.37007874015748143 ) ;
#7180 = CARTESIAN_POINT ( 'NONE',  ( 0.5049999999999998934, -0.1224999999999999978, -0.4375000000000000000 ) ) ;
#7181 = ORIENTED_EDGE ( 'NONE', *, *, #711, .T. ) ;
#7182 = ORIENTED_EDGE ( 'NONE', *, *, #4624, .F. ) ;
#7183 = ORIENTED_EDGE ( 'NONE', *, *, #7462, .T. ) ;
#7184 = CARTESIAN_POINT ( 'NONE',  ( -1.117071446801986152E-16, 0.4039999999999999702, -0.1649999999999999523 ) ) ;
#7185 = EDGE_LOOP ( 'NONE', ( #4045, #6537, #215, #5766 ) ) ;
#7186 = CARTESIAN_POINT ( 'NONE',  ( 0.7684647547745936391, 0.1622812238033778387, 0.000000000000000000 ) ) ;
#7187 = CARTESIAN_POINT ( 'NONE',  ( 0.8323079081556196135, 0.3267172956489783342, 0.002000000000000000042 ) ) ;
#7188 = CARTESIAN_POINT ( 'NONE',  ( 0.3347413038504020721, 0.4134999999999999232, 0.2379999999999999893 ) ) ;
#7189 = CARTESIAN_POINT ( 'NONE',  ( 1.212999999999999856, 0.4040000000000003033, -0.4899999999999999911 ) ) ;
#7190 = CARTESIAN_POINT ( 'NONE',  ( 0.8253431190034182796, 0.3289632390226543412, 0.000000000000000000 ) ) ;
#7191 = EDGE_CURVE ( 'NONE', #7006, #7768, #10116, .T. ) ;
#7192 = ORIENTED_EDGE ( 'NONE', *, *, #5697, .F. ) ;
#7193 = CARTESIAN_POINT ( 'NONE',  ( 0.5100000000000000089, 0.3154999999999998361, 0.000000000000000000 ) ) ;
#7194 = EDGE_CURVE ( 'NONE', #1722, #9113, #5362, .T. ) ;
#7195 = CARTESIAN_POINT ( 'NONE',  ( 0.4549999999999999045, 0.1784999999999998255, 0.2379999999999999893 ) ) ;
#7196 = DIRECTION ( 'NONE',  ( 0.000000000000000000, -1.000000000000000000, 0.000000000000000000 ) ) ;
#7197 = CARTESIAN_POINT ( 'NONE',  ( 0.3876666666666666039, -0.1308333333333333015, -0.4308333333333333459 ) ) ;
#7198 = EDGE_LOOP ( 'NONE', ( #7765, #6069, #2818, #8656 ) ) ;
#7199 = CARTESIAN_POINT ( 'NONE',  ( 0.8275028766337408914, 0.3292559731760310582, 0.000000000000000000 ) ) ;
#7200 = CARTESIAN_POINT ( 'NONE',  ( 0.5939999999999999725, 0.2904999999999998139, 0.2379999999999999893 ) ) ;
#7201 = AXIS2_PLACEMENT_3D ( 'NONE', #1316, #4505, #7688 ) ;
#7202 = CARTESIAN_POINT ( 'NONE',  ( 0.5939999999999999725, 0.2904999999999998139, 0.2379999999999999893 ) ) ;
#7203 = DIRECTION ( 'NONE',  ( 1.000000000000000000, 0.000000000000000000, 0.000000000000000000 ) ) ;
#7204 = VECTOR ( 'NONE', #2909, 39.37007874015748143 ) ;
#7205 = CARTESIAN_POINT ( 'NONE',  ( 0.3759999999999999454, -0.1174999999999999933, -0.4174999999999999822 ) ) ;
#7206 = CARTESIAN_POINT ( 'NONE',  ( 0.8260751900951449622, 0.3289459269125435403, -0.000000000000000000 ) ) ;
#7207 = ORIENTED_EDGE ( 'NONE', *, *, #8283, .F. ) ;
#7208 = CYLINDRICAL_SURFACE ( 'NONE', #8308, 0.06249999999999995143 ) ;
#7209 = ORIENTED_EDGE ( 'NONE', *, *, #5020, .F. ) ;
#7210 = ORIENTED_EDGE ( 'NONE', *, *, #3491, .T. ) ;
#7211 = LINE ( 'NONE', #100, #2898 ) ;
#7212 = ORIENTED_EDGE ( 'NONE', *, *, #6493, .T. ) ;
#7213 = DIRECTION ( 'NONE',  ( 0.5773502691896248429, 0.5773502691896248429, -0.5773502691896275074 ) ) ;
#7214 = VECTOR ( 'NONE', #2201, 39.37007874015748143 ) ;
#7215 = CARTESIAN_POINT ( 'NONE',  ( 0.7685839064610712201, 0.1550849019048068100, 0.000000000000000000 ) ) ;
#7216 = DIRECTION ( 'NONE',  ( 0.000000000000000000, 0.000000000000000000, 1.000000000000000000 ) ) ;
#7217 = VECTOR ( 'NONE', #9091, 39.37007874015748143 ) ;
#7218 = CARTESIAN_POINT ( 'NONE',  ( 0.4299782729591135610, 0.1528707538806513555, 0.000000000000000000 ) ) ;
#7219 = DIRECTION ( 'NONE',  ( -1.000000000000000000, 0.000000000000000000, 0.000000000000000000 ) ) ;
#7220 = VECTOR ( 'NONE', #5918, 39.37007874015748143 ) ;
#7221 = LINE ( 'NONE', #9516, #8268 ) ;
#7222 = PLANE ( 'NONE',  #2955 ) ;
#7223 = VERTEX_POINT ( 'NONE', #608 ) ;
#7224 = VERTEX_POINT ( 'NONE', #8345 ) ;
#7225 = ORIENTED_EDGE ( 'NONE', *, *, #8504, .F. ) ;
#7226 = CARTESIAN_POINT ( 'NONE',  ( 0.4377163152004799329, 0.1681461133014031939, 0.002000000000000000042 ) ) ;
#7227 = EDGE_CURVE ( 'NONE', #1541, #1837, #6776, .T. ) ;
#7228 = EDGE_CURVE ( 'NONE', #2578, #8523, #2806, .T. ) ;
#7229 = CARTESIAN_POINT ( 'NONE',  ( 0.7753958126431880205, 0.1714418413516656248, 0.000000000000000000 ) ) ;
#7230 = ADVANCED_FACE ( 'NONE', ( #2021 ), #8397, .F. ) ;
#7231 = VECTOR ( 'NONE', #7146, 39.37007874015748143 ) ;
#7232 = VECTOR ( 'NONE', #4538, 39.37007874015748143 ) ;
#7233 = AXIS2_PLACEMENT_3D ( 'NONE', #982, #5645, #9609 ) ;
#7234 = CARTESIAN_POINT ( 'NONE',  ( 0.7279999999999999805, 0.3154999999999998361, 0.2379999999999999893 ) ) ;
#7235 = VECTOR ( 'NONE', #3106, 39.37007874015748143 ) ;
#7236 = ORIENTED_EDGE ( 'NONE', *, *, #1319, .F. ) ;
#7237 = ORIENTED_EDGE ( 'NONE', *, *, #6652, .F. ) ;
#7238 = VERTEX_POINT ( 'NONE', #8803 ) ;
#7239 = ADVANCED_FACE ( 'NONE', ( #4049 ), #6351, .F. ) ;
#7240 = CARTESIAN_POINT ( 'NONE',  ( 0.3759999999999999454, -0.1250000000000000000, -0.4174999999999999822 ) ) ;
#7241 = EDGE_CURVE ( 'NONE', #352, #2685, #4786, .T. ) ;
#7242 = CARTESIAN_POINT ( 'NONE',  ( 0.4009999999999999676, 0.2904999999999998139, 0.2305000000000000104 ) ) ;
#7243 = CARTESIAN_POINT ( 'NONE',  ( 0.1139999999999998792, 0.05399999999999999245, -0.2919999999999999263 ) ) ;
#7244 = LINE ( 'NONE', #3999, #5910 ) ;
#7245 = CARTESIAN_POINT ( 'NONE',  ( 0.4849999999999999312, 0.2904999999999998139, 0.2379999999999999893 ) ) ;
#7246 = ORIENTED_EDGE ( 'NONE', *, *, #2781, .T. ) ;
#7247 = DIRECTION ( 'NONE',  ( -0.2236320174572765385, -0.9746736483397857587, 0.000000000000000000 ) ) ;
#7248 = DIRECTION ( 'NONE',  ( 0.000000000000000000, 1.000000000000000000, 0.000000000000000000 ) ) ;
#7249 = FACE_OUTER_BOUND ( 'NONE', #1379, .T. ) ;
#7250 = ADVANCED_FACE ( 'NONE', ( #3105 ), #759, .T. ) ;
#7251 = DIRECTION ( 'NONE',  ( 0.1559625734730116509, 0.9877629653290689316, -0.000000000000000000 ) ) ;
#7252 = ORIENTED_EDGE ( 'NONE', *, *, #1927, .F. ) ;
#7253 = CARTESIAN_POINT ( 'NONE',  ( 1.098000000000000087, 0.1139999999999998653, -0.2199999999999999456 ) ) ;
#7254 = CARTESIAN_POINT ( 'NONE',  ( 0.5474999999999999867, -0.1250000000000000000, -0.3305000000000000160 ) ) ;
#7255 = EDGE_CURVE ( 'NONE', #4659, #9375, #862, .T. ) ;
#7256 = LINE ( 'NONE', #2501, #2278 ) ;
#7257 = FACE_BOUND ( 'NONE', #2044, .T. ) ;
#7258 = PLANE ( 'NONE',  #4882 ) ;
#7259 = B_SPLINE_CURVE_WITH_KNOTS ( 'NONE', 3,
 ( #5434, #1447, #9752, #2597, #1661, #7303, #1713, #1028, #9551, #2399, #9700 ),
 .UNSPECIFIED., .F., .F.,
 ( 4, 1, 1, 1, 1, 1, 1, 1, 4 ),
 ( 0.000000000000000000, 0.1344633271833039490, 0.2615171309087622742, 0.3855603581778880851, 0.5113083041965021946, 0.6348017625084256821, 0.7543944390499836006, 0.8738512210393251101, 1.000000000000000000 ),
 .UNSPECIFIED. ) ;
#7260 = CARTESIAN_POINT ( 'NONE',  ( 0.7669557658401549016, 0.1448446243119968224, 0.000000000000000000 ) ) ;
#7261 = ORIENTED_EDGE ( 'NONE', *, *, #4315, .T. ) ;
#7262 = CARTESIAN_POINT ( 'NONE',  ( 0.4299999999999999378, 0.1784999999999998255, 0.000000000000000000 ) ) ;
#7263 = ORIENTED_EDGE ( 'NONE', *, *, #6927, .T. ) ;
#7264 = ORIENTED_EDGE ( 'NONE', *, *, #1540, .F. ) ;
#7265 = CARTESIAN_POINT ( 'NONE',  ( 0.7804487402909927596, 0.1613329491194824550, 0.002000000000000000042 ) ) ;
#7266 = ORIENTED_EDGE ( 'NONE', *, *, #4227, .T. ) ;
#7267 = DIRECTION ( 'NONE',  ( 0.000000000000000000, 0.7071067811865483499, -0.7071067811865466846 ) ) ;
#7268 = ADVANCED_FACE ( 'NONE', ( #2384 ), #707, .T. ) ;
#7269 = CIRCLE ( 'NONE', #5584, 0.07200000000000000844 ) ;
#7270 = CARTESIAN_POINT ( 'NONE',  ( 0.7639990416305973975, 0.1598681308451762595, 0.000000000000000000 ) ) ;
#7271 = EDGE_CURVE ( 'NONE', #7224, #4307, #7923, .T. ) ;
#7272 = CARTESIAN_POINT ( 'NONE',  ( 1.212999999999999856, 0.4040000000000004143, -0.1649999999999999523 ) ) ;
#7273 = DIRECTION ( 'NONE',  ( -0.000000000000000000, -0.000000000000000000, 1.000000000000000000 ) ) ;
#7274 = FACE_OUTER_BOUND ( 'NONE', #5545, .T. ) ;
#7275 = ADVANCED_FACE ( 'NONE', ( #9431 ), #9381, .F. ) ;
#7276 = FACE_OUTER_BOUND ( 'NONE', #5088, .T. ) ;
#7277 = LINE ( 'NONE', #109, #8462 ) ;
#7278 = ORIENTED_EDGE ( 'NONE', *, *, #5209, .T. ) ;
#7279 = ORIENTED_EDGE ( 'NONE', *, *, #8564, .F. ) ;
#7280 = ORIENTED_EDGE ( 'NONE', *, *, #6989, .F. ) ;
#7281 = FACE_OUTER_BOUND ( 'NONE', #9929, .T. ) ;
#7282 = CARTESIAN_POINT ( 'NONE',  ( 0.4371543786620399330, 0.1386556837640715301, 0.000000000000000000 ) ) ;
#7283 = LINE ( 'NONE', #2265, #5008 ) ;
#7284 = ORIENTED_EDGE ( 'NONE', *, *, #3461, .T. ) ;
#7285 = VERTEX_POINT ( 'NONE', #7135 ) ;
#7286 = ORIENTED_EDGE ( 'NONE', *, *, #9552, .T. ) ;
#7287 = DIRECTION ( 'NONE',  ( 0.000000000000000000, 1.000000000000000000, -0.000000000000000000 ) ) ;
#7288 = EDGE_CURVE ( 'NONE', #4746, #6072, #9592, .T. ) ;
#7289 = AXIS2_PLACEMENT_3D ( 'NONE', #4163, #5644, #2450 ) ;
#7290 = CARTESIAN_POINT ( 'NONE',  ( 1.098500000000000032, 0.2469999999999999418, -0.4899999999999999911 ) ) ;
#7291 = FACE_BOUND ( 'NONE', #9437, .T. ) ;
#7292 = CARTESIAN_POINT ( 'NONE',  ( 0.3759999999999999454, 0.3154999999999998361, 0.2379999999999999893 ) ) ;
#7293 = EDGE_CURVE ( 'NONE', #2995, #5917, #2325, .T. ) ;
#7294 = LINE ( 'NONE', #3906, #3358 ) ;
#7295 = ORIENTED_EDGE ( 'NONE', *, *, #7131, .T. ) ;
#7296 = CARTESIAN_POINT ( 'NONE',  ( 0.2580000000000000626, 0.1299999999999998379, -0.1659999999999999531 ) ) ;
#7297 = VECTOR ( 'NONE', #2573, 39.37007874015748143 ) ;
#7298 = CARTESIAN_POINT ( 'NONE',  ( 0.4350425402436303157, 0.1509865907482985381, 0.002000000000000000042 ) ) ;
#7299 = FACE_OUTER_BOUND ( 'NONE', #3101, .T. ) ;
#7300 = CARTESIAN_POINT ( 'NONE',  ( -1.365923996832131856E-16, 0.4939999999999999947, -0.09500000000000001499 ) ) ;
#7301 = ORIENTED_EDGE ( 'NONE', *, *, #8939, .F. ) ;
#7302 = CARTESIAN_POINT ( 'NONE',  ( 0.8414999999999999147, 0.07050000000000002098, 0.1079999999999999710 ) ) ;
#7303 = CARTESIAN_POINT ( 'NONE',  ( 0.7694515405154040977, 0.1602501584134305712, 0.002000000000000000042 ) ) ;
#7304 = CARTESIAN_POINT ( 'NONE',  ( 0.8249393996844880395, 0.3427384989334236187, 0.002000000000000000042 ) ) ;
#7305 = EDGE_CURVE ( 'NONE', #2853, #6970, #4630, .T. ) ;
#7306 = PLANE ( 'NONE',  #896 ) ;
#7307 = AXIS2_PLACEMENT_3D ( 'NONE', #4278, #1931, #8251 ) ;
#7308 = DIRECTION ( 'NONE',  ( 0.000000000000000000, -1.000000000000000000, 0.000000000000000000 ) ) ;
#7309 = DIRECTION ( 'NONE',  ( -0.000000000000000000, 1.000000000000000000, -0.000000000000000000 ) ) ;
#7310 = DIRECTION ( 'NONE',  ( -0.000000000000000000, 1.000000000000000000, -0.000000000000000000 ) ) ;
#7311 = ORIENTED_EDGE ( 'NONE', *, *, #9721, .F. ) ;
#7312 = CARTESIAN_POINT ( 'NONE',  ( 0.4284780785085262611, 0.1474275131291200858, 0.000000000000000000 ) ) ;
#7313 = ORIENTED_EDGE ( 'NONE', *, *, #908, .F. ) ;
#7314 = VECTOR ( 'NONE', #5309, 39.37007874015748143 ) ;
#7315 = EDGE_LOOP ( 'NONE', ( #7621, #2016, #9480, #2157 ) ) ;
#7316 = DIRECTION ( 'NONE',  ( -0.000000000000000000, 0.000000000000000000, -1.000000000000000000 ) ) ;
#7317 = EDGE_LOOP ( 'NONE', ( #10115, #4421, #4210, #6117 ) ) ;
#7318 = DIRECTION ( 'NONE',  ( 1.000000000000000000, 0.000000000000000000, 0.000000000000000000 ) ) ;
#7319 = DIRECTION ( 'NONE',  ( 1.000000000000000000, 0.000000000000000000, 0.000000000000000000 ) ) ;
#7320 = CARTESIAN_POINT ( 'NONE',  ( 0.4412020491270126632, 0.1396407260165185571, 0.000000000000000000 ) ) ;
#7321 = VECTOR ( 'NONE', #6680, 39.37007874015748143 ) ;
#7322 = CARTESIAN_POINT ( 'NONE',  ( 0.4414999999999997815, 0.07050000000000002098, 0.2080000000000000460 ) ) ;
#7323 = ADVANCED_FACE ( 'NONE', ( #8755 ), #2434, .T. ) ;
#7324 = LINE ( 'NONE', #6390, #6497 ) ;
#7325 = AXIS2_PLACEMENT_3D ( 'NONE', #1152, #8420, #361 ) ;
#7326 = LINE ( 'NONE', #159, #6332 ) ;
#7327 = LINE ( 'NONE', #8318, #1963 ) ;
#7328 = ORIENTED_EDGE ( 'NONE', *, *, #3964, .F. ) ;
#7329 = ORIENTED_EDGE ( 'NONE', *, *, #2264, .T. ) ;
#7330 = ORIENTED_EDGE ( 'NONE', *, *, #872, .F. ) ;
#7331 = CARTESIAN_POINT ( 'NONE',  ( 0.9514999999999997904, 0.000000000000000000, -0.1024999999999999245 ) ) ;
#7332 = DIRECTION ( 'NONE',  ( 1.000000000000000000, 0.000000000000000000, -0.000000000000000000 ) ) ;
#7333 = EDGE_CURVE ( 'NONE', #8949, #8697, #7374, .T. ) ;
#7334 = AXIS2_PLACEMENT_3D ( 'NONE', #5819, #5092, #2004 ) ;
#7335 = ADVANCED_FACE ( 'NONE', ( #1594 ), #3019, .T. ) ;
#7336 = CARTESIAN_POINT ( 'NONE',  ( 0.6189999999999999947, 0.3154999999999998361, 0.2379999999999999893 ) ) ;
#7337 = ORIENTED_EDGE ( 'NONE', *, *, #9688, .F. ) ;
#7338 = VERTEX_POINT ( 'NONE', #4938 ) ;
#7339 = ORIENTED_EDGE ( 'NONE', *, *, #4044, .F. ) ;
#7340 = FACE_BOUND ( 'NONE', #5860, .T. ) ;
#7341 = LINE ( 'NONE', #1015, #193 ) ;
#7342 = CARTESIAN_POINT ( 'NONE',  ( 0.6690000000000000391, -0.1225000000000000117, -0.3255000000000000115 ) ) ;
#7343 = LINE ( 'NONE', #4839, #4248 ) ;
#7344 = VECTOR ( 'NONE', #2580, 39.37007874015748854 ) ;
#7345 = DIRECTION ( 'NONE',  ( -0.5773502691896248429, 0.5773502691896248429, 0.5773502691896275074 ) ) ;
#7346 = ORIENTED_EDGE ( 'NONE', *, *, #4515, .F. ) ;
#7347 = CARTESIAN_POINT ( 'NONE',  ( 0.7672159434498222463, 0.1706678706707046578, 0.000000000000000000 ) ) ;
#7348 = CARTESIAN_POINT ( 'NONE',  ( 0.4370419913543520107, 0.1516027016097293567, 0.002000000000000000042 ) ) ;
#7349 = LINE ( 'NONE', #8862, #211 ) ;
#7350 = ORIENTED_EDGE ( 'NONE', *, *, #770, .F. ) ;
#7351 = FACE_OUTER_BOUND ( 'NONE', #3196, .T. ) ;
#7352 = LINE ( 'NONE', #187, #2737 ) ;
#7353 = EDGE_CURVE ( 'NONE', #5444, #3991, #77, .T. ) ;
#7354 = PLANE ( 'NONE',  #3619 ) ;
#7355 = CARTESIAN_POINT ( 'NONE',  ( 0.8298324058205677201, 0.3320957686522920671, 0.002000000000000000042 ) ) ;
#7356 = ADVANCED_FACE ( 'NONE', ( #8171 ), #1122, .F. ) ;
#7357 = CARTESIAN_POINT ( 'NONE',  ( 0.6729999999999999316, 0.1859999999999998044, 0.2379999999999999893 ) ) ;
#7358 = DIRECTION ( 'NONE',  ( 0.000000000000000000, -1.000000000000000000, 0.000000000000000000 ) ) ;
#7359 = CARTESIAN_POINT ( 'NONE',  ( 0.3714999999999998304, 0.07050000000000002098, 0.2080000000000000460 ) ) ;
#7360 = AXIS2_PLACEMENT_3D ( 'NONE', #7899, #737, #2355 ) ;
#7361 = VERTEX_POINT ( 'NONE', #8953 ) ;
#7362 = LINE ( 'NONE', #200, #6478 ) ;
#7363 = ORIENTED_EDGE ( 'NONE', *, *, #8512, .F. ) ;
#7364 = ORIENTED_EDGE ( 'NONE', *, *, #10225, .T. ) ;
#7365 = CARTESIAN_POINT ( 'NONE',  ( 0.7775540763638868480, 0.1700512535007670800, 0.002000000000000000042 ) ) ;
#7366 = VERTEX_POINT ( 'NONE', #5828 ) ;
#7367 = DIRECTION ( 'NONE',  ( -0.000000000000000000, 0.000000000000000000, 1.000000000000000000 ) ) ;
#7368 = VECTOR ( 'NONE', #9958, 39.37007874015748143 ) ;
#7369 = FACE_OUTER_BOUND ( 'NONE', #10341, .T. ) ;
#7370 = CARTESIAN_POINT ( 'NONE',  ( 0.8269140027246983937, 0.3378576357143399100, 0.000000000000000000 ) ) ;
#7371 = VECTOR ( 'NONE', #6425, 39.37007874015748143 ) ;
#7372 = CARTESIAN_POINT ( 'NONE',  ( 0.7719794784938086574, 0.1720873076955684311, 0.002000000000000000042 ) ) ;
#7373 = FACE_OUTER_BOUND ( 'NONE', #8847, .T. ) ;
#7374 = CIRCLE ( 'NONE', #1033, 0.06199999999999990935 ) ;
#7375 = CARTESIAN_POINT ( 'NONE',  ( 0.2615000000000000657, 0.03300000000000000155, -0.4900000000000000466 ) ) ;
#7376 = LINE ( 'NONE', #4246, #7799 ) ;
#7377 = EDGE_LOOP ( 'NONE', ( #4257, #755, #6172, #5387 ) ) ;
#7378 = VECTOR ( 'NONE', #5315, 39.37007874015748143 ) ;
#7379 = ORIENTED_EDGE ( 'NONE', *, *, #6663, .F. ) ;
#7380 = VERTEX_POINT ( 'NONE', #4312 ) ;
#7381 = CARTESIAN_POINT ( 'NONE',  ( 0.5649999999999999467, 0.03300000000000000155, -0.3054999999999999938 ) ) ;
#7382 = EDGE_CURVE ( 'NONE', #989, #7813, #7341, .T. ) ;
#7383 = ORIENTED_EDGE ( 'NONE', *, *, #1358, .T. ) ;
#7384 = CARTESIAN_POINT ( 'NONE',  ( 0.8350003024533280138, 0.3326687089127957075, 0.002000000000000000042 ) ) ;
#7385 = CARTESIAN_POINT ( 'NONE',  ( 0.04199999999999991934, 0.05400000000000002714, -0.01499999999999999944 ) ) ;
#7386 = EDGE_CURVE ( 'NONE', #6086, #1020, #919, .T. ) ;
#7387 = VECTOR ( 'NONE', #3257, 39.37007874015748143 ) ;
#7388 = CARTESIAN_POINT ( 'NONE',  ( 0.8232153042089201955, 0.3299283715395267547, 0.000000000000000000 ) ) ;
#7389 = ORIENTED_EDGE ( 'NONE', *, *, #2850, .T. ) ;
#7390 = ORIENTED_EDGE ( 'NONE', *, *, #7228, .T. ) ;
#7391 = ORIENTED_EDGE ( 'NONE', *, *, #1667, .F. ) ;
#7392 = VECTOR ( 'NONE', #9493, 39.37007874015748143 ) ;
#7393 = LINE ( 'NONE', #3420, #1548 ) ;
#7394 = AXIS2_PLACEMENT_3D ( 'NONE', #1730, #4864, #7267 ) ;
#7395 = CARTESIAN_POINT ( 'NONE',  ( 0.4370419913543520107, 0.1516027016097293567, 0.002000000000000000042 ) ) ;
#7396 = ADVANCED_FACE ( 'NONE', ( #6612 ), #1698, .T. ) ;
#7397 = CARTESIAN_POINT ( 'NONE',  ( 0.6739999999999999325, -0.1174999999999999933, -0.3305000000000000160 ) ) ;
#7398 = CARTESIAN_POINT ( 'NONE',  ( 0.7633930881864453566, 0.1633435751574418837, 0.002000000000000000042 ) ) ;
#7399 = CARTESIAN_POINT ( 'NONE',  ( 0.7029999999999999583, 0.2904999999999998139, 0.2379999999999999893 ) ) ;
#7400 = AXIS2_PLACEMENT_3D ( 'NONE', #7602, #5875, #2899 ) ;
#7401 = AXIS2_PLACEMENT_3D ( 'NONE', #6986, #7869, #4684 ) ;
#7402 = EDGE_LOOP ( 'NONE', ( #9565, #7107, #8519, #5221 ) ) ;
#7403 = CARTESIAN_POINT ( 'NONE',  ( 0.7679316100563823300, 0.1711025273159249571, 0.002000000000000000042 ) ) ;
#7404 = DIRECTION ( 'NONE',  ( 0.000000000000000000, 0.000000000000000000, 1.000000000000000000 ) ) ;
#7405 = CARTESIAN_POINT ( 'NONE',  ( 0.8119999999999999440, 0.03300000000000000155, -0.4174999999999999822 ) ) ;
#7406 = ORIENTED_EDGE ( 'NONE', *, *, #157, .T. ) ;
#7407 = DIRECTION ( 'NONE',  ( -1.000000000000000000, 0.000000000000000000, 0.000000000000000000 ) ) ;
#7408 = DIRECTION ( 'NONE',  ( -1.000000000000000000, 0.000000000000000000, 0.000000000000000000 ) ) ;
#7409 = CARTESIAN_POINT ( 'NONE',  ( 0.3759999999999999454, -0.1174999999999999933, -0.4425000000000000044 ) ) ;
#7410 = DIRECTION ( 'NONE',  ( -0.000000000000000000, 0.000000000000000000, 1.000000000000000000 ) ) ;
#7411 = DIRECTION ( 'NONE',  ( -0.000000000000000000, 1.000000000000000000, -0.000000000000000000 ) ) ;
#7412 = LOCAL_TIME ( 9, 34, 56.00000000000000000, #2213 ) ;
#7413 = CARTESIAN_POINT ( 'NONE',  ( 0.8247900844845694746, 0.3426969127652157443, 0.000000000000000000 ) ) ;
#7414 = EDGE_CURVE ( 'NONE', #1026, #5134, #4720, .T. ) ;
#7415 = CARTESIAN_POINT ( 'NONE',  ( 0.6739999999999999325, -0.1250000000000000000, -0.3054999999999999938 ) ) ;
#7416 = ADVANCED_FACE ( 'NONE', ( #7447 ), #277, .F. ) ;
#7417 = VERTEX_POINT ( 'NONE', #9842 ) ;
#7418 = CARTESIAN_POINT ( 'NONE',  ( 0.7629999999999999005, -0.1225000000000000117, -0.3255000000000000115 ) ) ;
#7419 = EDGE_LOOP ( 'NONE', ( #4247, #4021, #5327, #596 ) ) ;
#7420 = VERTEX_POINT ( 'NONE', #2688 ) ;
#7421 = CARTESIAN_POINT ( 'NONE',  ( 0.7737560479002969505, 0.1719329930299287879, 0.002000000000000000042 ) ) ;
#7422 = EDGE_LOOP ( 'NONE', ( #5496, #9775, #2414, #5776 ) ) ;
#7423 = PLANE ( 'NONE',  #3049 ) ;
#7424 = ADVANCED_FACE ( 'NONE', ( #9065 ), #5099, .F. ) ;
#7425 = DIRECTION ( 'NONE',  ( -1.000000000000000000, 0.000000000000000000, -0.000000000000000000 ) ) ;
#7426 = CARTESIAN_POINT ( 'NONE',  ( 0.7029999999999999583, 0.2904999999999998139, 0.000000000000000000 ) ) ;
#7427 = CARTESIAN_POINT ( 'NONE',  ( 0.5639999999999999458, 0.2034999999999998199, 0.2304999999999999827 ) ) ;
#7428 = CARTESIAN_POINT ( 'NONE',  ( 0.4390953824400578576, 0.1443123897585493753, 0.002000000000000000042 ) ) ;
#7429 = ADVANCED_FACE ( 'NONE', ( #3366, #8850 ), #4097, .F. ) ;
#7430 = VERTEX_POINT ( 'NONE', #3314 ) ;
#7431 = LINE ( 'NONE', #4294, #7297 ) ;
#7432 = ORIENTED_EDGE ( 'NONE', *, *, #970, .T. ) ;
#7433 = ORIENTED_EDGE ( 'NONE', *, *, #8627, .F. ) ;
#7434 = EDGE_LOOP ( 'NONE', ( #3504, #4334, #6609, #3663 ) ) ;
#7435 = CARTESIAN_POINT ( 'NONE',  ( 0.4443350733071836367, 0.1425216058744171177, 0.002000000000000000042 ) ) ;
#7436 = ORIENTED_EDGE ( 'NONE', *, *, #8315, .F. ) ;
#7437 = CARTESIAN_POINT ( 'NONE',  ( 0.8350003024533280138, 0.3326687089127957075, 0.000000000000000000 ) ) ;
#7438 = LINE ( 'NONE', #4880, #4881 ) ;
#7439 = EDGE_CURVE ( 'NONE', #7588, #7792, #6565, .T. ) ;
#7440 = CARTESIAN_POINT ( 'NONE',  ( 0.04199999999999991934, 0.05400000000000002714, -0.01499999999999999944 ) ) ;
#7441 = CARTESIAN_POINT ( 'NONE',  ( 0.5939999999999999725, 0.03300000000000000155, -0.4174999999999999822 ) ) ;
#7442 = EDGE_CURVE ( 'NONE', #6571, #10091, #7500, .T. ) ;
#7443 = ORIENTED_EDGE ( 'NONE', *, *, #9547, .T. ) ;
#7444 = VERTEX_POINT ( 'NONE', #1171 ) ;
#7445 = VERTEX_POINT ( 'NONE', #3739 ) ;
#7446 = DIRECTION ( 'NONE',  ( 0.000000000000000000, 0.000000000000000000, -1.000000000000000000 ) ) ;
#7447 = FACE_OUTER_BOUND ( 'NONE', #8334, .T. ) ;
#7448 = LINE ( 'NONE', #232, #3260 ) ;
#7449 = PERSON_AND_ORGANIZATION ( #5486, #9908 ) ;
#7450 = CARTESIAN_POINT ( 'NONE',  ( 1.098999999999999977, 0.05399999999999985367, -0.2919999999999999263 ) ) ;
#7451 = VERTEX_POINT ( 'NONE', #8336 ) ;
#7452 = CARTESIAN_POINT ( 'NONE',  ( 0.7665362151033857652, 0.1701478866888085917, 0.000000000000000000 ) ) ;
#7453 = EDGE_CURVE ( 'NONE', #2197, #10343, #8537, .T. ) ;
#7454 = PLANE ( 'NONE',  #5484 ) ;
#7455 = CARTESIAN_POINT ( 'NONE',  ( 0.4375724526114599389, 0.1562705356928570932, 0.002000000000000000042 ) ) ;
#7456 = EDGE_LOOP ( 'NONE', ( #3715, #3095, #2320, #9329 ) ) ;
#7457 = PLANE ( 'NONE',  #2698 ) ;
#7458 = CARTESIAN_POINT ( 'NONE',  ( 0.8274127307218330785, 0.3429463341160406409, 0.000000000000000000 ) ) ;
#7459 = DIRECTION ( 'NONE',  ( 1.000000000000000000, 0.000000000000000000, 0.000000000000000000 ) ) ;
#7460 = DIRECTION ( 'NONE',  ( 0.1559625734730116509, 0.9877629653290689316, -0.000000000000000000 ) ) ;
#7461 = ADVANCED_FACE ( 'NONE', ( #1272 ), #9269, .F. ) ;
#7462 = EDGE_CURVE ( 'NONE', #4144, #8371, #5302, .T. ) ;
#7463 = CARTESIAN_POINT ( 'NONE',  ( 0.4009999999999999676, 0.03300000000000000155, -0.4425000000000000044 ) ) ;
#7464 = VECTOR ( 'NONE', #5765, 39.37007874015748143 ) ;
#7465 = PLANE ( 'NONE',  #5983 ) ;
#7466 = DIRECTION ( 'NONE',  ( 1.000000000000000000, 0.000000000000000000, 0.000000000000000000 ) ) ;
#7467 = ORIENTED_EDGE ( 'NONE', *, *, #2267, .T. ) ;
#7468 = CARTESIAN_POINT ( 'NONE',  ( 0.4286855862897321900, 0.1494062019822583187, 0.000000000000000000 ) ) ;
#7469 = EDGE_LOOP ( 'NONE', ( #2908, #161, #2250, #6598 ) ) ;
#7470 = ORIENTED_EDGE ( 'NONE', *, *, #8055, .F. ) ;
#7471 = CARTESIAN_POINT ( 'NONE',  ( 0.7745931458419679227, 0.1717247194128219967, 0.002000000000000000042 ) ) ;
#7472 = CARTESIAN_POINT ( 'NONE',  ( 0.4474999999999999534, 0.2034999999999998199, 0.2379999999999999893 ) ) ;
#7473 = VECTOR ( 'NONE', #2045, 39.37007874015748143 ) ;
#7474 = CARTESIAN_POINT ( 'NONE',  ( 0.4009999999999999676, 0.3154999999999998361, 0.2305000000000000104 ) ) ;
#7475 = CARTESIAN_POINT ( 'NONE',  ( 0.8298433123761979058, 0.3348494213980274803, 0.000000000000000000 ) ) ;
#7476 = LINE ( 'NONE', #5854, #8196 ) ;
#7477 = CARTESIAN_POINT ( 'NONE',  ( 0.4406718910199168837, 0.1468624070588128161, 0.002000000000000000042 ) ) ;
#7478 = AXIS2_PLACEMENT_3D ( 'NONE', #9515, #2362, #1770 ) ;
#7479 = EDGE_CURVE ( 'NONE', #2296, #5667, #2794, .T. ) ;
#7480 = ORIENTED_EDGE ( 'NONE', *, *, #8063, .T. ) ;
#7481 = LINE ( 'NONE', #5810, #10134 ) ;
#7482 = VERTEX_POINT ( 'NONE', #5197 ) ;
#7483 = EDGE_LOOP ( 'NONE', ( #7949, #4603, #6710, #2410 ) ) ;
#7484 = EDGE_LOOP ( 'NONE', ( #7897, #4250, #4523, #8839 ) ) ;
#7485 = CARTESIAN_POINT ( 'NONE',  ( 0.7684632137244792327, 0.1638785067156194875, 0.002000000000000000042 ) ) ;
#7486 = LINE ( 'NONE', #2050, #6363 ) ;
#7487 = CARTESIAN_POINT ( 'NONE',  ( 0.8346619011805697097, 0.3307622907221423603, 0.000000000000000000 ) ) ;
#7488 = CARTESIAN_POINT ( 'NONE',  ( 0.8218961113116035611, 0.3526769056879103248, 0.000000000000000000 ) ) ;
#7489 = ADVANCED_FACE ( 'NONE', ( #5151 ), #7651, .T. ) ;
#7490 = EDGE_CURVE ( 'NONE', #7803, #5604, #3525, .T. ) ;
#7491 = VECTOR ( 'NONE', #1943, 39.37007874015748143 ) ;
#7492 = DIRECTION ( 'NONE',  ( -0.5773502691896270633, 0.5773502691896230665, -0.5773502691896270633 ) ) ;
#7493 = ADVANCED_FACE ( 'NONE', ( #6031 ), #9165, .F. ) ;
#7494 = CARTESIAN_POINT ( 'NONE',  ( 0.1139999999999998792, 0.000000000000000000, -0.4455000000000000071 ) ) ;
#7495 = LINE ( 'NONE', #8082, #10295 ) ;
#7496 = ORIENTED_EDGE ( 'NONE', *, *, #9416, .F. ) ;
#7497 = ORIENTED_EDGE ( 'NONE', *, *, #73, .T. ) ;
#7498 = ORIENTED_EDGE ( 'NONE', *, *, #3010, .F. ) ;
#7499 = DIRECTION ( 'NONE',  ( -1.000000000000000000, 0.000000000000000000, 0.000000000000000000 ) ) ;
#7500 = LINE ( 'NONE', #8387, #10041 ) ;
#7501 = B_SPLINE_CURVE_WITH_KNOTS ( 'NONE', 3,
 ( #9192, #3448, #1050, #9822, #7428, #9143, #1103, #260, #7477, #2042, #4244 ),
 .UNSPECIFIED., .F., .F.,
 ( 4, 1, 1, 1, 1, 1, 1, 1, 4 ),
 ( 0.000000000000000000, 0.1211522424913088480, 0.2376005895733886986, 0.3560524880869264663, 0.4805249744886062602, 0.6076386115432850232, 0.7334299283789966761, 0.8621816073824772886, 1.000000000000000000 ),
 .UNSPECIFIED. ) ;
#7502 = APPROVAL_DATE_TIME ( #2639, #2302 ) ;
#7503 = ORIENTED_EDGE ( 'NONE', *, *, #9994, .T. ) ;
#7504 = CARTESIAN_POINT ( 'NONE',  ( 0.7679316100563823300, 0.1711025273159249571, 0.000000000000000000 ) ) ;
#7505 = CARTESIAN_POINT ( 'NONE',  ( 0.4335130298929487092, 0.1476747652060336757, 0.000000000000000000 ) ) ;
#7506 = CARTESIAN_POINT ( 'NONE',  ( 0.4432852733782132182, 0.1537356932485017535, 0.000000000000000000 ) ) ;
#7507 = EDGE_LOOP ( 'NONE', ( #1944, #9944, #7181, #1762 ) ) ;
#7508 = DIRECTION ( 'NONE',  ( 0.7071067811865459074, 0.000000000000000000, 0.7071067811865491270 ) ) ;
#7509 = LINE ( 'NONE', #5992, #6742 ) ;
#7510 = EDGE_CURVE ( 'NONE', #9728, #10289, #545, .T. ) ;
#7511 = DIRECTION ( 'NONE',  ( -0.000000000000000000, -0.000000000000000000, -1.000000000000000000 ) ) ;
#7512 = FACE_OUTER_BOUND ( 'NONE', #22, .T. ) ;
#7513 = ADVANCED_FACE ( 'NONE', ( #2901 ), #6455, .T. ) ;
#7514 = CARTESIAN_POINT ( 'NONE',  ( 0.3714999999999998304, 0.4234999999999998765, 0.1080000000000000265 ) ) ;
#7515 = CARTESIAN_POINT ( 'NONE',  ( 0.8220815503692886494, 0.3314581819964155796, 0.002000000000000000042 ) ) ;
#7516 = DIRECTION ( 'NONE',  ( -0.8919390152644700587, 0.4521557177002710204, 0.000000000000000000 ) ) ;
#7517 = CARTESIAN_POINT ( 'NONE',  ( 0.8265345791645276607, 0.3379256641452954568, 0.000000000000000000 ) ) ;
#7518 = VECTOR ( 'NONE', #4305, 39.37007874015748143 ) ;
#7519 = EDGE_LOOP ( 'NONE', ( #6271, #9380, #3208, #3184, #7756, #8548, #3016, #4811, #1257, #495, #9967, #9683, #4046, #5564, #1356 ) ) ;
#7520 = CARTESIAN_POINT ( 'NONE',  ( 0.4297153321747177457, 0.1522959557972981548, 0.002000000000000000042 ) ) ;
#7521 = ORIENTED_EDGE ( 'NONE', *, *, #4202, .T. ) ;
#7522 = ORIENTED_EDGE ( 'NONE', *, *, #6940, .F. ) ;
#7523 = LINE ( 'NONE', #2661, #7541 ) ;
#7524 = CARTESIAN_POINT ( 'NONE',  ( 0.8452586961495975881, 0.1424999999999999878, 0.000000000000000000 ) ) ;
#7525 = CARTESIAN_POINT ( 'NONE',  ( 0.7279999999999999805, 0.3154999999999998361, 0.2305000000000000104 ) ) ;
#7526 = DIRECTION ( 'NONE',  ( -1.000000000000000000, 0.000000000000000000, -0.000000000000000000 ) ) ;
#7527 = CARTESIAN_POINT ( 'NONE',  ( 0.8274127307218330785, 0.3429463341160406409, 0.000000000000000000 ) ) ;
#7528 = FACE_OUTER_BOUND ( 'NONE', #4669, .T. ) ;
#7529 = AXIS2_PLACEMENT_3D ( 'NONE', #8655, #6417, #2441 ) ;
#7530 = ORIENTED_EDGE ( 'NONE', *, *, #9015, .F. ) ;
#7531 = DIRECTION ( 'NONE',  ( 1.000000000000000000, -0.000000000000000000, 0.000000000000000000 ) ) ;
#7532 = ORIENTED_EDGE ( 'NONE', *, *, #3585, .F. ) ;
#7533 = EDGE_CURVE ( 'NONE', #1458, #3182, #2846, .T. ) ;
#7534 = EDGE_LOOP ( 'NONE', ( #7977, #6800, #3601, #4774 ) ) ;
#7535 = ORIENTED_EDGE ( 'NONE', *, *, #9282, .F. ) ;
#7536 = DIRECTION ( 'NONE',  ( -0.000000000000000000, 0.000000000000000000, 1.000000000000000000 ) ) ;
#7537 = DIRECTION ( 'NONE',  ( -1.000000000000000000, 0.000000000000000000, 0.000000000000000000 ) ) ;
#7538 = DIRECTION ( 'NONE',  ( 1.000000000000000000, 0.000000000000000000, 0.000000000000000000 ) ) ;
#7539 = CARTESIAN_POINT ( 'NONE',  ( 0.4457407689694032893, 0.1473881775714292741, 2.667820306312757049E-19 ) ) ;
#7540 = DIRECTION ( 'NONE',  ( 0.000000000000000000, 0.000000000000000000, 1.000000000000000000 ) ) ;
#7541 = VECTOR ( 'NONE', #5850, 39.37007874015748143 ) ;
#7542 = CARTESIAN_POINT ( 'NONE',  ( 0.8253431190034182796, 0.3289632390226543412, 0.002000000000000000042 ) ) ;
#7543 = ADVANCED_FACE ( 'NONE', ( #5981 ), #2370, .F. ) ;
#7544 = DIRECTION ( 'NONE',  ( -1.000000000000000000, 0.000000000000000000, 0.000000000000000000 ) ) ;
#7545 = VERTEX_POINT ( 'NONE', #2314 ) ;
#7546 = ADVANCED_FACE ( 'NONE', ( #7808, #8637 ), #751, .T. ) ;
#7547 = ORIENTED_EDGE ( 'NONE', *, *, #463, .T. ) ;
#7548 = EDGE_LOOP ( 'NONE', ( #7192, #4764, #3772, #1642 ) ) ;
#7549 = ADVANCED_FACE ( 'NONE', ( #12 ), #4622, .T. ) ;
#7550 = CARTESIAN_POINT ( 'NONE',  ( 0.9549999999999997380, 0.1299999999999998657, -0.1659999999999999531 ) ) ;
#7551 = CARTESIAN_POINT ( 'NONE',  ( 0.4407058175849807857, 0.1476747652060336757, 0.002000000000000000042 ) ) ;
#7552 = VECTOR ( 'NONE', #7113, 39.37007874015748854 ) ;
#7553 = VECTOR ( 'NONE', #9857, 39.37007874015748143 ) ;
#7554 = ORIENTED_EDGE ( 'NONE', *, *, #3679, .F. ) ;
#7555 = CARTESIAN_POINT ( 'NONE',  ( 0.6479999999999999094, 0.2034999999999998199, 0.2379999999999999893 ) ) ;
#7556 = EDGE_CURVE ( 'NONE', #3198, #1644, #3150, .T. ) ;
#7557 = VECTOR ( 'NONE', #1129, 39.37007874015748143 ) ;
#7558 = AXIS2_PLACEMENT_3D ( 'NONE', #7950, #7844, #787 ) ;
#7559 = PLANE ( 'NONE',  #803 ) ;
#7560 = CARTESIAN_POINT ( 'NONE',  ( 0.4009999999999999676, -0.1250000000000000000, -0.4174999999999999822 ) ) ;
#7561 = ORIENTED_EDGE ( 'NONE', *, *, #1395, .T. ) ;
#7562 = CARTESIAN_POINT ( 'NONE',  ( 0.5100000000000000089, 0.3154999999999998361, 0.2305000000000000104 ) ) ;
#7563 = CYLINDRICAL_SURFACE ( 'NONE', #8738, 0.07200000000000000844 ) ;
#7564 = CARTESIAN_POINT ( 'NONE',  ( 0.5989999999999999769, 0.3104999999999997762, 0.2354999999999999871 ) ) ;
#7565 = CARTESIAN_POINT ( 'NONE',  ( 0.6115000000000000435, 0.2904999999999998139, 0.2379999999999999893 ) ) ;
#7566 = AXIS2_PLACEMENT_3D ( 'NONE', #3649, #2919, #2082 ) ;
#7567 = AXIS2_PLACEMENT_3D ( 'NONE', #10196, #7216, #8782 ) ;
#7568 = CARTESIAN_POINT ( 'NONE',  ( 0.5714999999999998970, 0.06550000000000003042, 0.1079999999999999988 ) ) ;
#7569 = CARTESIAN_POINT ( 'NONE',  ( 0.8223911576717619631, 0.3308751982020680660, 0.002000000000000000042 ) ) ;
#7570 = EDGE_CURVE ( 'NONE', #2832, #2332, #10308, .T. ) ;
#7571 = CARTESIAN_POINT ( 'NONE',  ( 0.4849999999999999312, 0.2904999999999998139, 0.2379999999999999893 ) ) ;
#7572 = VECTOR ( 'NONE', #8771, 39.37007874015748143 ) ;
#7573 = CARTESIAN_POINT ( 'NONE',  ( 0.8282868710977353555, 0.3372334289536664809, 0.000000000000000000 ) ) ;
#7574 = EDGE_CURVE ( 'NONE', #482, #8841, #9524, .T. ) ;
#7575 = CARTESIAN_POINT ( 'NONE',  ( 0.8369999999999999662, -0.1250000000000000000, -0.4349999999999999978 ) ) ;
#7576 = VERTEX_POINT ( 'NONE', #6341 ) ;
#7577 = VECTOR ( 'NONE', #8869, 39.37007874015748143 ) ;
#7578 = ORIENTED_EDGE ( 'NONE', *, *, #6534, .F. ) ;
#7579 = CARTESIAN_POINT ( 'NONE',  ( 0.8209406694195610088, 0.3250306662892829546, 0.002000000000000000042 ) ) ;
#7580 = FACE_OUTER_BOUND ( 'NONE', #10259, .T. ) ;
#7581 = DIRECTION ( 'NONE',  ( 0.000000000000000000, 0.000000000000000000, -1.000000000000000000 ) ) ;
#7582 = CARTESIAN_POINT ( 'NONE',  ( 0.4849999999999999312, 0.2904999999999998139, 0.2379999999999999893 ) ) ;
#7583 = CARTESIAN_POINT ( 'NONE',  ( 0.4414999999999997815, 0.4234999999999998765, 0.2080000000000000460 ) ) ;
#7584 = CARTESIAN_POINT ( 'NONE',  ( 0.3714999999999998304, 0.4234999999999998765, 0.2080000000000000460 ) ) ;
#7585 = EDGE_CURVE ( 'NONE', #5358, #9530, #5513, .T. ) ;
#7586 = EDGE_LOOP ( 'NONE', ( #10030, #2311, #7443, #8774, #570, #2903, #6922, #2284, #7313 ) ) ;
#7587 = LINE ( 'NONE', #415, #7968 ) ;
#7588 = VERTEX_POINT ( 'NONE', #5566 ) ;
#7589 = VERTEX_POINT ( 'NONE', #8590 ) ;
#7590 = VERTEX_POINT ( 'NONE', #7914 ) ;
#7591 = DIRECTION ( 'NONE',  ( 0.000000000000000000, 1.000000000000000000, 0.000000000000000000 ) ) ;
#7592 = CARTESIAN_POINT ( 'NONE',  ( 0.3714999999999998304, 0.07050000000000002098, 0.1080000000000000265 ) ) ;
#7593 = DIRECTION ( 'NONE',  ( -0.000000000000000000, 0.000000000000000000, 1.000000000000000000 ) ) ;
#7594 = DIRECTION ( 'NONE',  ( -0.000000000000000000, -0.000000000000000000, -1.000000000000000000 ) ) ;
#7595 = FACE_OUTER_BOUND ( 'NONE', #4927, .T. ) ;
#7596 = ADVANCED_FACE ( 'NONE', ( #2212 ), #9371, .F. ) ;
#7597 = CARTESIAN_POINT ( 'NONE',  ( 0.4426666666666665417, -0.1308333333333333015, -0.3188333333333333575 ) ) ;
#7598 = DIRECTION ( 'NONE',  ( 0.000000000000000000, 0.000000000000000000, -1.000000000000000000 ) ) ;
#7599 = ORIENTED_EDGE ( 'NONE', *, *, #1200, .F. ) ;
#7600 = ORIENTED_EDGE ( 'NONE', *, *, #5255, .T. ) ;
#7601 = ORIENTED_EDGE ( 'NONE', *, *, #8412, .F. ) ;
#7602 = CARTESIAN_POINT ( 'NONE',  ( 1.098000000000000087, 0.05400000000000002714, -0.3734999999999999987 ) ) ;
#7603 = DIRECTION ( 'NONE',  ( 0.000000000000000000, 0.000000000000000000, 1.000000000000000000 ) ) ;
#7604 = ORIENTED_EDGE ( 'NONE', *, *, #9881, .T. ) ;
#7605 = CARTESIAN_POINT ( 'NONE',  ( 0.7740874899279773791, 0.1597639991489636924, 0.000000000000000000 ) ) ;
#7606 = ADVANCED_FACE ( 'NONE', ( #3202 ), #599, .F. ) ;
#7607 = ADVANCED_FACE ( 'NONE', ( #1476 ), #8748, .F. ) ;
#7608 = PLANE ( 'NONE',  #8144 ) ;
#7609 = CARTESIAN_POINT ( 'NONE',  ( 0.4451347157439471403, 0.1508692201636571140, 0.000000000000000000 ) ) ;
#7610 = ORIENTED_EDGE ( 'NONE', *, *, #9989, .T. ) ;
#7611 = CARTESIAN_POINT ( 'NONE',  ( 0.7754999999999999671, -0.1250000000000000000, -0.3230000000000000093 ) ) ;
#7612 = CARTESIAN_POINT ( 'NONE',  ( 0.8306259330191491097, 0.3419557457547377499, 0.000000000000000000 ) ) ;
#7613 = CARTESIAN_POINT ( 'NONE',  ( 0.5399999999999999245, -0.1250000000000000000, -0.3054999999999999938 ) ) ;
#7614 = LINE ( 'NONE', #5266, #1226 ) ;
#7615 = EDGE_CURVE ( 'NONE', #393, #8618, #1586, .T. ) ;
#7616 = DIRECTION ( 'NONE',  ( 0.1559625734730108737, -0.9877629653290691536, -0.000000000000000000 ) ) ;
#7617 = PLANE ( 'NONE',  #8649 ) ;
#7618 = LINE ( 'NONE', #449, #2636 ) ;
#7619 = CARTESIAN_POINT ( 'NONE',  ( 0.8119999999999999440, 0.3154999999999998361, 0.2379999999999999893 ) ) ;
#7620 = CARTESIAN_POINT ( 'NONE',  ( 0.7756081428408930778, 0.1633297901984075706, 0.000000000000000000 ) ) ;
#7621 = ORIENTED_EDGE ( 'NONE', *, *, #9359, .F. ) ;
#7622 = EDGE_LOOP ( 'NONE', ( #6378, #9762, #8604, #1258 ) ) ;
#7623 = DIRECTION ( 'NONE',  ( 0.7071067811865491270, 0.000000000000000000, 0.7071067811865459074 ) ) ;
#7624 = PLANE ( 'NONE',  #1893 ) ;
#7625 = DIRECTION ( 'NONE',  ( 1.000000000000000000, 0.000000000000000000, 0.000000000000000000 ) ) ;
#7626 = LINE ( 'NONE', #3501, #5734 ) ;
#7627 = AXIS2_PLACEMENT_3D ( 'NONE', #4490, #7674, #6899 ) ;
#7628 = CARTESIAN_POINT ( 'NONE',  ( 0.8347011316343856402, 0.3365108747419189306, 0.000000000000000000 ) ) ;
#7629 = DIRECTION ( 'NONE',  ( 0.000000000000000000, 0.000000000000000000, -1.000000000000000000 ) ) ;
#7630 = EDGE_LOOP ( 'NONE', ( #7532, #6185, #3337, #7788 ) ) ;
#7631 = VECTOR ( 'NONE', #5686, 39.37007874015748143 ) ;
#7632 = CARTESIAN_POINT ( 'NONE',  ( 0.1144999999999998935, 0.2469999999999997753, -0.09499999999999994560 ) ) ;
#7633 = EDGE_LOOP ( 'NONE', ( #3153, #6073, #10088, #3083 ) ) ;
#7634 = ORIENTED_EDGE ( 'NONE', *, *, #528, .T. ) ;
#7635 = ORIENTED_EDGE ( 'NONE', *, *, #8794, .T. ) ;
#7636 = CARTESIAN_POINT ( 'NONE',  ( 0.7684280395708678046, 0.1630738456189906871, 0.002000000000000000042 ) ) ;
#7637 = CARTESIAN_POINT ( 'NONE',  ( 0.7768743033338237902, 0.1705977815909907325, 0.002000000000000000042 ) ) ;
#7638 = CARTESIAN_POINT ( 'NONE',  ( 0.7685839064610712201, 0.1550849019048068100, 0.002000000000000000042 ) ) ;
#7639 = DIRECTION ( 'NONE',  ( -0.000000000000000000, -0.000000000000000000, -1.000000000000000000 ) ) ;
#7640 = ADVANCED_FACE ( 'NONE', ( #7961 ), #9582, .T. ) ;
#7641 = FACE_OUTER_BOUND ( 'NONE', #7648, .T. ) ;
#7642 = AXIS2_PLACEMENT_3D ( 'NONE', #7571, #8354, #9236 ) ;
#7643 = LINE ( 'NONE', #8480, #307 ) ;
#7644 = CARTESIAN_POINT ( 'NONE',  ( 0.3759999999999999454, -0.1250000000000000000, -0.4425000000000000044 ) ) ;
#7645 = CARTESIAN_POINT ( 'NONE',  ( 0.8229675004310079700, 0.3362814433919988355, 0.002000000000000000042 ) ) ;
#7646 = ORIENTED_EDGE ( 'NONE', *, *, #1746, .T. ) ;
#7647 = ORIENTED_EDGE ( 'NONE', *, *, #8638, .F. ) ;
#7648 = EDGE_LOOP ( 'NONE', ( #6923, #1407, #8576, #4175 ) ) ;
#7649 = DIRECTION ( 'NONE',  ( -0.000000000000000000, -0.000000000000000000, 1.000000000000000000 ) ) ;
#7650 = VECTOR ( 'NONE', #6981, 39.37007874015748143 ) ;
#7651 = PLANE ( 'NONE',  #5546 ) ;
#7652 = AXIS2_PLACEMENT_3D ( 'NONE', #3951, #1602, #7931 ) ;
#7653 = ORIENTED_EDGE ( 'NONE', *, *, #9018, .F. ) ;
#7654 = CARTESIAN_POINT ( 'NONE',  ( 0.4299999999999999378, 0.1959999999999998410, 0.2379999999999999893 ) ) ;
#7655 = VECTOR ( 'NONE', #516, 39.37007874015748143 ) ;
#7656 = DIRECTION ( 'NONE',  ( -0.1559625734730108737, 0.9877629653290691536, 0.000000000000000000 ) ) ;
#7657 = DIRECTION ( 'NONE',  ( 0.000000000000000000, 0.000000000000000000, -1.000000000000000000 ) ) ;
#7658 = ORIENTED_EDGE ( 'NONE', *, *, #5928, .F. ) ;
#7659 = CARTESIAN_POINT ( 'NONE',  ( 0.8119999999999999440, 0.3154999999999998361, 0.2305000000000000104 ) ) ;
#7660 = CARTESIAN_POINT ( 'NONE',  ( 0.4009999999999999676, -0.1174999999999999933, -0.4425000000000000044 ) ) ;
#7661 = CARTESIAN_POINT ( 'NONE',  ( 0.2599999999999998423, 0.1140000000000000041, -0.4899999999999999911 ) ) ;
#7662 = DIRECTION ( 'NONE',  ( -0.000000000000000000, 1.000000000000000000, -0.000000000000000000 ) ) ;
#7663 = CARTESIAN_POINT ( 'NONE',  ( 0.4849999999999999312, -0.1174999999999999933, -0.4425000000000000044 ) ) ;
#7664 = CARTESIAN_POINT ( 'NONE',  ( 0.2615000000000000657, 0.03300000000000000155, -0.4900000000000000466 ) ) ;
#7665 = LINE ( 'NONE', #3013, #4311 ) ;
#7666 = CARTESIAN_POINT ( 'NONE',  ( 0.8297200381964193738, 0.3352615344944115949, 0.000000000000000000 ) ) ;
#7667 = ADVANCED_FACE ( 'NONE', ( #2998 ), #3098, .F. ) ;
#7668 = DIRECTION ( 'NONE',  ( 1.000000000000000000, 0.000000000000000000, 0.000000000000000000 ) ) ;
#7669 = EDGE_LOOP ( 'NONE', ( #9948, #1169, #9661, #3702 ) ) ;
#7670 = ADVANCED_FACE ( 'NONE', ( #650 ), #7023, .F. ) ;
#7671 = ORIENTED_EDGE ( 'NONE', *, *, #2480, .T. ) ;
#7672 = PLANE ( 'NONE',  #6706 ) ;
#7673 = LINE ( 'NONE', #8307, #4385 ) ;
#7674 = DIRECTION ( 'NONE',  ( 1.000000000000000000, -0.000000000000000000, 0.000000000000000000 ) ) ;
#7675 = DIRECTION ( 'NONE',  ( -0.000000000000000000, -0.000000000000000000, -1.000000000000000000 ) ) ;
#7676 = CARTESIAN_POINT ( 'NONE',  ( 0.8341010382057908457, 0.3381937060592244415, 0.002000000000000000042 ) ) ;
#7677 = AXIS2_PLACEMENT_3D ( 'NONE', #225, #3415, #3516 ) ;
#7678 = CARTESIAN_POINT ( 'NONE',  ( 0.8163273202156631214, 0.3314581819964155796, 0.000000000000000000 ) ) ;
#7679 = VERTEX_POINT ( 'NONE', #9730 ) ;
#7680 = DIRECTION ( 'NONE',  ( -1.000000000000000000, 0.000000000000000000, 0.000000000000000000 ) ) ;
#7681 = ORIENTED_EDGE ( 'NONE', *, *, #3520, .F. ) ;
#7682 = ORIENTED_EDGE ( 'NONE', *, *, #3560, .F. ) ;
#7683 = ORIENTED_EDGE ( 'NONE', *, *, #4798, .F. ) ;
#7684 = DIRECTION ( 'NONE',  ( -0.000000000000000000, -1.000000000000000000, -0.000000000000000000 ) ) ;
#7685 = ORIENTED_EDGE ( 'NONE', *, *, #8188, .T. ) ;
#7686 = CARTESIAN_POINT ( 'NONE',  ( 0.1869999999999998885, 0.1140000000000000041, -0.2919999999999999263 ) ) ;
#7687 = DIRECTION ( 'NONE',  ( -0.000000000000000000, 1.000000000000000000, -0.000000000000000000 ) ) ;
#7688 = DIRECTION ( 'NONE',  ( 1.000000000000000000, 0.000000000000000000, 0.000000000000000000 ) ) ;
#7689 = CARTESIAN_POINT ( 'NONE',  ( 0.4353780515373734117, 0.1388106211197702999, 0.002000000000000000042 ) ) ;
#7690 = CARTESIAN_POINT ( 'NONE',  ( 0.4298649907676604376, 0.1426874694188380310, 0.002000000000000000042 ) ) ;
#7691 = EDGE_CURVE ( 'NONE', #9030, #1125, #7438, .T. ) ;
#7692 = CARTESIAN_POINT ( 'NONE',  ( 1.171000000000000041, 0.05399999999999985367, -0.4899999999999999911 ) ) ;
#7693 = ORIENTED_EDGE ( 'NONE', *, *, #834, .T. ) ;
#7694 = ORIENTED_EDGE ( 'NONE', *, *, #9416, .T. ) ;
#7695 = AXIS2_PLACEMENT_3D ( 'NONE', #10249, #3085, #8525 ) ;
#7696 = ORIENTED_EDGE ( 'NONE', *, *, #6266, .F. ) ;
#7697 = EDGE_CURVE ( 'NONE', #5134, #3417, #8219, .T. ) ;
#7698 = CARTESIAN_POINT ( 'NONE',  ( -3.551358426084892890E-17, 0.1140000000000000319, -0.1649999999999999523 ) ) ;
#7699 = VECTOR ( 'NONE', #3088, 39.37007874015748143 ) ;
#7700 = CARTESIAN_POINT ( 'NONE',  ( 0.5100000000000000089, 0.2904999999999998139, 0.2379999999999999893 ) ) ;
#7701 = VECTOR ( 'NONE', #6832, 39.37007874015748143 ) ;
#7702 = DATE_AND_TIME ( #8337, #6083 ) ;
#7703 = VECTOR ( 'NONE', #8916, 39.37007874015748143 ) ;
#7704 = ORIENTED_EDGE ( 'NONE', *, *, #3560, .T. ) ;
#7705 = CARTESIAN_POINT ( 'NONE',  ( 0.4899999999999999911, 0.2954999999999998184, 0.2354999999999999871 ) ) ;
#7706 = LINE ( 'NONE', #6039, #805 ) ;
#7707 = VECTOR ( 'NONE', #10262, 39.37007874015748143 ) ;
#7708 = ORIENTED_EDGE ( 'NONE', *, *, #6917, .F. ) ;
#7709 = CIRCLE ( 'NONE', #9902, 0.07700000000000002676 ) ;
#7710 = EDGE_CURVE ( 'NONE', #5427, #8635, #9706, .T. ) ;
#7711 = CARTESIAN_POINT ( 'NONE',  ( 0.4457407689694032893, 0.1473881775714292741, 0.000000000000000000 ) ) ;
#7712 = VECTOR ( 'NONE', #6779, 39.37007874015748143 ) ;
#7713 = EDGE_LOOP ( 'NONE', ( #9469, #8731, #735, #9068 ) ) ;
#7714 = AXIS2_PLACEMENT_3D ( 'NONE', #9345, #4698, #7046 ) ;
#7715 = DIRECTION ( 'NONE',  ( -0.000000000000000000, -0.000000000000000000, -1.000000000000000000 ) ) ;
#7716 = CARTESIAN_POINT ( 'NONE',  ( 0.8348924182817925033, 0.3356028284275250906, 0.002000000000000000042 ) ) ;
#7717 = CARTESIAN_POINT ( 'NONE',  ( 0.7279999999999999805, 0.3154999999999998361, 0.2305000000000000104 ) ) ;
#7718 = LINE ( 'NONE', #561, #3748 ) ;
#7719 = AXIS2_PLACEMENT_3D ( 'NONE', #6503, #9629, #8996 ) ;
#7720 = DIRECTION ( 'NONE',  ( -0.000000000000000000, -0.000000000000000000, -1.000000000000000000 ) ) ;
#7721 = EDGE_CURVE ( 'NONE', #7803, #10289, #8944, .T. ) ;
#7722 = CARTESIAN_POINT ( 'NONE',  ( 0.7720750077053435412, 0.1670523563111459275, 0.002000000000000000042 ) ) ;
#7723 = DIRECTION ( 'NONE',  ( 0.000000000000000000, 0.000000000000000000, -1.000000000000000000 ) ) ;
#7724 = DIRECTION ( 'NONE',  ( 0.000000000000000000, 0.000000000000000000, 1.000000000000000000 ) ) ;
#7725 = DIRECTION ( 'NONE',  ( 0.7071067811865483499, -0.7071067811865466846, 0.000000000000000000 ) ) ;
#7726 = ORIENTED_EDGE ( 'NONE', *, *, #4199, .T. ) ;
#7727 = FACE_OUTER_BOUND ( 'NONE', #1431, .T. ) ;
#7728 = CARTESIAN_POINT ( 'NONE',  ( 0.8452586961495975881, 0.06549999999999996103, 0.2379999999999999893 ) ) ;
#7729 = VECTOR ( 'NONE', #9548, 39.37007874015748143 ) ;
#7730 = VECTOR ( 'NONE', #672, 39.37007874015748854 ) ;
#7731 = LINE ( 'NONE', #8612, #3206 ) ;
#7732 = LINE ( 'NONE', #9092, #4902 ) ;
#7733 = CARTESIAN_POINT ( 'NONE',  ( 0.8348924182817925033, 0.3356028284275250906, 0.002000000000000000042 ) ) ;
#7734 = VECTOR ( 'NONE', #8310, 39.37007874015748854 ) ;
#7735 = ADVANCED_FACE ( 'NONE', ( #2579 ), #1844, .F. ) ;
#7736 = CARTESIAN_POINT ( 'NONE',  ( 0.8335041582306476071, 0.3282069884204483201, 0.000000000000000000 ) ) ;
#7737 = VECTOR ( 'NONE', #4631, 39.37007874015748143 ) ;
#7738 = ORIENTED_EDGE ( 'NONE', *, *, #768, .F. ) ;
#7739 = PLANE ( 'NONE',  #2471 ) ;
#7740 = ORIENTED_EDGE ( 'NONE', *, *, #1609, .F. ) ;
#7741 = EDGE_CURVE ( 'NONE', #1332, #1079, #8164, .T. ) ;
#7742 = B_SPLINE_CURVE_WITH_KNOTS ( 'NONE', 3,
 ( #3033, #5396, #9569, #10297, #684, #2356, #4608, #1415, #8580, #840, #2200, #7847, #7060, #6227, #5500, #638, #4024, #10251, #7166 ),
 .UNSPECIFIED., .F., .F.,
 ( 4, 1, 1, 1, 1, 1, 1, 1, 1, 1, 1, 1, 1, 1, 1, 1, 4 ),
 ( 0.000000000000000000, 0.06332879336011403015, 0.1247364441626588050, 0.1849157484558918707, 0.2443004085890904398, 0.3038255705820997465, 0.3643529976730645048, 0.4260731436723977916, 0.4897209088385836573, 0.5537559315351878730, 0.6164580629276267265, 0.6783188623542998341, 0.7403009402150833029, 0.8026562643773391681, 0.8667321228001687583, 0.9321567378801843828, 1.000000000000000000 ),
 .UNSPECIFIED. ) ;
#7743 = ORIENTED_EDGE ( 'NONE', *, *, #4240, .F. ) ;
#7744 = ORIENTED_EDGE ( 'NONE', *, *, #4133, .T. ) ;
#7745 = CARTESIAN_POINT ( 'NONE',  ( 0.4404598920264327089, 0.1392753629466139953, 0.002000000000000000042 ) ) ;
#7746 = CARTESIAN_POINT ( 'NONE',  ( 0.7806557786473226068, 0.1633042395997510998, 0.002000000000000000042 ) ) ;
#7747 = VECTOR ( 'NONE', #4953, 39.37007874015748143 ) ;
#7748 = CARTESIAN_POINT ( 'NONE',  ( 0.000000000000000000, 0.000000000000000000, 0.000000000000000000 ) ) ;
#7749 = DIRECTION ( 'NONE',  ( 0.5773502691896270633, -0.5773502691896230665, -0.5773502691896270633 ) ) ;
#7750 = EDGE_CURVE ( 'NONE', #3409, #4722, #166, .T. ) ;
#7751 = CARTESIAN_POINT ( 'NONE',  ( 0.8216490030457823668, 0.3246806861130541177, 0.002000000000000000042 ) ) ;
#7752 = PLANE ( 'NONE',  #4823 ) ;
#7753 = LINE ( 'NONE', #2991, #1638 ) ;
#7754 = CARTESIAN_POINT ( 'NONE',  ( 0.2734999999999997433, 0.3418303204446733190, 0.000000000000000000 ) ) ;
#7755 = ORIENTED_EDGE ( 'NONE', *, *, #4779, .T. ) ;
#7756 = ORIENTED_EDGE ( 'NONE', *, *, #9837, .F. ) ;
#7757 = ORIENTED_EDGE ( 'NONE', *, *, #5622, .F. ) ;
#7758 = CARTESIAN_POINT ( 'NONE',  ( 0.7806518625378879861, 0.1630867465357607460, 0.000000000000000000 ) ) ;
#7759 = ADVANCED_FACE ( 'NONE', ( #1637 ), #3354, .T. ) ;
#7760 = CARTESIAN_POINT ( 'NONE',  ( 0.6414999999999998481, 0.07050000000000002098, 0.1079999999999999988 ) ) ;
#7761 = B_SPLINE_CURVE_WITH_KNOTS ( 'NONE', 3,
 ( #5470, #3058, #9382, #1486, #5422, #3901, #2225, #3689, #10270, #9482, #2326, #5363, #5522, #3005, #10065, #7716, #8703, #6149, #5314 ),
 .UNSPECIFIED., .F., .F.,
 ( 4, 1, 1, 1, 1, 1, 1, 1, 1, 1, 1, 1, 1, 1, 1, 1, 4 ),
 ( 0.000000000000000000, 0.06340052940043298946, 0.1249764099331433231, 0.1844921876584961762, 0.2434736282965431486, 0.3022637321141433686, 0.3613835718304188593, 0.4214817654110663558, 0.4834545367577932629, 0.5459360688045381549, 0.6081426980855869635, 0.6698202920949485328, 0.7323322942692677140, 0.7960922343214102970, 0.8616426668792295240, 0.9294352318828813520, 1.000000000000000000 ),
 .UNSPECIFIED. ) ;
#7762 = ORIENTED_EDGE ( 'NONE', *, *, #10098, .F. ) ;
#7763 = CARTESIAN_POINT ( 'NONE',  ( 0.7723331196946828792, 0.1591544931656460327, 0.000000000000000000 ) ) ;
#7764 = CARTESIAN_POINT ( 'NONE',  ( 0.8252903368011861307, 0.3378270755322314023, 0.000000000000000000 ) ) ;
#7765 = ORIENTED_EDGE ( 'NONE', *, *, #9522, .F. ) ;
#7766 = DIRECTION ( 'NONE',  ( 1.000000000000000000, 0.000000000000000000, 0.000000000000000000 ) ) ;
#7767 = AXIS2_PLACEMENT_3D ( 'NONE', #25, #4150, #1699 ) ;
#7768 = VERTEX_POINT ( 'NONE', #8012 ) ;
#7769 = CARTESIAN_POINT ( 'NONE',  ( 0.5939999999999999725, -0.1174999999999999933, -0.4425000000000000044 ) ) ;
#7770 = LINE ( 'NONE', #7136, #3232 ) ;
#7771 = CARTESIAN_POINT ( 'NONE',  ( 0.7806557786473226068, 0.1633042395997510998, 0.002000000000000000042 ) ) ;
#7772 = CARTESIAN_POINT ( 'NONE',  ( 0.7569999999999998952, 0.1784999999999998255, 0.2379999999999999893 ) ) ;
#7773 = CARTESIAN_POINT ( 'NONE',  ( 0.7279999999999999805, 0.3154999999999998361, 0.000000000000000000 ) ) ;
#7774 = CARTESIAN_POINT ( 'NONE',  ( 0.7579999999999998961, -0.1250000000000000000, -0.3130000000000000004 ) ) ;
#7775 = DIRECTION ( 'NONE',  ( 1.000000000000000000, -1.323569764372220076E-16, 0.000000000000000000 ) ) ;
#7776 = LINE ( 'NONE', #5529, #5318 ) ;
#7777 = PLANE ( 'NONE',  #5399 ) ;
#7778 = ADVANCED_FACE ( 'NONE', ( #2627 ), #3413, .F. ) ;
#7779 = VERTEX_POINT ( 'NONE', #3303 ) ;
#7780 = EDGE_CURVE ( 'NONE', #929, #7029, #4847, .T. ) ;
#7781 = DIRECTION ( 'NONE',  ( 1.000000000000000000, 0.000000000000000000, 0.000000000000000000 ) ) ;
#7782 = CYLINDRICAL_SURFACE ( 'NONE', #4562, 0.06249999999999995143 ) ;
#7783 = DIRECTION ( 'NONE',  ( 0.000000000000000000, 0.000000000000000000, -1.000000000000000000 ) ) ;
#7784 = LINE ( 'NONE', #9554, #7572 ) ;
#7785 = EDGE_CURVE ( 'NONE', #9087, #3665, #474, .T. ) ;
#7786 = CARTESIAN_POINT ( 'NONE',  ( 0.1139999999999998792, 0.1140000000000000180, -0.2919999999999999263 ) ) ;
#7787 = CARTESIAN_POINT ( 'NONE',  ( 0.8452586961495975881, 0.1424999999999999878, 0.2379999999999999893 ) ) ;
#7788 = ORIENTED_EDGE ( 'NONE', *, *, #2177, .T. ) ;
#7789 = DIRECTION ( 'NONE',  ( -0.000000000000000000, -0.000000000000000000, -1.000000000000000000 ) ) ;
#7790 = ORIENTED_EDGE ( 'NONE', *, *, #362, .T. ) ;
#7791 = ORIENTED_EDGE ( 'NONE', *, *, #10327, .T. ) ;
#7792 = VERTEX_POINT ( 'NONE', #2784 ) ;
#7793 = PLANE ( 'NONE',  #7558 ) ;
#7794 = DIRECTION ( 'NONE',  ( 1.000000000000000000, 0.000000000000000000, 0.000000000000000000 ) ) ;
#7795 = PLANE ( 'NONE',  #7567 ) ;
#7796 = PLANE ( 'NONE',  #9043 ) ;
#7797 = CARTESIAN_POINT ( 'NONE',  ( 0.8168126853080031058, 0.3297986180355813035, 0.000000000000000000 ) ) ;
#7798 = CARTESIAN_POINT ( 'NONE',  ( 0.4284998476553403268, 0.1465826686638243559, 0.002000000000000000042 ) ) ;
#7799 = VECTOR ( 'NONE', #6696, 39.37007874015748143 ) ;
#7800 = CARTESIAN_POINT ( 'NONE',  ( 0.4286232814122634127, 0.1457552075767642452, 0.000000000000000000 ) ) ;
#7801 = DIRECTION ( 'NONE',  ( 1.000000000000000000, 0.000000000000000000, 0.000000000000000000 ) ) ;
#7802 = VERTEX_POINT ( 'NONE', #5242 ) ;
#7803 = VERTEX_POINT ( 'NONE', #5968 ) ;
#7804 = ORIENTED_EDGE ( 'NONE', *, *, #1135, .F. ) ;
#7805 = DIRECTION ( 'NONE',  ( 1.000000000000000000, 0.000000000000000000, -0.000000000000000000 ) ) ;
#7806 = EDGE_CURVE ( 'NONE', #2631, #5039, #9985, .T. ) ;
#7807 = EDGE_CURVE ( 'NONE', #4295, #7021, #4100, .T. ) ;
#7808 = FACE_OUTER_BOUND ( 'NONE', #3439, .T. ) ;
#7809 = VECTOR ( 'NONE', #6269, 39.37007874015748143 ) ;
#7810 = APPROVAL_ROLE ( '' ) ;
#7811 = CARTESIAN_POINT ( 'NONE',  ( 0.5100000000000000089, -0.1250000000000000000, -0.4425000000000000044 ) ) ;
#7812 = VECTOR ( 'NONE', #7069, 39.37007874015748143 ) ;
#7813 = VERTEX_POINT ( 'NONE', #10038 ) ;
#7814 = CARTESIAN_POINT ( 'NONE',  ( 0.5389999999999999236, 0.2034999999999998199, 0.000000000000000000 ) ) ;
#7815 = ORIENTED_EDGE ( 'NONE', *, *, #43, .F. ) ;
#7816 = CARTESIAN_POINT ( 'NONE',  ( 0.7694515405154040977, 0.1602501584134305712, 0.000000000000000000 ) ) ;
#7817 = CARTESIAN_POINT ( 'NONE',  ( 0.8265264683883492003, 0.3429666423036669132, 0.002000000000000000042 ) ) ;
#7818 = VECTOR ( 'NONE', #4638, 39.37007874015748143 ) ;
#7819 = CARTESIAN_POINT ( 'NONE',  ( 0.7205000000000000293, 0.2904999999999998139, 0.2379999999999999893 ) ) ;
#7820 = DIRECTION ( 'NONE',  ( -1.177520686924251965E-16, 0.000000000000000000, 1.000000000000000000 ) ) ;
#7821 = VECTOR ( 'NONE', #2614, 39.37007874015748143 ) ;
#7822 = CARTESIAN_POINT ( 'NONE',  ( 0.3871760831755033383, 0.3246250336889850985, 0.002000000000000000042 ) ) ;
#7823 = ORIENTED_EDGE ( 'NONE', *, *, #9007, .F. ) ;
#7824 = CARTESIAN_POINT ( 'NONE',  ( 0.7718316222999138665, 0.1670387610956655666, 0.000000000000000000 ) ) ;
#7825 = DIRECTION ( 'NONE',  ( 0.000000000000000000, 0.000000000000000000, 1.000000000000000000 ) ) ;
#7826 = DIRECTION ( 'NONE',  ( 0.000000000000000000, -1.000000000000000000, 0.000000000000000000 ) ) ;
#7827 = ADVANCED_FACE ( 'NONE', ( #422 ), #374, .F. ) ;
#7828 = PLANE ( 'NONE',  #10058 ) ;
#7829 = VERTEX_POINT ( 'NONE', #7488 ) ;
#7830 = LINE ( 'NONE', #3858, #9198 ) ;
#7831 = DIRECTION ( 'NONE',  ( 1.000000000000000000, 0.000000000000000000, 0.000000000000000000 ) ) ;
#7832 = EDGE_CURVE ( 'NONE', #10314, #10137, #323, .T. ) ;
#7833 = CARTESIAN_POINT ( 'NONE',  ( 0.7686739025979792972, 0.1646369545247902688, 0.000000000000000000 ) ) ;
#7834 = EDGE_CURVE ( 'NONE', #9375, #963, #3540, .T. ) ;
#7835 = CARTESIAN_POINT ( 'NONE',  ( 0.8275028766337408914, 0.3292559731760310582, 0.002000000000000000042 ) ) ;
#7836 = VECTOR ( 'NONE', #2738, 39.37007874015748143 ) ;
#7837 = LINE ( 'NONE', #3865, #2569 ) ;
#7838 = CARTESIAN_POINT ( 'NONE',  ( 0.8323079081556196135, 0.3267172956489783342, 0.000000000000000000 ) ) ;
#7839 = ORIENTED_EDGE ( 'NONE', *, *, #846, .T. ) ;
#7840 = LINE ( 'NONE', #678, #3961 ) ;
#7841 = ORIENTED_EDGE ( 'NONE', *, *, #8055, .T. ) ;
#7842 = ORIENTED_EDGE ( 'NONE', *, *, #9994, .F. ) ;
#7843 = EDGE_LOOP ( 'NONE', ( #7295, #5026, #7176, #6322 ) ) ;
#7844 = DIRECTION ( 'NONE',  ( 0.000000000000000000, -0.7071067811865466846, 0.7071067811865483499 ) ) ;
#7845 = EDGE_CURVE ( 'NONE', #1412, #989, #2002, .T. ) ;
#7846 = PLANE ( 'NONE',  #6028 ) ;
#7847 = CARTESIAN_POINT ( 'NONE',  ( 0.4443605041735192440, 0.1523823140068465420, 0.002000000000000000042 ) ) ;
#7848 = LINE ( 'NONE', #685, #6716 ) ;
#7849 = VECTOR ( 'NONE', #5936, 39.37007874015748143 ) ;
#7850 = CARTESIAN_POINT ( 'NONE',  ( 0.4414999999999997815, 0.07050000000000002098, 0.2080000000000000460 ) ) ;
#7851 = CARTESIAN_POINT ( 'NONE',  ( 0.3714999999999998304, 0.07050000000000002098, 0.2080000000000000460 ) ) ;
#7852 = CARTESIAN_POINT ( 'NONE',  ( 0.3677413038504020459, 0.1424999999999999878, 0.2379999999999999893 ) ) ;
#7853 = DIRECTION ( 'NONE',  ( -0.5773502691896252870, 0.5773502691896267303, -0.5773502691896252870 ) ) ;
#7854 = ORIENTED_EDGE ( 'NONE', *, *, #6114, .F. ) ;
#7855 = ORIENTED_EDGE ( 'NONE', *, *, #6495, .T. ) ;
#7856 = ORIENTED_EDGE ( 'NONE', *, *, #8854, .T. ) ;
#7857 = FACE_OUTER_BOUND ( 'NONE', #9086, .T. ) ;
#7858 = CARTESIAN_POINT ( 'NONE',  ( 0.4009999999999999676, -0.1250000000000000000, -0.4174999999999999822 ) ) ;
#7859 = PRODUCT_DEFINITION ( 'UNKNOWN', '', #3575, #244 ) ;
#7860 = CARTESIAN_POINT ( 'NONE',  ( 0.6479999999999999094, 0.2034999999999998199, 0.2304999999999999827 ) ) ;
#7861 = ORIENTED_EDGE ( 'NONE', *, *, #2015, .T. ) ;
#7862 = ORIENTED_EDGE ( 'NONE', *, *, #3035, .F. ) ;
#7863 = AXIS2_PLACEMENT_3D ( 'NONE', #8921, #1818, #346 ) ;
#7864 = CARTESIAN_POINT ( 'NONE',  ( 0.7634166183668699146, 0.1624265045693688292, -5.335640612625514099E-19 ) ) ;
#7865 = EDGE_CURVE ( 'NONE', #5848, #4234, #2885, .T. ) ;
#7866 = AXIS2_PLACEMENT_3D ( 'NONE', #10018, #2183, #3763 ) ;
#7867 = ORIENTED_EDGE ( 'NONE', *, *, #10174, .T. ) ;
#7868 = DIRECTION ( 'NONE',  ( 0.000000000000000000, -0.000000000000000000, 1.000000000000000000 ) ) ;
#7869 = DIRECTION ( 'NONE',  ( 0.000000000000000000, -0.7071067811865500152, -0.7071067811865451302 ) ) ;
#7870 = DIRECTION ( 'NONE',  ( 0.000000000000000000, 1.000000000000000000, 0.000000000000000000 ) ) ;
#7871 = CARTESIAN_POINT ( 'NONE',  ( 0.8346689288303448251, 0.3480015936880894167, 0.002000000000000000042 ) ) ;
#7872 = EDGE_CURVE ( 'NONE', #2995, #9030, #1952, .T. ) ;
#7873 = CARTESIAN_POINT ( 'NONE',  ( 0.5714999999999998970, 0.06550000000000003042, 0.2080000000000000182 ) ) ;
#7874 = ORIENTED_EDGE ( 'NONE', *, *, #7062, .T. ) ;
#7875 = VECTOR ( 'NONE', #1529, 39.37007874015748143 ) ;
#7876 = CARTESIAN_POINT ( 'NONE',  ( 0.3714999999999998304, 0.4234999999999998765, 0.2080000000000000460 ) ) ;
#7878 = AXIS2_PLACEMENT_3D ( 'NONE', #5838, #1030, #4424 ) ;
#7877 = CARTESIAN_POINT ( 'NONE',  ( 0.4390953824400578576, 0.1443123897585493753, 0.002000000000000000042 ) ) ;
#7879 = LINE ( 'NONE', #2395, #6654 ) ;
#7880 = LINE ( 'NONE', #720, #3727 ) ;
#7881 = VERTEX_POINT ( 'NONE', #2100 ) ;
#7882 = LINE ( 'NONE', #38, #21 ) ;
#7883 = DIRECTION ( 'NONE',  ( 0.000000000000000000, -1.000000000000000000, 0.000000000000000000 ) ) ;
#7884 = FACE_OUTER_BOUND ( 'NONE', #5715, .T. ) ;
#7885 = DIRECTION ( 'NONE',  ( -4.878299988686190235E-16, 0.000000000000000000, -1.000000000000000000 ) ) ;
#7886 = VECTOR ( 'NONE', #3410, 39.37007874015748143 ) ;
#7887 = CARTESIAN_POINT ( 'NONE',  ( 0.7745000000000000773, 0.1959999999999998410, 0.2379999999999999893 ) ) ;
#7888 = EDGE_CURVE ( 'NONE', #9932, #314, #5291, .T. ) ;
#7889 = CARTESIAN_POINT ( 'NONE',  ( 0.7029999999999999583, -0.1174999999999999933, -0.4174999999999999822 ) ) ;
#7890 = EDGE_CURVE ( 'NONE', #3079, #1526, #6719, .T. ) ;
#7891 = ORIENTED_EDGE ( 'NONE', *, *, #9273, .F. ) ;
#7892 = VECTOR ( 'NONE', #230, 39.37007874015748143 ) ;
#7893 = CARTESIAN_POINT ( 'NONE',  ( 0.7029999999999999583, 0.03300000000000000155, -0.4174999999999999822 ) ) ;
#7894 = ORIENTED_EDGE ( 'NONE', *, *, #9107, .F. ) ;
#7895 = VECTOR ( 'NONE', #892, 39.37007874015748143 ) ;
#7896 = ORIENTED_EDGE ( 'NONE', *, *, #5317, .T. ) ;
#7897 = ORIENTED_EDGE ( 'NONE', *, *, #5977, .F. ) ;
#7898 = CARTESIAN_POINT ( 'NONE',  ( 0.4404598920264327089, 0.1392753629466139953, 0.000000000000000000 ) ) ;
#7899 = CARTESIAN_POINT ( 'NONE',  ( 1.098500000000000032, 0.2469999999999999418, -0.09499999999999994560 ) ) ;
#7900 = CARTESIAN_POINT ( 'NONE',  ( 0.4363728184145541644, 0.1437322455111450792, 0.000000000000000000 ) ) ;
#7901 = CARTESIAN_POINT ( 'NONE',  ( 0.8904999999999999583, 0.4039999999999996927, -0.1649999999999999523 ) ) ;
#7902 = CARTESIAN_POINT ( 'NONE',  ( 0.8231610668106045248, 0.3241734948727085786, 0.002000000000000000042 ) ) ;
#7903 = VECTOR ( 'NONE', #6487, 39.37007874015748143 ) ;
#7904 = VECTOR ( 'NONE', #2836, 39.37007874015748143 ) ;
#7905 = CARTESIAN_POINT ( 'NONE',  ( 0.4290849705698647765, 0.1441718191984580899, 0.002000000000000000042 ) ) ;
#7906 = EDGE_CURVE ( 'NONE', #7445, #10305, #2150, .T. ) ;
#7907 = CARTESIAN_POINT ( 'NONE',  ( 0.5399999999999999245, -0.1250000000000000000, -0.3305000000000000160 ) ) ;
#7908 = FACE_OUTER_BOUND ( 'NONE', #5796, .T. ) ;
#7909 = ORIENTED_EDGE ( 'NONE', *, *, #3965, .T. ) ;
#7910 = VECTOR ( 'NONE', #9754, 39.37007874015748143 ) ;
#7911 = VERTEX_POINT ( 'NONE', #2254 ) ;
#7912 = VERTEX_POINT ( 'NONE', #1463 ) ;
#7913 = CARTESIAN_POINT ( 'NONE',  ( 0.7714175419553686019, 0.1425968781582367673, 0.002000000000000000042 ) ) ;
#7914 = CARTESIAN_POINT ( 'NONE',  ( 0.6115000000000000435, 0.2979999999999998206, 0.2379999999999999893 ) ) ;
#7915 = EDGE_CURVE ( 'NONE', #171, #8523, #3034, .T. ) ;
#7916 = EDGE_CURVE ( 'NONE', #6072, #9275, #6125, .T. ) ;
#7917 = APPROVAL_PERSON_ORGANIZATION ( #8439, #2302, #9999 ) ;
#7918 = CARTESIAN_POINT ( 'NONE',  ( 0.4370588494505051602, 0.1436906351484940059, 0.002000000000000000042 ) ) ;
#7919 = ORIENTED_EDGE ( 'NONE', *, *, #157, .F. ) ;
#7920 = ORIENTED_EDGE ( 'NONE', *, *, #7750, .F. ) ;
#7921 = DIRECTION ( 'NONE',  ( -1.000000000000000000, 0.000000000000000000, 0.000000000000000000 ) ) ;
#7922 = VERTEX_POINT ( 'NONE', #7901 ) ;
#7923 = LINE ( 'NONE', #5521, #6379 ) ;
#7924 = CARTESIAN_POINT ( 'NONE',  ( 0.8329468790446969972, 0.3274369805470155881, 0.000000000000000000 ) ) ;
#7925 = FACE_BOUND ( 'NONE', #7198, .T. ) ;
#7926 = CARTESIAN_POINT ( 'NONE',  ( 0.5939999999999999725, 0.2904999999999998139, 0.000000000000000000 ) ) ;
#7927 = EDGE_CURVE ( 'NONE', #2292, #3982, #7848, .T. ) ;
#7928 = FACE_OUTER_BOUND ( 'NONE', #8494, .T. ) ;
#7929 = ADVANCED_FACE ( 'NONE', ( #3878, #7061 ), #7796, .T. ) ;
#7930 = ORIENTED_EDGE ( 'NONE', *, *, #1820, .F. ) ;
#7931 = DIRECTION ( 'NONE',  ( 1.000000000000000000, 0.000000000000000000, 0.000000000000000000 ) ) ;
#7932 = CARTESIAN_POINT ( 'NONE',  ( 0.6479999999999999094, 0.1784999999999998255, 0.000000000000000000 ) ) ;
#7933 = LINE ( 'NONE', #3067, #8641 ) ;
#7934 = DIRECTION ( 'NONE',  ( 0.000000000000000000, -0.7071067811865500152, -0.7071067811865451302 ) ) ;
#7935 = ORIENTED_EDGE ( 'NONE', *, *, #5737, .T. ) ;
#7936 = CARTESIAN_POINT ( 'NONE',  ( 0.8299936168305240836, 0.3334923922655684270, 0.000000000000000000 ) ) ;
#7937 = CARTESIAN_POINT ( 'NONE',  ( 0.6189999999999999947, 0.2904999999999998139, 0.2305000000000000104 ) ) ;
#7938 = ADVANCED_FACE ( 'NONE', ( #2301 ), #9412, .F. ) ;
#7939 = CARTESIAN_POINT ( 'NONE',  ( 0.8265264683883492003, 0.3429666423036669132, 0.002000000000000000042 ) ) ;
#7940 = CARTESIAN_POINT ( 'NONE',  ( 0.8256498473883827627, 0.3239057549197819075, 0.000000000000000000 ) ) ;
#7941 = ADVANCED_FACE ( 'NONE', ( #8527 ), #3087, .T. ) ;
#7942 = LINE ( 'NONE', #778, #9877 ) ;
#7943 = CARTESIAN_POINT ( 'NONE',  ( 0.9064999999999998614, 0.1328303204446733277, 0.2379999999999999893 ) ) ;
#7944 = EDGE_LOOP ( 'NONE', ( #5915, #1798, #6436, #824 ) ) ;
#7945 = CARTESIAN_POINT ( 'NONE',  ( 0.4396510713489324984, 0.1448094837889112030, 0.000000000000000000 ) ) ;
#7946 = EDGE_LOOP ( 'NONE', ( #1274 ) ) ;
#7947 = ORIENTED_EDGE ( 'NONE', *, *, #2542, .F. ) ;
#7948 = CARTESIAN_POINT ( 'NONE',  ( 0.6189999999999999947, 0.03300000000000000155, -0.4425000000000000044 ) ) ;
#7949 = ORIENTED_EDGE ( 'NONE', *, *, #1315, .F. ) ;
#7950 = CARTESIAN_POINT ( 'NONE',  ( 0.7579999999999998961, -0.1250000000000000000, -0.3130000000000000004 ) ) ;
#7951 = DIRECTION ( 'NONE',  ( -0.000000000000000000, -0.000000000000000000, -1.000000000000000000 ) ) ;
#7952 = CARTESIAN_POINT ( 'NONE',  ( 0.6529999999999998028, 0.1984999999999998155, 0.2354999999999999871 ) ) ;
#7953 = CARTESIAN_POINT ( 'NONE',  ( 0.4284780785085262056, 0.1474275131291200580, 0.000000000000000000 ) ) ;
#7954 = DIRECTION ( 'NONE',  ( 1.000000000000000000, 0.000000000000000000, -0.000000000000000000 ) ) ;
#7955 = CARTESIAN_POINT ( 'NONE',  ( 1.026000000000000023, 0.05400000000000002714, -0.01500000000000001679 ) ) ;
#7956 = DIRECTION ( 'NONE',  ( -0.9877629653290689316, 0.1559625734730116786, 0.000000000000000000 ) ) ;
#7957 = EDGE_LOOP ( 'NONE', ( #1632, #1835, #6931, #1096, #7920, #1946 ) ) ;
#7958 = ORIENTED_EDGE ( 'NONE', *, *, #3213, .T. ) ;
#7959 = ORIENTED_EDGE ( 'NONE', *, *, #7741, .F. ) ;
#7960 = CARTESIAN_POINT ( 'NONE',  ( 0.6654999999999998694, 0.1959999999999998410, 0.2379999999999999893 ) ) ;
#7961 = FACE_OUTER_BOUND ( 'NONE', #8291, .T. ) ;
#7962 = EDGE_CURVE ( 'NONE', #2539, #7366, #9358, .T. ) ;
#7963 = ADVANCED_FACE ( 'NONE', ( #10146 ), #5448, .F. ) ;
#7964 = VECTOR ( 'NONE', #1709, 39.37007874015748143 ) ;
#7965 = CARTESIAN_POINT ( 'NONE',  ( 0.04199999999999988465, 0.1140000000000000041, -0.2919999999999999263 ) ) ;
#7966 = VERTEX_POINT ( 'NONE', #3828 ) ;
#7967 = ORIENTED_EDGE ( 'NONE', *, *, #7992, .F. ) ;
#7968 = VECTOR ( 'NONE', #5234, 39.37007874015748143 ) ;
#7969 = DIRECTION ( 'NONE',  ( -1.000000000000000000, -0.000000000000000000, -0.000000000000000000 ) ) ;
#7970 = ORIENTED_EDGE ( 'NONE', *, *, #8650, .T. ) ;
#7971 = CARTESIAN_POINT ( 'NONE',  ( 0.7684280395708678046, 0.1630738456189906871, 0.002000000000000000042 ) ) ;
#7972 = CARTESIAN_POINT ( 'NONE',  ( 0.8339742768954558905, 0.3290194257541385059, 0.000000000000000000 ) ) ;
#7973 = FACE_OUTER_BOUND ( 'NONE', #6502, .T. ) ;
#7974 = DIRECTION ( 'NONE',  ( -0.000000000000000000, -0.000000000000000000, -1.000000000000000000 ) ) ;
#7975 = DIRECTION ( 'NONE',  ( -0.000000000000000000, -0.000000000000000000, -1.000000000000000000 ) ) ;
#7976 = VECTOR ( 'NONE', #8300, 39.37007874015748143 ) ;
#7977 = ORIENTED_EDGE ( 'NONE', *, *, #173, .F. ) ;
#7978 = DIRECTION ( 'NONE',  ( 0.000000000000000000, -1.000000000000000000, 0.000000000000000000 ) ) ;
#7979 = CARTESIAN_POINT ( 'NONE',  ( 0.8258858607345276326, 0.3480015936880894167, 0.000000000000000000 ) ) ;
#7980 = DIRECTION ( 'NONE',  ( -0.000000000000000000, -0.000000000000000000, -1.000000000000000000 ) ) ;
#7981 = LINE ( 'NONE', #4848, #7231 ) ;
#7982 = EDGE_LOOP ( 'NONE', ( #9591, #6590, #5468, #4799 ) ) ;
#7983 = CARTESIAN_POINT ( 'NONE',  ( 0.8299909106424572247, 0.3333292669912131245, 0.002000000000000000042 ) ) ;
#7984 = FACE_OUTER_BOUND ( 'NONE', #1672, .T. ) ;
#7985 = AXIS2_PLACEMENT_3D ( 'NONE', #8765, #7196, #8558 ) ;
#7986 = DIRECTION ( 'NONE',  ( 0.000000000000000000, 0.000000000000000000, 1.000000000000000000 ) ) ;
#7987 = DIRECTION ( 'NONE',  ( 1.000000000000000000, 0.000000000000000000, 0.000000000000000000 ) ) ;
#7988 = AXIS2_PLACEMENT_3D ( 'NONE', #9859, #1036, #9757 ) ;
#7989 = DIRECTION ( 'NONE',  ( 1.000000000000000000, 0.000000000000000000, 0.000000000000000000 ) ) ;
#7990 = DIRECTION ( 'NONE',  ( 1.000000000000000000, 0.000000000000000000, 0.000000000000000000 ) ) ;
#7991 = EDGE_CURVE ( 'NONE', #8915, #9979, #4559, .T. ) ;
#7992 = EDGE_CURVE ( 'NONE', #8874, #7119, #6327, .T. ) ;
#7993 = EDGE_CURVE ( 'NONE', #2880, #9728, #9511, .T. ) ;
#7994 = ORIENTED_EDGE ( 'NONE', *, *, #3760, .F. ) ;
#7995 = CARTESIAN_POINT ( 'NONE',  ( 0.4407058175849807857, 0.1476747652060336757, 0.000000000000000000 ) ) ;
#7996 = ORIENTED_EDGE ( 'NONE', *, *, #3679, .T. ) ;
#7997 = EDGE_LOOP ( 'NONE', ( #1750, #8948, #380, #9096 ) ) ;
#7998 = CARTESIAN_POINT ( 'NONE',  ( 0.4849999999999999312, -0.1250000000000000000, -0.4250000000000000444 ) ) ;
#7999 = VERTEX_POINT ( 'NONE', #7226 ) ;
#8000 = CARTESIAN_POINT ( 'NONE',  ( 0.1139999999999998792, 0.05399999999999999245, -0.2199999999999999178 ) ) ;
#8001 = DIRECTION ( 'NONE',  ( 0.000000000000000000, 1.000000000000000000, 0.000000000000000000 ) ) ;
#8002 = LINE ( 'NONE', #4662, #536 ) ;
#8003 = CARTESIAN_POINT ( 'NONE',  ( 0.4297153321747177457, 0.1522959557972981548, 0.000000000000000000 ) ) ;
#8004 = PLANE ( 'NONE',  #1985 ) ;
#8005 = EDGE_CURVE ( 'NONE', #5905, #6450, #2262, .T. ) ;
#8006 = DIRECTION ( 'NONE',  ( 0.000000000000000000, -1.000000000000000000, 0.000000000000000000 ) ) ;
#8007 = DIRECTION ( 'NONE',  ( 1.000000000000000000, -2.371395827833563917E-16, 0.000000000000000000 ) ) ;
#8008 = ORIENTED_EDGE ( 'NONE', *, *, #8016, .T. ) ;
#8009 = ORIENTED_EDGE ( 'NONE', *, *, #6752, .T. ) ;
#8010 = ORIENTED_EDGE ( 'NONE', *, *, #8277, .T. ) ;
#8011 = CARTESIAN_POINT ( 'NONE',  ( 0.7723331196946828792, 0.1591544931656460327, -0.000000000000000000 ) ) ;
#8012 = CARTESIAN_POINT ( 'NONE',  ( 0.7029999999999999583, 0.2904999999999998139, 0.000000000000000000 ) ) ;
#8013 = ADVANCED_FACE ( 'NONE', ( #8636 ), #2996, .F. ) ;
#8014 = VECTOR ( 'NONE', #71, 39.37007874015748143 ) ;
#8015 = CARTESIAN_POINT ( 'NONE',  ( 0.3677413038504020459, 0.08049999999999998823, 0.000000000000000000 ) ) ;
#8016 = EDGE_CURVE ( 'NONE', #10264, #7054, #1473, .T. ) ;
#8017 = ORIENTED_EDGE ( 'NONE', *, *, #1955, .F. ) ;
#8018 = ORIENTED_EDGE ( 'NONE', *, *, #10347, .F. ) ;
#8019 = DIRECTION ( 'NONE',  ( -0.2022968521692496136, -0.9793242484501303302, 0.000000000000000000 ) ) ;
#8020 = DIRECTION ( 'NONE',  ( 0.000000000000000000, -1.000000000000000000, 0.000000000000000000 ) ) ;
#8021 = CARTESIAN_POINT ( 'NONE',  ( 0.8284206233540731823, 0.3242889719298241435, 0.000000000000000000 ) ) ;
#8022 = CARTESIAN_POINT ( 'NONE',  ( 0.7029999999999998472, 0.03300000000000000155, -0.4425000000000000044 ) ) ;
#8023 = CARTESIAN_POINT ( 'NONE',  ( 0.8261443515422099981, 0.3379316909192445206, 0.002000000000000000042 ) ) ;
#8024 = DIRECTION ( 'NONE',  ( 0.000000000000000000, 0.000000000000000000, -1.000000000000000000 ) ) ;
#8025 = ORIENTED_EDGE ( 'NONE', *, *, #9733, .F. ) ;
#8026 = CARTESIAN_POINT ( 'NONE',  ( 0.1869999999999998885, 0.5082634147716499351, -0.3734999999999999432 ) ) ;
#8027 = VECTOR ( 'NONE', #6941, 39.37007874015748143 ) ;
#8028 = ADVANCED_FACE ( 'NONE', ( #852 ), #4725, .T. ) ;
#8029 = CARTESIAN_POINT ( 'NONE',  ( 0.7029999999999999583, 0.03300000000000000155, -0.4174999999999999822 ) ) ;
#8030 = ADVANCED_FACE ( 'NONE', ( #7857 ), #3096, .T. ) ;
#8031 = CARTESIAN_POINT ( 'NONE',  ( 0.6739999999999999325, -0.1250000000000000000, -0.3305000000000000160 ) ) ;
#8032 = LINE ( 'NONE', #875, #7729 ) ;
#8033 = ORIENTED_EDGE ( 'NONE', *, *, #8277, .F. ) ;
#8034 = CARTESIAN_POINT ( 'NONE',  ( 0.8288146629399767429, 0.3302127199837811000, 0.002000000000000000042 ) ) ;
#8035 = PLANE ( 'NONE',  #4895 ) ;
#8036 = FACE_OUTER_BOUND ( 'NONE', #365, .T. ) ;
#8037 = PLANE ( 'NONE',  #1564 ) ;
#8038 = EDGE_CURVE ( 'NONE', #6168, #5655, #6048, .T. ) ;
#8039 = VECTOR ( 'NONE', #7715, 39.37007874015748143 ) ;
#8040 = CARTESIAN_POINT ( 'NONE',  ( 0.5714999999999998970, 0.4284999999999998810, 0.1079999999999999988 ) ) ;
#8041 = CARTESIAN_POINT ( 'NONE',  ( 0.8275028766337408914, 0.3292559731760310582, 0.000000000000000000 ) ) ;
#8042 = ORIENTED_EDGE ( 'NONE', *, *, #7710, .F. ) ;
#8043 = DIRECTION ( 'NONE',  ( 0.000000000000000000, 0.000000000000000000, -1.000000000000000000 ) ) ;
#8044 = ORIENTED_EDGE ( 'NONE', *, *, #518, .F. ) ;
#8045 = ORIENTED_EDGE ( 'NONE', *, *, #7991, .F. ) ;
#8046 = DIRECTION ( 'NONE',  ( -0.5773502691896270633, 0.5773502691896230665, 0.5773502691896270633 ) ) ;
#8047 = ORIENTED_EDGE ( 'NONE', *, *, #6401, .T. ) ;
#8048 = DIRECTION ( 'NONE',  ( 0.000000000000000000, 0.000000000000000000, 1.000000000000000000 ) ) ;
#8049 = AXIS2_PLACEMENT_3D ( 'NONE', #7022, #5409, #2426 ) ;
#8050 = VECTOR ( 'NONE', #3235, 39.37007874015748143 ) ;
#8051 = CARTESIAN_POINT ( 'NONE',  ( 0.7635281749994782263, 0.1615335956672551976, 0.000000000000000000 ) ) ;
#8052 = PLANE ( 'NONE',  #6904 ) ;
#8053 = DIRECTION ( 'NONE',  ( -0.000000000000000000, -0.000000000000000000, -1.000000000000000000 ) ) ;
#8054 = DIRECTION ( 'NONE',  ( 1.000000000000000000, 0.000000000000000000, 0.000000000000000000 ) ) ;
#8055 = EDGE_CURVE ( 'NONE', #9135, #7380, #3475, .T. ) ;
#8056 = LINE ( 'NONE', #6549, #5996 ) ;
#8057 = CARTESIAN_POINT ( 'NONE',  ( 0.5399999999999999245, 0.03300000000000000155, -0.3054999999999999938 ) ) ;
#8058 = VERTEX_POINT ( 'NONE', #10260 ) ;
#8059 = VERTEX_POINT ( 'NONE', #2313 ) ;
#8060 = ORIENTED_EDGE ( 'NONE', *, *, #4339, .T. ) ;
#8061 = CARTESIAN_POINT ( 'NONE',  ( 0.4404598920264327089, 0.1392753629466139953, 0.002000000000000000042 ) ) ;
#8062 = DIRECTION ( 'NONE',  ( -0.000000000000000000, -0.000000000000000000, -1.000000000000000000 ) ) ;
#8063 = EDGE_CURVE ( 'NONE', #6449, #2843, #2369, .T. ) ;
#8064 = AXIS2_PLACEMENT_3D ( 'NONE', #6726, #7657, #10062 ) ;
#8065 = VECTOR ( 'NONE', #2463, 39.37007874015748143 ) ;
#8066 = AXIS2_PLACEMENT_3D ( 'NONE', #7772, #3948, #10119 ) ;
#8067 = CARTESIAN_POINT ( 'NONE',  ( 1.212999999999999856, 0.1299999999999998657, -0.1659999999999999531 ) ) ;
#8068 = VECTOR ( 'NONE', #4190, 39.37007874015748143 ) ;
#8069 = VERTEX_POINT ( 'NONE', #7960 ) ;
#8070 = ADVANCED_FACE ( 'NONE', ( #3149 ), #9472, .F. ) ;
#8071 = ORIENTED_EDGE ( 'NONE', *, *, #9681, .F. ) ;
#8072 = ORIENTED_EDGE ( 'NONE', *, *, #7015, .T. ) ;
#8073 = DIRECTION ( 'NONE',  ( -0.000000000000000000, -0.000000000000000000, -1.000000000000000000 ) ) ;
#8074 = DIRECTION ( 'NONE',  ( -0.000000000000000000, 1.000000000000000000, -0.000000000000000000 ) ) ;
#8075 = FACE_BOUND ( 'NONE', #427, .T. ) ;
#8076 = LOCAL_TIME ( 9, 34, 56.00000000000000000, #8233 ) ;
#8077 = DIRECTION ( 'NONE',  ( -1.000000000000000000, -2.765028333668283566E-16, -0.000000000000000000 ) ) ;
#8078 = CARTESIAN_POINT ( 'NONE',  ( 0.6679999999999999272, 0.1834999999999998299, 0.2354999999999999871 ) ) ;
#8079 = EDGE_LOOP ( 'NONE', ( #2164, #2474, #4297, #316 ) ) ;
#8080 = PLANE ( 'NONE',  #3482 ) ;
#8081 = LINE ( 'NONE', #766, #8316 ) ;
#8082 = CARTESIAN_POINT ( 'NONE',  ( 0.7279999999999999805, -0.1174999999999999933, -0.4425000000000000044 ) ) ;
#8083 = DIRECTION ( 'NONE',  ( 0.000000000000000000, -0.000000000000000000, -1.000000000000000000 ) ) ;
#8084 = EDGE_LOOP ( 'NONE', ( #4086, #8532, #3612, #4198 ) ) ;
#8085 = PLANE ( 'NONE',  #5869 ) ;
#8086 = LINE ( 'NONE', #4162, #3393 ) ;
#8087 = DIRECTION ( 'NONE',  ( -1.000000000000000000, -2.765028333668283566E-16, -0.000000000000000000 ) ) ;
#8088 = CARTESIAN_POINT ( 'NONE',  ( 0.8452586961495975881, 0.06550000000000003042, 0.2379999999999999893 ) ) ;
#8089 = CARTESIAN_POINT ( 'NONE',  ( 0.5389999999999999236, 0.2034999999999998199, 0.2304999999999999827 ) ) ;
#8090 = LINE ( 'NONE', #4167, #644 ) ;
#8091 = CARTESIAN_POINT ( 'NONE',  ( 0.7634149588432765920, 0.1642349640432707869, 0.000000000000000000 ) ) ;
#8092 = ADVANCED_FACE ( 'NONE', ( #800 ), #3985, .T. ) ;
#8093 = ORIENTED_EDGE ( 'NONE', *, *, #9632, .T. ) ;
#8094 = CARTESIAN_POINT ( 'NONE',  ( 0.4299782729591135610, 0.1528707538806513555, 0.002000000000000000042 ) ) ;
#8095 = ORIENTED_EDGE ( 'NONE', *, *, #8207, .T. ) ;
#8096 = VERTEX_POINT ( 'NONE', #2211 ) ;
#8097 = CARTESIAN_POINT ( 'NONE',  ( 0.5939999999999999725, 0.3154999999999998361, 0.2379999999999999893 ) ) ;
#8098 = VERTEX_POINT ( 'NONE', #5619 ) ;
#8099 = LINE ( 'NONE', #8201, #7895 ) ;
#8100 = EDGE_CURVE ( 'NONE', #3111, #2009, #1635, .T. ) ;
#8101 = CARTESIAN_POINT ( 'NONE',  ( 0.7633930881864453566, 0.1633435751574418837, 0.000000000000000000 ) ) ;
#8102 = CARTESIAN_POINT ( 'NONE',  ( 0.4419173911603824778, 0.1400733523372725831, 0.000000000000000000 ) ) ;
#8103 = DIRECTION ( 'NONE',  ( 0.000000000000000000, -0.7071067811865466846, -0.7071067811865483499 ) ) ;
#8104 = DIRECTION ( 'NONE',  ( 0.000000000000000000, 1.000000000000000000, 0.000000000000000000 ) ) ;
#8105 = B_SPLINE_CURVE_WITH_KNOTS ( 'NONE', 3,
 ( #4634, #6300, #6939, #1393, #612, #5365, #5316, #9485, #10171, #662, #3007, #6200, #2122, #1336, #8652, #9384, #7033, #1545, #8553 ),
 .UNSPECIFIED., .F., .F.,
 ( 4, 1, 1, 1, 1, 1, 1, 1, 1, 1, 1, 1, 1, 1, 1, 1, 4 ),
 ( 0.000000000000000000, 0.06675541313744945415, 0.1317279436682022020, 0.1948100844364477613, 0.2568986387839142238, 0.3187508905638020140, 0.3803512888945377868, 0.4433244176166949990, 0.5074626919635735200, 0.5715056738698102157, 0.6333612917281085108, 0.6939415159323158999, 0.7539288461040355438, 0.8138015296774597784, 0.8745236442162195312, 0.9362219827335219735, 1.000000000000000000 ),
 .UNSPECIFIED. ) ;
#8106 = DIRECTION ( 'NONE',  ( -1.000000000000000000, 0.000000000000000000, 0.000000000000000000 ) ) ;
#8107 = DIRECTION ( 'NONE',  ( 0.000000000000000000, 0.000000000000000000, 1.000000000000000000 ) ) ;
#8108 = ORIENTED_EDGE ( 'NONE', *, *, #7927, .F. ) ;
#8109 = ORIENTED_EDGE ( 'NONE', *, *, #777, .F. ) ;
#8110 = ORIENTED_EDGE ( 'NONE', *, *, #8882, .T. ) ;
#8111 = CARTESIAN_POINT ( 'NONE',  ( 0.4484999999999998987, -0.1250000000000000000, -0.3229999999999999538 ) ) ;
#8112 = CARTESIAN_POINT ( 'NONE',  ( 0.4337408702647946868, 0.1393096489552574091, 0.000000000000000000 ) ) ;
#8113 = CARTESIAN_POINT ( 'NONE',  ( 0.8257373564820671419, 0.3289482668293949863, 0.000000000000000000 ) ) ;
#8114 = ADVANCED_FACE ( 'NONE', ( #6187 ), #8589, .F. ) ;
#8115 = ORIENTED_EDGE ( 'NONE', *, *, #3600, .T. ) ;
#8116 = EDGE_CURVE ( 'NONE', #9663, #6272, #3836, .T. ) ;
#8117 = VERTEX_POINT ( 'NONE', #8162 ) ;
#8118 = EDGE_LOOP ( 'NONE', ( #6852, #3396, #6973, #9558 ) ) ;
#8119 = LINE ( 'NONE', #1073, #714 ) ;
#8120 = VECTOR ( 'NONE', #5059, 39.37007874015748143 ) ;
#8121 = CARTESIAN_POINT ( 'NONE',  ( 0.4335130298929487092, 0.1476747652060336757, 0.002000000000000000042 ) ) ;
#8122 = FACE_BOUND ( 'NONE', #5300, .T. ) ;
#8123 = DIRECTION ( 'NONE',  ( 7.143953958327048805E-17, 0.000000000000000000, 1.000000000000000000 ) ) ;
#8124 = DIRECTION ( 'NONE',  ( 0.000000000000000000, -0.7071067811865459074, -0.7071067811865491270 ) ) ;
#8125 = VERTEX_POINT ( 'NONE', #2623 ) ;
#8126 = FACE_BOUND ( 'NONE', #7957, .T. ) ;
#8127 = VECTOR ( 'NONE', #9058, 39.37007874015748143 ) ;
#8128 = LINE ( 'NONE', #8913, #6980 ) ;
#8129 = LINE ( 'NONE', #7405, #4221 ) ;
#8130 = VERTEX_POINT ( 'NONE', #1840 ) ;
#8131 = CARTESIAN_POINT ( 'NONE',  ( 0.7829999999999999183, -0.1174999999999999933, -0.3305000000000000160 ) ) ;
#8132 = DIRECTION ( 'NONE',  ( 0.000000000000000000, -1.000000000000000000, 0.000000000000000000 ) ) ;
#8133 = LINE ( 'NONE', #5691, #7125 ) ;
#8134 = CARTESIAN_POINT ( 'NONE',  ( 0.8299282987330607320, 0.3325410558036897557, 0.002000000000000000042 ) ) ;
#8135 = VECTOR ( 'NONE', #6334, 39.37007874015748143 ) ;
#8136 = LINE ( 'NONE', #9915, #9694 ) ;
#8137 = CARTESIAN_POINT ( 'NONE',  ( 0.4009999999999999676, 0.3154999999999998361, 0.2305000000000000104 ) ) ;
#8138 = EDGE_CURVE ( 'NONE', #2297, #2595, #4088, .T. ) ;
#8139 = CARTESIAN_POINT ( 'NONE',  ( 0.7640057994922163642, 0.1667345974078531246, 0.000000000000000000 ) ) ;
#8140 = VERTEX_POINT ( 'NONE', #7381 ) ;
#8141 = EDGE_CURVE ( 'NONE', #3956, #8069, #906, .T. ) ;
#8142 = CARTESIAN_POINT ( 'NONE',  ( 0.7714999999999999636, 0.4234999999999998765, 0.2079999999999999627 ) ) ;
#8143 = EDGE_LOOP ( 'NONE', ( #3484, #5653, #3519, #8496 ) ) ;
#8144 = AXIS2_PLACEMENT_3D ( 'NONE', #9849, #3531, #5937 ) ;
#8145 = EDGE_CURVE ( 'NONE', #5655, #3583, #4188, .T. ) ;
#8146 = ORIENTED_EDGE ( 'NONE', *, *, #2517, .T. ) ;
#8147 = DIRECTION ( 'NONE',  ( -1.000000000000000000, 0.000000000000000000, 0.000000000000000000 ) ) ;
#8148 = ORIENTED_EDGE ( 'NONE', *, *, #8882, .F. ) ;
#8149 = LINE ( 'NONE', #2513, #715 ) ;
#8150 = LINE ( 'NONE', #1830, #2357 ) ;
#8151 = CARTESIAN_POINT ( 'NONE',  ( 0.8265345791645276607, 0.3379256641452954568, 0.000000000000000000 ) ) ;
#8152 = CIRCLE ( 'NONE', #1977, 0.06249999999999995143 ) ;
#8153 = DIRECTION ( 'NONE',  ( 0.000000000000000000, -0.7071067811865491270, 0.7071067811865459074 ) ) ;
#8154 = CARTESIAN_POINT ( 'NONE',  ( 0.8276328815213432888, 0.3376302973369181282, 0.002000000000000000042 ) ) ;
#8155 = VECTOR ( 'NONE', #3769, 39.37007874015748143 ) ;
#8156 = EDGE_CURVE ( 'NONE', #9271, #2236, #3302, .T. ) ;
#8157 = LINE ( 'NONE', #1630, #152 ) ;
#8158 = FACE_OUTER_BOUND ( 'NONE', #6208, .T. ) ;
#8159 = ORIENTED_EDGE ( 'NONE', *, *, #8989, .F. ) ;
#8160 = ORIENTED_EDGE ( 'NONE', *, *, #8759, .T. ) ;
#8161 = ORIENTED_EDGE ( 'NONE', *, *, #2185, .F. ) ;
#8162 = CARTESIAN_POINT ( 'NONE',  ( 1.212999999999999856, 0.1139999999999998653, -0.1649999999999999523 ) ) ;
#8163 = ORIENTED_EDGE ( 'NONE', *, *, #7093, .F. ) ;
#8164 = LINE ( 'NONE', #7385, #9716 ) ;
#8165 = VECTOR ( 'NONE', #6446, 39.37007874015748143 ) ;
#8166 = CARTESIAN_POINT ( 'NONE',  ( 0.8236931155220645895, 0.3295635702595118288, 0.002000000000000000042 ) ) ;
#8167 = ORIENTED_EDGE ( 'NONE', *, *, #3850, .F. ) ;
#8168 = VERTEX_POINT ( 'NONE', #68 ) ;
#8169 = ORIENTED_EDGE ( 'NONE', *, *, #8226, .T. ) ;
#8170 = FACE_BOUND ( 'NONE', #6576, .T. ) ;
#8171 = FACE_OUTER_BOUND ( 'NONE', #117, .T. ) ;
#8172 = LINE ( 'NONE', #4991, #8747 ) ;
#8173 = DIRECTION ( 'NONE',  ( 1.000000000000000000, -0.000000000000000000, -0.000000000000000000 ) ) ;
#8174 = EDGE_CURVE ( 'NONE', #10017, #4347, #5669, .T. ) ;
#8175 = AXIS2_PLACEMENT_3D ( 'NONE', #2540, #8912, #8960 ) ;
#8176 = APPROVAL ( #9167, 'UNSPECIFIED' ) ;
#8177 = CARTESIAN_POINT ( 'NONE',  ( 0.4377891646288395444, 0.1515695332427556552, 0.000000000000000000 ) ) ;
#8178 = VERTEX_POINT ( 'NONE', #7331 ) ;
#8179 = CARTESIAN_POINT ( 'NONE',  ( 0.8218961113116035611, 0.3526769056879103248, 0.002000000000000000042 ) ) ;
#8180 = ADVANCED_FACE ( 'NONE', ( #7281 ), #164, .T. ) ;
#8181 = LINE ( 'NONE', #4213, #4980 ) ;
#8182 = DIRECTION ( 'NONE',  ( 0.000000000000000000, -1.000000000000000000, 0.000000000000000000 ) ) ;
#8183 = ORIENTED_EDGE ( 'NONE', *, *, #4805, .F. ) ;
#8184 = CARTESIAN_POINT ( 'NONE',  ( 0.4372836240658811713, 0.1562780136095502093, 0.002000000000000000042 ) ) ;
#8185 = CARTESIAN_POINT ( 'NONE',  ( 0.4966666666666666452, 0.3021666666666664725, 0.2438333333333333464 ) ) ;
#8186 = CARTESIAN_POINT ( 'NONE',  ( 0.7720750077053435412, 0.1670523563111459275, 0.002000000000000000042 ) ) ;
#8187 = CARTESIAN_POINT ( 'NONE',  ( 0.3871760831755033383, 0.3246250336889850985, 0.002000000000000000042 ) ) ;
#8188 = EDGE_CURVE ( 'NONE', #3941, #929, #1688, .T. ) ;
#8189 = LINE ( 'NONE', #1034, #5035 ) ;
#8190 = CARTESIAN_POINT ( 'NONE',  ( 0.8227800093937602810, 0.3303641615998301750, 0.002000000000000000042 ) ) ;
#8191 = LINE ( 'NONE', #9810, #2972 ) ;
#8192 = AXIS2_PLACEMENT_3D ( 'NONE', #1731, #207, #103 ) ;
#8193 = ORIENTED_EDGE ( 'NONE', *, *, #7012, .F. ) ;
#8194 = CARTESIAN_POINT ( 'NONE',  ( 0.4294826874710956921, 0.1517640406137398812, 0.002000000000000000042 ) ) ;
#8195 = ORIENTED_EDGE ( 'NONE', *, *, #9265, .T. ) ;
#8196 = VECTOR ( 'NONE', #5177, 39.37007874015748143 ) ;
#8197 = EDGE_CURVE ( 'NONE', #4398, #989, #9677, .T. ) ;
#8198 = ORIENTED_EDGE ( 'NONE', *, *, #600, .F. ) ;
#8199 = CARTESIAN_POINT ( 'NONE',  ( 0.7728811175534917588, 0.1720687484304752046, 0.002000000000000000042 ) ) ;
#8200 = ORIENTED_EDGE ( 'NONE', *, *, #4165, .T. ) ;
#8201 = CARTESIAN_POINT ( 'NONE',  ( 1.171000000000000041, 0.000000000000000000, -0.01499999999999999944 ) ) ;
#8202 = VECTOR ( 'NONE', #8451, 39.37007874015748143 ) ;
#8203 = CARTESIAN_POINT ( 'NONE',  ( 0.7701537296822326129, 0.1546069057404843849, 0.000000000000000000 ) ) ;
#8204 = CARTESIAN_POINT ( 'NONE',  ( 0.8291406671054467603, 0.3363679531428549474, 0.000000000000000000 ) ) ;
#8205 = AXIS2_PLACEMENT_3D ( 'NONE', #6197, #2224, #3158 ) ;
#8206 = CARTESIAN_POINT ( 'NONE',  ( 0.8268247506586169360, 0.3429598073383509083, 0.000000000000000000 ) ) ;
#8207 = EDGE_CURVE ( 'NONE', #329, #6588, #8893, .T. ) ;
#8208 = FACE_OUTER_BOUND ( 'NONE', #10243, .T. ) ;
#8209 = VERTEX_POINT ( 'NONE', #4928 ) ;
#8210 = LINE ( 'NONE', #1054, #1451 ) ;
#8211 = VERTEX_POINT ( 'NONE', #8111 ) ;
#8212 = VECTOR ( 'NONE', #4324, 39.37007874015748143 ) ;
#8213 = VECTOR ( 'NONE', #8513, 39.37007874015748143 ) ;
#8214 = ORIENTED_EDGE ( 'NONE', *, *, #5648, .T. ) ;
#8215 = ORIENTED_EDGE ( 'NONE', *, *, #5267, .T. ) ;
#8216 = CARTESIAN_POINT ( 'NONE',  ( 0.6139999999999999902, -0.1224999999999999978, -0.4375000000000000000 ) ) ;
#8217 = EDGE_LOOP ( 'NONE', ( #6321, #3221, #9195, #3623 ) ) ;
#8218 = LINE ( 'NONE', #2625, #3737 ) ;
#8219 = LINE ( 'NONE', #8999, #363 ) ;
#8220 = AXIS2_PLACEMENT_3D ( 'NONE', #5342, #1416, #2986 ) ;
#8221 = EDGE_CURVE ( 'NONE', #6894, #6029, #3352, .T. ) ;
#8222 = DIRECTION ( 'NONE',  ( -0.000000000000000000, -0.000000000000000000, -1.000000000000000000 ) ) ;
#8223 = CARTESIAN_POINT ( 'NONE',  ( 0.8227800093937602810, 0.3303641615998301750, 0.000000000000000000 ) ) ;
#8224 = ORIENTED_EDGE ( 'NONE', *, *, #8283, .T. ) ;
#8225 = ORIENTED_EDGE ( 'NONE', *, *, #10347, .T. ) ;
#8226 = EDGE_CURVE ( 'NONE', #8287, #670, #8822, .T. ) ;
#8227 = ORIENTED_EDGE ( 'NONE', *, *, #1276, .T. ) ;
#8228 = VECTOR ( 'NONE', #1432, 39.37007874015748143 ) ;
#8229 = DIRECTION ( 'NONE',  ( -0.000000000000000000, -1.000000000000000000, -0.000000000000000000 ) ) ;
#8230 = AXIS2_PLACEMENT_3D ( 'NONE', #7524, #6688, #2716 ) ;
#8231 = DIRECTION ( 'NONE',  ( 0.7071067811865466846, -0.7071067811865483499, 0.000000000000000000 ) ) ;
#8232 = LINE ( 'NONE', #1852, #592 ) ;
#8233 = COORDINATED_UNIVERSAL_TIME_OFFSET ( 5, 0, .BEHIND. ) ;
#8234 = CARTESIAN_POINT ( 'NONE',  ( 0.4404755381030751593, 0.1492241316674232099, 0.000000000000000000 ) ) ;
#8235 = VECTOR ( 'NONE', #7649, 39.37007874015748143 ) ;
#8236 = VECTOR ( 'NONE', #2807, 39.37007874015748143 ) ;
#8237 = ORIENTED_EDGE ( 'NONE', *, *, #8256, .T. ) ;
#8238 = FACE_OUTER_BOUND ( 'NONE', #703, .T. ) ;
#8239 = FACE_OUTER_BOUND ( 'NONE', #5676, .T. ) ;
#8240 = B_SPLINE_CURVE_WITH_KNOTS ( 'NONE', 3,
 ( #7771, #8552, #4584, #3752, #611, #10118, #8449, #2960, #7086, #10219, #3059, #4685, #3800, #6251, #6150 ),
 .UNSPECIFIED., .F., .F.,
 ( 4, 1, 1, 1, 1, 1, 1, 1, 1, 1, 1, 1, 4 ),
 ( 0.000000000000000000, 0.09209431708527245075, 0.1854986607749773697, 0.2798152041030999015, 0.3754574138970970809, 0.4269091217205720490, 0.4866339733851665073, 0.5532313763017737696, 0.6279374934729522462, 0.7093071966296300435, 0.7984171040704425293, 0.8956748130505525207, 1.000000000000000000 ),
 .UNSPECIFIED. ) ;
#8241 = LINE ( 'NONE', #5109, #4384 ) ;
#8242 = VECTOR ( 'NONE', #7987, 39.37007874015748143 ) ;
#8243 = VERTEX_POINT ( 'NONE', #3457 ) ;
#8244 = CARTESIAN_POINT ( 'NONE',  ( 0.1149999999999998801, 0.000000000000000000, -0.3734999999999999432 ) ) ;
#8245 = CARTESIAN_POINT ( 'NONE',  ( 0.4335439718178204505, 0.1484705574134032591, 0.000000000000000000 ) ) ;
#8246 = DIRECTION ( 'NONE',  ( -1.000000000000000000, 0.000000000000000000, -0.000000000000000000 ) ) ;
#8247 = FACE_OUTER_BOUND ( 'NONE', #2731, .T. ) ;
#8248 = EDGE_CURVE ( 'NONE', #4321, #5012, #9828, .T. ) ;
#8249 = DIRECTION ( 'NONE',  ( 0.000000000000000000, -1.000000000000000000, 0.000000000000000000 ) ) ;
#8250 = DIRECTION ( 'NONE',  ( -1.000000000000000000, 0.000000000000000000, 0.000000000000000000 ) ) ;
#8251 = DIRECTION ( 'NONE',  ( 0.7071067811865466846, 0.7071067811865483499, 0.000000000000000000 ) ) ;
#8252 = EDGE_CURVE ( 'NONE', #1947, #9529, #4588, .T. ) ;
#8253 = EDGE_LOOP ( 'NONE', ( #3418, #7841, #2324, #317 ) ) ;
#8254 = CARTESIAN_POINT ( 'NONE',  ( 0.4292815541429328974, 0.1512764581922199925, 0.002000000000000000042 ) ) ;
#8255 = VERTEX_POINT ( 'NONE', #5238 ) ;
#8256 = EDGE_CURVE ( 'NONE', #9799, #9289, #9304, .T. ) ;
#8257 = ORIENTED_EDGE ( 'NONE', *, *, #5308, .F. ) ;
#8258 = FACE_OUTER_BOUND ( 'NONE', #6501, .T. ) ;
#8259 = LINE ( 'NONE', #4487, #6898 ) ;
#8260 = LINE ( 'NONE', #6844, #7217 ) ;
#8261 = CARTESIAN_POINT ( 'NONE',  ( 0.7713333333333333153, -0.1308333333333333570, -0.3188333333333333020 ) ) ;
#8262 = EDGE_CURVE ( 'NONE', #5714, #4464, #9875, .T. ) ;
#8263 = CARTESIAN_POINT ( 'NONE',  ( 0.8319997669491113745, 0.3409718208150791519, 0.000000000000000000 ) ) ;
#8264 = DIRECTION ( 'NONE',  ( 1.000000000000000000, 0.000000000000000000, 0.000000000000000000 ) ) ;
#8265 = VERTEX_POINT ( 'NONE', #8373 ) ;
#8266 = CARTESIAN_POINT ( 'NONE',  ( 0.6189999999999999947, -0.1250000000000000000, -0.4349999999999999423 ) ) ;
#8267 = ORIENTED_EDGE ( 'NONE', *, *, #10261, .T. ) ;
#8268 = VECTOR ( 'NONE', #847, 39.37007874015748143 ) ;
#8269 = ORIENTED_EDGE ( 'NONE', *, *, #9144, .T. ) ;
#8270 = VERTEX_POINT ( 'NONE', #6122 ) ;
#8271 = CARTESIAN_POINT ( 'NONE',  ( 0.4438185964616371826, 0.1418327411595082521, 0.002000000000000000042 ) ) ;
#8272 = CARTESIAN_POINT ( 'NONE',  ( 0.7792704298672986640, 0.1680601261092882215, 0.000000000000000000 ) ) ;
#8273 = CARTESIAN_POINT ( 'NONE',  ( 0.8259705502175892500, 0.3239147150986658175, 0.000000000000000000 ) ) ;
#8274 = CARTESIAN_POINT ( 'NONE',  ( 0.7800490015921506259, 0.1665712734488480617, 0.000000000000000000 ) ) ;
#8275 = LINE ( 'NONE', #9000, #3320 ) ;
#8276 = CARTESIAN_POINT ( 'NONE',  ( 0.8223911576717619631, 0.3308751982020680660, 0.000000000000000000 ) ) ;
#8277 = EDGE_CURVE ( 'NONE', #1837, #6072, #8524, .T. ) ;
#8278 = DIRECTION ( 'NONE',  ( 0.000000000000000000, -0.000000000000000000, -1.000000000000000000 ) ) ;
#8279 = ORIENTED_EDGE ( 'NONE', *, *, #2481, .F. ) ;
#8280 = ORIENTED_EDGE ( 'NONE', *, *, #4415, .F. ) ;
#8281 = ORIENTED_EDGE ( 'NONE', *, *, #1385, .T. ) ;
#8282 = CARTESIAN_POINT ( 'NONE',  ( 0.2916835555200637531, 0.1304908818425781492, 0.000000000000000000 ) ) ;
#8283 = EDGE_CURVE ( 'NONE', #8265, #1119, #5339, .T. ) ;
#8284 = DIRECTION ( 'NONE',  ( 0.000000000000000000, 0.000000000000000000, 1.000000000000000000 ) ) ;
#8285 = ADVANCED_FACE ( 'NONE', ( #3666 ), #1158, .F. ) ;
#8286 =( NAMED_UNIT ( * ) PLANE_ANGLE_UNIT ( ) SI_UNIT ( $, .RADIAN. ) );
#8287 = VERTEX_POINT ( 'NONE', #1361 ) ;
#8288 = CARTESIAN_POINT ( 'NONE',  ( 0.4335130298929487092, 0.1476747652060336757, 0.000000000000000000 ) ) ;
#8289 = DIRECTION ( 'NONE',  ( 0.000000000000000000, -0.7071067811865500152, 0.7071067811865451302 ) ) ;
#8290 = DIRECTION ( 'NONE',  ( -0.000000000000000000, -0.000000000000000000, 1.000000000000000000 ) ) ;
#8291 = EDGE_LOOP ( 'NONE', ( #4934, #1425, #6621, #1826 ) ) ;
#8292 = CARTESIAN_POINT ( 'NONE',  ( 0.7806557786473226068, 0.1633042395997510998, 0.000000000000000000 ) ) ;
#8293 = LINE ( 'NONE', #2022, #9732 ) ;
#8294 = CARTESIAN_POINT ( 'NONE',  ( 0.7740287714591403967, 0.1664170544062558155, 0.002000000000000000042 ) ) ;
#8295 = LINE ( 'NONE', #1286, #3741 ) ;
#8296 = FACE_OUTER_BOUND ( 'NONE', #8079, .T. ) ;
#8297 = CIRCLE ( 'NONE', #4454, 0.07199999999999993905 ) ;
#8298 = EDGE_CURVE ( 'NONE', #418, #1526, #6855, .T. ) ;
#8299 = LINE ( 'NONE', #1139, #5489 ) ;
#8300 = DIRECTION ( 'NONE',  ( 1.000000000000000000, 0.000000000000000000, 0.000000000000000000 ) ) ;
#8301 = CARTESIAN_POINT ( 'NONE',  ( 0.7718446137245830174, 0.1544649778500897797, 0.000000000000000000 ) ) ;
#8302 = VERTEX_POINT ( 'NONE', #529 ) ;
#8303 = DIRECTION ( 'NONE',  ( -0.000000000000000000, 1.000000000000000000, -0.000000000000000000 ) ) ;
#8304 = ORIENTED_EDGE ( 'NONE', *, *, #3548, .F. ) ;
#8305 = ORIENTED_EDGE ( 'NONE', *, *, #3462, .F. ) ;
#8306 = DIRECTION ( 'NONE',  ( 0.000000000000000000, 0.000000000000000000, -1.000000000000000000 ) ) ;
#8307 = CARTESIAN_POINT ( 'NONE',  ( 0.4414999999999997815, 0.4234999999999998765, 0.2080000000000000460 ) ) ;
#8308 = AXIS2_PLACEMENT_3D ( 'NONE', #2293, #6433, #9662 ) ;
#8309 = DIRECTION ( 'NONE',  ( 0.000000000000000000, 0.000000000000000000, 1.000000000000000000 ) ) ;
#8310 = DIRECTION ( 'NONE',  ( -0.5773502691896248429, 0.5773502691896248429, 0.5773502691896275074 ) ) ;
#8311 = EDGE_CURVE ( 'NONE', #5206, #404, #1209, .T. ) ;
#8312 = CARTESIAN_POINT ( 'NONE',  ( 0.7647918889131452014, 0.1682231922788985645, 0.002000000000000000042 ) ) ;
#8313 = ADVANCED_FACE ( 'NONE', ( #1311 ), #4348, .T. ) ;
#8314 = PLANE ( 'NONE',  #7325 ) ;
#8315 = EDGE_CURVE ( 'NONE', #9664, #9728, #1949, .T. ) ;
#8316 = VECTOR ( 'NONE', #925, 39.37007874015748143 ) ;
#8317 = ORIENTED_EDGE ( 'NONE', *, *, #7078, .F. ) ;
#8318 = CARTESIAN_POINT ( 'NONE',  ( 0.3810000000000000053, -0.1224999999999999978, -0.4224999999999999867 ) ) ;
#8319 = VERTEX_POINT ( 'NONE', #5965 ) ;
#8320 = ORIENTED_EDGE ( 'NONE', *, *, #4070, .T. ) ;
#8321 = EDGE_LOOP ( 'NONE', ( #2194, #2220, #8522, #8643 ) ) ;
#8322 = LINE ( 'NONE', #5288, #42 ) ;
#8323 = DIRECTION ( 'NONE',  ( -0.5773502691896257311, -0.5773502691896257311, -0.5773502691896257311 ) ) ;
#8324 = CARTESIAN_POINT ( 'NONE',  ( 0.7643377782203436555, 0.1590876259549539040, 0.002000000000000000042 ) ) ;
#8325 = CARTESIAN_POINT ( 'NONE',  ( 0.7792704298672986640, 0.1680601261092882215, 0.000000000000000000 ) ) ;
#8326 = AXIS2_PLACEMENT_3D ( 'NONE', #5345, #10099, #6178 ) ;
#8327 = EDGE_CURVE ( 'NONE', #5593, #7881, #8322, .T. ) ;
#8328 = PLANE ( 'NONE',  #5034 ) ;
#8329 = EDGE_CURVE ( 'NONE', #9214, #8371, #3567, .T. ) ;
#8330 = CARTESIAN_POINT ( 'NONE',  ( 0.8220815503692886494, 0.3314581819964155796, 0.002000000000000000042 ) ) ;
#8331 = CARTESIAN_POINT ( 'NONE',  ( 0.3871760831755033383, 0.3480015936880894167, 0.002000000000000000042 ) ) ;
#8332 = EDGE_LOOP ( 'NONE', ( #9627, #3622, #3093, #8214 ) ) ;
#8333 = EDGE_LOOP ( 'NONE', ( #5334, #806, #2981, #2931 ) ) ;
#8334 = EDGE_LOOP ( 'NONE', ( #6558, #6699, #2558, #6237 ) ) ;
#8335 = DIRECTION ( 'NONE',  ( 0.000000000000000000, 0.000000000000000000, -1.000000000000000000 ) ) ;
#8336 = CARTESIAN_POINT ( 'NONE',  ( 0.8195000000000000062, -0.1250000000000000000, -0.4349999999999999978 ) ) ;
#8337 = CALENDAR_DATE ( 2025, 21, 2 ) ;
#8338 = ADVANCED_FACE ( 'NONE', ( #9152 ), #5624, .T. ) ;
#8339 = ADVANCED_FACE ( 'NONE', ( #3875 ), #2415, .T. ) ;
#8340 = VERTEX_POINT ( 'NONE', #6273 ) ;
#8341 = CARTESIAN_POINT ( 'NONE',  ( 0.7653101062965729229, 0.1689100258656248410, 0.002000000000000000042 ) ) ;
#8342 = PLANE ( 'NONE',  #3477 ) ;
#8343 = CARTESIAN_POINT ( 'NONE',  ( 0.4451347157439471403, 0.1508692201636571140, 0.002000000000000000042 ) ) ;
#8344 = EDGE_LOOP ( 'NONE', ( #7210, #4170, #7535, #4656 ) ) ;
#8345 = CARTESIAN_POINT ( 'NONE',  ( 0.6479999999999999094, 0.2034999999999998199, 0.000000000000000000 ) ) ;
#8346 = DIRECTION ( 'NONE',  ( 0.000000000000000000, 0.000000000000000000, -1.000000000000000000 ) ) ;
#8347 = CARTESIAN_POINT ( 'NONE',  ( 0.7806557786473226068, 0.1633042395997510998, 0.002000000000000000042 ) ) ;
#8348 = PLANE ( 'NONE',  #3569 ) ;
#8349 = ADVANCED_FACE ( 'NONE', ( #9508 ), #10294, .F. ) ;
#8350 = LINE ( 'NONE', #3594, #1521 ) ;
#8351 = ADVANCED_FACE ( 'NONE', ( #3135 ), #2198, .T. ) ;
#8352 = VECTOR ( 'NONE', #8323, 39.37007874015748143 ) ;
#8353 = CARTESIAN_POINT ( 'NONE',  ( 0.5714999999999998970, 0.07050000000000002098, 0.1079999999999999988 ) ) ;
#8354 = DIRECTION ( 'NONE',  ( 0.000000000000000000, 1.000000000000000000, 0.000000000000000000 ) ) ;
#8355 = CARTESIAN_POINT ( 'NONE',  ( 0.8293693834562767542, 0.3360205744534943695, 0.000000000000000000 ) ) ;
#8356 = PLANE ( 'NONE',  #2723 ) ;
#8357 = ORIENTED_EDGE ( 'NONE', *, *, #6346, .F. ) ;
#8358 = ORIENTED_EDGE ( 'NONE', *, *, #4871, .T. ) ;
#8359 = CARTESIAN_POINT ( 'NONE',  ( 0.9549999999999997380, 0.1299999999999998657, -0.1649999999999999523 ) ) ;
#8360 = LINE ( 'NONE', #406, #2551 ) ;
#8361 = CARTESIAN_POINT ( 'NONE',  ( 0.4421724719503092316, 0.1658871284168743354, 0.002000000000000000042 ) ) ;
#8362 = ADVANCED_FACE ( 'NONE', ( #4765 ), #7793, .T. ) ;
#8363 = CARTESIAN_POINT ( 'NONE',  ( 0.3922110345599258419, 0.3246250336889850985, 0.002000000000000000042 ) ) ;
#8364 = FACE_OUTER_BOUND ( 'NONE', #8344, .T. ) ;
#8365 = CARTESIAN_POINT ( 'NONE',  ( 0.8256498473883827627, 0.3239057549197819075, 0.002000000000000000042 ) ) ;
#8366 = VECTOR ( 'NONE', #9283, 39.37007874015748143 ) ;
#8367 = ORIENTED_EDGE ( 'NONE', *, *, #366, .F. ) ;
#8368 = CARTESIAN_POINT ( 'NONE',  ( 0.04199999999999988465, 0.1140000000000000041, -0.4899999999999999911 ) ) ;
#8369 = ORIENTED_EDGE ( 'NONE', *, *, #475, .T. ) ;
#8370 = VECTOR ( 'NONE', #930, 39.37007874015748143 ) ;
#8371 = VERTEX_POINT ( 'NONE', #9458 ) ;
#8372 = VERTEX_POINT ( 'NONE', #8578 ) ;
#8373 = CARTESIAN_POINT ( 'NONE',  ( 0.7205000000000000293, 0.2979999999999998206, 0.2379999999999999893 ) ) ;
#8374 = CARTESIAN_POINT ( 'NONE',  ( 0.7768743033338237902, 0.1705977815909907325, 0.000000000000000000 ) ) ;
#8375 = CARTESIAN_POINT ( 'NONE',  ( 0.7750683783485551315, 0.1608469645032826190, 0.002000000000000000042 ) ) ;
#8376 = CARTESIAN_POINT ( 'NONE',  ( 0.4419902159618101511, 0.1548560509607877500, 0.000000000000000000 ) ) ;
#8377 = LINE ( 'NONE', #3515, #7836 ) ;
#8378 = EDGE_CURVE ( 'NONE', #2805, #8211, #6173, .T. ) ;
#8379 = VECTOR ( 'NONE', #10108, 39.37007874015748143 ) ;
#8380 = CARTESIAN_POINT ( 'NONE',  ( 0.5399999999999999245, -0.1174999999999999933, -0.3305000000000000160 ) ) ;
#8381 = DIRECTION ( 'NONE',  ( 0.000000000000000000, -1.000000000000000000, 0.000000000000000000 ) ) ;
#8382 = VERTEX_POINT ( 'NONE', #3973 ) ;
#8383 = ORIENTED_EDGE ( 'NONE', *, *, #6505, .F. ) ;
#8384 = EDGE_LOOP ( 'NONE', ( #7970, #135, #8456, #5547 ) ) ;
#8385 = EDGE_CURVE ( 'NONE', #548, #8372, #7164, .T. ) ;
#8386 = LINE ( 'NONE', #9063, #5068 ) ;
#8387 = CARTESIAN_POINT ( 'NONE',  ( 1.212999999999999856, 0.4040000000000003033, -0.4899999999999999911 ) ) ;
#8388 = AXIS2_PLACEMENT_3D ( 'NONE', #4777, #750, #9521 ) ;
#8389 = B_SPLINE_CURVE_WITH_KNOTS ( 'NONE', 3,
 ( #2650, #6623, #6045, #3432, #9075, #5112, #4273, #9911, #8245, #5264, #1924 ),
 .UNSPECIFIED., .F., .F.,
 ( 4, 1, 1, 1, 1, 1, 1, 1, 4 ),
 ( 0.000000000000000000, 0.1227180515039657527, 0.2401431180450250280, 0.3573623765102144079, 0.4816738524649447073, 0.6078658287995960530, 0.7329554806750206986, 0.8621444613629477560, 1.000000000000000000 ),
 .UNSPECIFIED. ) ;
#8390 = ORIENTED_EDGE ( 'NONE', *, *, #6266, .T. ) ;
#8391 = LINE ( 'NONE', #3050, #4169 ) ;
#8392 = VECTOR ( 'NONE', #2584, 39.37007874015748143 ) ;
#8393 = VECTOR ( 'NONE', #8459, 39.37007874015748143 ) ;
#8394 = FACE_OUTER_BOUND ( 'NONE', #6907, .T. ) ;
#8395 = CARTESIAN_POINT ( 'NONE',  ( 0.4426524787778178260, 0.1543245585932197517, 0.002000000000000000042 ) ) ;
#8396 = EDGE_LOOP ( 'NONE', ( #3925, #2167, #6905, #4671 ) ) ;
#8397 = PLANE ( 'NONE',  #6203 ) ;
#8398 = DIRECTION ( 'NONE',  ( -0.000000000000000000, -0.000000000000000000, -1.000000000000000000 ) ) ;
#8399 = DIRECTION ( 'NONE',  ( 1.000000000000000000, 0.000000000000000000, 0.000000000000000000 ) ) ;
#8400 = LINE ( 'NONE', #1088, #9237 ) ;
#8401 = CIRCLE ( 'NONE', #8737, 0.07700000000000002676 ) ;
#8402 = VECTOR ( 'NONE', #4129, 39.37007874015748143 ) ;
#8403 = APPLICATION_CONTEXT ( 'configuration controlled 3d designs of mechanical parts and assemblies' ) ;
#8404 = LINE ( 'NONE', #3755, #5539 ) ;
#8405 = DIRECTION ( 'NONE',  ( 0.000000000000000000, -0.7071067811865474617, 0.7071067811865474617 ) ) ;
#8406 = PLANE ( 'NONE',  #3812 ) ;
#8407 = VECTOR ( 'NONE', #10009, 39.37007874015748143 ) ;
#8408 = DIRECTION ( 'NONE',  ( -0.000000000000000000, 1.000000000000000000, -0.000000000000000000 ) ) ;
#8409 = CARTESIAN_POINT ( 'NONE',  ( 0.7754999999999999671, -0.1250000000000000000, -0.3305000000000000160 ) ) ;
#8410 = VERTEX_POINT ( 'NONE', #9566 ) ;
#8411 = VECTOR ( 'NONE', #7308, 39.37007874015748143 ) ;
#8412 = EDGE_CURVE ( 'NONE', #5009, #2831, #3031, .T. ) ;
#8413 = ORIENTED_EDGE ( 'NONE', *, *, #9678, .T. ) ;
#8414 = DIRECTION ( 'NONE',  ( 1.000000000000000000, 0.000000000000000000, -0.000000000000000000 ) ) ;
#8415 = DIRECTION ( 'NONE',  ( -1.000000000000000000, 0.000000000000000000, 4.878299988686190235E-16 ) ) ;
#8416 = DIRECTION ( 'NONE',  ( 0.4534572437205530160, 0.8912780307610858044, 0.000000000000000000 ) ) ;
#8417 = LINE ( 'NONE', #10021, #9578 ) ;
#8418 = VECTOR ( 'NONE', #8906, 39.37007874015748143 ) ;
#8419 = DIRECTION ( 'NONE',  ( 0.000000000000000000, 0.000000000000000000, -1.000000000000000000 ) ) ;
#8420 = DIRECTION ( 'NONE',  ( -1.323569764372220076E-16, -1.000000000000000000, 0.000000000000000000 ) ) ;
#8421 = ORIENTED_EDGE ( 'NONE', *, *, #4674, .T. ) ;
#8422 = DIRECTION ( 'NONE',  ( -0.000000000000000000, -0.000000000000000000, 1.000000000000000000 ) ) ;
#8423 = ORIENTED_EDGE ( 'NONE', *, *, #8063, .F. ) ;
#8424 = ORIENTED_EDGE ( 'NONE', *, *, #1474, .T. ) ;
#8425 = ORIENTED_EDGE ( 'NONE', *, *, #9905, .F. ) ;
#8426 = DIRECTION ( 'NONE',  ( -1.177520686924251472E-16, -1.000000000000000000, 0.000000000000000000 ) ) ;
#8427 = PLANE ( 'NONE',  #10026 ) ;
#8428 = LINE ( 'NONE', #6913, #4732 ) ;
#8429 = CARTESIAN_POINT ( 'NONE',  ( 0.7029999999999999583, -0.1250000000000000000, -0.4425000000000000044 ) ) ;
#8430 = CARTESIAN_POINT ( 'NONE',  ( 0.8253630523945861830, 0.3239130849039085769, 0.000000000000000000 ) ) ;
#8431 = DIRECTION ( 'NONE',  ( 0.000000000000000000, -1.000000000000000000, 0.000000000000000000 ) ) ;
#8432 = LINE ( 'NONE', #6861, #5970 ) ;
#8433 = DIRECTION ( 'NONE',  ( 1.000000000000000000, 0.000000000000000000, 0.000000000000000000 ) ) ;
#8434 = VERTEX_POINT ( 'NONE', #3775 ) ;
#8435 = EDGE_LOOP ( 'NONE', ( #5497 ) ) ;
#8436 = ORIENTED_EDGE ( 'NONE', *, *, #4624, .T. ) ;
#8437 = CARTESIAN_POINT ( 'NONE',  ( 0.9543164444799360213, 0.3394908818425781405, 0.000000000000000000 ) ) ;
#8438 = CARTESIAN_POINT ( 'NONE',  ( 0.4406926458894447340, 0.1479455488386481610, 0.000000000000000000 ) ) ;
#8439 = PERSON_AND_ORGANIZATION ( #5486, #9908 ) ;
#8440 = EDGE_CURVE ( 'NONE', #4464, #2741, #8099, .T. ) ;
#8441 = ORIENTED_EDGE ( 'NONE', *, *, #7067, .F. ) ;
#8442 = ADVANCED_FACE ( 'NONE', ( #8930 ), #6489, .F. ) ;
#8443 = CARTESIAN_POINT ( 'NONE',  ( 0.7734815459822667050, 0.1593968126303243749, 0.002000000000000000042 ) ) ;
#8444 = CARTESIAN_POINT ( 'NONE',  ( 0.8240428688053148543, 0.3372287215368550695, 0.002000000000000000042 ) ) ;
#8445 = CARTESIAN_POINT ( 'NONE',  ( 0.8258858607345276326, 0.3480015936880894167, 0.002000000000000000042 ) ) ;
#8446 = ORIENTED_EDGE ( 'NONE', *, *, #8783, .T. ) ;
#8447 = CARTESIAN_POINT ( 'NONE',  ( 0.8369999999999999662, 0.3154999999999998361, 0.2379999999999999893 ) ) ;
#8448 = CARTESIAN_POINT ( 'NONE',  ( 0.1149999999999998801, 0.5082634147716499351, -0.3734999999999999432 ) ) ;
#8449 = CARTESIAN_POINT ( 'NONE',  ( 0.7801689631185857454, 0.1603122160908259097, 0.002000000000000000042 ) ) ;
#8450 = DIRECTION ( 'NONE',  ( 1.000000000000000000, 0.000000000000000000, 0.000000000000000000 ) ) ;
#8451 = DIRECTION ( 'NONE',  ( -0.000000000000000000, 1.000000000000000000, -0.000000000000000000 ) ) ;
#8452 = CARTESIAN_POINT ( 'NONE',  ( 0.7279999999999999805, 0.2904999999999998139, 0.2379999999999999893 ) ) ;
#8453 = CARTESIAN_POINT ( 'NONE',  ( 0.4401283975617502620, 0.1454034041707691904, 0.002000000000000000042 ) ) ;
#8454 = DIRECTION ( 'NONE',  ( 0.000000000000000000, -1.000000000000000000, 0.000000000000000000 ) ) ;
#8455 = CARTESIAN_POINT ( 'NONE',  ( 0.7750398991600717657, 0.1653146440708669618, 0.002000000000000000042 ) ) ;
#8456 = ORIENTED_EDGE ( 'NONE', *, *, #191, .F. ) ;
#8457 = ORIENTED_EDGE ( 'NONE', *, *, #73, .F. ) ;
#8458 = CARTESIAN_POINT ( 'NONE',  ( 0.4288225750182799167, 0.1499635905592750507, 0.002000000000000000042 ) ) ;
#8459 = DIRECTION ( 'NONE',  ( 1.000000000000000000, 0.000000000000000000, 0.000000000000000000 ) ) ;
#8460 = LINE ( 'NONE', #5126, #3709 ) ;
#8461 = LINE ( 'NONE', #5227, #7734 ) ;
#8462 = VECTOR ( 'NONE', #3298, 39.37007874015748143 ) ;
#8463 = CARTESIAN_POINT ( 'NONE',  ( 0.4337535747831013921, 0.1461187480125608895, 0.000000000000000000 ) ) ;
#8464 = ADVANCED_FACE ( 'NONE', ( #9715 ), #5658, .T. ) ;
#8465 = CARTESIAN_POINT ( 'NONE',  ( 0.6479999999999999094, 0.1959999999999998410, 0.2379999999999999893 ) ) ;
#8466 = ADVANCED_FACE ( 'NONE', ( #102 ), #7423, .T. ) ;
#8467 = ORIENTED_EDGE ( 'NONE', *, *, #5292, .F. ) ;
#8468 = AXIS2_PLACEMENT_3D ( 'NONE', #7158, #3286, #10339 ) ;
#8469 = CARTESIAN_POINT ( 'NONE',  ( 0.8236287016307679565, 0.3369259573601487423, 0.000000000000000000 ) ) ;
#8470 = ORIENTED_EDGE ( 'NONE', *, *, #7785, .F. ) ;
#8471 = ORIENTED_EDGE ( 'NONE', *, *, #5488, .F. ) ;
#8472 = ORIENTED_EDGE ( 'NONE', *, *, #7015, .F. ) ;
#8473 = CARTESIAN_POINT ( 'NONE',  ( 0.4299999999999999378, 0.2034999999999998199, 0.2304999999999999827 ) ) ;
#8474 = CARTESIAN_POINT ( 'NONE',  ( 0.7781861023624582208, 0.1694340856360305458, 0.000000000000000000 ) ) ;
#8475 = FACE_BOUND ( 'NONE', #6739, .T. ) ;
#8476 = CARTESIAN_POINT ( 'NONE',  ( 0.7806486024651521083, 0.1635894104864315246, -0.000000000000000000 ) ) ;
#8477 = B_SPLINE_CURVE_WITH_KNOTS ( 'NONE', 3,
 ( #6744, #6539, #8199, #7421, #7471, #9713, #354, #5906, #7365, #5755, #1097, #2715, #8928, #5953, #305, #3498, #203, #3552, #9923 ),
 .UNSPECIFIED., .F., .F.,
 ( 4, 1, 1, 1, 1, 1, 1, 1, 1, 1, 1, 1, 1, 1, 1, 1, 4 ),
 ( 0.000000000000000000, 0.06642662967496230919, 0.1306189793884467987, 0.1931144196681311709, 0.2549240255748169703, 0.3162976755469268930, 0.3785711829069247081, 0.4415254710240010816, 0.5067075589936207436, 0.5714919395441672156, 0.6345913436353456394, 0.6962800085785134652, 0.7567653858766795194, 0.8166204284879007291, 0.8768346786565044404, 0.9376658871165880482, 1.000000000000000000 ),
 .UNSPECIFIED. ) ;
#8478 = FACE_OUTER_BOUND ( 'NONE', #5392, .T. ) ;
#8479 = VECTOR ( 'NONE', #4719, 39.37007874015748143 ) ;
#8480 = CARTESIAN_POINT ( 'NONE',  ( 0.3759999999999999454, 0.03300000000000000155, -0.4425000000000000044 ) ) ;
#8481 = EDGE_CURVE ( 'NONE', #9456, #10154, #1829, .T. ) ;
#8482 = DIRECTION ( 'NONE',  ( -1.000000000000000000, 0.000000000000000000, -0.000000000000000000 ) ) ;
#8483 = CARTESIAN_POINT ( 'NONE',  ( 0.6479999999999999094, 0.1784999999999998255, 0.2379999999999999893 ) ) ;
#8484 = ORIENTED_EDGE ( 'NONE', *, *, #3225, .F. ) ;
#8485 = VERTEX_POINT ( 'NONE', #4077 ) ;
#8486 = ORIENTED_EDGE ( 'NONE', *, *, #3627, .T. ) ;
#8487 = DIRECTION ( 'NONE',  ( -1.000000000000000000, 0.000000000000000000, -1.177520686924251719E-16 ) ) ;
#8488 = AXIS2_PLACEMENT_3D ( 'NONE', #7619, #9286, #2763 ) ;
#8489 = CARTESIAN_POINT ( 'NONE',  ( 0.4384920721358186446, 0.1513456523137446386, 0.002000000000000000042 ) ) ;
#8490 = VECTOR ( 'NONE', #4532, 39.37007874015748143 ) ;
#8491 = ORIENTED_EDGE ( 'NONE', *, *, #9178, .F. ) ;
#8492 = CARTESIAN_POINT ( 'NONE',  ( 0.7720918658014966907, 0.1591402898499106322, 0.002000000000000000042 ) ) ;
#8493 = CARTESIAN_POINT ( 'NONE',  ( 0.8195000000000000062, 0.3079999999999998295, 0.2379999999999999893 ) ) ;
#8494 = EDGE_LOOP ( 'NONE', ( #2632, #3361, #5085, #6296 ) ) ;
#8495 = CARTESIAN_POINT ( 'NONE',  ( 0.6729999999999999316, 0.1784999999999998255, 0.2379999999999999893 ) ) ;
#8496 = ORIENTED_EDGE ( 'NONE', *, *, #7570, .T. ) ;
#8497 = EDGE_CURVE ( 'NONE', #6055, #1060, #56, .T. ) ;
#8498 = DIRECTION ( 'NONE',  ( -0.5773502691896257311, -0.5773502691896257311, -0.5773502691896257311 ) ) ;
#8499 = CARTESIAN_POINT ( 'NONE',  ( 0.8256775148020498722, 0.3429027675410812326, 0.002000000000000000042 ) ) ;
#8500 = PLANE ( 'NONE',  #3205 ) ;
#8501 = LINE ( 'NONE', #7871, #10074 ) ;
#8502 = ADVANCED_FACE ( 'NONE', ( #205 ), #4125, .F. ) ;
#8503 = CARTESIAN_POINT ( 'NONE',  ( 0.8369999999999999662, 0.3154999999999998361, 0.2305000000000000104 ) ) ;
#8504 = EDGE_CURVE ( 'NONE', #3027, #8382, #5802, .T. ) ;
#8505 = LINE ( 'NONE', #7664, #8490 ) ;
#8506 = CARTESIAN_POINT ( 'NONE',  ( 0.8414999999999999147, 0.07050000000000002098, 0.2079999999999999627 ) ) ;
#8507 = LINE ( 'NONE', #10075, #9814 ) ;
#8508 = LINE ( 'NONE', #6107, #1966 ) ;
#8509 = VERTEX_POINT ( 'NONE', #8000 ) ;
#8510 = PLANE ( 'NONE',  #3359 ) ;
#8511 = DIRECTION ( 'NONE',  ( -1.000000000000000000, 0.000000000000000000, 0.000000000000000000 ) ) ;
#8512 = EDGE_CURVE ( 'NONE', #6235, #5012, #2662, .T. ) ;
#8513 = DIRECTION ( 'NONE',  ( -0.000000000000000000, 1.000000000000000000, -0.000000000000000000 ) ) ;
#8514 = FACE_OUTER_BOUND ( 'NONE', #1634, .T. ) ;
#8515 = DIRECTION ( 'NONE',  ( -1.313388458492434903E-16, -1.000000000000000000, 0.000000000000000000 ) ) ;
#8516 = AXIS2_PLACEMENT_3D ( 'NONE', #5821, #9001, #1846 ) ;
#8517 = LINE ( 'NONE', #1352, #9151 ) ;
#8518 = EDGE_CURVE ( 'NONE', #1359, #10291, #3444, .T. ) ;
#8519 = ORIENTED_EDGE ( 'NONE', *, *, #4181, .T. ) ;
#8520 = CARTESIAN_POINT ( 'NONE',  ( 0.8229675004310079700, 0.3362814433919988355, -0.000000000000000000 ) ) ;
#8521 = ORIENTED_EDGE ( 'NONE', *, *, #7169, .T. ) ;
#8522 = ORIENTED_EDGE ( 'NONE', *, *, #6493, .F. ) ;
#8523 = VERTEX_POINT ( 'NONE', #6636 ) ;
#8524 = LINE ( 'NONE', #6074, #881 ) ;
#8525 = DIRECTION ( 'NONE',  ( 0.000000000000000000, 0.000000000000000000, 1.000000000000000000 ) ) ;
#8526 = FACE_OUTER_BOUND ( 'NONE', #2648, .T. ) ;
#8527 = FACE_OUTER_BOUND ( 'NONE', #5408, .T. ) ;
#8528 = CARTESIAN_POINT ( 'NONE',  ( 0.8165377475269007812, 0.3306099179377560704, 0.002000000000000000042 ) ) ;
#8529 = CARTESIAN_POINT ( 'NONE',  ( 0.7785428972627880251, 0.1566171947923149788, 0.000000000000000000 ) ) ;
#8530 = CARTESIAN_POINT ( 'NONE',  ( 0.4362526758666916971, 0.1386740792217242557, 0.002000000000000000042 ) ) ;
#8531 = FACE_OUTER_BOUND ( 'NONE', #5131, .T. ) ;
#8532 = ORIENTED_EDGE ( 'NONE', *, *, #7293, .T. ) ;
#8533 = ORIENTED_EDGE ( 'NONE', *, *, #5360, .T. ) ;
#8534 = EDGE_LOOP ( 'NONE', ( #2484, #4516, #7947, #858 ) ) ;
#8535 = LINE ( 'NONE', #2413, #7064 ) ;
#8536 = VECTOR ( 'NONE', #3780, 39.37007874015748143 ) ;
#8537 = LINE ( 'NONE', #7700, #4708 ) ;
#8538 = ADVANCED_FACE ( 'NONE', ( #1622 ), #4816, .F. ) ;
#8539 = VECTOR ( 'NONE', #3750, 39.37007874015748143 ) ;
#8540 = ORIENTED_EDGE ( 'NONE', *, *, #2139, .T. ) ;
#8541 = DIRECTION ( 'NONE',  ( -0.000000000000000000, 1.000000000000000000, -0.000000000000000000 ) ) ;
#8542 = EDGE_CURVE ( 'NONE', #6482, #1982, #3244, .T. ) ;
#8543 = EDGE_CURVE ( 'NONE', #148, #10102, #838, .T. ) ;
#8544 = CARTESIAN_POINT ( 'NONE',  ( 0.8414999999999999147, 0.4284999999999998810, 0.1079999999999999710 ) ) ;
#8545 = ORIENTED_EDGE ( 'NONE', *, *, #9747, .T. ) ;
#8546 = VECTOR ( 'NONE', #6964, 39.37007874015748854 ) ;
#8547 = CARTESIAN_POINT ( 'NONE',  ( 0.7652731129087035900, 0.1576539605841200398, -5.335640612625514099E-19 ) ) ;
#8548 = ORIENTED_EDGE ( 'NONE', *, *, #3038, .F. ) ;
#8549 = VECTOR ( 'NONE', #5075, 39.37007874015748143 ) ;
#8550 = CARTESIAN_POINT ( 'NONE',  ( 0.6729999999999999316, 0.2034999999999998199, 0.2379999999999999893 ) ) ;
#8551 = PLANE ( 'NONE',  #5071 ) ;
#8552 = CARTESIAN_POINT ( 'NONE',  ( 0.7806518625378879861, 0.1630867465357607460, 0.002000000000000000042 ) ) ;
#8553 = CARTESIAN_POINT ( 'NONE',  ( 0.8256498473883827627, 0.3239057549197819075, 0.002000000000000000042 ) ) ;
#8554 = VECTOR ( 'NONE', #2097, 39.37007874015748143 ) ;
#8555 = LINE ( 'NONE', #445, #6870 ) ;
#8556 = CARTESIAN_POINT ( 'NONE',  ( 0.7690069366272613838, 0.1653296947516592064, 0.002000000000000000042 ) ) ;
#8557 = CARTESIAN_POINT ( 'NONE',  ( 0.8195000000000000062, -0.1250000000000000000, -0.4425000000000000044 ) ) ;
#8558 = DIRECTION ( 'NONE',  ( 0.000000000000000000, -0.000000000000000000, -1.000000000000000000 ) ) ;
#8559 = CARTESIAN_POINT ( 'NONE',  ( 0.7755834686115824494, 0.1638604565362231646, 0.000000000000000000 ) ) ;
#8560 = EDGE_LOOP ( 'NONE', ( #9426, #3496, #5532, #8009 ) ) ;
#8561 = DIRECTION ( 'NONE',  ( 0.000000000000000000, 0.000000000000000000, 1.000000000000000000 ) ) ;
#8562 = LINE ( 'NONE', #3018, #9064 ) ;
#8563 = VECTOR ( 'NONE', #1921, 39.37007874015748143 ) ;
#8564 = EDGE_CURVE ( 'NONE', #3311, #1671, #4022, .T. ) ;
#8565 = DIRECTION ( 'NONE',  ( 1.000000000000000000, 0.000000000000000000, 0.000000000000000000 ) ) ;
#8566 = CARTESIAN_POINT ( 'NONE',  ( 0.8196182347026111925, 0.3259135394087671611, 0.000000000000000000 ) ) ;
#8567 = CARTESIAN_POINT ( 'NONE',  ( 0.8326177849804817788, 0.3403607019921953136, 0.002000000000000000042 ) ) ;
#8568 = VECTOR ( 'NONE', #3108, 39.37007874015748143 ) ;
#8569 = FACE_OUTER_BOUND ( 'NONE', #9942, .T. ) ;
#8570 = EDGE_CURVE ( 'NONE', #2578, #6357, #8149, .T. ) ;
#8571 = CIRCLE ( 'NONE', #1873, 0.04450000000000003259 ) ;
#8572 = EDGE_CURVE ( 'NONE', #9979, #6408, #6439, .T. ) ;
#8573 = VERTEX_POINT ( 'NONE', #151 ) ;
#8574 = LINE ( 'NONE', #4602, #4804 ) ;
#8575 = ORIENTED_EDGE ( 'NONE', *, *, #4220, .T. ) ;
#8576 = ORIENTED_EDGE ( 'NONE', *, *, #9045, .F. ) ;
#8577 = VERTEX_POINT ( 'NONE', #3342 ) ;
#8578 = CARTESIAN_POINT ( 'NONE',  ( 0.5714999999999998970, 0.07050000000000002098, 0.2080000000000000182 ) ) ;
#8579 = CARTESIAN_POINT ( 'NONE',  ( 0.4849999999999999312, -0.1174999999999999933, -0.4174999999999999822 ) ) ;
#8580 = CARTESIAN_POINT ( 'NONE',  ( 0.4426524787778178260, 0.1543245585932197517, 0.002000000000000000042 ) ) ;
#8581 = CARTESIAN_POINT ( 'NONE',  ( 0.8265264683883492003, 0.3429666423036669132, 0.000000000000000000 ) ) ;
#8582 = CARTESIAN_POINT ( 'NONE',  ( 0.8163982245209499000, 0.3311723561051589937, 0.002000000000000000042 ) ) ;
#8583 = CARTESIAN_POINT ( 'NONE',  ( 0.4362526758666916971, 0.1386740792217242557, 0.002000000000000000042 ) ) ;
#8584 = CARTESIAN_POINT ( 'NONE',  ( 0.4298649907676604376, 0.1426874694188380310, 0.000000000000000000 ) ) ;
#8585 = DIRECTION ( 'NONE',  ( -0.7071067811865491270, 0.000000000000000000, 0.7071067811865459074 ) ) ;
#8586 = ORIENTED_EDGE ( 'NONE', *, *, #3530, .F. ) ;
#8587 = EDGE_LOOP ( 'NONE', ( #1687, #9711, #10331, #2169, #634, #6259, #1751, #7263 ) ) ;
#8588 = ORIENTED_EDGE ( 'NONE', *, *, #6979, .T. ) ;
#8589 = PLANE ( 'NONE',  #2541 ) ;
#8590 = CARTESIAN_POINT ( 'NONE',  ( 0.4549999999999999045, 0.2034999999999998199, 0.000000000000000000 ) ) ;
#8591 = ADVANCED_FACE ( 'NONE', ( #993 ), #7624, .F. ) ;
#8592 = CARTESIAN_POINT ( 'NONE',  ( 0.7756208272628999367, 0.1630569875228374821, 0.000000000000000000 ) ) ;
#8593 = ORIENTED_EDGE ( 'NONE', *, *, #3068, .F. ) ;
#8594 = CARTESIAN_POINT ( 'NONE',  ( 0.8236287016307679565, 0.3369259573601487423, 0.000000000000000000 ) ) ;
#8595 = EDGE_CURVE ( 'NONE', #4863, #6674, #5074, .T. ) ;
#8596 = EDGE_LOOP ( 'NONE', ( #7163, #8108, #1807, #9420 ) ) ;
#8597 = CARTESIAN_POINT ( 'NONE',  ( 0.7634166183668699146, 0.1624265045693688292, 0.002000000000000000042 ) ) ;
#8598 = EDGE_LOOP ( 'NONE', ( #4122, #9418, #87, #9352 ) ) ;
#8599 = DIRECTION ( 'NONE',  ( 0.000000000000000000, -0.7071067811865500152, 0.7071067811865451302 ) ) ;
#8600 = CARTESIAN_POINT ( 'NONE',  ( 0.6479999999999999094, 0.1784999999999998255, 0.000000000000000000 ) ) ;
#8601 = DIRECTION ( 'NONE',  ( -1.000000000000000000, 1.313388458492434903E-16, 0.000000000000000000 ) ) ;
#8602 = CARTESIAN_POINT ( 'NONE',  ( 0.5714999999999998970, 0.4234999999999998765, 0.2080000000000000182 ) ) ;
#8603 = CARTESIAN_POINT ( 'NONE',  ( 0.5100000000000000089, 0.2904999999999998139, 0.2305000000000000104 ) ) ;
#8604 = ORIENTED_EDGE ( 'NONE', *, *, #950, .T. ) ;
#8605 = CARTESIAN_POINT ( 'NONE',  ( 0.7029999999999999583, 0.3154999999999998361, 0.2379999999999999893 ) ) ;
#8606 = DIRECTION ( 'NONE',  ( -0.000000000000000000, -0.000000000000000000, -1.000000000000000000 ) ) ;
#8607 = CARTESIAN_POINT ( 'NONE',  ( 0.7720750077053435412, 0.1670523563111459275, 0.000000000000000000 ) ) ;
#8608 = CARTESIAN_POINT ( 'NONE',  ( 0.7754999999999999671, -0.1250000000000000000, -0.3130000000000000004 ) ) ;
#8609 = ORIENTED_EDGE ( 'NONE', *, *, #6507, .T. ) ;
#8610 = CARTESIAN_POINT ( 'NONE',  ( 0.8216490030457823668, 0.3246806861130541177, 0.002000000000000000042 ) ) ;
#8611 = DIRECTION ( 'NONE',  ( 1.000000000000000000, -0.000000000000000000, -2.439149994343094625E-16 ) ) ;
#8612 = CARTESIAN_POINT ( 'NONE',  ( 0.4849999999999999312, 0.03300000000000000155, -0.4174999999999999822 ) ) ;
#8613 = CARTESIAN_POINT ( 'NONE',  ( 0.3871760831755033383, 0.3246250336889850985, 0.002000000000000000042 ) ) ;
#8614 = CARTESIAN_POINT ( 'NONE',  ( 0.8369999999999999662, 0.2904999999999998139, 0.2379999999999999893 ) ) ;
#8615 = CARTESIAN_POINT ( 'NONE',  ( 0.8308736298467503945, 0.3254808168012337521, 0.000000000000000000 ) ) ;
#8616 = ORIENTED_EDGE ( 'NONE', *, *, #4091, .F. ) ;
#8617 = CARTESIAN_POINT ( 'NONE',  ( 0.4384669125965834358, 0.1439497628937798368, 0.000000000000000000 ) ) ;
#8618 = VERTEX_POINT ( 'NONE', #455 ) ;
#8619 = AXIS2_PLACEMENT_3D ( 'NONE', #3917, #6313, #6212 ) ;
#8620 = VERTEX_POINT ( 'NONE', #4434 ) ;
#8621 = ORIENTED_EDGE ( 'NONE', *, *, #652, .F. ) ;
#8622 = CARTESIAN_POINT ( 'NONE',  ( 0.6654999999999998694, 0.1784999999999998255, 0.2379999999999999893 ) ) ;
#8623 = CARTESIAN_POINT ( 'NONE',  ( 0.8452586961495975881, 0.08049999999999998823, 0.2379999999999999893 ) ) ;
#8624 = CARTESIAN_POINT ( 'NONE',  ( 0.4335497650631184863, 0.1468765576833045705, 0.000000000000000000 ) ) ;
#8625 = CARTESIAN_POINT ( 'NONE',  ( 0.8263895854460688861, 0.3429631920372863130, -0.000000000000000000 ) ) ;
#8626 = EDGE_CURVE ( 'NONE', #7444, #8098, #1549, .T. ) ;
#8627 = EDGE_CURVE ( 'NONE', #1330, #3197, #3704, .T. ) ;
#8628 = EDGE_CURVE ( 'NONE', #2259, #10005, #6059, .T. ) ;
#8629 = CARTESIAN_POINT ( 'NONE',  ( 0.8184673689304708954, 0.3270211361639307479, 0.000000000000000000 ) ) ;
#8630 = DIRECTION ( 'NONE',  ( -0.4534572437205529605, -0.8912780307610858044, 0.000000000000000000 ) ) ;
#8631 = CARTESIAN_POINT ( 'NONE',  ( 0.8452586961495975881, 0.06550000000000003042, 0.000000000000000000 ) ) ;
#8632 = DIRECTION ( 'NONE',  ( -1.000000000000000000, 0.000000000000000000, -0.000000000000000000 ) ) ;
#8633 = EDGE_LOOP ( 'NONE', ( #3441 ) ) ;
#8634 = ORIENTED_EDGE ( 'NONE', *, *, #8653, .F. ) ;
#8635 = VERTEX_POINT ( 'NONE', #2820 ) ;
#8636 = FACE_OUTER_BOUND ( 'NONE', #7483, .T. ) ;
#8637 = FACE_BOUND ( 'NONE', #1456, .T. ) ;
#8638 = EDGE_CURVE ( 'NONE', #2831, #4061, #9034, .T. ) ;
#8639 = AXIS2_PLACEMENT_3D ( 'NONE', #9261, #2103, #4564 ) ;
#8640 = DIRECTION ( 'NONE',  ( -1.000000000000000000, 0.000000000000000000, 0.000000000000000000 ) ) ;
#8641 = VECTOR ( 'NONE', #3169, 39.37007874015748143 ) ;
#8642 = VERTEX_POINT ( 'NONE', #6745 ) ;
#8643 = ORIENTED_EDGE ( 'NONE', *, *, #4091, .T. ) ;
#8644 = EDGE_LOOP ( 'NONE', ( #2523, #2560, #1374, #251, #9676, #7007, #3419, #302 ) ) ;
#8645 = CARTESIAN_POINT ( 'NONE',  ( 0.7633930881864453566, 0.1633435751574418837, 0.002000000000000000042 ) ) ;
#8646 = ORIENTED_EDGE ( 'NONE', *, *, #5403, .F. ) ;
#8647 = DIRECTION ( 'NONE',  ( -0.000000000000000000, 1.000000000000000000, -0.000000000000000000 ) ) ;
#8648 = CARTESIAN_POINT ( 'NONE',  ( 0.5639999999999999458, 0.1784999999999998255, 0.2304999999999999827 ) ) ;
#8649 = AXIS2_PLACEMENT_3D ( 'NONE', #1090, #4427, #298 ) ;
#8650 = EDGE_CURVE ( 'NONE', #4566, #1837, #8259, .T. ) ;
#8651 = CARTESIAN_POINT ( 'NONE',  ( 0.3934999999999999609, 0.3154999999999998361, 0.2379999999999999893 ) ) ;
#8652 = CARTESIAN_POINT ( 'NONE',  ( 0.8284206233540731823, 0.3242889719298241435, 0.002000000000000000042 ) ) ;
#8653 = EDGE_CURVE ( 'NONE', #3629, #3629, #8887, .T. ) ;
#8654 = AXIS2_PLACEMENT_3D ( 'NONE', #9249, #9401, #10187 ) ;
#8655 = CARTESIAN_POINT ( 'NONE',  ( 0.7029999999999999583, 0.3154999999999998361, 0.2379999999999999893 ) ) ;
#8656 = ORIENTED_EDGE ( 'NONE', *, *, #2177, .F. ) ;
#8657 = DIRECTION ( 'NONE',  ( -0.000000000000000000, -0.000000000000000000, -1.000000000000000000 ) ) ;
#8658 = DIRECTION ( 'NONE',  ( -1.000000000000000000, 0.000000000000000000, 0.000000000000000000 ) ) ;
#8659 = LINE ( 'NONE', #1493, #4476 ) ;
#8660 = DIRECTION ( 'NONE',  ( 0.000000000000000000, 0.7071067811865450192, -0.7071067811865499042 ) ) ;
#8661 = VERTEX_POINT ( 'NONE', #510 ) ;
#8662 = CARTESIAN_POINT ( 'NONE',  ( 0.6189999999999999947, -0.1174999999999999933, -0.4425000000000000044 ) ) ;
#8663 = CARTESIAN_POINT ( 'NONE',  ( 0.8119999999999999440, -0.1174999999999999933, -0.4174999999999999822 ) ) ;
#8664 = CARTESIAN_POINT ( 'NONE',  ( 0.3677413038504020459, 0.06550000000000003042, 0.2379999999999999893 ) ) ;
#8665 = CARTESIAN_POINT ( 'NONE',  ( 0.8190165358689099895, 0.3264423079218926049, 0.000000000000000000 ) ) ;
#8666 = EDGE_CURVE ( 'NONE', #1589, #1108, #6896, .T. ) ;
#8667 = AXIS2_PLACEMENT_3D ( 'NONE', #1115, #5969, #4405 ) ;
#8668 = CARTESIAN_POINT ( 'NONE',  ( 0.7684647547745936391, 0.1622812238033778387, 0.000000000000000000 ) ) ;
#8669 = CARTESIAN_POINT ( 'NONE',  ( 0.7714999999999999636, 0.4234999999999998765, 0.1079999999999999849 ) ) ;
#8670 = ORIENTED_EDGE ( 'NONE', *, *, #43, .T. ) ;
#8671 = CARTESIAN_POINT ( 'NONE',  ( 0.7579999999999998961, -0.1250000000000000000, -0.3054999999999999938 ) ) ;
#8672 = ORIENTED_EDGE ( 'NONE', *, *, #3266, .T. ) ;
#8673 = EDGE_CURVE ( 'NONE', #4566, #1922, #2087, .T. ) ;
#8674 = ORIENTED_EDGE ( 'NONE', *, *, #4181, .F. ) ;
#8675 = EDGE_LOOP ( 'NONE', ( #5675, #2777, #5902, #3339, #6872, #7261, #3506, #7682, #9301, #10165 ) ) ;
#8676 = CARTESIAN_POINT ( 'NONE',  ( 0.4454026660942531635, 0.1448040987748159258, 0.000000000000000000 ) ) ;
#8677 = DIRECTION ( 'NONE',  ( 0.000000000000000000, -1.000000000000000000, 0.000000000000000000 ) ) ;
#8678 = LINE ( 'NONE', #9411, #2401 ) ;
#8679 = CARTESIAN_POINT ( 'NONE',  ( 0.8261074588107363281, 0.3429560807637502817, 0.000000000000000000 ) ) ;
#8680 = VECTOR ( 'NONE', #3273, 39.37007874015748143 ) ;
#8681 = CARTESIAN_POINT ( 'NONE',  ( 0.8223919985898706653, 0.3244008562100966775, 0.000000000000000000 ) ) ;
#8682 = CARTESIAN_POINT ( 'NONE',  ( 0.4298649907676604376, 0.1426874694188380310, 0.002000000000000000042 ) ) ;
#8683 = CARTESIAN_POINT ( 'NONE',  ( 0.6664999999999999813, -0.1250000000000000000, -0.3130000000000000004 ) ) ;
#8684 = CARTESIAN_POINT ( 'NONE',  ( 0.4924999999999999933, -0.1250000000000000000, -0.4425000000000000044 ) ) ;
#8685 = ORIENTED_EDGE ( 'NONE', *, *, #842, .F. ) ;
#8686 = ORIENTED_EDGE ( 'NONE', *, *, #3710, .T. ) ;
#8687 = ORIENTED_EDGE ( 'NONE', *, *, #4840, .F. ) ;
#8688 = DIRECTION ( 'NONE',  ( -0.000000000000000000, 0.000000000000000000, -1.000000000000000000 ) ) ;
#8689 = DIRECTION ( 'NONE',  ( 1.000000000000000000, 0.000000000000000000, 0.000000000000000000 ) ) ;
#8690 = EDGE_CURVE ( 'NONE', #2143, #9794, #7673, .T. ) ;
#8691 = EDGE_CURVE ( 'NONE', #3991, #1589, #2922, .T. ) ;
#8692 = CARTESIAN_POINT ( 'NONE',  ( 0.4351046837656313282, 0.1443276204397800910, 0.002000000000000000042 ) ) ;
#8693 = VECTOR ( 'NONE', #6543, 39.37007874015748143 ) ;
#8694 = B_SPLINE_SURFACE_WITH_KNOTS ( 'NONE', 3, 1, ( 
 ( #5797, #7312 ),
 ( #1724, #5847 ),
 ( #250, #5120 ),
 ( #2508, #8925 ),
 ( #9029, #7468 ),
 ( #3440, #9085 ),
 ( #8873, #6740 ),
 ( #5010, #6684 ),
 ( #8254, #9760 ),
 ( #8194, #2557 ),
 ( #7520, #4913 ),
 ( #8094, #1772 ),
 ( #939, #9864 ),
 ( #4171, #1143 ),
 ( #3549, #1040 ) ),
 .UNSPECIFIED., .F., .F., .F.,
 ( 4, 1, 1, 1, 1, 1, 1, 1, 1, 1, 1, 1, 4 ),
 ( 2, 2 ),
 ( 0.000000000000000000, 0.09253783465933056174, 0.1855907730267317979, 0.2795524791599505177, 0.3756022954876750419, 0.4276167156194798369, 0.4871168707665559650, 0.5541989278073830016, 0.6286239860240626642, 0.7096875605186863112, 0.7991807418287635301, 0.8953573266116864326, 0.9999999999999998890 ),
 ( 0.000000000000000000, 1.000000000000000000 ),
 .UNSPECIFIED. ) ;
#8695 = ADVANCED_FACE ( 'NONE', ( #7580 ), #2768, .F. ) ;
#8696 = ORIENTED_EDGE ( 'NONE', *, *, #5643, .F. ) ;
#8697 = VERTEX_POINT ( 'NONE', #6842 ) ;
#8698 = CIRCLE ( 'NONE', #1022, 0.07200000000000000844 ) ;
#8699 = CARTESIAN_POINT ( 'NONE',  ( 0.7633930881864453566, 0.1633435751574418837, -5.335640612625514099E-19 ) ) ;
#8700 = CIRCLE ( 'NONE', #5200, 0.07199999999999993905 ) ;
#8701 = ORIENTED_EDGE ( 'NONE', *, *, #624, .F. ) ;
#8702 = DIRECTION ( 'NONE',  ( 1.000000000000000000, 0.000000000000000000, 0.000000000000000000 ) ) ;
#8703 = CARTESIAN_POINT ( 'NONE',  ( 0.8350055356323132782, 0.3346491010666485799, 0.002000000000000000042 ) ) ;
#8704 = FACE_OUTER_BOUND ( 'NONE', #5084, .T. ) ;
#8705 = CARTESIAN_POINT ( 'NONE',  ( 0.6189999999999999947, -0.1250000000000000000, -0.4425000000000000044 ) ) ;
#8706 = CARTESIAN_POINT ( 'NONE',  ( 0.2599999999999998423, 0.1140000000000000041, -0.4899999999999999911 ) ) ;
#8707 = ORIENTED_EDGE ( 'NONE', *, *, #9265, .F. ) ;
#8708 = VECTOR ( 'NONE', #9008, 39.37007874015748143 ) ;
#8709 = PLANE ( 'NONE',  #9820 ) ;
#8711 = VECTOR ( 'NONE', #10170, 39.37007874015748143 ) ;
#8710 = CARTESIAN_POINT ( 'NONE',  ( 0.4407058175849807857, 0.1476747652060336757, 0.002000000000000000042 ) ) ;
#8712 = FACE_OUTER_BOUND ( 'NONE', #524, .T. ) ;
#8713 = AXIS2_PLACEMENT_3D ( 'NONE', #9717, #1779, #8984 ) ;
#8714 = CARTESIAN_POINT ( 'NONE',  ( 0.4849999999999999312, 0.3079999999999998295, 0.2379999999999999893 ) ) ;
#8715 = ORIENTED_EDGE ( 'NONE', *, *, #8983, .T. ) ;
#8716 = CARTESIAN_POINT ( 'NONE',  ( 0.8298324058205677201, 0.3320957686522920671, 0.000000000000000000 ) ) ;
#8717 = CARTESIAN_POINT ( 'NONE',  ( 0.4385000000000000009, -0.1250000000000000000, -0.3305000000000000160 ) ) ;
#8718 = CARTESIAN_POINT ( 'NONE',  ( 1.026000000000000023, 0.1139999999999998653, -0.2199999999999999456 ) ) ;
#8719 = DIRECTION ( 'NONE',  ( -0.000000000000000000, 0.000000000000000000, 1.000000000000000000 ) ) ;
#8720 = VECTOR ( 'NONE', #9258, 39.37007874015748143 ) ;
#8721 = DIRECTION ( 'NONE',  ( -0.000000000000000000, 1.000000000000000000, -0.000000000000000000 ) ) ;
#8722 = CARTESIAN_POINT ( 'NONE',  ( 0.8261443515422099981, 0.3379316909192445206, 0.002000000000000000042 ) ) ;
#8723 = EDGE_CURVE ( 'NONE', #8776, #3563, #10019, .T. ) ;
#8724 = ORIENTED_EDGE ( 'NONE', *, *, #2850, .F. ) ;
#8725 = VECTOR ( 'NONE', #5373, 39.37007874015748143 ) ;
#8726 = DIRECTION ( 'NONE',  ( -0.000000000000000000, -0.000000000000000000, -1.000000000000000000 ) ) ;
#8727 = EDGE_LOOP ( 'NONE', ( #1041, #6972, #3299, #2380 ) ) ;
#8728 = AXIS2_PLACEMENT_3D ( 'NONE', #10143, #5550, #5393 ) ;
#8729 = ORIENTED_EDGE ( 'NONE', *, *, #8116, .F. ) ;
#8730 = CARTESIAN_POINT ( 'NONE',  ( 1.171000000000000041, 0.1139999999999998653, -0.2199999999999999456 ) ) ;
#8731 = ORIENTED_EDGE ( 'NONE', *, *, #7101, .F. ) ;
#8732 = CARTESIAN_POINT ( 'NONE',  ( 0.4451235952955020503, 0.1440102266681950738, 0.002000000000000000042 ) ) ;
#8733 = ADVANCED_FACE ( 'NONE', ( #5124 ), #4383, .T. ) ;
#8734 = PLANE ( 'NONE',  #2858 ) ;
#8735 = CARTESIAN_POINT ( 'NONE',  ( 0.4340872745334477534, 0.1454270871149139222, 0.000000000000000000 ) ) ;
#8736 = CARTESIAN_POINT ( 'NONE',  ( 0.2734999999999998543, 0.3418303204446733190, 0.2379999999999999893 ) ) ;
#8737 = AXIS2_PLACEMENT_3D ( 'NONE', #2108, #1960, #5301 ) ;
#8738 = AXIS2_PLACEMENT_3D ( 'NONE', #8448, #1132, #8346 ) ;
#8739 = PLANE ( 'NONE',  #5663 ) ;
#8740 = FACE_OUTER_BOUND ( 'NONE', #6934, .T. ) ;
#8741 = DIRECTION ( 'NONE',  ( 0.000000000000000000, -0.7071067811865466846, 0.7071067811865483499 ) ) ;
#8742 = ORIENTED_EDGE ( 'NONE', *, *, #6915, .T. ) ;
#8743 = VECTOR ( 'NONE', #2329, 39.37007874015748143 ) ;
#8744 = ORIENTED_EDGE ( 'NONE', *, *, #1639, .F. ) ;
#8745 = VERTEX_POINT ( 'NONE', #5174 ) ;
#8746 = DIRECTION ( 'NONE',  ( -0.5773502691896252870, 0.5773502691896267303, 0.5773502691896252870 ) ) ;
#8747 = VECTOR ( 'NONE', #9791, 39.37007874015748143 ) ;
#8748 = PLANE ( 'NONE',  #8879 ) ;
#8749 = VECTOR ( 'NONE', #234, 39.37007874015748143 ) ;
#8750 = CARTESIAN_POINT ( 'NONE',  ( 0.4363728184145541644, 0.1437322455111450792, 0.002000000000000000042 ) ) ;
#8751 = ORIENTED_EDGE ( 'NONE', *, *, #3987, .F. ) ;
#8752 = ORIENTED_EDGE ( 'NONE', *, *, #872, .T. ) ;
#8753 = CARTESIAN_POINT ( 'NONE',  ( 0.7635281749994782263, 0.1615335956672551976, -5.335640612625514099E-19 ) ) ;
#8754 = ORIENTED_EDGE ( 'NONE', *, *, #7169, .F. ) ;
#8755 = FACE_OUTER_BOUND ( 'NONE', #5674, .T. ) ;
#8756 = LINE ( 'NONE', #4787, #8068 ) ;
#8757 = DIRECTION ( 'NONE',  ( 0.1559625734730110125, 0.9877629653290689316, -0.000000000000000000 ) ) ;
#8758 = LINE ( 'NONE', #1597, #575 ) ;
#8759 = EDGE_CURVE ( 'NONE', #2631, #5905, #8360, .T. ) ;
#8760 = EDGE_CURVE ( 'NONE', #5119, #10, #9969, .T. ) ;
#8761 = CARTESIAN_POINT ( 'NONE',  ( 0.6489999999999999103, -0.1174999999999999933, -0.3305000000000000160 ) ) ;
#8762 = ORIENTED_EDGE ( 'NONE', *, *, #6021, .F. ) ;
#8763 = PLANE ( 'NONE',  #7652 ) ;
#8764 = LINE ( 'NONE', #6469, #1801 ) ;
#8765 = CARTESIAN_POINT ( 'NONE',  ( 0.8119999999999999440, 0.3154999999999998361, 0.2379999999999999893 ) ) ;
#8766 = CARTESIAN_POINT ( 'NONE',  ( 0.4484999999999998987, -0.1250000000000000000, -0.3054999999999999938 ) ) ;
#8767 = ORIENTED_EDGE ( 'NONE', *, *, #6479, .T. ) ;
#8768 = CARTESIAN_POINT ( 'NONE',  ( 0.8278569513451469186, 0.3294337083104098562, 0.002000000000000000042 ) ) ;
#8769 = FACE_OUTER_BOUND ( 'NONE', #3809, .T. ) ;
#8770 = LINE ( 'NONE', #7202, #8952 ) ;
#8771 = DIRECTION ( 'NONE',  ( 0.000000000000000000, 1.000000000000000000, 0.000000000000000000 ) ) ;
#8772 = CARTESIAN_POINT ( 'NONE',  ( 0.8414999999999999147, 0.4284999999999998810, 0.2079999999999999627 ) ) ;
#8773 = DIRECTION ( 'NONE',  ( -0.000000000000000000, -0.000000000000000000, 1.000000000000000000 ) ) ;
#8774 = ORIENTED_EDGE ( 'NONE', *, *, #6778, .T. ) ;
#8775 = DIRECTION ( 'NONE',  ( -0.000000000000000000, 1.000000000000000000, -0.000000000000000000 ) ) ;
#8776 = VERTEX_POINT ( 'NONE', #1298 ) ;
#8777 = ORIENTED_EDGE ( 'NONE', *, *, #6477, .T. ) ;
#8778 = CARTESIAN_POINT ( 'NONE',  ( 0.7786526594290932302, 0.1568376852305349012, 0.000000000000000000 ) ) ;
#8779 = ORIENTED_EDGE ( 'NONE', *, *, #1667, .T. ) ;
#8780 = DIRECTION ( 'NONE',  ( -1.000000000000000000, 0.000000000000000000, 0.000000000000000000 ) ) ;
#8781 = CARTESIAN_POINT ( 'NONE',  ( 0.7678503080641863043, 0.1554508300714546321, 0.000000000000000000 ) ) ;
#8782 = DIRECTION ( 'NONE',  ( 1.000000000000000000, 0.000000000000000000, -0.000000000000000000 ) ) ;
#8783 = EDGE_CURVE ( 'NONE', #9214, #2555, #6261, .T. ) ;
#8784 = CARTESIAN_POINT ( 'NONE',  ( 0.1869999999999998885, 0.000000000000000000, -0.01499999999999999944 ) ) ;
#8785 = EDGE_CURVE ( 'NONE', #4008, #1206, #2971, .T. ) ;
#8786 = CARTESIAN_POINT ( 'NONE',  ( 0.3347413038504020721, 0.3514999999999999791, 0.000000000000000000 ) ) ;
#8787 = CARTESIAN_POINT ( 'NONE',  ( 0.6479999999999999094, 0.1784999999999998255, 0.2304999999999999827 ) ) ;
#8788 = CARTESIAN_POINT ( 'NONE',  ( 0.4924999999999999378, 0.2904999999999998139, 0.2379999999999999893 ) ) ;
#8789 = ORIENTED_EDGE ( 'NONE', *, *, #8796, .T. ) ;
#8790 = ORIENTED_EDGE ( 'NONE', *, *, #2481, .T. ) ;
#8791 = VERTEX_POINT ( 'NONE', #2184 ) ;
#8792 = DIRECTION ( 'NONE',  ( 0.7071067811865474617, 0.000000000000000000, -0.7071067811865474617 ) ) ;
#8793 = CARTESIAN_POINT ( 'NONE',  ( 0.06249999999999988204, 0.4314999999999999392, -0.4899999999999999911 ) ) ;
#8794 = EDGE_CURVE ( 'NONE', #1998, #3318, #7149, .T. ) ;
#8795 = VECTOR ( 'NONE', #315, 39.37007874015748143 ) ;
#8796 = EDGE_CURVE ( 'NONE', #3197, #3027, #2238, .T. ) ;
#8797 = DIRECTION ( 'NONE',  ( -0.7071067811865451302, -0.7071067811865500152, 0.000000000000000000 ) ) ;
#8798 = ORIENTED_EDGE ( 'NONE', *, *, #5188, .F. ) ;
#8799 = ORIENTED_EDGE ( 'NONE', *, *, #966, .T. ) ;
#8800 = AXIS2_PLACEMENT_3D ( 'NONE', #8671, #8043, #6483 ) ;
#8801 = CARTESIAN_POINT ( 'NONE',  ( 0.3834999999999999520, 0.2904999999999998139, 0.2379999999999999893 ) ) ;
#8802 = ADVANCED_FACE ( 'NONE', ( #4696 ), #723, .F. ) ;
#8803 = CARTESIAN_POINT ( 'NONE',  ( 0.8346689288303448251, 0.3480015936880894167, 0.000000000000000000 ) ) ;
#8804 = CARTESIAN_POINT ( 'NONE',  ( 0.8335041582306476071, 0.3282069884204483201, 0.002000000000000000042 ) ) ;
#8805 = CARTESIAN_POINT ( 'NONE',  ( 0.4559999999999999054, 0.03300000000000000155, -0.3054999999999999938 ) ) ;
#8806 = CARTESIAN_POINT ( 'NONE',  ( 0.1744999999999998497, 0.2469999999999997753, 0.000000000000000000 ) ) ;
#8807 = CARTESIAN_POINT ( 'NONE',  ( 0.8236931155220645895, 0.3295635702595118288, 0.000000000000000000 ) ) ;
#8808 = AXIS2_PLACEMENT_3D ( 'NONE', #6835, #2863, #7466 ) ;
#8809 = ORIENTED_EDGE ( 'NONE', *, *, #2280, .T. ) ;
#8810 = DIRECTION ( 'NONE',  ( -0.000000000000000000, -1.000000000000000000, -0.000000000000000000 ) ) ;
#8811 = CARTESIAN_POINT ( 'NONE',  ( 0.4363276346608888634, 0.1515699355775724233, 0.002000000000000000042 ) ) ;
#8812 = CARTESIAN_POINT ( 'NONE',  ( 0.3759999999999999454, -0.1250000000000000000, -0.4174999999999999822 ) ) ;
#8813 = DIRECTION ( 'NONE',  ( -0.000000000000000000, 1.000000000000000000, -0.000000000000000000 ) ) ;
#8814 = EDGE_CURVE ( 'NONE', #9354, #9032, #8562, .T. ) ;
#8815 = ORIENTED_EDGE ( 'NONE', *, *, #8691, .F. ) ;
#8816 = CARTESIAN_POINT ( 'NONE',  ( 0.8281915110768711674, 0.3296580873365029807, 0.000000000000000000 ) ) ;
#8817 = CARTESIAN_POINT ( 'NONE',  ( 0.3759999999999999454, -0.1250000000000000000, -0.4425000000000000044 ) ) ;
#8818 = CARTESIAN_POINT ( 'NONE',  ( 0.8261074588107363281, 0.3429560807637502817, 0.000000000000000000 ) ) ;
#8819 = CARTESIAN_POINT ( 'NONE',  ( -3.551358426084892890E-17, 0.1140000000000000319, -0.1649999999999999523 ) ) ;
#8820 = ADVANCED_FACE ( 'NONE', ( #5329 ), #7782, .T. ) ;
#8821 = CARTESIAN_POINT ( 'NONE',  ( 0.4966666666666665897, -0.1308333333333333015, -0.4308333333333333459 ) ) ;
#8822 = B_SPLINE_CURVE_WITH_KNOTS ( 'NONE', 3,
 ( #957, #9729, #4879, #1899, #4139, #1058, #4251, #7435, #8271, #2577, #266, #5086, #5769, #8061, #8941, #8842, #6649, #1110, #1790 ),
 .UNSPECIFIED., .F., .F.,
 ( 4, 1, 1, 1, 1, 1, 1, 1, 1, 1, 1, 1, 1, 1, 1, 1, 4 ),
 ( 0.000000000000000000, 0.06562092715322302705, 0.1297044336027832756, 0.1920084100512055303, 0.2531653825181648942, 0.3145900137962934773, 0.3765327730011653329, 0.4392867016490336063, 0.5037985290657701620, 0.5682839993040031956, 0.6306288907425716683, 0.6915128396476393213, 0.7519975911628812293, 0.8123768520713843255, 0.8735768952802437370, 0.9360266791627421812, 1.000000000000000000 ),
 .UNSPECIFIED. ) ;
#8823 = CARTESIAN_POINT ( 'NONE',  ( 0.8271343627275470345, 0.3291134559051891451, 0.000000000000000000 ) ) ;
#8824 = EDGE_CURVE ( 'NONE', #2742, #4228, #1402, .T. ) ;
#8825 = VERTEX_POINT ( 'NONE', #4644 ) ;
#8826 = PLANE ( 'NONE',  #8468 ) ;
#8827 = VERTEX_POINT ( 'NONE', #4754 ) ;
#8828 = ORIENTED_EDGE ( 'NONE', *, *, #173, .T. ) ;
#8829 = CARTESIAN_POINT ( 'NONE',  ( 0.7791524821841177006, 0.1578867947308830455, 0.002000000000000000042 ) ) ;
#8830 = ORIENTED_EDGE ( 'NONE', *, *, #6791, .F. ) ;
#8831 = CARTESIAN_POINT ( 'NONE',  ( -1.117071446801986152E-16, 0.4039999999999999702, -0.1649999999999999523 ) ) ;
#8832 = CARTESIAN_POINT ( 'NONE',  ( 0.7634010259078647387, 0.1630342086027125048, -0.000000000000000000 ) ) ;
#8833 = FACE_OUTER_BOUND ( 'NONE', #1174, .T. ) ;
#8834 = DIRECTION ( 'NONE',  ( 1.000000000000000000, 0.000000000000000000, 1.177520686924251965E-16 ) ) ;
#8835 = EDGE_CURVE ( 'NONE', #9563, #4464, #10233, .T. ) ;
#8836 = CARTESIAN_POINT ( 'NONE',  ( 0.8297200381964193738, 0.3352615344944115949, 0.002000000000000000042 ) ) ;
#8837 = CARTESIAN_POINT ( 'NONE',  ( 0.1149999999999998801, 0.5082634147716499351, -0.4454999999999999516 ) ) ;
#8838 = FACE_OUTER_BOUND ( 'NONE', #8560, .T. ) ;
#8839 = ORIENTED_EDGE ( 'NONE', *, *, #610, .T. ) ;
#8840 = ORIENTED_EDGE ( 'NONE', *, *, #6036, .F. ) ;
#8841 = VERTEX_POINT ( 'NONE', #7728 ) ;
#8842 = CARTESIAN_POINT ( 'NONE',  ( 0.4388658541068234942, 0.1387969269793575822, 0.002000000000000000042 ) ) ;
#8843 = CARTESIAN_POINT ( 'NONE',  ( 0.4284853778631531607, 0.1471442305820586383, -0.000000000000000000 ) ) ;
#8844 = VECTOR ( 'NONE', #2835, 39.37007874015748143 ) ;
#8845 = LINE ( 'NONE', #7127, #3171 ) ;
#8846 = ORIENTED_EDGE ( 'NONE', *, *, #8572, .F. ) ;
#8847 = EDGE_LOOP ( 'NONE', ( #65, #4197, #8167, #2425 ) ) ;
#8848 = ORIENTED_EDGE ( 'NONE', *, *, #6596, .T. ) ;
#8849 = CARTESIAN_POINT ( 'NONE',  ( 0.04199999999999988465, 0.1140000000000000041, -0.2919999999999999263 ) ) ;
#8850 = FACE_OUTER_BOUND ( 'NONE', #3842, .T. ) ;
#8851 = DIRECTION ( 'NONE',  ( 0.000000000000000000, 1.000000000000000000, 0.000000000000000000 ) ) ;
#8852 = CARTESIAN_POINT ( 'NONE',  ( 1.026000000000000023, 0.05399999999999985367, -0.2199999999999999456 ) ) ;
#8853 = EDGE_CURVE ( 'NONE', #7966, #2312, #2724, .T. ) ;
#8854 = EDGE_CURVE ( 'NONE', #8661, #6674, #3859, .T. ) ;
#8855 = FACE_OUTER_BOUND ( 'NONE', #876, .T. ) ;
#8856 = ORIENTED_EDGE ( 'NONE', *, *, #7585, .F. ) ;
#8857 = LINE ( 'NONE', #8026, #311 ) ;
#8858 = VECTOR ( 'NONE', #1547, 39.37007874015748854 ) ;
#8859 = EDGE_CURVE ( 'NONE', #4357, #1896, #2132, .T. ) ;
#8860 = DIRECTION ( 'NONE',  ( -0.000000000000000000, 1.000000000000000000, -0.000000000000000000 ) ) ;
#8861 = DIRECTION ( 'NONE',  ( -1.313388458492434903E-16, -1.000000000000000000, 0.000000000000000000 ) ) ;
#8862 = CARTESIAN_POINT ( 'NONE',  ( 0.9394999999999998908, 0.3418303204446733190, 0.000000000000000000 ) ) ;
#8863 = ORIENTED_EDGE ( 'NONE', *, *, #126, .F. ) ;
#8864 = LINE ( 'NONE', #5742, #3532 ) ;
#8865 = CARTESIAN_POINT ( 'NONE',  ( 0.9394999999999998908, 0.3418303204446733190, 0.2379999999999999893 ) ) ;
#8866 = LINE ( 'NONE', #4907, #2787 ) ;
#8867 = LINE ( 'NONE', #8919, #567 ) ;
#8868 = CIRCLE ( 'NONE', #1523, 0.04450000000000000483 ) ;
#8869 = DIRECTION ( 'NONE',  ( 0.000000000000000000, 0.000000000000000000, 1.000000000000000000 ) ) ;
#8870 = CARTESIAN_POINT ( 'NONE',  ( 0.8285123765663636730, 0.3299163559153968639, 0.000000000000000000 ) ) ;
#8871 = CARTESIAN_POINT ( 'NONE',  ( 0.8346689288303448251, 0.3526769056879103248, 0.000000000000000000 ) ) ;
#8872 = ORIENTED_EDGE ( 'NONE', *, *, #2503, .T. ) ;
#8873 = CARTESIAN_POINT ( 'NONE',  ( 0.4289636321713942158, 0.1504349209335059667, 0.002000000000000000042 ) ) ;
#8874 = VERTEX_POINT ( 'NONE', #9444 ) ;
#8875 = EDGE_LOOP ( 'NONE', ( #1897, #8696, #9867, #8280 ) ) ;
#8876 = CARTESIAN_POINT ( 'NONE',  ( 0.7796512177153080980, 0.1589901862024975798, 0.002000000000000000042 ) ) ;
#8877 = ORIENTED_EDGE ( 'NONE', *, *, #2570, .T. ) ;
#8878 = CARTESIAN_POINT ( 'NONE',  ( 0.7569999999999998952, 0.1784999999999998255, 0.2379999999999999893 ) ) ;
#8879 = AXIS2_PLACEMENT_3D ( 'NONE', #7858, #9423, #3939 ) ;
#8880 = CARTESIAN_POINT ( 'NONE',  ( 0.7643377782203436555, 0.1590876259549539040, 0.000000000000000000 ) ) ;
#8881 = DIRECTION ( 'NONE',  ( 0.000000000000000000, -1.000000000000000000, 0.000000000000000000 ) ) ;
#8882 = EDGE_CURVE ( 'NONE', #771, #7912, #7045, .T. ) ;
#8883 = LINE ( 'NONE', #997, #4028 ) ;
#8884 = EDGE_CURVE ( 'NONE', #9407, #1324, #10281, .T. ) ;
#8885 = CARTESIAN_POINT ( 'NONE',  ( 0.8261443515422099981, 0.3379316909192445206, 0.002000000000000000042 ) ) ;
#8886 = VECTOR ( 'NONE', #4946, 39.37007874015748143 ) ;
#8887 = CIRCLE ( 'NONE', #1215, 0.06000000000000004635 ) ;
#8888 = LINE ( 'NONE', #8837, #2322 ) ;
#8889 = PLANE ( 'NONE',  #1123 ) ;
#8890 = ORIENTED_EDGE ( 'NONE', *, *, #6288, .T. ) ;
#8891 = ORIENTED_EDGE ( 'NONE', *, *, #4030, .F. ) ;
#8892 = VERTEX_POINT ( 'NONE', #6311 ) ;
#8893 = LINE ( 'NONE', #1744, #3210 ) ;
#8894 = DIRECTION ( 'NONE',  ( -1.000000000000000000, 0.000000000000000000, 0.000000000000000000 ) ) ;
#8895 = VECTOR ( 'NONE', #8487, 39.37007874015748143 ) ;
#8896 = VECTOR ( 'NONE', #996, 39.37007874015748143 ) ;
#8897 = AXIS2_PLACEMENT_3D ( 'NONE', #5380, #4756, #2241 ) ;
#8898 = LINE ( 'NONE', #1068, #2337 ) ;
#8899 = ORIENTED_EDGE ( 'NONE', *, *, #3304, .T. ) ;
#8900 = VECTOR ( 'NONE', #8721, 39.37007874015748143 ) ;
#8901 = EDGE_LOOP ( 'NONE', ( #7337, #5439, #6698, #7109 ) ) ;
#8902 = ORIENTED_EDGE ( 'NONE', *, *, #10109, .F. ) ;
#8903 = DIRECTION ( 'NONE',  ( 0.000000000000000000, 0.000000000000000000, 1.000000000000000000 ) ) ;
#8904 = DIRECTION ( 'NONE',  ( -0.000000000000000000, 0.000000000000000000, 1.000000000000000000 ) ) ;
#8905 = CARTESIAN_POINT ( 'NONE',  ( -3.551358426084892890E-17, 0.1299999999999998657, -0.1659999999999999531 ) ) ;
#8906 = DIRECTION ( 'NONE',  ( -0.000000000000000000, -0.000000000000000000, -1.000000000000000000 ) ) ;
#8907 = EDGE_CURVE ( 'NONE', #9406, #6309, #9496, .T. ) ;
#8908 = CARTESIAN_POINT ( 'NONE',  ( 0.6489999999999999103, -0.1174999999999999933, -0.3305000000000000160 ) ) ;
#8909 = EDGE_CURVE ( 'NONE', #3454, #2805, #9344, .T. ) ;
#8910 = EDGE_CURVE ( 'NONE', #19, #4976, #3811, .T. ) ;
#8911 = ORIENTED_EDGE ( 'NONE', *, *, #5272, .T. ) ;
#8912 = DIRECTION ( 'NONE',  ( -1.000000000000000000, 0.000000000000000000, 0.000000000000000000 ) ) ;
#8913 = CARTESIAN_POINT ( 'NONE',  ( 0.5939999999999999725, -0.1250000000000000000, -0.4425000000000000044 ) ) ;
#8914 = CARTESIAN_POINT ( 'NONE',  ( 0.4309999999999999387, -0.1174999999999999933, -0.3054999999999999938 ) ) ;
#8915 = VERTEX_POINT ( 'NONE', #9394 ) ;
#8916 = DIRECTION ( 'NONE',  ( 0.000000000000000000, 0.000000000000000000, -1.000000000000000000 ) ) ;
#8917 = CARTESIAN_POINT ( 'NONE',  ( 0.1869999999999998885, 0.1140000000000000041, -0.2199999999999999456 ) ) ;
#8918 = CARTESIAN_POINT ( 'NONE',  ( 0.5389999999999999236, 0.1959999999999998410, 0.2379999999999999893 ) ) ;
#8919 = CARTESIAN_POINT ( 'NONE',  ( 1.212999999999999856, 0.4314999999999999392, -0.4899999999999999911 ) ) ;
#8920 = EDGE_CURVE ( 'NONE', #9529, #8745, #7259, .T. ) ;
#8921 = CARTESIAN_POINT ( 'NONE',  ( 0.8782586961495976174, 0.3514999999999999791, 0.2379999999999999893 ) ) ;
#8922 = CARTESIAN_POINT ( 'NONE',  ( 0.6015000000000000346, -0.1250000000000000000, -0.4425000000000000044 ) ) ;
#8923 = CARTESIAN_POINT ( 'NONE',  ( 0.6654999999999998694, 0.1859999999999998044, 0.2379999999999999893 ) ) ;
#8924 = ORIENTED_EDGE ( 'NONE', *, *, #3010, .T. ) ;
#8925 = CARTESIAN_POINT ( 'NONE',  ( 0.4285674040165208809, 0.1487456572313045899, 0.000000000000000000 ) ) ;
#8926 = ORIENTED_EDGE ( 'NONE', *, *, #7806, .T. ) ;
#8927 = ORIENTED_EDGE ( 'NONE', *, *, #424, .T. ) ;
#8928 = CARTESIAN_POINT ( 'NONE',  ( 0.7796984373132835877, 0.1673274375575012629, 0.002000000000000000042 ) ) ;
#8929 = ORIENTED_EDGE ( 'NONE', *, *, #2952, .F. ) ;
#8930 = FACE_OUTER_BOUND ( 'NONE', #4172, .T. ) ;
#8931 = CARTESIAN_POINT ( 'NONE',  ( 0.7658488727598049550, 0.1570020477789123847, 0.000000000000000000 ) ) ;
#8932 = CARTESIAN_POINT ( 'NONE',  ( 0.8299843622571515533, 0.3339618878096285992, 0.000000000000000000 ) ) ;
#8933 = CARTESIAN_POINT ( 'NONE',  ( 0.5939999999999999725, 0.2904999999999998139, 0.000000000000000000 ) ) ;
#8934 = PLANE ( 'NONE',  #6152 ) ;
#8935 = DIRECTION ( 'NONE',  ( -0.000000000000000000, -1.000000000000000000, -0.000000000000000000 ) ) ;
#8936 = CARTESIAN_POINT ( 'NONE',  ( 0.6414999999999998481, 0.07050000000000002098, 0.2080000000000000182 ) ) ;
#8937 = VERTEX_POINT ( 'NONE', #4852 ) ;
#8938 = ORIENTED_EDGE ( 'NONE', *, *, #8760, .T. ) ;
#8939 = EDGE_CURVE ( 'NONE', #3318, #5011, #5595, .T. ) ;
#8940 = VERTEX_POINT ( 'NONE', #137 ) ;
#8941 = CARTESIAN_POINT ( 'NONE',  ( 0.4396772562927800387, 0.1390027229478620618, 0.002000000000000000042 ) ) ;
#8942 = ORIENTED_EDGE ( 'NONE', *, *, #7806, .F. ) ;
#8943 = CC_DESIGN_PERSON_AND_ORGANIZATION_ASSIGNMENT ( #5934, #6667, ( #7859 ) ) ;
#8944 = LINE ( 'NONE', #6504, #5052 ) ;
#8945 = ADVANCED_FACE ( 'NONE', ( #8769 ), #1608, .T. ) ;
#8946 = FACE_OUTER_BOUND ( 'NONE', #6802, .T. ) ;
#8947 = ORIENTED_EDGE ( 'NONE', *, *, #1613, .F. ) ;
#8948 = ORIENTED_EDGE ( 'NONE', *, *, #2350, .F. ) ;
#8949 = VERTEX_POINT ( 'NONE', #8865 ) ;
#8950 = ADVANCED_FACE ( 'NONE', ( #7984 ), #8035, .F. ) ;
#8951 = FACE_BOUND ( 'NONE', #3130, .T. ) ;
#8952 = VECTOR ( 'NONE', #3380, 39.37007874015748143 ) ;
#8953 = CARTESIAN_POINT ( 'NONE',  ( 0.8369999999999999662, -0.1174999999999999933, -0.4174999999999999822 ) ) ;
#8954 = AXIS2_PLACEMENT_3D ( 'NONE', #10046, #5348, #594 ) ;
#8955 = CARTESIAN_POINT ( 'NONE',  ( 0.9543164444799360213, 0.3394908818425781405, 0.2379999999999999893 ) ) ;
#8956 = CARTESIAN_POINT ( 'NONE',  ( 0.7830000000000001403, 0.03300000000000000155, -0.3054999999999999938 ) ) ;
#8957 = LINE ( 'NONE', #478, #5156 ) ;
#8958 = EDGE_CURVE ( 'NONE', #5667, #9215, #4010, .T. ) ;
#8959 = ORIENTED_EDGE ( 'NONE', *, *, #4326, .T. ) ;
#8960 = DIRECTION ( 'NONE',  ( 0.000000000000000000, 0.000000000000000000, 1.000000000000000000 ) ) ;
#8961 = CIRCLE ( 'NONE', #278, 0.04450000000000003259 ) ;
#8962 = DIRECTION ( 'NONE',  ( -1.000000000000000000, 0.000000000000000000, 0.000000000000000000 ) ) ;
#8963 = EDGE_CURVE ( 'NONE', #202, #8058, #7709, .T. ) ;
#8964 = FACE_OUTER_BOUND ( 'NONE', #1072, .T. ) ;
#8965 = ORIENTED_EDGE ( 'NONE', *, *, #3905, .F. ) ;
#8966 = LINE ( 'NONE', #1813, #4367 ) ;
#8967 = LINE ( 'NONE', #980, #9572 ) ;
#8968 = EDGE_CURVE ( 'NONE', #9149, #1282, #5788, .T. ) ;
#8969 = CARTESIAN_POINT ( 'NONE',  ( 0.7714999999999999636, 0.07050000000000002098, 0.2079999999999999627 ) ) ;
#8970 = CARTESIAN_POINT ( 'NONE',  ( 0.7820000000000000284, 0.2034999999999998199, 0.000000000000000000 ) ) ;
#8971 = VECTOR ( 'NONE', #5738, 39.37007874015748143 ) ;
#8972 = LINE ( 'NONE', #7357, #7553 ) ;
#8973 = CARTESIAN_POINT ( 'NONE',  ( 0.4309999999999999387, -0.1250000000000000000, -0.3305000000000000160 ) ) ;
#8974 = LINE ( 'NONE', #1821, #5307 ) ;
#8975 = ORIENTED_EDGE ( 'NONE', *, *, #10288, .F. ) ;
#8976 = LINE ( 'NONE', #7418, #10138 ) ;
#8977 = ORIENTED_EDGE ( 'NONE', *, *, #5762, .T. ) ;
#8978 = VECTOR ( 'NONE', #2234, 39.37007874015748143 ) ;
#8979 = EDGE_LOOP ( 'NONE', ( #6293, #581, #9739, #3254, #1969, #1459, #3528, #289 ) ) ;
#8980 = CARTESIAN_POINT ( 'NONE',  ( -3.551358426084892890E-17, 0.1299999999999998657, -0.1659999999999999531 ) ) ;
#8981 = ORIENTED_EDGE ( 'NONE', *, *, #4678, .T. ) ;
#8982 = DIRECTION ( 'NONE',  ( -0.000000000000000000, 0.000000000000000000, 1.000000000000000000 ) ) ;
#8983 = EDGE_CURVE ( 'NONE', #602, #9664, #8967, .T. ) ;
#8984 = DIRECTION ( 'NONE',  ( 0.000000000000000000, -0.000000000000000000, -1.000000000000000000 ) ) ;
#8985 = DIRECTION ( 'NONE',  ( -1.000000000000000000, 0.000000000000000000, 0.000000000000000000 ) ) ;
#8986 = AXIS2_PLACEMENT_3D ( 'NONE', #8973, #9026, #2708 ) ;
#8987 = PLANE ( 'NONE',  #1735 ) ;
#8988 = CARTESIAN_POINT ( 'NONE',  ( 0.8291406671054467603, 0.3363679531428549474, 0.002000000000000000042 ) ) ;
#8989 = EDGE_CURVE ( 'NONE', #9375, #4791, #4905, .T. ) ;
#8990 = VECTOR ( 'NONE', #642, 39.37007874015748854 ) ;
#8991 = ORIENTED_EDGE ( 'NONE', *, *, #5893, .F. ) ;
#8992 = FACE_OUTER_BOUND ( 'NONE', #1159, .T. ) ;
#8993 = ORIENTED_EDGE ( 'NONE', *, *, #5282, .F. ) ;
#8994 = ORIENTED_EDGE ( 'NONE', *, *, #2327, .T. ) ;
#8995 = ORIENTED_EDGE ( 'NONE', *, *, #410, .F. ) ;
#8996 = DIRECTION ( 'NONE',  ( 0.7071067811865474617, 0.000000000000000000, 0.7071067811865474617 ) ) ;
#8997 = VERTEX_POINT ( 'NONE', #931 ) ;
#8998 = CARTESIAN_POINT ( 'NONE',  ( 0.8343651834769977294, 0.3298682620827432244, 0.000000000000000000 ) ) ;
#8999 = CARTESIAN_POINT ( 'NONE',  ( 0.4335130298929487092, 0.1476747652060336757, 0.002000000000000000042 ) ) ;
#9000 = CARTESIAN_POINT ( 'NONE',  ( 0.9549999999999997380, 0.1299999999999998657, -0.1649999999999999523 ) ) ;
#9001 = DIRECTION ( 'NONE',  ( -0.000000000000000000, 0.000000000000000000, 1.000000000000000000 ) ) ;
#9002 = ORIENTED_EDGE ( 'NONE', *, *, #3386, .T. ) ;
#9003 = ORIENTED_EDGE ( 'NONE', *, *, #5166, .T. ) ;
#9004 = EDGE_CURVE ( 'NONE', #6011, #3454, #1764, .T. ) ;
#9005 = ORIENTED_EDGE ( 'NONE', *, *, #2914, .F. ) ;
#9006 = LINE ( 'NONE', #1752, #5224 ) ;
#9007 = EDGE_CURVE ( 'NONE', #6337, #1004, #8086, .T. ) ;
#9008 = DIRECTION ( 'NONE',  ( 0.000000000000000000, 0.000000000000000000, 1.000000000000000000 ) ) ;
#9009 = DIRECTION ( 'NONE',  ( 0.000000000000000000, -1.000000000000000000, 0.000000000000000000 ) ) ;
#9010 = APPLICATION_PROTOCOL_DEFINITION ( 'international standard', 'config_control_design', 1994, #8403 ) ;
#9011 = AXIS2_PLACEMENT_3D ( 'NONE', #82, #7247, #6467 ) ;
#9012 = EDGE_CURVE ( 'NONE', #8382, #6337, #7352, .T. ) ;
#9013 = CARTESIAN_POINT ( 'NONE',  ( 0.3922110345599258419, 0.3526769056879103248, 0.002000000000000000042 ) ) ;
#9014 = ORIENTED_EDGE ( 'NONE', *, *, #9806, .T. ) ;
#9015 = EDGE_CURVE ( 'NONE', #3262, #8577, #223, .T. ) ;
#9016 = CARTESIAN_POINT ( 'NONE',  ( 0.7711143237655804228, 0.1720648190351925788, 0.002000000000000000042 ) ) ;
#9017 = LINE ( 'NONE', #1128, #10313 ) ;
#9018 = EDGE_CURVE ( 'NONE', #8642, #2660, #5002, .T. ) ;
#9019 = CARTESIAN_POINT ( 'NONE',  ( 0.4381413477985718896, 0.1562558067095849434, 0.002000000000000000042 ) ) ;
#9020 = ORIENTED_EDGE ( 'NONE', *, *, #360, .T. ) ;
#9021 = DIRECTION ( 'NONE',  ( -0.7071067811865491270, 0.000000000000000000, 0.7071067811865459074 ) ) ;
#9022 = DIRECTION ( 'NONE',  ( -0.000000000000000000, 1.000000000000000000, -0.000000000000000000 ) ) ;
#9023 = DIRECTION ( 'NONE',  ( -0.000000000000000000, 1.000000000000000000, -0.000000000000000000 ) ) ;
#9024 = CARTESIAN_POINT ( 'NONE',  ( 0.8119999999999999440, 0.03300000000000000155, -0.4425000000000000044 ) ) ;
#9025 = PLANE ( 'NONE',  #9035 ) ;
#9026 = DIRECTION ( 'NONE',  ( 0.000000000000000000, -1.000000000000000000, 0.000000000000000000 ) ) ;
#9027 = PLANE ( 'NONE',  #1457 ) ;
#9028 = EDGE_LOOP ( 'NONE', ( #7862, #6960, #4036, #6345 ) ) ;
#9029 = CARTESIAN_POINT ( 'NONE',  ( 0.4286855862897321900, 0.1494062019822583187, 0.002000000000000000042 ) ) ;
#9030 = VERTEX_POINT ( 'NONE', #3174 ) ;
#9031 = VECTOR ( 'NONE', #3249, 39.37007874015748143 ) ;
#9032 = VERTEX_POINT ( 'NONE', #4063 ) ;
#9033 = DIRECTION ( 'NONE',  ( -0.000000000000000000, -0.000000000000000000, -1.000000000000000000 ) ) ;
#9034 = LINE ( 'NONE', #4337, #6061 ) ;
#9035 = AXIS2_PLACEMENT_3D ( 'NONE', #5005, #984, #4327 ) ;
#9036 = CARTESIAN_POINT ( 'NONE',  ( 0.6190000000000001057, 0.03300000000000000155, -0.4174999999999999822 ) ) ;
#9037 = LINE ( 'NONE', #8261, #563 ) ;
#9038 = VECTOR ( 'NONE', #558, 39.37007874015748143 ) ;
#9039 = DIRECTION ( 'NONE',  ( 0.000000000000000000, 0.000000000000000000, -1.000000000000000000 ) ) ;
#9040 = PLANE ( 'NONE',  #9157 ) ;
#9041 = EDGE_CURVE ( 'NONE', #8523, #329, #6365, .T. ) ;
#9042 = AXIS2_PLACEMENT_3D ( 'NONE', #2272, #8599, #5469 ) ;
#9043 = AXIS2_PLACEMENT_3D ( 'NONE', #10197, #7011, #6228 ) ;
#9044 = ORIENTED_EDGE ( 'NONE', *, *, #8497, .F. ) ;
#9045 = EDGE_CURVE ( 'NONE', #8211, #3111, #3279, .T. ) ;
#9046 = DIRECTION ( 'NONE',  ( -0.000000000000000000, -0.000000000000000000, 1.000000000000000000 ) ) ;
#9047 = EDGE_LOOP ( 'NONE', ( #2085, #6488, #1606, #734 ) ) ;
#9048 = AXIS2_PLACEMENT_3D ( 'NONE', #8361, #6746, #8416 ) ;
#9049 = ORIENTED_EDGE ( 'NONE', *, *, #3068, .T. ) ;
#9050 = ORIENTED_EDGE ( 'NONE', *, *, #792, .F. ) ;
#9051 = DIRECTION ( 'NONE',  ( -0.5773502691896270633, -0.5773502691896230665, 0.5773502691896270633 ) ) ;
#9052 = ORIENTED_EDGE ( 'NONE', *, *, #10070, .F. ) ;
#9053 = CARTESIAN_POINT ( 'NONE',  ( 0.8266014983721895470, 0.3239323432821951676, 0.000000000000000000 ) ) ;
#9054 = CARTESIAN_POINT ( 'NONE',  ( 0.7796984373132835877, 0.1673274375575012629, 0.000000000000000000 ) ) ;
#9055 = AXIS2_PLACEMENT_3D ( 'NONE', #7913, #7177, #3199 ) ;
#9056 = CARTESIAN_POINT ( 'NONE',  ( 0.8259364350229871921, 0.3289407063042043555, 2.667820306312757049E-19 ) ) ;
#9057 = LINE ( 'NONE', #7441, #1678 ) ;
#9058 = DIRECTION ( 'NONE',  ( 1.000000000000000000, -0.000000000000000000, -4.878299988686189249E-16 ) ) ;
#9059 = ORIENTED_EDGE ( 'NONE', *, *, #7890, .F. ) ;
#9060 = EDGE_LOOP ( 'NONE', ( #5725, #6510, #8715, #6741 ) ) ;
#9061 = ORIENTED_EDGE ( 'NONE', *, *, #1291, .T. ) ;
#9062 = VECTOR ( 'NONE', #2907, 39.37007874015748143 ) ;
#9063 = CARTESIAN_POINT ( 'NONE',  ( 0.7230000000000000870, -0.1225000000000000117, -0.4375000000000000000 ) ) ;
#9064 = VECTOR ( 'NONE', #7098, 39.37007874015748143 ) ;
#9065 = FACE_OUTER_BOUND ( 'NONE', #7456, .T. ) ;
#9066 = DIRECTION ( 'NONE',  ( 0.000000000000000000, -0.000000000000000000, -1.000000000000000000 ) ) ;
#9067 = VECTOR ( 'NONE', #7675, 39.37007874015748143 ) ;
#9068 = ORIENTED_EDGE ( 'NONE', *, *, #5419, .F. ) ;
#9069 = CARTESIAN_POINT ( 'NONE',  ( 0.000000000000000000, 0.000000000000000000, -0.4899999999999999911 ) ) ;
#9070 = FACE_OUTER_BOUND ( 'NONE', #3468, .T. ) ;
#9071 = CARTESIAN_POINT ( 'NONE',  ( -3.923116201771848898E-17, 0.1149999999999998662, -0.1659999999999999531 ) ) ;
#9072 = LOCAL_TIME ( 9, 34, 56.00000000000000000, #1077 ) ;
#9073 = ORIENTED_EDGE ( 'NONE', *, *, #281, .T. ) ;
#9074 = DIRECTION ( 'NONE',  ( 0.000000000000000000, -1.000000000000000000, 0.000000000000000000 ) ) ;
#9075 = CARTESIAN_POINT ( 'NONE',  ( 0.4350425402436303157, 0.1509865907482985381, 0.000000000000000000 ) ) ;
#9076 = ADVANCED_FACE ( 'NONE', ( #9126 ), #7563, .F. ) ;
#9077 = DIRECTION ( 'NONE',  ( -0.000000000000000000, 1.000000000000000000, -0.000000000000000000 ) ) ;
#9078 = CARTESIAN_POINT ( 'NONE',  ( 0.8119999999999999440, 0.3079999999999998295, 0.2379999999999999893 ) ) ;
#9079 = EDGE_CURVE ( 'NONE', #9457, #202, #9801, .T. ) ;
#9080 = ADVANCED_FACE ( 'NONE', ( #1235 ), #6729, .T. ) ;
#9081 = CARTESIAN_POINT ( 'NONE',  ( 0.8256498473883827627, 0.3239057549197819075, 0.000000000000000000 ) ) ;
#9082 = LINE ( 'NONE', #9131, #7321 ) ;
#9083 = DIRECTION ( 'NONE',  ( -0.000000000000000000, -0.000000000000000000, 1.000000000000000000 ) ) ;
#9084 = VERTEX_POINT ( 'NONE', #395 ) ;
#9085 = CARTESIAN_POINT ( 'NONE',  ( 0.4288225750182799167, 0.1499635905592750507, 0.000000000000000000 ) ) ;
#9086 = EDGE_LOOP ( 'NONE', ( #6839, #6721, #10063, #5811 ) ) ;
#9087 = VERTEX_POINT ( 'NONE', #5057 ) ;
#9088 = CARTESIAN_POINT ( 'NONE',  ( 0.4305909598930606763, 0.1541426547634781874, 0.002000000000000000042 ) ) ;
#9089 = DIRECTION ( 'NONE',  ( -0.000000000000000000, 1.000000000000000000, -0.000000000000000000 ) ) ;
#9090 = EDGE_CURVE ( 'NONE', #3682, #3417, #8389, .T. ) ;
#9091 = DIRECTION ( 'NONE',  ( -0.000000000000000000, -0.000000000000000000, -1.000000000000000000 ) ) ;
#9092 = CARTESIAN_POINT ( 'NONE',  ( 0.7714999999999999636, 0.07050000000000002098, 0.2079999999999999627 ) ) ;
#9093 = EDGE_CURVE ( 'NONE', #6357, #8140, #1971, .T. ) ;
#9094 = LINE ( 'NONE', #5911, #857 ) ;
#9095 = DIRECTION ( 'NONE',  ( -1.000000000000000000, 0.000000000000000000, -0.000000000000000000 ) ) ;
#9096 = ORIENTED_EDGE ( 'NONE', *, *, #1291, .F. ) ;
#9097 = FACE_OUTER_BOUND ( 'NONE', #8143, .T. ) ;
#9098 = ORIENTED_EDGE ( 'NONE', *, *, #5511, .F. ) ;
#9099 = AXIS2_PLACEMENT_3D ( 'NONE', #7137, #3947, #4098 ) ;
#9100 = EDGE_LOOP ( 'NONE', ( #7470, #8840, #1153, #1470 ) ) ;
#9101 = ORIENTED_EDGE ( 'NONE', *, *, #8327, .T. ) ;
#9102 = DIRECTION ( 'NONE',  ( 0.000000000000000000, -1.000000000000000000, 0.000000000000000000 ) ) ;
#9103 = ADVANCED_FACE ( 'NONE', ( #1086 ), #3486, .T. ) ;
#9104 = ORIENTED_EDGE ( 'NONE', *, *, #8570, .F. ) ;
#9105 = CARTESIAN_POINT ( 'NONE',  ( 0.3224999999999998979, 0.3415000000000000258, -0.1649999999999999523 ) ) ;
#9106 = CARTESIAN_POINT ( 'NONE',  ( 0.4412832998108461302, 0.1552918406235914983, 0.000000000000000000 ) ) ;
#9107 = EDGE_CURVE ( 'NONE', #4723, #2828, #342, .T. ) ;
#9108 = PLANE ( 'NONE',  #7334 ) ;
#9109 = DIRECTION ( 'NONE',  ( 0.000000000000000000, 0.000000000000000000, 1.000000000000000000 ) ) ;
#9110 = DIRECTION ( 'NONE',  ( 0.000000000000000000, -0.000000000000000000, -1.000000000000000000 ) ) ;
#9111 = ORIENTED_EDGE ( 'NONE', *, *, #3231, .F. ) ;
#9112 = VERTEX_POINT ( 'NONE', #9174 ) ;
#9113 = VERTEX_POINT ( 'NONE', #9955 ) ;
#9114 = CARTESIAN_POINT ( 'NONE',  ( 0.7569999999999998952, 0.1784999999999998255, 0.2304999999999999827 ) ) ;
#9115 = CARTESIAN_POINT ( 'NONE',  ( 0.6489999999999999103, -0.1174999999999999933, -0.3054999999999999938 ) ) ;
#9116 = ADVANCED_FACE ( 'NONE', ( #291 ), #1284, .F. ) ;
#9117 = EDGE_CURVE ( 'NONE', #1206, #4034, #8293, .T. ) ;
#9118 =( LENGTH_UNIT ( ) NAMED_UNIT ( * ) SI_UNIT ( $, .METRE. ) );
#9119 = ORIENTED_EDGE ( 'NONE', *, *, #2440, .T. ) ;
#9120 = CARTESIAN_POINT ( 'NONE',  ( 0.4385000000000000009, -0.1250000000000000000, -0.3130000000000000560 ) ) ;
#9121 = FACE_OUTER_BOUND ( 'NONE', #170, .T. ) ;
#9122 = EDGE_CURVE ( 'NONE', #1055, #9087, #7509, .T. ) ;
#9123 = CARTESIAN_POINT ( 'NONE',  ( 0.4457328774097429891, 0.1476975546342012835, 0.000000000000000000 ) ) ;
#9124 = ORIENTED_EDGE ( 'NONE', *, *, #613, .T. ) ;
#9125 = CARTESIAN_POINT ( 'NONE',  ( 0.8452586961495975881, 0.1424999999999999878, 0.000000000000000000 ) ) ;
#9126 = FACE_OUTER_BOUND ( 'NONE', #464, .T. ) ;
#9127 = CARTESIAN_POINT ( 'NONE',  ( 0.7745734014510180510, 0.1659148003076377498, 0.002000000000000000042 ) ) ;
#9128 = CARTESIAN_POINT ( 'NONE',  ( 0.7205000000000000293, -0.1250000000000000000, -0.4249999999999999889 ) ) ;
#9129 = DIRECTION ( 'NONE',  ( 0.8919390152644700587, -0.4521557177002710204, 0.000000000000000000 ) ) ;
#9130 = VECTOR ( 'NONE', #7070, 39.37007874015748143 ) ;
#9131 = CARTESIAN_POINT ( 'NONE',  ( 1.171000000000000041, 0.05399999999999985367, -0.2199999999999999456 ) ) ;
#9132 = DIRECTION ( 'NONE',  ( 1.000000000000000000, 0.000000000000000000, 0.000000000000000000 ) ) ;
#9133 = CARTESIAN_POINT ( 'NONE',  ( 0.8298433123761979058, 0.3348494213980274803, 0.002000000000000000042 ) ) ;
#9134 = DIRECTION ( 'NONE',  ( 0.7071067811865466846, 0.7071067811865483499, 0.000000000000000000 ) ) ;
#9135 = VERTEX_POINT ( 'NONE', #3537 ) ;
#9136 = ORIENTED_EDGE ( 'NONE', *, *, #2439, .T. ) ;
#9137 = DIRECTION ( 'NONE',  ( -0.000000000000000000, -0.000000000000000000, -1.000000000000000000 ) ) ;
#9138 = CARTESIAN_POINT ( 'NONE',  ( 0.6489999999999999103, -0.1250000000000000000, -0.3130000000000000004 ) ) ;
#9139 = EDGE_CURVE ( 'NONE', #1526, #4457, #1650, .T. ) ;
#9140 = CARTESIAN_POINT ( 'NONE',  ( 0.5474999999999999867, -0.1250000000000000000, -0.3229999999999999538 ) ) ;
#9141 = DIRECTION ( 'NONE',  ( 1.000000000000000000, -1.323569764372220076E-16, 0.000000000000000000 ) ) ;
#9142 = CARTESIAN_POINT ( 'NONE',  ( 0.7634149588432765920, 0.1642349640432707869, 0.002000000000000000042 ) ) ;
#9143 = CARTESIAN_POINT ( 'NONE',  ( 0.4396510713489324984, 0.1448094837889112030, 0.002000000000000000042 ) ) ;
#9144 = EDGE_CURVE ( 'NONE', #4307, #8243, #10218, .T. ) ;
#9145 = VECTOR ( 'NONE', #4690, 39.37007874015748143 ) ;
#9146 = ORIENTED_EDGE ( 'NONE', *, *, #3792, .F. ) ;
#9147 = LINE ( 'NONE', #1786, #8795 ) ;
#9148 = VERTEX_POINT ( 'NONE', #3847 ) ;
#9149 = VERTEX_POINT ( 'NONE', #7660 ) ;
#9150 = ORIENTED_EDGE ( 'NONE', *, *, #3685, .T. ) ;
#9151 = VECTOR ( 'NONE', #577, 39.37007874015748143 ) ;
#9152 = FACE_OUTER_BOUND ( 'NONE', #6243, .T. ) ;
#9153 = CARTESIAN_POINT ( 'NONE',  ( 0.7753958126431880205, 0.1714418413516656248, 0.000000000000000000 ) ) ;
#9154 = CARTESIAN_POINT ( 'NONE',  ( 0.7720918658014966907, 0.1591402898499106322, 0.002000000000000000042 ) ) ;
#9155 = CARTESIAN_POINT ( 'NONE',  ( 0.4457328774097429891, 0.1476975546342012835, -0.000000000000000000 ) ) ;
#9156 = ADVANCED_FACE ( 'NONE', ( #10169 ), #9331, .T. ) ;
#9157 = AXIS2_PLACEMENT_3D ( 'NONE', #2826, #2722, #5958 ) ;
#9158 = CARTESIAN_POINT ( 'NONE',  ( 0.5399999999999999245, -0.1250000000000000000, -0.3305000000000000160 ) ) ;
#9159 = CARTESIAN_POINT ( 'NONE',  ( 0.4353780515373734117, 0.1388106211197702999, 0.000000000000000000 ) ) ;
#9160 = DIRECTION ( 'NONE',  ( 0.000000000000000000, -1.000000000000000000, 0.000000000000000000 ) ) ;
#9161 = ORIENTED_EDGE ( 'NONE', *, *, #4985, .F. ) ;
#9162 = ORIENTED_EDGE ( 'NONE', *, *, #1317, .T. ) ;
#9163 = EDGE_LOOP ( 'NONE', ( #3408, #9577, #6683, #9635, #350, #1997, #6424, #8672 ) ) ;
#9164 = CARTESIAN_POINT ( 'NONE',  ( 0.7105000000000000204, -0.1250000000000000000, -0.4249999999999999889 ) ) ;
#9165 = PLANE ( 'NONE',  #3203 ) ;
#9166 = AXIS2_PLACEMENT_3D ( 'NONE', #1263, #375, #2838 ) ;
#9167 = APPROVAL_STATUS ( 'not_yet_approved' ) ;
#9168 = ORIENTED_EDGE ( 'NONE', *, *, #691, .F. ) ;
#9169 = CARTESIAN_POINT ( 'NONE',  ( 0.7716887859514414139, 0.1720797514912898452, 0.002000000000000000042 ) ) ;
#9170 = CARTESIAN_POINT ( 'NONE',  ( 0.6189999999999999947, -0.1174999999999999933, -0.4425000000000000044 ) ) ;
#9171 = CARTESIAN_POINT ( 'NONE',  ( 0.4457328774097429891, 0.1476975546342012835, 0.002000000000000000042 ) ) ;
#9172 = ORIENTED_EDGE ( 'NONE', *, *, #6692, .F. ) ;
#9173 = DIRECTION ( 'NONE',  ( -1.000000000000000000, 0.000000000000000000, 0.000000000000000000 ) ) ;
#9174 = CARTESIAN_POINT ( 'NONE',  ( 0.000000000000000000, 0.000000000000000000, 0.000000000000000000 ) ) ;
#9175 = FACE_OUTER_BOUND ( 'NONE', #1233, .T. ) ;
#9176 = LINE ( 'NONE', #9078, #5899 ) ;
#9177 = VECTOR ( 'NONE', #434, 39.37007874015748143 ) ;
#9178 = EDGE_CURVE ( 'NONE', #1671, #1412, #1435, .T. ) ;
#9179 = DIRECTION ( 'NONE',  ( -0.000000000000000000, 1.000000000000000000, -0.000000000000000000 ) ) ;
#9180 = ADVANCED_FACE ( 'NONE', ( #2910 ), #10117, .T. ) ;
#9181 = LINE ( 'NONE', #9960, #7153 ) ;
#9182 = DIRECTION ( 'NONE',  ( 1.000000000000000000, 0.000000000000000000, 0.000000000000000000 ) ) ;
#9183 = CARTESIAN_POINT ( 'NONE',  ( 0.8269140027246983937, 0.3378576357143399100, 0.000000000000000000 ) ) ;
#9184 = CARTESIAN_POINT ( 'NONE',  ( 0.7750398991600717657, 0.1653146440708669618, 0.000000000000000000 ) ) ;
#9185 = ORIENTED_EDGE ( 'NONE', *, *, #3127, .F. ) ;
#9186 = ORIENTED_EDGE ( 'NONE', *, *, #1114, .F. ) ;
#9187 = CARTESIAN_POINT ( 'NONE',  ( 0.8179674091615299902, 0.3276427282875094549, 0.002000000000000000042 ) ) ;
#9188 = DIRECTION ( 'NONE',  ( 0.000000000000000000, 0.000000000000000000, -1.000000000000000000 ) ) ;
#9189 = CARTESIAN_POINT ( 'NONE',  ( 0.7714999999999999636, 0.4284999999999998810, 0.2079999999999999627 ) ) ;
#9190 = DIRECTION ( 'NONE',  ( -1.000000000000000000, 0.000000000000000000, 0.000000000000000000 ) ) ;
#9191 = CARTESIAN_POINT ( 'NONE',  ( 0.8306259330191491097, 0.3419557457547377499, 0.000000000000000000 ) ) ;
#9192 = CARTESIAN_POINT ( 'NONE',  ( 0.4370588494505051602, 0.1436906351484940059, 0.002000000000000000042 ) ) ;
#9193 = CIRCLE ( 'NONE', #8192, 0.07200000000000000844 ) ;
#9194 = AXIS2_PLACEMENT_3D ( 'NONE', #7399, #3424, #6518 ) ;
#9195 = ORIENTED_EDGE ( 'NONE', *, *, #2886, .F. ) ;
#9196 = DIRECTION ( 'NONE',  ( 0.000000000000000000, 0.000000000000000000, -1.000000000000000000 ) ) ;
#9197 = ORIENTED_EDGE ( 'NONE', *, *, #6647, .T. ) ;
#9198 = VECTOR ( 'NONE', #2398, 39.37007874015748143 ) ;
#9199 = ORIENTED_EDGE ( 'NONE', *, *, #2057, .T. ) ;
#9200 = ORIENTED_EDGE ( 'NONE', *, *, #2453, .T. ) ;
#9201 = CARTESIAN_POINT ( 'NONE',  ( 1.098999999999999977, 0.000000000000000000, -0.3734999999999999987 ) ) ;
#9202 = CARTESIAN_POINT ( 'NONE',  ( 0.7761540835335105637, 0.1710579172731814257, 0.000000000000000000 ) ) ;
#9203 = CARTESIAN_POINT ( 'NONE',  ( 0.7753910632984906126, 0.1615244934888503681, 0.002000000000000000042 ) ) ;
#9204 = CARTESIAN_POINT ( 'NONE',  ( 0.7803220894008182640, 0.1657904491619146270, 0.000000000000000000 ) ) ;
#9205 = EDGE_CURVE ( 'NONE', #1822, #2383, #3799, .T. ) ;
#9206 = EDGE_CURVE ( 'NONE', #5640, #418, #271, .T. ) ;
#9207 = CARTESIAN_POINT ( 'NONE',  ( 0.9549999999999997380, 0.1149999999999998662, -0.1649999999999999523 ) ) ;
#9208 = VECTOR ( 'NONE', #9741, 39.37007874015748143 ) ;
#9209 = DIRECTION ( 'NONE',  ( 0.000000000000000000, 0.000000000000000000, -1.000000000000000000 ) ) ;
#9210 = VECTOR ( 'NONE', #4372, 39.37007874015748143 ) ;
#9211 = CARTESIAN_POINT ( 'NONE',  ( 0.4284998476553403268, 0.1465826686638243559, 0.000000000000000000 ) ) ;
#9212 = CARTESIAN_POINT ( 'NONE',  ( 0.2916835555200637531, 0.1304908818425781492, 0.2379999999999999893 ) ) ;
#9213 = ORIENTED_EDGE ( 'NONE', *, *, #7414, .T. ) ;
#9214 = VERTEX_POINT ( 'NONE', #660 ) ;
#9215 = VERTEX_POINT ( 'NONE', #6298 ) ;
#9216 = DIRECTION ( 'NONE',  ( -0.000000000000000000, -0.000000000000000000, -1.000000000000000000 ) ) ;
#9217 = CARTESIAN_POINT ( 'NONE',  ( 0.7669557658401549016, 0.1448446243119968224, 0.002000000000000000042 ) ) ;
#9218 = PERSON_AND_ORGANIZATION ( #5486, #9908 ) ;
#9219 = ORIENTED_EDGE ( 'NONE', *, *, #3167, .F. ) ;
#9220 = LINE ( 'NONE', #2113, #334 ) ;
#9221 = VECTOR ( 'NONE', #4148, 39.37007874015748143 ) ;
#9222 = VECTOR ( 'NONE', #583, 39.37007874015748143 ) ;
#9223 = DIRECTION ( 'NONE',  ( -0.000000000000000000, -0.000000000000000000, 1.000000000000000000 ) ) ;
#9224 = DIRECTION ( 'NONE',  ( 0.000000000000000000, 0.000000000000000000, -1.000000000000000000 ) ) ;
#9225 = ORIENTED_EDGE ( 'NONE', *, *, #970, .F. ) ;
#9226 = LINE ( 'NONE', #8447, #8039 ) ;
#9227 = CARTESIAN_POINT ( 'NONE',  ( 0.8341010382057908457, 0.3381937060592244415, 0.000000000000000000 ) ) ;
#9228 = EDGE_CURVE ( 'NONE', #418, #9878, #7761, .T. ) ;
#9229 = FACE_OUTER_BOUND ( 'NONE', #6013, .T. ) ;
#9230 = CARTESIAN_POINT ( 'NONE',  ( 0.5939999999999999725, 0.2979999999999998206, 0.2379999999999999893 ) ) ;
#9231 = AXIS2_PLACEMENT_3D ( 'NONE', #8097, #253, #7316 ) ;
#9232 = EDGE_CURVE ( 'NONE', #5723, #3027, #559, .T. ) ;
#9233 = VECTOR ( 'NONE', #3997, 39.37007874015748143 ) ;
#9234 = FACE_OUTER_BOUND ( 'NONE', #9637, .T. ) ;
#9235 = CARTESIAN_POINT ( 'NONE',  ( 0.7579999999999998961, 0.03300000000000000155, -0.3054999999999999938 ) ) ;
#9236 = DIRECTION ( 'NONE',  ( 0.000000000000000000, -0.000000000000000000, 1.000000000000000000 ) ) ;
#9237 = VECTOR ( 'NONE', #1134, 39.37007874015748143 ) ;
#9238 = PLANE ( 'NONE',  #8488 ) ;
#9239 = LINE ( 'NONE', #1980, #3558 ) ;
#9240 = ORIENTED_EDGE ( 'NONE', *, *, #10125, .F. ) ;
#9241 = ORIENTED_EDGE ( 'NONE', *, *, #4635, .T. ) ;
#9242 = CARTESIAN_POINT ( 'NONE',  ( 0.4297153321747177457, 0.1522959557972981548, 0.002000000000000000042 ) ) ;
#9243 = DIRECTION ( 'NONE',  ( 0.000000000000000000, -0.7071067811865483499, -0.7071067811865466846 ) ) ;
#9244 = DIRECTION ( 'NONE',  ( 1.000000000000000000, 0.000000000000000000, 0.000000000000000000 ) ) ;
#9245 = LINE ( 'NONE', #4491, #9067 ) ;
#9246 = ADVANCED_FACE ( 'NONE', ( #2120 ), #8551, .F. ) ;
#9247 = CC_DESIGN_APPROVAL ( #2302, ( #7859 ) ) ;
#9248 = CARTESIAN_POINT ( 'NONE',  ( 0.8331856457634186919, 0.3396896796879048663, 0.002000000000000000042 ) ) ;
#9249 = CARTESIAN_POINT ( 'NONE',  ( 0.8195000000000000062, -0.1250000000000000000, -0.4425000000000000044 ) ) ;
#9250 = ORIENTED_EDGE ( 'NONE', *, *, #9733, .T. ) ;
#9251 = CARTESIAN_POINT ( 'NONE',  ( 0.5449999999999999289, -0.1224999999999999978, -0.3255000000000000115 ) ) ;
#9252 = ORIENTED_EDGE ( 'NONE', *, *, #4339, .F. ) ;
#9253 = ORIENTED_EDGE ( 'NONE', *, *, #5633, .F. ) ;
#9254 = ORIENTED_EDGE ( 'NONE', *, *, #7721, .F. ) ;
#9255 = CARTESIAN_POINT ( 'NONE',  ( 0.7205000000000000293, 0.3154999999999998361, 0.2379999999999999893 ) ) ;
#9256 = CARTESIAN_POINT ( 'NONE',  ( 0.7719794784938086574, 0.1720873076955684311, 0.000000000000000000 ) ) ;
#9257 = LINE ( 'NONE', #2051, #7904 ) ;
#9258 = DIRECTION ( 'NONE',  ( -0.000000000000000000, -0.000000000000000000, -1.000000000000000000 ) ) ;
#9259 = CARTESIAN_POINT ( 'NONE',  ( 0.8247974326481134488, 0.3239275411665807347, 0.000000000000000000 ) ) ;
#9260 = CARTESIAN_POINT ( 'NONE',  ( 0.7800296216834814444, 0.1599161621471894557, 0.000000000000000000 ) ) ;
#9261 = CARTESIAN_POINT ( 'NONE',  ( 0.8119999999999999440, -0.1250000000000000000, -0.4425000000000000044 ) ) ;
#9262 = EDGE_CURVE ( 'NONE', #4061, #8434, #7770, .T. ) ;
#9263 = DIRECTION ( 'NONE',  ( 0.000000000000000000, 0.000000000000000000, 1.000000000000000000 ) ) ;
#9264 = ORIENTED_EDGE ( 'NONE', *, *, #8188, .F. ) ;
#9265 = EDGE_CURVE ( 'NONE', #1922, #9032, #4300, .T. ) ;
#9266 = ORIENTED_EDGE ( 'NONE', *, *, #1797, .T. ) ;
#9267 = EDGE_LOOP ( 'NONE', ( #1254, #2604, #9518, #9829 ) ) ;
#9268 = CARTESIAN_POINT ( 'NONE',  ( 0.1144999999999998935, 0.2469999999999997753, -0.1649999999999999523 ) ) ;
#9269 = PLANE ( 'NONE',  #5043 ) ;
#9270 = EDGE_CURVE ( 'NONE', #8661, #9865, #1008, .T. ) ;
#9271 = VERTEX_POINT ( 'NONE', #6651 ) ;
#9272 = DIRECTION ( 'NONE',  ( -0.000000000000000000, 0.7071067811865491270, 0.7071067811865459074 ) ) ;
#9273 = EDGE_CURVE ( 'NONE', #2312, #3566, #8218, .T. ) ;
#9274 = PLANE ( 'NONE',  #5818 ) ;
#9275 = VERTEX_POINT ( 'NONE', #321 ) ;
#9276 = LINE ( 'NONE', #2019, #550 ) ;
#9277 = VERTEX_POINT ( 'NONE', #5816 ) ;
#9278 = LINE ( 'NONE', #3688, #2195 ) ;
#9279 = CARTESIAN_POINT ( 'NONE',  ( 0.1869999999999998885, 0.05399999999999999245, -0.2199999999999999456 ) ) ;
#9280 = PLANE ( 'NONE',  #3708 ) ;
#9281 = DIRECTION ( 'NONE',  ( 0.7071067811865474617, 0.000000000000000000, -0.7071067811865474617 ) ) ;
#9282 = EDGE_CURVE ( 'NONE', #2143, #1095, #8756, .T. ) ;
#9283 = DIRECTION ( 'NONE',  ( 0.000000000000000000, 0.000000000000000000, -1.000000000000000000 ) ) ;
#9284 = CARTESIAN_POINT ( 'NONE',  ( 0.7720750077053435412, 0.1670523563111459275, 0.000000000000000000 ) ) ;
#9285 = DIRECTION ( 'NONE',  ( -1.000000000000000000, 0.000000000000000000, 0.000000000000000000 ) ) ;
#9286 = DIRECTION ( 'NONE',  ( 1.000000000000000000, 0.000000000000000000, -0.000000000000000000 ) ) ;
#9287 = ADVANCED_FACE ( 'NONE', ( #5089 ), #3412, .F. ) ;
#9288 = FACE_OUTER_BOUND ( 'NONE', #7120, .T. ) ;
#9289 = VERTEX_POINT ( 'NONE', #4739 ) ;
#9290 = CARTESIAN_POINT ( 'NONE',  ( -1.117071446801986152E-16, 0.4039999999999999702, -0.1649999999999999523 ) ) ;
#9291 = CARTESIAN_POINT ( 'NONE',  ( 1.171000000000000041, 0.5082634147716499351, -0.3734999999999999987 ) ) ;
#9292 = DIRECTION ( 'NONE',  ( 0.000000000000000000, 0.000000000000000000, -1.000000000000000000 ) ) ;
#9293 = CARTESIAN_POINT ( 'NONE',  ( 0.8782586961495976174, 0.4284999999999998810, 0.2379999999999999893 ) ) ;
#9294 = AXIS2_PLACEMENT_3D ( 'NONE', #2473, #7956, #10303 ) ;
#9295 = DIRECTION ( 'NONE',  ( 0.000000000000000000, -1.000000000000000000, 0.000000000000000000 ) ) ;
#9296 = FACE_OUTER_BOUND ( 'NONE', #7185, .T. ) ;
#9297 = ADVANCED_FACE ( 'NONE', ( #9780 ), #9621, .T. ) ;
#9298 = ORIENTED_EDGE ( 'NONE', *, *, #7927, .T. ) ;
#9299 = VECTOR ( 'NONE', #8726, 39.37007874015748143 ) ;
#9300 = CARTESIAN_POINT ( 'NONE',  ( -3.923116201771848898E-17, 0.1149999999999998662, -0.1649999999999999523 ) ) ;
#9301 = ORIENTED_EDGE ( 'NONE', *, *, #6778, .F. ) ;
#9302 = ORIENTED_EDGE ( 'NONE', *, *, #6431, .T. ) ;
#9303 = ORIENTED_EDGE ( 'NONE', *, *, #3139, .F. ) ;
#9304 = LINE ( 'NONE', #319, #2381 ) ;
#9305 = CARTESIAN_POINT ( 'NONE',  ( 0.8346689288303448251, 0.3526769056879103248, 0.002000000000000000042 ) ) ;
#9306 = DIRECTION ( 'NONE',  ( -0.000000000000000000, -0.000000000000000000, -1.000000000000000000 ) ) ;
#9307 = CARTESIAN_POINT ( 'NONE',  ( 0.8256775148020498722, 0.3429027675410812326, 0.000000000000000000 ) ) ;
#9308 = EDGE_CURVE ( 'NONE', #5012, #9799, #725, .T. ) ;
#9309 = EDGE_CURVE ( 'NONE', #8096, #111, #9257, .T. ) ;
#9310 = CARTESIAN_POINT ( 'NONE',  ( 0.8163273202156631214, 0.3314581819964155796, 0.000000000000000000 ) ) ;
#9311 = AXIS2_PLACEMENT_3D ( 'NONE', #9961, #5066, #7516 ) ;
#9312 = DIRECTION ( 'NONE',  ( 0.5773502691896248429, 0.5773502691896248429, 0.5773502691896275074 ) ) ;
#9313 = PLANE ( 'NONE',  #8639 ) ;
#9314 = FACE_OUTER_BOUND ( 'NONE', #4605, .T. ) ;
#9315 = ORIENTED_EDGE ( 'NONE', *, *, #3905, .T. ) ;
#9316 = ORIENTED_EDGE ( 'NONE', *, *, #1862, .F. ) ;
#9317 = VERTEX_POINT ( 'NONE', #531 ) ;
#9318 = LINE ( 'NONE', #7998, #6903 ) ;
#9319 = VECTOR ( 'NONE', #6206, 39.37007874015748143 ) ;
#9320 = CARTESIAN_POINT ( 'NONE',  ( 0.4377891646288395444, 0.1515695332427556552, 0.002000000000000000042 ) ) ;
#9321 = VECTOR ( 'NONE', #1578, 39.37007874015748143 ) ;
#9322 = VECTOR ( 'NONE', #3963, 39.37007874015748143 ) ;
#9323 = ORIENTED_EDGE ( 'NONE', *, *, #362, .F. ) ;
#9324 = DIRECTION ( 'NONE',  ( -1.000000000000000000, -0.000000000000000000, -0.000000000000000000 ) ) ;
#9325 = EDGE_CURVE ( 'NONE', #8745, #3636, #3994, .T. ) ;
#9326 = CARTESIAN_POINT ( 'NONE',  ( 0.7696666666666666101, -0.1308333333333333570, -0.3188333333333333020 ) ) ;
#9327 = ORIENTED_EDGE ( 'NONE', *, *, #424, .F. ) ;
#9328 = CARTESIAN_POINT ( 'NONE',  ( 0.4443605041735192440, 0.1523823140068465420, 0.000000000000000000 ) ) ;
#9329 = ORIENTED_EDGE ( 'NONE', *, *, #124, .T. ) ;
#9330 = LINE ( 'NONE', #7769, #2533 ) ;
#9331 = PLANE ( 'NONE',  #6068 ) ;
#9332 = LINE ( 'NONE', #6987, #8711 ) ;
#9333 = DIRECTION ( 'NONE',  ( 0.000000000000000000, -0.7071067811865474617, -0.7071067811865474617 ) ) ;
#9334 = EDGE_CURVE ( 'NONE', #8270, #4762, #8428, .T. ) ;
#9335 = ADVANCED_FACE ( 'NONE', ( #8526 ), #6175, .T. ) ;
#9336 = DIRECTION ( 'NONE',  ( -0.000000000000000000, 1.000000000000000000, -0.000000000000000000 ) ) ;
#9337 = CARTESIAN_POINT ( 'NONE',  ( 0.06249999999999988204, 0.4314999999999999392, 0.000000000000000000 ) ) ;
#9338 = EDGE_CURVE ( 'NONE', #5604, #10213, #2125, .T. ) ;
#9339 = DIRECTION ( 'NONE',  ( -0.000000000000000000, -0.000000000000000000, -1.000000000000000000 ) ) ;
#9340 = DIRECTION ( 'NONE',  ( -0.000000000000000000, -0.000000000000000000, -1.000000000000000000 ) ) ;
#9341 = CARTESIAN_POINT ( 'NONE',  ( 0.7734197376554778902, 0.1667839374997612811, 0.002000000000000000042 ) ) ;
#9342 = ORIENTED_EDGE ( 'NONE', *, *, #10163, .F. ) ;
#9343 = CARTESIAN_POINT ( 'NONE',  ( 0.4304817495265489957, 0.1539200285592718653, 0.002000000000000000042 ) ) ;
#9344 = LINE ( 'NONE', #8717, #3559 ) ;
#9345 = CARTESIAN_POINT ( 'NONE',  ( 0.3347413038504020721, 0.3514999999999999791, 0.000000000000000000 ) ) ;
#9346 = PLANE ( 'NONE',  #8897 ) ;
#9347 = CARTESIAN_POINT ( 'NONE',  ( 0.4370588494505051602, 0.1436906351484940059, 0.000000000000000000 ) ) ;
#9348 = VECTOR ( 'NONE', #2376, 39.37007874015748143 ) ;
#9349 = LINE ( 'NONE', #4546, #983 ) ;
#9350 = EDGE_LOOP ( 'NONE', ( #1345 ) ) ;
#9351 = CARTESIAN_POINT ( 'NONE',  ( 0.3714999999999998304, 0.07050000000000002098, 0.1080000000000000265 ) ) ;
#9352 = ORIENTED_EDGE ( 'NONE', *, *, #1823, .F. ) ;
#9353 = ORIENTED_EDGE ( 'NONE', *, *, #5762, .F. ) ;
#9354 = VERTEX_POINT ( 'NONE', #6806 ) ;
#9355 = CARTESIAN_POINT ( 'NONE',  ( 0.4451235952955020503, 0.1440102266681950738, 0.000000000000000000 ) ) ;
#9356 = CARTESIAN_POINT ( 'NONE',  ( 0.7714999999999999636, 0.07050000000000002098, 0.1079999999999999849 ) ) ;
#9357 = DIRECTION ( 'NONE',  ( 0.000000000000000000, 0.000000000000000000, -1.000000000000000000 ) ) ;
#9358 = LINE ( 'NONE', #5501, #32 ) ;
#9359 = EDGE_CURVE ( 'NONE', #1194, #1359, #10037, .T. ) ;
#9360 = B_SPLINE_SURFACE_WITH_KNOTS ( 'NONE', 3, 1, ( 
 ( #569, #2129 ),
 ( #402, #7620 ),
 ( #10077, #8559 ),
 ( #1399, #4483 ),
 ( #8455, #9184 ),
 ( #4379, #5949 ),
 ( #1343, #6837 ),
 ( #9341, #2032 ),
 ( #1244, #1192 ),
 ( #3759, #2968 ),
 ( #2181, #4591 ) ),
 .UNSPECIFIED., .F., .F., .F.,
 ( 4, 1, 1, 1, 1, 1, 1, 1, 4 ),
 ( 2, 2 ),
 ( 0.000000000000000000, 0.1380137893843821906, 0.2684697722542543352, 0.3965837838942593008, 0.5257888019551760772, 0.6513632627846279721, 0.7696313769898284196, 0.8836185296733402028, 1.000000000000000000 ),
 ( 0.000000000000000000, 1.000000000000000000 ),
 .UNSPECIFIED. ) ;
#9361 = CARTESIAN_POINT ( 'NONE',  ( 0.8239642995931611980, 0.3240163969732560156, 0.002000000000000000042 ) ) ;
#9362 = ADVANCED_FACE ( 'NONE', ( #5290, #4502, #2935, #8475 ), #1313, .T. ) ;
#9363 = CARTESIAN_POINT ( 'NONE',  ( 0.4329780630910206041, 0.1396833439402393462, 0.002000000000000000042 ) ) ;
#9364 = VECTOR ( 'NONE', #2601, 39.37007874015748143 ) ;
#9365 = FACE_OUTER_BOUND ( 'NONE', #655, .T. ) ;
#9366 = LINE ( 'NONE', #3042, #3952 ) ;
#9367 = ORIENTED_EDGE ( 'NONE', *, *, #4965, .F. ) ;
#9368 = ORIENTED_EDGE ( 'NONE', *, *, #2943, .F. ) ;
#9369 = ORIENTED_EDGE ( 'NONE', *, *, #9708, .F. ) ;
#9370 = CARTESIAN_POINT ( 'NONE',  ( 0.7756102954488707235, 0.1627897441268046641, -0.000000000000000000 ) ) ;
#9371 = PLANE ( 'NONE',  #6040 ) ;
#9372 = VECTOR ( 'NONE', #1970, 39.37007874015748143 ) ;
#9373 = CARTESIAN_POINT ( 'NONE',  ( 0.7755898272947260308, 0.1622703674069969348, 0.000000000000000000 ) ) ;
#9374 = CARTESIAN_POINT ( 'NONE',  ( 0.8228345453307983615, 0.3361391133616208893, 0.000000000000000000 ) ) ;
#9375 = VERTEX_POINT ( 'NONE', #7686 ) ;
#9376 = AXIS2_PLACEMENT_3D ( 'NONE', #3837, #1428, #10158 ) ;
#9377 = AXIS2_PLACEMENT_3D ( 'NONE', #3023, #9295, #6216 ) ;
#9378 = PLANE ( 'NONE',  #2390 ) ;
#9379 = EDGE_CURVE ( 'NONE', #4414, #4414, #8571, .T. ) ;
#9380 = ORIENTED_EDGE ( 'NONE', *, *, #1136, .F. ) ;
#9381 = PLANE ( 'NONE',  #2872 ) ;
#9382 = CARTESIAN_POINT ( 'NONE',  ( 0.8274127307218330785, 0.3429463341160406409, 0.002000000000000000042 ) ) ;
#9383 = CARTESIAN_POINT ( 'NONE',  ( 0.5389999999999999236, 0.2034999999999998199, 0.2379999999999999893 ) ) ;
#9384 = CARTESIAN_POINT ( 'NONE',  ( 0.8275309076699580713, 0.3240623171850621209, 0.002000000000000000042 ) ) ;
#9385 = CARTESIAN_POINT ( 'NONE',  ( 0.7745000000000000773, 0.1859999999999998044, 0.2379999999999999893 ) ) ;
#9386 = LINE ( 'NONE', #8605, #469 ) ;
#9387 = CARTESIAN_POINT ( 'NONE',  ( 0.4373020258453021447, 0.1437048497854404028, 0.000000000000000000 ) ) ;
#9388 = LINE ( 'NONE', #5430, #8978 ) ;
#9389 = EDGE_CURVE ( 'NONE', #5774, #4018, #5186, .T. ) ;
#9390 = FACE_OUTER_BOUND ( 'NONE', #749, .T. ) ;
#9391 = ADVANCED_FACE ( 'NONE', ( #421 ), #9984, .T. ) ;
#9392 = VERTEX_POINT ( 'NONE', #10346 ) ;
#9393 = CARTESIAN_POINT ( 'NONE',  ( 0.4292815541429328974, 0.1512764581922199925, 0.002000000000000000042 ) ) ;
#9394 = CARTESIAN_POINT ( 'NONE',  ( 0.9514999999999997904, 0.03300000000000000155, -0.4899999999999999911 ) ) ;
#9395 = EDGE_CURVE ( 'NONE', #3300, #3198, #8678, .T. ) ;
#9396 = AXIS2_PLACEMENT_3D ( 'NONE', #8817, #8132, #4801 ) ;
#9397 = CARTESIAN_POINT ( 'NONE',  ( 0.7690069366272613838, 0.1653296947516592064, 0.000000000000000000 ) ) ;
#9398 = CARTESIAN_POINT ( 'NONE',  ( 0.8171485856348146282, 0.3290362169725498109, 0.000000000000000000 ) ) ;
#9399 = DIRECTION ( 'NONE',  ( 1.000000000000000000, 0.000000000000000000, 0.000000000000000000 ) ) ;
#9400 = VECTOR ( 'NONE', #9141, 39.37007874015748143 ) ;
#9401 = DIRECTION ( 'NONE',  ( -0.7071067811865483499, -0.7071067811865466846, 0.000000000000000000 ) ) ;
#9402 = VECTOR ( 'NONE', #5642, 39.37007874015748143 ) ;
#9403 = EDGE_CURVE ( 'NONE', #1541, #9275, #9510, .T. ) ;
#9404 = ORIENTED_EDGE ( 'NONE', *, *, #2411, .F. ) ;
#9405 = CARTESIAN_POINT ( 'NONE',  ( 0.4849999999999999312, 0.03300000000000000155, -0.4425000000000000044 ) ) ;
#9406 = VERTEX_POINT ( 'NONE', #5610 ) ;
#9407 = VERTEX_POINT ( 'NONE', #58 ) ;
#9408 = ORIENTED_EDGE ( 'NONE', *, *, #6781, .T. ) ;
#9409 = CARTESIAN_POINT ( 'NONE',  ( 0.4425923973245762255, 0.1405970889594438389, 0.000000000000000000 ) ) ;
#9410 = CARTESIAN_POINT ( 'NONE',  ( 0.04199999999999988465, 0.05399999999999999245, -0.2919999999999999263 ) ) ;
#9411 = CARTESIAN_POINT ( 'NONE',  ( 0.1139999999999998792, 0.05400000000000002714, -0.4455000000000000071 ) ) ;
#9412 = PLANE ( 'NONE',  #8220 ) ;
#9413 = CARTESIAN_POINT ( 'NONE',  ( 0.8190165358689099895, 0.3264423079218926049, 0.002000000000000000042 ) ) ;
#9414 = CARTESIAN_POINT ( 'NONE',  ( 0.4368504029584037718, 0.1386618851113586293, 0.002000000000000000042 ) ) ;
#9415 = LINE ( 'NONE', #7907, #8479 ) ;
#9416 = EDGE_CURVE ( 'NONE', #7361, #8937, #8002, .T. ) ;
#9417 = DIRECTION ( 'NONE',  ( 0.000000000000000000, 1.000000000000000000, 0.000000000000000000 ) ) ;
#9418 = ORIENTED_EDGE ( 'NONE', *, *, #10188, .F. ) ;
#9419 = ORIENTED_EDGE ( 'NONE', *, *, #3574, .F. ) ;
#9420 = ORIENTED_EDGE ( 'NONE', *, *, #10161, .T. ) ;
#9421 = CARTESIAN_POINT ( 'NONE',  ( 0.7755898272947260308, 0.1622703674069969348, 0.000000000000000000 ) ) ;
#9422 = EDGE_CURVE ( 'NONE', #7071, #8287, #7742, .T. ) ;
#9423 = DIRECTION ( 'NONE',  ( -1.000000000000000000, 0.000000000000000000, -0.000000000000000000 ) ) ;
#9424 = DIRECTION ( 'NONE',  ( -0.5773502691896270633, -0.5773502691896230665, 0.5773502691896270633 ) ) ;
#9425 = ORIENTED_EDGE ( 'NONE', *, *, #10186, .F. ) ;
#9426 = ORIENTED_EDGE ( 'NONE', *, *, #6057, .F. ) ;
#9427 = VERTEX_POINT ( 'NONE', #3827 ) ;
#9428 = ADVANCED_FACE ( 'NONE', ( #3137 ), #7795, .F. ) ;
#9429 = CARTESIAN_POINT ( 'NONE',  ( 0.7658488727598049550, 0.1570020477789123847, -5.335640612625514099E-19 ) ) ;
#9430 = ORIENTED_EDGE ( 'NONE', *, *, #7104, .F. ) ;
#9431 = FACE_OUTER_BOUND ( 'NONE', #731, .T. ) ;
#9432 = CARTESIAN_POINT ( 'NONE',  ( 0.7785428972627880251, 0.1566171947923149788, 0.002000000000000000042 ) ) ;
#9433 = CARTESIAN_POINT ( 'NONE',  ( 0.4299999999999999378, 0.2034999999999998199, 0.000000000000000000 ) ) ;
#9434 = LINE ( 'NONE', #4686, #4241 ) ;
#9435 = CARTESIAN_POINT ( 'NONE',  ( 0.3347413038504020721, 0.3514999999999999791, 0.2379999999999999893 ) ) ;
#9436 = EDGE_CURVE ( 'NONE', #4976, #1439, #7010, .T. ) ;
#9437 = EDGE_LOOP ( 'NONE', ( #2073, #4511, #754, #67 ) ) ;
#9438 = CARTESIAN_POINT ( 'NONE',  ( 0.7579999999999998961, -0.1250000000000000000, -0.3305000000000000160 ) ) ;
#9439 = CARTESIAN_POINT ( 'NONE',  ( 0.4384669125965834358, 0.1439497628937798368, 0.002000000000000000042 ) ) ;
#9440 = CARTESIAN_POINT ( 'NONE',  ( 0.8782586961495976174, 0.4284999999999998810, 0.2379999999999999893 ) ) ;
#9441 = DIRECTION ( 'NONE',  ( 2.765028333668283073E-16, 1.000000000000000000, -0.000000000000000000 ) ) ;
#9442 = ORIENTED_EDGE ( 'NONE', *, *, #124, .F. ) ;
#9443 = CARTESIAN_POINT ( 'NONE',  ( 0.8285123765663636730, 0.3299163559153968639, 0.002000000000000000042 ) ) ;
#9444 = CARTESIAN_POINT ( 'NONE',  ( 0.5939999999999999725, -0.1174999999999999933, -0.4174999999999999822 ) ) ;
#9445 = B_SPLINE_SURFACE_WITH_KNOTS ( 'NONE', 3, 1, ( 
 ( #6135, #4123 ),
 ( #1377, #7758 ),
 ( #2997, #5353 ),
 ( #2352, #9564 ),
 ( #7265, #2946 ),
 ( #3183, #10106 ),
 ( #6437, #4570 ),
 ( #10342, #1571 ),
 ( #598, #9616 ),
 ( #8876, #3789 ),
 ( #10157, #5606 ),
 ( #8829, #2461 ),
 ( #7162, #1673 ),
 ( #4862, #8778 ),
 ( #890, #6188 ) ),
 .UNSPECIFIED., .F., .F., .F.,
 ( 4, 1, 1, 1, 1, 1, 1, 1, 1, 1, 1, 1, 4 ),
 ( 2, 2 ),
 ( 0.000000000000000000, 0.09209431708527245075, 0.1854986607749773697, 0.2798152041030999015, 0.3754574138970970809, 0.4269091217205720490, 0.4866339733851665073, 0.5532313763017737696, 0.6279374934729522462, 0.7093071966296300435, 0.7984171040704425293, 0.8956748130505525207, 1.000000000000000000 ),
 ( 0.000000000000000000, 1.000000000000000000 ),
 .UNSPECIFIED. ) ;
#9446 = CARTESIAN_POINT ( 'NONE',  ( 0.7684280395708678046, 0.1630738456189906871, 0.000000000000000000 ) ) ;
#9447 = CARTESIAN_POINT ( 'NONE',  ( 0.8293285261670212405, 0.3308981095930332295, 0.002000000000000000042 ) ) ;
#9448 = CARTESIAN_POINT ( 'NONE',  ( 0.7684280395708678046, 0.1630738456189906871, 0.000000000000000000 ) ) ;
#9449 = DIRECTION ( 'NONE',  ( 0.2022968521692496136, 0.9793242484501303302, 0.000000000000000000 ) ) ;
#9450 = ADVANCED_FACE ( 'NONE', ( #2253 ), #3248, .F. ) ;
#9451 = ORIENTED_EDGE ( 'NONE', *, *, #9876, .T. ) ;
#9452 = FACE_OUTER_BOUND ( 'NONE', #5751, .T. ) ;
#9453 = ORIENTED_EDGE ( 'NONE', *, *, #1219, .F. ) ;
#9454 = EDGE_CURVE ( 'NONE', #3417, #7285, #2892, .T. ) ;
#9455 = VECTOR ( 'NONE', #9077, 39.37007874015748143 ) ;
#9456 = VERTEX_POINT ( 'NONE', #4767 ) ;
#9457 = VERTEX_POINT ( 'NONE', #7112 ) ;
#9458 = CARTESIAN_POINT ( 'NONE',  ( 0.4299999999999999378, 0.2034999999999998199, 0.2304999999999999827 ) ) ;
#9459 = FACE_OUTER_BOUND ( 'NONE', #8596, .T. ) ;
#9460 = CARTESIAN_POINT ( 'NONE',  ( 0.4337535747831013921, 0.1461187480125608895, 0.000000000000000000 ) ) ;
#9461 = DIRECTION ( 'NONE',  ( -0.000000000000000000, 0.000000000000000000, 1.000000000000000000 ) ) ;
#9462 = EDGE_CURVE ( 'NONE', #9317, #7430, #3187, .T. ) ;
#9463 = PLANE ( 'NONE',  #7201 ) ;
#9464 = APPLICATION_CONTEXT ( 'configuration controlled 3d designs of mechanical parts and assemblies' ) ;
#9465 = LINE ( 'NONE', #744, #8990 ) ;
#9466 = VECTOR ( 'NONE', #3771, 39.37007874015748854 ) ;
#9467 = CARTESIAN_POINT ( 'NONE',  ( 0.7719794784938086574, 0.1720873076955684311, 0.000000000000000000 ) ) ;
#9468 = DIRECTION ( 'NONE',  ( 0.000000000000000000, 0.000000000000000000, -1.000000000000000000 ) ) ;
#9469 = ORIENTED_EDGE ( 'NONE', *, *, #6614, .T. ) ;
#9470 = VERTEX_POINT ( 'NONE', #4178 ) ;
#9471 = ORIENTED_EDGE ( 'NONE', *, *, #8197, .F. ) ;
#9472 = PLANE ( 'NONE',  #8049 ) ;
#9473 = CARTESIAN_POINT ( 'NONE',  ( 0.4009999999999999676, 0.3154999999999998361, 0.2379999999999999893 ) ) ;
#9474 = VECTOR ( 'NONE', #7775, 39.37007874015748143 ) ;
#9475 = CARTESIAN_POINT ( 'NONE',  ( 0.4357139216209754418, 0.1439588148728538630, 0.002000000000000000042 ) ) ;
#9476 = AXIS2_PLACEMENT_3D ( 'NONE', #9940, #8861, #9648 ) ;
#9477 = ORIENTED_EDGE ( 'NONE', *, *, #2488, .F. ) ;
#9478 = ORIENTED_EDGE ( 'NONE', *, *, #4025, .F. ) ;
#9479 = CARTESIAN_POINT ( 'NONE',  ( 0.7643377782203436555, 0.1590876259549539040, -5.335640612625514099E-19 ) ) ;
#9480 = ORIENTED_EDGE ( 'NONE', *, *, #1955, .T. ) ;
#9481 = CARTESIAN_POINT ( 'NONE',  ( 0.8119999999999999440, 0.3154999999999998361, 0.000000000000000000 ) ) ;
#9482 = CARTESIAN_POINT ( 'NONE',  ( 0.8326177849804817788, 0.3403607019921953136, 0.002000000000000000042 ) ) ;
#9483 = VECTOR ( 'NONE', #5428, 39.37007874015748143 ) ;
#9484 = PLANE ( 'NONE',  #7767 ) ;
#9485 = CARTESIAN_POINT ( 'NONE',  ( 0.8335041582306476071, 0.3282069884204483201, 0.002000000000000000042 ) ) ;
#9486 = EDGE_CURVE ( 'NONE', #6309, #5703, #1629, .T. ) ;
#9487 = VECTOR ( 'NONE', #4615, 39.37007874015748143 ) ;
#9488 = CYLINDRICAL_SURFACE ( 'NONE', #4700, 0.06250000000000001388 ) ;
#9489 = EDGE_LOOP ( 'NONE', ( #8809, #8425, #2248, #2261 ) ) ;
#9490 = CARTESIAN_POINT ( 'NONE',  ( 0.6414999999999998481, 0.4234999999999998765, 0.1079999999999999988 ) ) ;
#9491 = CARTESIAN_POINT ( 'NONE',  ( 0.6479999999999999094, 0.2034999999999998199, 0.000000000000000000 ) ) ;
#9492 = PLANE ( 'NONE',  #7985 ) ;
#9493 = DIRECTION ( 'NONE',  ( 0.5773502691896252870, -0.5773502691896267303, 0.5773502691896252870 ) ) ;
#9494 = VERTEX_POINT ( 'NONE', #4239 ) ;
#9495 = LINE ( 'NONE', #3072, #9872 ) ;
#9496 = LINE ( 'NONE', #6948, #212 ) ;
#9497 = CARTESIAN_POINT ( 'NONE',  ( 0.8195000000000000062, 0.2904999999999998139, 0.2379999999999999893 ) ) ;
#9498 = DIRECTION ( 'NONE',  ( -1.000000000000000000, 0.000000000000000000, -0.000000000000000000 ) ) ;
#9499 = AXIS2_PLACEMENT_3D ( 'NONE', #2519, #213, #2472 ) ;
#9500 = FACE_OUTER_BOUND ( 'NONE', #5984, .T. ) ;
#9501 = DIRECTION ( 'NONE',  ( 1.000000000000000000, -2.626776916984868821E-16, 0.000000000000000000 ) ) ;
#9502 = VERTEX_POINT ( 'NONE', #4080 ) ;
#9503 = LINE ( 'NONE', #3180, #6637 ) ;
#9504 = EDGE_LOOP ( 'NONE', ( #9316, #9745, #4102, #7130 ) ) ;
#9505 = ORIENTED_EDGE ( 'NONE', *, *, #4577, .T. ) ;
#9506 = LINE ( 'NONE', #1620, #7903 ) ;
#9507 = ORIENTED_EDGE ( 'NONE', *, *, #5108, .F. ) ;
#9508 = FACE_OUTER_BOUND ( 'NONE', #9579, .T. ) ;
#9509 = FACE_OUTER_BOUND ( 'NONE', #4381, .T. ) ;
#9510 = LINE ( 'NONE', #3877, #3572 ) ;
#9511 = LINE ( 'NONE', #586, #8546 ) ;
#9512 = AXIS2_PLACEMENT_3D ( 'NONE', #7654, #9272, #6094 ) ;
#9513 = CARTESIAN_POINT ( 'NONE',  ( 1.212999999999999856, 0.4940000000000003277, -0.09500000000000001499 ) ) ;
#9514 = DIRECTION ( 'NONE',  ( -1.000000000000000000, 0.000000000000000000, -0.000000000000000000 ) ) ;
#9515 = CARTESIAN_POINT ( 'NONE',  ( 0.7105000000000000204, 0.2904999999999998139, 0.2379999999999999893 ) ) ;
#9516 = CARTESIAN_POINT ( 'NONE',  ( 0.5714999999999998970, 0.4234999999999998765, 0.2080000000000000182 ) ) ;
#9517 = DIRECTION ( 'NONE',  ( -1.000000000000000000, 0.000000000000000000, 0.000000000000000000 ) ) ;
#9518 = ORIENTED_EDGE ( 'NONE', *, *, #2600, .T. ) ;
#9519 = ORIENTED_EDGE ( 'NONE', *, *, #6370, .T. ) ;
#9520 = ORIENTED_EDGE ( 'NONE', *, *, #3712, .F. ) ;
#9521 = DIRECTION ( 'NONE',  ( -0.2073096204707214341, -0.9782753810969003760, 0.000000000000000000 ) ) ;
#9522 = EDGE_CURVE ( 'NONE', #7768, #3897, #2466, .T. ) ;
#9523 = EDGE_CURVE ( 'NONE', #9663, #5848, #3400, .T. ) ;
#9524 = LINE ( 'NONE', #10209, #9541 ) ;
#9525 = CARTESIAN_POINT ( 'NONE',  ( 1.212999999999999856, 0.4040000000000004143, -0.1649999999999999523 ) ) ;
#9526 = VECTOR ( 'NONE', #4127, 39.37007874015748143 ) ;
#9527 = B_SPLINE_SURFACE_WITH_KNOTS ( 'NONE', 3, 1, ( 
 ( #8492, #1380 ),
 ( #5356, #7763 ),
 ( #603, #10162 ),
 ( #8443, #2165 ),
 ( #3744, #7605 ),
 ( #1275, #4465 ),
 ( #5414, #5305 ),
 ( #1328, #3683 ),
 ( #3793, #9373 ),
 ( #10212, #4517 ),
 ( #2214, #8592 ) ),
 .UNSPECIFIED., .F., .F., .F.,
 ( 4, 1, 1, 1, 1, 1, 1, 1, 4 ),
 ( 2, 2 ),
 ( 0.000000000000000000, 0.1230968722812877392, 0.2405034170556010487, 0.3584816461617038041, 0.4824381542669064493, 0.6089240509359661324, 0.7351672660030073025, 0.8637312830652016382, 1.000000000000000000 ),
 ( 0.000000000000000000, 1.000000000000000000 ),
 .UNSPECIFIED. ) ;
#9528 = AXIS2_PLACEMENT_3D ( 'NONE', #2255, #2101, #5451 ) ;
#9529 = VERTEX_POINT ( 'NONE', #208 ) ;
#9530 = VERTEX_POINT ( 'NONE', #6593 ) ;
#9531 = VECTOR ( 'NONE', #10222, 39.37007874015748143 ) ;
#9532 = DIRECTION ( 'NONE',  ( -1.000000000000000000, 0.000000000000000000, 0.000000000000000000 ) ) ;
#9533 = VECTOR ( 'NONE', #5263, 39.37007874015748143 ) ;
#9534 = ORIENTED_EDGE ( 'NONE', *, *, #2772, .T. ) ;
#9535 = CARTESIAN_POINT ( 'NONE',  ( 0.6479999999999999094, 0.1959999999999998410, 0.2379999999999999893 ) ) ;
#9536 = CARTESIAN_POINT ( 'NONE',  ( 0.8343651834769977294, 0.3298682620827432244, 0.002000000000000000042 ) ) ;
#9537 = DIRECTION ( 'NONE',  ( -0.000000000000000000, 0.000000000000000000, 1.000000000000000000 ) ) ;
#9538 = CARTESIAN_POINT ( 'NONE',  ( 0.06999999999999989564, 0.2469999999999997753, -0.1649999999999999523 ) ) ;
#9539 = DIRECTION ( 'NONE',  ( 0.000000000000000000, 0.000000000000000000, 1.000000000000000000 ) ) ;
#9540 = ORIENTED_EDGE ( 'NONE', *, *, #2987, .T. ) ;
#9541 = VECTOR ( 'NONE', #3791, 39.37007874015748143 ) ;
#9542 = DIRECTION ( 'NONE',  ( 0.000000000000000000, 0.000000000000000000, 1.000000000000000000 ) ) ;
#9544 = VECTOR ( 'NONE', #7511, 39.37007874015748143 ) ;
#9543 = CARTESIAN_POINT ( 'NONE',  ( 0.3224999999999998979, 0.4040000000000000258, -0.4899999999999999911 ) ) ;
#9545 = CARTESIAN_POINT ( 'NONE',  ( 0.1869999999999998885, 0.05399999999999999245, -0.2919999999999999263 ) ) ;
#9546 = VECTOR ( 'NONE', #1986, 39.37007874015748143 ) ;
#9547 = EDGE_CURVE ( 'NONE', #4976, #8117, #1101, .T. ) ;
#9548 = DIRECTION ( 'NONE',  ( 0.000000000000000000, 0.000000000000000000, 1.000000000000000000 ) ) ;
#9549 = VERTEX_POINT ( 'NONE', #3446 ) ;
#9550 = FACE_OUTER_BOUND ( 'NONE', #9028, .T. ) ;
#9551 = CARTESIAN_POINT ( 'NONE',  ( 0.7713478439468335335, 0.1591816614238785454, 0.002000000000000000042 ) ) ;
#9552 = EDGE_CURVE ( 'NONE', #5917, #3610, #4867, .T. ) ;
#9553 = CARTESIAN_POINT ( 'NONE',  ( 0.8263895854460688861, 0.3429631920372863130, 0.000000000000000000 ) ) ;
#9554 = CARTESIAN_POINT ( 'NONE',  ( 0.5564999999999998836, 0.2034999999999998199, 0.2379999999999999893 ) ) ;
#9555 = VECTOR ( 'NONE', #5862, 39.37007874015748143 ) ;
#9556 = CARTESIAN_POINT ( 'NONE',  ( 1.098999999999999977, 0.05399999999999985367, -0.2199999999999999456 ) ) ;
#9557 = DIRECTION ( 'NONE',  ( -0.000000000000000000, 1.000000000000000000, -0.000000000000000000 ) ) ;
#9558 = ORIENTED_EDGE ( 'NONE', *, *, #7078, .T. ) ;
#9559 = VECTOR ( 'NONE', #5418, 39.37007874015748143 ) ;
#9560 = CARTESIAN_POINT ( 'NONE',  ( 1.098000000000000087, 0.05399999999999985367, -0.2919999999999999263 ) ) ;
#9561 = EDGE_LOOP ( 'NONE', ( #3181, #2048, #5172, #219, #8965, #2643, #7647, #7601, #6856, #8586, #1621, #8846, #8045, #1270, #3272, #3547, #1295, #236, #4236, #7073, #7182, #275 ) ) ;
#9562 = VECTOR ( 'NONE', #2563, 39.37007874015748143 ) ;
#9563 = VERTEX_POINT ( 'NONE', #9767 ) ;
#9564 = CARTESIAN_POINT ( 'NONE',  ( 0.7805664145437047896, 0.1619917182609540707, 0.000000000000000000 ) ) ;
#9565 = ORIENTED_EDGE ( 'NONE', *, *, #493, .T. ) ;
#9566 = CARTESIAN_POINT ( 'NONE',  ( 1.098999999999999977, 0.05400000000000002714, -0.4455000000000000071 ) ) ;
#9567 = ADVANCED_FACE ( 'NONE', ( #8833 ), #8052, .T. ) ;
#9568 = DIRECTION ( 'NONE',  ( 1.000000000000000000, 0.000000000000000000, 0.000000000000000000 ) ) ;
#9569 = CARTESIAN_POINT ( 'NONE',  ( 0.4381413477985718896, 0.1562558067095849434, 0.002000000000000000042 ) ) ;
#9570 = CARTESIAN_POINT ( 'NONE',  ( 1.171000000000000041, 0.05400000000000002714, -0.01499999999999999944 ) ) ;
#9571 = VECTOR ( 'NONE', #2845, 39.37007874015748143 ) ;
#9572 = VECTOR ( 'NONE', #4109, 39.37007874015748854 ) ;
#9573 = CARTESIAN_POINT ( 'NONE',  ( 0.5024999999999999467, 0.3079999999999998295, 0.2379999999999999893 ) ) ;
#9574 = EDGE_CURVE ( 'NONE', #7021, #5427, #1760, .T. ) ;
#9575 = CARTESIAN_POINT ( 'NONE',  ( 0.7829999999999999183, -0.1174999999999999933, -0.3305000000000000160 ) ) ;
#9576 = DIRECTION ( 'NONE',  ( -1.000000000000000000, 0.000000000000000000, 0.000000000000000000 ) ) ;
#9577 = ORIENTED_EDGE ( 'NONE', *, *, #3102, .F. ) ;
#9578 = VECTOR ( 'NONE', #6064, 39.37007874015748143 ) ;
#9579 = EDGE_LOOP ( 'NONE', ( #8891, #3732, #5801, #3456 ) ) ;
#9580 = ORIENTED_EDGE ( 'NONE', *, *, #7834, .T. ) ;
#9581 = CARTESIAN_POINT ( 'NONE',  ( 0.7720918658014966907, 0.1591402898499106322, 0.000000000000000000 ) ) ;
#9582 = CYLINDRICAL_SURFACE ( 'NONE', #4718, 0.06250000000000000000 ) ;
#9583 = LOCAL_TIME ( 9, 34, 56.00000000000000000, #4313 ) ;
#9584 = EDGE_CURVE ( 'NONE', #9932, #7420, #9037, .T. ) ;
#9585 = CARTESIAN_POINT ( 'NONE',  ( 0.3347413038504020721, 0.4134999999999999787, 0.000000000000000000 ) ) ;
#9586 = EDGE_LOOP ( 'NONE', ( #9759, #7683, #7350, #4292 ) ) ;
#9587 = EDGE_LOOP ( 'NONE', ( #5507, #5786, #4484, #10049 ) ) ;
#9588 = ORIENTED_EDGE ( 'NONE', *, *, #5442, .F. ) ;
#9589 = CARTESIAN_POINT ( 'NONE',  ( 0.7658488727598049550, 0.1570020477789123847, 0.002000000000000000042 ) ) ;
#9590 = EDGE_CURVE ( 'NONE', #7417, #3351, #7626, .T. ) ;
#9591 = ORIENTED_EDGE ( 'NONE', *, *, #3738, .T. ) ;
#9592 = LINE ( 'NONE', #9481, #1366 ) ;
#9593 = CARTESIAN_POINT ( 'NONE',  ( 0.8308736298467503945, 0.3254808168012337521, 0.000000000000000000 ) ) ;
#9594 = DIRECTION ( 'NONE',  ( 0.000000000000000000, 0.000000000000000000, -1.000000000000000000 ) ) ;
#9595 = CARTESIAN_POINT ( 'NONE',  ( 0.5100000000000000089, 0.2904999999999998139, 0.000000000000000000 ) ) ;
#9596 = ADVANCED_FACE ( 'NONE', ( #8514 ), #6690, .T. ) ;
#9597 = CARTESIAN_POINT ( 'NONE',  ( 0.8221867378353958644, 0.3312601162931228527, -0.000000000000000000 ) ) ;
#9598 = EDGE_LOOP ( 'NONE', ( #6686, #5587, #6219, #973 ) ) ;
#9599 = CARTESIAN_POINT ( 'NONE',  ( 1.098999999999999977, 0.5082634147716499351, -0.4455000000000000071 ) ) ;
#9601 = AXIS2_PLACEMENT_3D ( 'NONE', #1649, #4838, #1596 ) ;
#9600 = CARTESIAN_POINT ( 'NONE',  ( 0.4340669223851272296, 0.1498975222861386458, 0.002000000000000000042 ) ) ;
#9602 = CARTESIAN_POINT ( 'NONE',  ( 0.04199999999999984995, 0.5082634147716499351, -0.3734999999999999432 ) ) ;
#9603 = PLANE ( 'NONE',  #3219 ) ;
#9604 = ORIENTED_EDGE ( 'NONE', *, *, #8910, .T. ) ;
#9605 = CARTESIAN_POINT ( 'NONE',  ( 0.8271343627275470345, 0.3291134559051891451, 0.002000000000000000042 ) ) ;
#9606 = DIRECTION ( 'NONE',  ( 0.5773502691896270633, -0.5773502691896230665, -0.5773502691896270633 ) ) ;
#9607 = DIRECTION ( 'NONE',  ( 1.000000000000000000, 0.000000000000000000, 0.000000000000000000 ) ) ;
#9608 = EDGE_CURVE ( 'NONE', #4369, #6120, #10084, .T. ) ;
#9609 = DIRECTION ( 'NONE',  ( 0.000000000000000000, -0.7071067811865483499, -0.7071067811865466846 ) ) ;
#9610 = CARTESIAN_POINT ( 'NONE',  ( 1.171000000000000041, 0.1139999999999998653, -0.2919999999999999263 ) ) ;
#9611 = LINE ( 'NONE', #45, #6657 ) ;
#9612 = ORIENTED_EDGE ( 'NONE', *, *, #2699, .F. ) ;
#9613 = PLANE ( 'NONE',  #5303 ) ;
#9614 = ORIENTED_EDGE ( 'NONE', *, *, #5166, .F. ) ;
#9615 = ORIENTED_EDGE ( 'NONE', *, *, #4892, .F. ) ;
#9616 = CARTESIAN_POINT ( 'NONE',  ( 0.7798508425204120353, 0.1594764679076589864, 0.000000000000000000 ) ) ;
#9617 = ORIENTED_EDGE ( 'NONE', *, *, #3520, .T. ) ;
#9618 = CARTESIAN_POINT ( 'NONE',  ( 0.4414999999999997815, 0.06550000000000003042, 0.2080000000000000460 ) ) ;
#9619 = CARTESIAN_POINT ( 'NONE',  ( 0.7718446137245830174, 0.1544649778500897797, 0.000000000000000000 ) ) ;
#9620 = CARTESIAN_POINT ( 'NONE',  ( 0.8262757825879454288, 0.3379296610649819010, -0.000000000000000000 ) ) ;
#9621 = B_SPLINE_SURFACE_WITH_KNOTS ( 'NONE', 3, 1, ( 
 ( #6702, #24 ),
 ( #4253, #1061 ),
 ( #7384, #7437 ),
 ( #2435, #2385 ),
 ( #3946, #7487 ),
 ( #9536, #8998 ),
 ( #5580, #7972 ),
 ( #8804, #1843 ),
 ( #812, #7924 ),
 ( #7187, #3513 ),
 ( #268, #3459 ),
 ( #3215, #9593 ),
 ( #1648, #10319 ),
 ( #3159, #2678 ),
 ( #4837, #8021 ),
 ( #6605, #9886 ),
 ( #5864, #9053 ),
 ( #1901, #8273 ),
 ( #2735, #5920 ) ),
 .UNSPECIFIED., .F., .F., .F.,
 ( 4, 1, 1, 1, 1, 1, 1, 1, 1, 1, 1, 1, 1, 1, 1, 1, 4 ),
 ( 2, 2 ),
 ( 0.000000000000000000, 0.06675541313744945415, 0.1317279436682022020, 0.1948100844364477613, 0.2568986387839142238, 0.3187508905638020140, 0.3803512888945377868, 0.4433244176166949990, 0.5074626919635735200, 0.5715056738698102157, 0.6333612917281085108, 0.6939415159323158999, 0.7539288461040355438, 0.8138015296774597784, 0.8745236442162195312, 0.9362219827335219735, 1.000000000000000000 ),
 ( 0.000000000000000000, 1.000000000000000000 ),
 .UNSPECIFIED. ) ;
#9622 = LINE ( 'NONE', #9513, #9866 ) ;
#9623 = CARTESIAN_POINT ( 'NONE',  ( 0.8299337882683381906, 0.3344173090559698913, 0.002000000000000000042 ) ) ;
#9624 = LINE ( 'NONE', #1580, #4997 ) ;
#9625 = CARTESIAN_POINT ( 'NONE',  ( 1.212999999999999634, 0.000000000000000000, 0.000000000000000000 ) ) ;
#9626 = ORIENTED_EDGE ( 'NONE', *, *, #9806, .F. ) ;
#9627 = ORIENTED_EDGE ( 'NONE', *, *, #227, .F. ) ;
#9628 = ORIENTED_EDGE ( 'NONE', *, *, #5672, .T. ) ;
#9629 = DIRECTION ( 'NONE',  ( -0.7071067811865475727, 0.000000000000000000, 0.7071067811865475727 ) ) ;
#9630 = EDGE_CURVE ( 'NONE', #1060, #6087, #1198, .T. ) ;
#9631 = CARTESIAN_POINT ( 'NONE',  ( 0.4309458263081459850, 0.1413091365864510562, 0.000000000000000000 ) ) ;
#9632 = EDGE_CURVE ( 'NONE', #4637, #8058, #2924, .T. ) ;
#9633 = AXIS2_PLACEMENT_3D ( 'NONE', #5025, #9046, #3562 ) ;
#9634 = CARTESIAN_POINT ( 'NONE',  ( 0.4345552671548617019, 0.1448263110696073885, 0.002000000000000000042 ) ) ;
#9635 = ORIENTED_EDGE ( 'NONE', *, *, #8572, .T. ) ;
#9636 = ORIENTED_EDGE ( 'NONE', *, *, #1474, .F. ) ;
#9637 = EDGE_LOOP ( 'NONE', ( #6015, #8779, #5251, #8902 ) ) ;
#9638 = VECTOR ( 'NONE', #6851, 39.37007874015748143 ) ;
#9639 = FACE_BOUND ( 'NONE', #5237, .T. ) ;
#9640 = DIRECTION ( 'NONE',  ( 0.000000000000000000, 1.000000000000000000, -0.000000000000000000 ) ) ;
#9641 = DIRECTION ( 'NONE',  ( -0.000000000000000000, 1.000000000000000000, -0.000000000000000000 ) ) ;
#9642 = CARTESIAN_POINT ( 'NONE',  ( 0.1869999999999998885, 0.05399999999999999245, -0.2199999999999999456 ) ) ;
#9643 = CARTESIAN_POINT ( 'NONE',  ( 0.4849999999999999312, 0.3154999999999998361, 0.000000000000000000 ) ) ;
#9644 = VECTOR ( 'NONE', #3438, 39.37007874015748143 ) ;
#9645 = ORIENTED_EDGE ( 'NONE', *, *, #6014, .T. ) ;
#9646 = DIRECTION ( 'NONE',  ( -0.5773502691896257311, 0.5773502691896257311, 0.5773502691896257311 ) ) ;
#9647 = LINE ( 'NONE', #7195, #8971 ) ;
#9648 = DIRECTION ( 'NONE',  ( 1.000000000000000000, -1.313388458492434903E-16, 0.000000000000000000 ) ) ;
#9649 = AXIS2_PLACEMENT_3D ( 'NONE', #9438, #5477, #2494 ) ;
#9650 = DIRECTION ( 'NONE',  ( 1.000000000000000000, 0.000000000000000000, 0.000000000000000000 ) ) ;
#9651 = ORIENTED_EDGE ( 'NONE', *, *, #1395, .F. ) ;
#9652 = CARTESIAN_POINT ( 'NONE',  ( 0.8278569513451469186, 0.3294337083104098562, 0.000000000000000000 ) ) ;
#9653 = DIRECTION ( 'NONE',  ( 0.000000000000000000, 1.000000000000000000, 0.000000000000000000 ) ) ;
#9654 = ADVANCED_FACE ( 'NONE', ( #5279 ), #6793, .F. ) ;
#9655 = CARTESIAN_POINT ( 'NONE',  ( 0.5714999999999998970, 0.4234999999999998765, 0.1079999999999999988 ) ) ;
#9656 = FACE_OUTER_BOUND ( 'NONE', #7669, .T. ) ;
#9657 = EDGE_CURVE ( 'NONE', #6098, #9112, #2824, .T. ) ;
#9658 = VECTOR ( 'NONE', #3978, 39.37007874015748143 ) ;
#9659 = CARTESIAN_POINT ( 'NONE',  ( 0.9064999999999996394, 0.1328303204446733277, 0.2379999999999999893 ) ) ;
#9660 = DIRECTION ( 'NONE',  ( 0.000000000000000000, -1.000000000000000000, 0.000000000000000000 ) ) ;
#9661 = ORIENTED_EDGE ( 'NONE', *, *, #8595, .F. ) ;
#9662 = DIRECTION ( 'NONE',  ( 1.000000000000000000, 0.000000000000000000, 0.000000000000000000 ) ) ;
#9663 = VERTEX_POINT ( 'NONE', #4340 ) ;
#9664 = VERTEX_POINT ( 'NONE', #2719 ) ;
#9665 = CARTESIAN_POINT ( 'NONE',  ( 0.2614999999999999547, 0.03300000000000000155, -0.1025000000000000216 ) ) ;
#9666 = ORIENTED_EDGE ( 'NONE', *, *, #5267, .F. ) ;
#9667 = CARTESIAN_POINT ( 'NONE',  ( 0.5506666666666666377, 0.1901666666666665118, 0.2438333333333333464 ) ) ;
#9668 = CARTESIAN_POINT ( 'NONE',  ( 0.4849999999999999312, -0.1250000000000000000, -0.4425000000000000044 ) ) ;
#9669 = CARTESIAN_POINT ( 'NONE',  ( 0.4457333739248451887, 0.1470899568495832310, -0.000000000000000000 ) ) ;
#9670 = DIRECTION ( 'NONE',  ( 0.000000000000000000, 0.7071067811865483499, -0.7071067811865466846 ) ) ;
#9671 = CARTESIAN_POINT ( 'NONE',  ( 0.5574999999999998845, -0.1250000000000000000, -0.3130000000000000560 ) ) ;
#9672 = FACE_OUTER_BOUND ( 'NONE', #6519, .T. ) ;
#9673 = DIRECTION ( 'NONE',  ( 0.000000000000000000, -0.7071067811865483499, -0.7071067811865466846 ) ) ;
#9674 = VERTEX_POINT ( 'NONE', #4541 ) ;
#9675 = ORIENTED_EDGE ( 'NONE', *, *, #5577, .F. ) ;
#9676 = ORIENTED_EDGE ( 'NONE', *, *, #7832, .T. ) ;
#9677 = LINE ( 'NONE', #113, #1046 ) ;
#9678 = EDGE_CURVE ( 'NONE', #9457, #4637, #5240, .T. ) ;
#9679 = CARTESIAN_POINT ( 'NONE',  ( 0.4315799424402823048, 0.1406917796870962856, 0.000000000000000000 ) ) ;
#9680 = EDGE_CURVE ( 'NONE', #3094, #2832, #1150, .T. ) ;
#9681 = EDGE_CURVE ( 'NONE', #7119, #330, #459, .T. ) ;
#9682 = CARTESIAN_POINT ( 'NONE',  ( 0.8232153042089201955, 0.3299283715395267547, 0.002000000000000000042 ) ) ;
#9683 = ORIENTED_EDGE ( 'NONE', *, *, #6374, .F. ) ;
#9684 = ORIENTED_EDGE ( 'NONE', *, *, #7255, .T. ) ;
#9685 = VERTEX_POINT ( 'NONE', #4387 ) ;
#9686 = LINE ( 'NONE', #964, #9221 ) ;
#9687 = DIRECTION ( 'NONE',  ( -0.000000000000000000, -0.000000000000000000, 1.000000000000000000 ) ) ;
#9688 = EDGE_CURVE ( 'NONE', #5602, #9277, #3555, .T. ) ;
#9689 = DIRECTION ( 'NONE',  ( -0.000000000000000000, -0.000000000000000000, -1.000000000000000000 ) ) ;
#9690 = DIRECTION ( 'NONE',  ( -1.000000000000000000, 1.313388458492434903E-16, 0.000000000000000000 ) ) ;
#9691 = CARTESIAN_POINT ( 'NONE',  ( 0.7820000000000000284, 0.2034999999999998199, 0.2304999999999999827 ) ) ;
#9692 = ORIENTED_EDGE ( 'NONE', *, *, #1104, .F. ) ;
#9693 = PLANE ( 'NONE',  #8175 ) ;
#9694 = VECTOR ( 'NONE', #9807, 39.37007874015748143 ) ;
#9695 = DIRECTION ( 'NONE',  ( -1.000000000000000000, 0.000000000000000000, -0.000000000000000000 ) ) ;
#9696 = AXIS2_PLACEMENT_3D ( 'NONE', #9125, #1283, #4471 ) ;
#9697 = DIRECTION ( 'NONE',  ( -1.000000000000000000, -2.765028333668283073E-16, 0.000000000000000000 ) ) ;
#9698 = ORIENTED_EDGE ( 'NONE', *, *, #9523, .F. ) ;
#9699 = CARTESIAN_POINT ( 'NONE',  ( 0.8185975438309606167, 0.3371112635731220997, 0.000000000000000000 ) ) ;
#9700 = CARTESIAN_POINT ( 'NONE',  ( 0.7720918658014966907, 0.1591402898499106322, 0.002000000000000000042 ) ) ;
#9701 = CARTESIAN_POINT ( 'NONE',  ( 0.7579999999999998961, 0.03300000000000000155, -0.3305000000000000160 ) ) ;
#9702 = LINE ( 'NONE', #3329, #7747 ) ;
#9703 = AXIS2_PLACEMENT_3D ( 'NONE', #3472, #6665, #6459 ) ;
#9704 = DIRECTION ( 'NONE',  ( 0.000000000000000000, -1.000000000000000000, 0.000000000000000000 ) ) ;
#9705 = CARTESIAN_POINT ( 'NONE',  ( 0.8297021944615099454, 0.3316731026021348949, 0.000000000000000000 ) ) ;
#9706 = B_SPLINE_CURVE_WITH_KNOTS ( 'NONE', 3,
 ( #7282, #9781, #1009, #1792, #2679, #8112, #4191, #3460, #9679, #9631, #2478, #853, #1062, #5865, #5671, #5771, #269, #8843, #1689 ),
 .UNSPECIFIED., .F., .F.,
 ( 4, 1, 1, 1, 1, 1, 1, 1, 1, 1, 1, 1, 1, 1, 1, 1, 4 ),
 ( 0.000000000000000000, 0.06648593787487669382, 0.1307356009388763174, 0.1932868395043477738, 0.2552914267067085685, 0.3165376028954680065, 0.3788667103911640965, 0.4418772064706711911, 0.5071174914664494660, 0.5722713919203356037, 0.6354271335389665154, 0.6968172524575670934, 0.7573566333814840679, 0.8172651168318797454, 0.8771342994595139331, 0.9380198203164556991, 1.000000000000000000 ),
 .UNSPECIFIED. ) ;
#9707 = CARTESIAN_POINT ( 'NONE',  ( 0.6189999999999999947, 0.3154999999999998361, 0.2305000000000000104 ) ) ;
#9708 = EDGE_CURVE ( 'NONE', #4228, #810, #7732, .T. ) ;
#9709 = ORIENTED_EDGE ( 'NONE', *, *, #1162, .F. ) ;
#9710 = CARTESIAN_POINT ( 'NONE',  ( 0.3759999999999999454, 0.2904999999999998139, 0.000000000000000000 ) ) ;
#9711 = ORIENTED_EDGE ( 'NONE', *, *, #8835, .T. ) ;
#9712 = ORIENTED_EDGE ( 'NONE', *, *, #1778, .F. ) ;
#9713 = CARTESIAN_POINT ( 'NONE',  ( 0.7753958126431880205, 0.1714418413516656248, 0.002000000000000000042 ) ) ;
#9714 = ORIENTED_EDGE ( 'NONE', *, *, #1534, .T. ) ;
#9715 = FACE_OUTER_BOUND ( 'NONE', #368, .T. ) ;
#9716 = VECTOR ( 'NONE', #7332, 39.37007874015748143 ) ;
#9717 = CARTESIAN_POINT ( 'NONE',  ( 0.5939999999999999725, -0.1250000000000000000, -0.4425000000000000044 ) ) ;
#9718 = CARTESIAN_POINT ( 'NONE',  ( 0.4432327875372569781, 0.1411863130031573155, 0.000000000000000000 ) ) ;
#9719 = LINE ( 'NONE', #8933, #1353 ) ;
#9720 = CARTESIAN_POINT ( 'NONE',  ( 0.8299843622571515533, 0.3339618878096285992, 0.002000000000000000042 ) ) ;
#9721 = EDGE_CURVE ( 'NONE', #1412, #1911, #8461, .T. ) ;
#9722 = VECTOR ( 'NONE', #4797, 39.37007874015748143 ) ;
#9723 = AXIS2_PLACEMENT_3D ( 'NONE', #3915, #1499, #7831 ) ;
#9724 = PLANE ( 'NONE',  #3661 ) ;
#9725 = CARTESIAN_POINT ( 'NONE',  ( 0.7644999999999998463, 0.1859999999999998044, 0.2379999999999999893 ) ) ;
#9726 = ORIENTED_EDGE ( 'NONE', *, *, #792, .T. ) ;
#9727 = ORIENTED_EDGE ( 'NONE', *, *, #1561, .F. ) ;
#9728 = VERTEX_POINT ( 'NONE', #6747 ) ;
#9729 = CARTESIAN_POINT ( 'NONE',  ( 0.4457333739248451887, 0.1470899568495832310, 0.002000000000000000042 ) ) ;
#9730 = CARTESIAN_POINT ( 'NONE',  ( 0.4414999999999997815, 0.4284999999999998810, 0.1079999999999999988 ) ) ;
#9731 = VECTOR ( 'NONE', #6381, 39.37007874015748143 ) ;
#9732 = VECTOR ( 'NONE', #8398, 39.37007874015748143 ) ;
#9733 = EDGE_CURVE ( 'NONE', #3309, #4659, #6236, .T. ) ;
#9734 = VECTOR ( 'NONE', #2173, 39.37007874015748143 ) ;
#9735 = CARTESIAN_POINT ( 'NONE',  ( 0.8242165392532653234, 0.3292902673486814424, 0.000000000000000000 ) ) ;
#9736 = ADVANCED_FACE ( 'NONE', ( #5956 ), #1987, .T. ) ;
#9737 = VERTEX_POINT ( 'NONE', #6006 ) ;
#9738 = ORIENTED_EDGE ( 'NONE', *, *, #3102, .T. ) ;
#9739 = ORIENTED_EDGE ( 'NONE', *, *, #4304, .F. ) ;
#9740 = LINE ( 'NONE', #5627, #6562 ) ;
#9741 = DIRECTION ( 'NONE',  ( -0.000000000000000000, -0.000000000000000000, -1.000000000000000000 ) ) ;
#9742 = LINE ( 'NONE', #7342, #6933 ) ;
#9743 = VERTEX_POINT ( 'NONE', #6567 ) ;
#9744 = LINE ( 'NONE', #3476, #4147 ) ;
#9745 = ORIENTED_EDGE ( 'NONE', *, *, #3132, .F. ) ;
#9746 = CARTESIAN_POINT ( 'NONE',  ( 0.7658955156425997224, 0.1695564879887868359, 0.000000000000000000 ) ) ;
#9747 = EDGE_CURVE ( 'NONE', #1841, #10343, #8417, .T. ) ;
#9748 = DIRECTION ( 'NONE',  ( 0.000000000000000000, 0.000000000000000000, -1.000000000000000000 ) ) ;
#9749 = DIRECTION ( 'NONE',  ( 0.7071067811865499042, -0.7071067811865450192, 0.000000000000000000 ) ) ;
#9750 = ORIENTED_EDGE ( 'NONE', *, *, #5868, .T. ) ;
#9751 = FACE_OUTER_BOUND ( 'NONE', #9586, .T. ) ;
#9752 = CARTESIAN_POINT ( 'NONE',  ( 0.7684647547745936391, 0.1622812238033778387, 0.002000000000000000042 ) ) ;
#9753 = CARTESIAN_POINT ( 'NONE',  ( 0.8261074588107363281, 0.3429560807637502817, 0.002000000000000000042 ) ) ;
#9754 = DIRECTION ( 'NONE',  ( -0.000000000000000000, 1.000000000000000000, -0.000000000000000000 ) ) ;
#9755 = EDGE_CURVE ( 'NONE', #6168, #8620, #9245, .T. ) ;
#9756 = LINE ( 'NONE', #5064, #4193 ) ;
#9757 = DIRECTION ( 'NONE',  ( 0.000000000000000000, 0.000000000000000000, -1.000000000000000000 ) ) ;
#9758 = CARTESIAN_POINT ( 'NONE',  ( 0.7634004508557488133, 0.1636436576669796639, -0.000000000000000000 ) ) ;
#9759 = ORIENTED_EDGE ( 'NONE', *, *, #8859, .T. ) ;
#9760 = CARTESIAN_POINT ( 'NONE',  ( 0.4292815541429328974, 0.1512764581922199925, 0.000000000000000000 ) ) ;
#9761 = ORIENTED_EDGE ( 'NONE', *, *, #6692, .T. ) ;
#9762 = ORIENTED_EDGE ( 'NONE', *, *, #2216, .F. ) ;
#9763 = CARTESIAN_POINT ( 'NONE',  ( 1.026000000000000023, 0.1139999999999998653, -0.2919999999999999263 ) ) ;
#9764 = ORIENTED_EDGE ( 'NONE', *, *, #7160, .F. ) ;
#9765 = DIRECTION ( 'NONE',  ( -1.000000000000000000, 0.000000000000000000, -0.000000000000000000 ) ) ;
#9766 = CARTESIAN_POINT ( 'NONE',  ( 0.3759999999999999454, 0.3154999999999998361, 0.2305000000000000104 ) ) ;
#9767 = CARTESIAN_POINT ( 'NONE',  ( 1.171000000000000041, 0.05400000000000002714, -0.3734999999999999987 ) ) ;
#9768 = CC_DESIGN_DATE_AND_TIME_ASSIGNMENT ( #7702, #3740, ( #1575 ) ) ;
#9769 = CARTESIAN_POINT ( 'NONE',  ( 0.4304817495265489957, 0.1539200285592718653, -0.000000000000000000 ) ) ;
#9770 = LINE ( 'NONE', #2420, #7821 ) ;
#9771 = EDGE_CURVE ( 'NONE', #1894, #9685, #9858, .T. ) ;
#9772 = ADVANCED_FACE ( 'NONE', ( #10335 ), #3122, .F. ) ;
#9773 = ORIENTED_EDGE ( 'NONE', *, *, #6878, .T. ) ;
#9774 = CARTESIAN_POINT ( 'NONE',  ( 0.4384920721358186446, 0.1513456523137446386, 0.002000000000000000042 ) ) ;
#9775 = ORIENTED_EDGE ( 'NONE', *, *, #6435, .T. ) ;
#9776 = EDGE_LOOP ( 'NONE', ( #3631, #962, #6362, #5925 ) ) ;
#9777 = VERTEX_POINT ( 'NONE', #10132 ) ;
#9778 = CARTESIAN_POINT ( 'NONE',  ( 0.5100000000000000089, 0.2979999999999998206, 0.2379999999999999893 ) ) ;
#9779 = ORIENTED_EDGE ( 'NONE', *, *, #7890, .T. ) ;
#9780 = FACE_OUTER_BOUND ( 'NONE', #8727, .T. ) ;
#9781 = CARTESIAN_POINT ( 'NONE',  ( 0.4368504029584037718, 0.1386618851113586293, -0.000000000000000000 ) ) ;
#9782 = ADVANCED_FACE ( 'NONE', ( #7100 ), #2974, .F. ) ;
#9783 = ADVANCED_FACE ( 'NONE', ( #727 ), #6163, .F. ) ;
#9784 = LINE ( 'NONE', #2739, #7179 ) ;
#9785 = ORIENTED_EDGE ( 'NONE', *, *, #8197, .T. ) ;
#9786 = ORIENTED_EDGE ( 'NONE', *, *, #4674, .F. ) ;
#9787 = ORIENTED_EDGE ( 'NONE', *, *, #9403, .T. ) ;
#9788 = CARTESIAN_POINT ( 'NONE',  ( 0.5714999999999998970, 0.07050000000000002098, 0.1079999999999999988 ) ) ;
#9789 = CARTESIAN_POINT ( 'NONE',  ( 0.4356554343837245047, 0.1513428427986651670, 0.002000000000000000042 ) ) ;
#9790 = AXIS2_PLACEMENT_3D ( 'NONE', #2941, #2207, #8632 ) ;
#9791 = DIRECTION ( 'NONE',  ( -1.000000000000000000, 0.000000000000000000, 0.000000000000000000 ) ) ;
#9792 = APPROVAL_STATUS ( 'not_yet_approved' ) ;
#9793 = LINE ( 'NONE', #2538, #5986 ) ;
#9794 = VERTEX_POINT ( 'NONE', #2187 ) ;
#9795 = LINE ( 'NONE', #4943, #7849 ) ;
#9796 = AXIS2_PLACEMENT_3D ( 'NONE', #1507, #7053, #832 ) ;
#9797 = FACE_BOUND ( 'NONE', #1958, .T. ) ;
#9798 = DIRECTION ( 'NONE',  ( -0.7071067811865451302, -0.7071067811865500152, 0.000000000000000000 ) ) ;
#9799 = VERTEX_POINT ( 'NONE', #10284 ) ;
#9800 = CARTESIAN_POINT ( 'NONE',  ( 0.4849999999999999312, -0.1174999999999999933, -0.4174999999999999822 ) ) ;
#9801 = LINE ( 'NONE', #6777, #8236 ) ;
#9802 = CARTESIAN_POINT ( 'NONE',  ( 0.7727610886459400641, 0.1670108062455923914, 0.002000000000000000042 ) ) ;
#9803 = LINE ( 'NONE', #6476, #8242 ) ;
#9804 = ADVANCED_FACE ( 'NONE', ( #5538 ), #9346, .T. ) ;
#9805 = VECTOR ( 'NONE', #6993, 39.37007874015748143 ) ;
#9806 = EDGE_CURVE ( 'NONE', #9502, #3300, #1906, .T. ) ;
#9807 = DIRECTION ( 'NONE',  ( 0.000000000000000000, 0.000000000000000000, -1.000000000000000000 ) ) ;
#9808 = EDGE_CURVE ( 'NONE', #1911, #3311, #7784, .T. ) ;
#9809 = PLANE ( 'NONE',  #7988 ) ;
#9810 = CARTESIAN_POINT ( 'NONE',  ( 0.9529999999999999583, 0.3415000000000002478, -0.1649999999999999523 ) ) ;
#9811 = ORIENTED_EDGE ( 'NONE', *, *, #8824, .T. ) ;
#9812 = CARTESIAN_POINT ( 'NONE',  ( 0.8119999999999999440, 0.2904999999999998139, 0.000000000000000000 ) ) ;
#9813 = ORIENTED_EDGE ( 'NONE', *, *, #9947, .T. ) ;
#9814 = VECTOR ( 'NONE', #8454, 39.37007874015748143 ) ;
#9815 = ORIENTED_EDGE ( 'NONE', *, *, #5386, .T. ) ;
#9816 = DIRECTION ( 'NONE',  ( -0.7071067811865491270, 0.000000000000000000, 0.7071067811865459074 ) ) ;
#9817 = DIRECTION ( 'NONE',  ( 0.000000000000000000, -1.000000000000000000, 0.000000000000000000 ) ) ;
#9818 = LINE ( 'NONE', #5852, #8549 ) ;
#9819 = CARTESIAN_POINT ( 'NONE',  ( 0.4388658541068234942, 0.1387969269793575822, 0.000000000000000000 ) ) ;
#9820 = AXIS2_PLACEMENT_3D ( 'NONE', #2333, #4844, #1551 ) ;
#9821 = CARTESIAN_POINT ( 'NONE',  ( 0.8313318613576787808, 0.3415033911334287020, 0.000000000000000000 ) ) ;
#9822 = CARTESIAN_POINT ( 'NONE',  ( 0.4384669125965834358, 0.1439497628937798368, 0.002000000000000000042 ) ) ;
#9823 = VERTEX_POINT ( 'NONE', #8613 ) ;
#9824 = LINE ( 'NONE', #160, #6798 ) ;
#9825 = ORIENTED_EDGE ( 'NONE', *, *, #4199, .F. ) ;
#9826 = EDGE_LOOP ( 'NONE', ( #6535, #7554, #6159, #3701 ) ) ;
#9827 = ORIENTED_EDGE ( 'NONE', *, *, #9522, .T. ) ;
#9828 = LINE ( 'NONE', #2675, #6887 ) ;
#9829 = ORIENTED_EDGE ( 'NONE', *, *, #10288, .T. ) ;
#9830 = DIRECTION ( 'NONE',  ( -0.000000000000000000, -1.000000000000000000, -0.000000000000000000 ) ) ;
#9831 = DIRECTION ( 'NONE',  ( 0.000000000000000000, 0.000000000000000000, -1.000000000000000000 ) ) ;
#9832 = CARTESIAN_POINT ( 'NONE',  ( 0.3814218530218776437, 0.3480015936880894167, 0.002000000000000000042 ) ) ;
#9833 = LINE ( 'NONE', #4196, #2842 ) ;
#9834 = EDGE_CURVE ( 'NONE', #201, #10314, #4803, .T. ) ;
#9835 = PLANE ( 'NONE',  #1280 ) ;
#9836 = EDGE_LOOP ( 'NONE', ( #5683, #8159, #9580, #9477, #6056, #336, #851, #1423, #9478, #2493 ) ) ;
#9837 = EDGE_CURVE ( 'NONE', #9407, #9406, #4128, .T. ) ;
#9838 = EDGE_LOOP ( 'NONE', ( #9315, #1567, #8929, #7704 ) ) ;
#9839 = ORIENTED_EDGE ( 'NONE', *, *, #2350, .T. ) ;
#9840 = EDGE_CURVE ( 'NONE', #7119, #6610, #2549, .T. ) ;
#9841 = DIRECTION ( 'NONE',  ( 0.000000000000000000, -0.7071067811865500152, -0.7071067811865451302 ) ) ;
#9842 = CARTESIAN_POINT ( 'NONE',  ( 1.098000000000000087, 0.05400000000000002714, -0.4454999999999999516 ) ) ;
#9843 = LINE ( 'NONE', #1916, #6916 ) ;
#9844 = PERSON_AND_ORGANIZATION_ROLE ( 'classification_officer' ) ;
#9845 = VECTOR ( 'NONE', #9646, 39.37007874015748143 ) ;
#9846 = CARTESIAN_POINT ( 'NONE',  ( 0.4401334505621712911, 0.1498978277912006718, 0.000000000000000000 ) ) ;
#9847 = ORIENTED_EDGE ( 'NONE', *, *, #5488, .T. ) ;
#9848 = FACE_BOUND ( 'NONE', #2047, .T. ) ;
#9849 = CARTESIAN_POINT ( 'NONE',  ( 0.4299999999999999378, 0.1784999999999998255, 0.2379999999999999893 ) ) ;
#9850 = EDGE_CURVE ( 'NONE', #8577, #6196, #8867, .T. ) ;
#9851 = CARTESIAN_POINT ( 'NONE',  ( 0.7029999999999999583, -0.1250000000000000000, -0.4425000000000000044 ) ) ;
#9852 = ORIENTED_EDGE ( 'NONE', *, *, #486, .F. ) ;
#9853 = PLANE ( 'NONE',  #1199 ) ;
#9854 = DIRECTION ( 'NONE',  ( -0.000000000000000000, 1.000000000000000000, -0.000000000000000000 ) ) ;
#9855 = CARTESIAN_POINT ( 'NONE',  ( 0.1149999999999998801, 0.05399999999999999245, -0.2199999999999999456 ) ) ;
#9856 = CARTESIAN_POINT ( 'NONE',  ( 0.9514999999999997904, 0.000000000000000000, -0.4899999999999999911 ) ) ;
#9857 = DIRECTION ( 'NONE',  ( 1.000000000000000000, 0.000000000000000000, 0.000000000000000000 ) ) ;
#9858 = B_SPLINE_CURVE_WITH_KNOTS ( 'NONE', 3,
 ( #7940, #6314, #5487, #3960, #5598, #1611, #3021, #6213, #2403, #8566, #8665, #3815, #6950, #1503, #9398, #10238, #776, #7152, #3766 ),
 .UNSPECIFIED., .F., .F.,
 ( 4, 1, 1, 1, 1, 1, 1, 1, 1, 1, 1, 1, 1, 1, 1, 1, 4 ),
 ( 0.000000000000000000, 0.06593481762567481030, 0.1300372587941702740, 0.1923620702496563195, 0.2538195214289220014, 0.3141994357375474389, 0.3746698781567828762, 0.4351541180379880358, 0.4964786684939738182, 0.5578092661396436558, 0.6190309229821167047, 0.6796911875192884755, 0.7409612864102661511, 0.8033752905051773086, 0.8668176884999617693, 0.9323179771745099265, 1.000000000000000000 ),
 .UNSPECIFIED. ) ;
#9859 = CARTESIAN_POINT ( 'NONE',  ( 0.8414999999999999147, 0.07050000000000002098, 0.2079999999999999627 ) ) ;
#9860 = ADVANCED_FACE ( 'NONE', ( #2451 ), #7306, .T. ) ;
#9861 = LINE ( 'NONE', #5117, #7976 ) ;
#9862 = ORIENTED_EDGE ( 'NONE', *, *, #7479, .F. ) ;
#9863 = ADVANCED_FACE ( 'NONE', ( #190 ), #4854, .F. ) ;
#9864 = CARTESIAN_POINT ( 'NONE',  ( 0.4302721644301692461, 0.1534927876667128155, 0.000000000000000000 ) ) ;
#9865 = VERTEX_POINT ( 'NONE', #9024 ) ;
#9866 = VECTOR ( 'NONE', #1577, 39.37007874015748143 ) ;
#9867 = ORIENTED_EDGE ( 'NONE', *, *, #8221, .F. ) ;
#9868 = PLANE ( 'NONE',  #7028 ) ;
#9869 = DIRECTION ( 'NONE',  ( 0.000000000000000000, 0.000000000000000000, 1.000000000000000000 ) ) ;
#9870 = CARTESIAN_POINT ( 'NONE',  ( 0.5399999999999999245, 0.03300000000000000155, -0.3305000000000000160 ) ) ;
#9871 = DIRECTION ( 'NONE',  ( -0.000000000000000000, -0.000000000000000000, -1.000000000000000000 ) ) ;
#9872 = VECTOR ( 'NONE', #4009, 39.37007874015748143 ) ;
#9873 = CARTESIAN_POINT ( 'NONE',  ( 0.7637337448298890941, 0.1659360676826054093, 0.002000000000000000042 ) ) ;
#9874 = DIRECTION ( 'NONE',  ( 0.000000000000000000, -0.000000000000000000, -1.000000000000000000 ) ) ;
#9875 = CIRCLE ( 'NONE', #5385, 0.07199999999999993905 ) ;
#9876 = EDGE_CURVE ( 'NONE', #7545, #1282, #9803, .T. ) ;
#9877 = VECTOR ( 'NONE', #6531, 39.37007874015748143 ) ;
#9878 = VERTEX_POINT ( 'NONE', #1766 ) ;
#9879 = CARTESIAN_POINT ( 'NONE',  ( 0.4391294955489369878, 0.1509888169886619558, 0.002000000000000000042 ) ) ;
#9880 = ORIENTED_EDGE ( 'NONE', *, *, #6246, .T. ) ;
#9881 = EDGE_CURVE ( 'NONE', #2009, #6011, #9702, .T. ) ;
#9882 = ORIENTED_EDGE ( 'NONE', *, *, #10186, .T. ) ;
#9883 = ORIENTED_EDGE ( 'NONE', *, *, #711, .F. ) ;
#9884 = CARTESIAN_POINT ( 'NONE',  ( 1.098999999999999977, 0.5082634147716499351, -0.3734999999999999987 ) ) ;
#9885 = ORIENTED_EDGE ( 'NONE', *, *, #1912, .T. ) ;
#9886 = CARTESIAN_POINT ( 'NONE',  ( 0.8275309076699580713, 0.3240623171850621209, 0.000000000000000000 ) ) ;
#9887 = CARTESIAN_POINT ( 'NONE',  ( 0.4397785624361815193, 0.1559309693472737957, 0.000000000000000000 ) ) ;
#9888 = VECTOR ( 'NONE', #371, 39.37007874015748143 ) ;
#9889 = DIRECTION ( 'NONE',  ( -0.000000000000000000, 0.000000000000000000, 1.000000000000000000 ) ) ;
#9890 = ADVANCED_FACE ( 'NONE', ( #9656 ), #6428, .T. ) ;
#9891 = DIRECTION ( 'NONE',  ( -1.000000000000000000, 0.000000000000000000, 0.000000000000000000 ) ) ;
#9892 = CARTESIAN_POINT ( 'NONE',  ( 0.8195000000000000062, -0.1250000000000000000, -0.4249999999999999889 ) ) ;
#9893 = ORIENTED_EDGE ( 'NONE', *, *, #613, .F. ) ;
#9894 = VERTEX_POINT ( 'NONE', #8819 ) ;
#9895 = ORIENTED_EDGE ( 'NONE', *, *, #6291, .T. ) ;
#9896 = VECTOR ( 'NONE', #10230, 39.37007874015748143 ) ;
#9897 = LINE ( 'NONE', #2744, #5231 ) ;
#9898 = VECTOR ( 'NONE', #8611, 39.37007874015748143 ) ;
#9899 = DIRECTION ( 'NONE',  ( 0.000000000000000000, 1.000000000000000000, 0.000000000000000000 ) ) ;
#9900 = DATE_TIME_ROLE ( 'creation_date' ) ;
#9901 = AXIS2_PLACEMENT_3D ( 'NONE', #7582, #408, #3605 ) ;
#9902 = AXIS2_PLACEMENT_3D ( 'NONE', #3230, #6527, #5690 ) ;
#9903 = ORIENTED_EDGE ( 'NONE', *, *, #4985, .T. ) ;
#9904 = CARTESIAN_POINT ( 'NONE',  ( 0.7635354490816528283, 0.1651028093749961068, 0.002000000000000000042 ) ) ;
#9905 = EDGE_CURVE ( 'NONE', #8371, #7576, #1031, .T. ) ;
#9906 = LINE ( 'NONE', #2593, #5150 ) ;
#9907 = DIRECTION ( 'NONE',  ( -0.000000000000000000, 1.000000000000000000, -0.000000000000000000 ) ) ;
#9908 = ORGANIZATION ( 'UNSPECIFIED', 'UNSPECIFIED', '' ) ;
#9909 = ORIENTED_EDGE ( 'NONE', *, *, #8627, .T. ) ;
#9910 = DIRECTION ( 'NONE',  ( 0.7071067811865499042, -0.7071067811865450192, 0.000000000000000000 ) ) ;
#9911 = CARTESIAN_POINT ( 'NONE',  ( 0.4337403957416710587, 0.1492212194414283266, 0.000000000000000000 ) ) ;
#9912 = PLANE ( 'NONE',  #7878 ) ;
#9913 = DIRECTION ( 'NONE',  ( 0.000000000000000000, -1.000000000000000000, 0.000000000000000000 ) ) ;
#9914 = EDGE_CURVE ( 'NONE', #8697, #7003, #2653, .T. ) ;
#9915 = CARTESIAN_POINT ( 'NONE',  ( 0.3759999999999999454, 0.03300000000000000155, -0.4174999999999999822 ) ) ;
#9916 = DIRECTION ( 'NONE',  ( -0.000000000000000000, -1.000000000000000000, -0.000000000000000000 ) ) ;
#9917 = DIRECTION ( 'NONE',  ( -0.000000000000000000, 1.000000000000000000, -0.000000000000000000 ) ) ;
#9918 = CARTESIAN_POINT ( 'NONE',  ( 0.6479999999999999094, 0.1784999999999998255, 0.2379999999999999893 ) ) ;
#9919 = FACE_OUTER_BOUND ( 'NONE', #7507, .T. ) ;
#9920 = ORIENTED_EDGE ( 'NONE', *, *, #3989, .T. ) ;
#9921 = ADVANCED_FACE ( 'NONE', ( #41 ), #8037, .F. ) ;
#9922 = ORIENTED_EDGE ( 'NONE', *, *, #3964, .T. ) ;
#9923 = CARTESIAN_POINT ( 'NONE',  ( 0.7806557786473226068, 0.1633042395997510998, 0.002000000000000000042 ) ) ;
#9924 = DIRECTION ( 'NONE',  ( 0.5773502691896252870, 0.5773502691896267303, 0.5773502691896252870 ) ) ;
#9925 = LINE ( 'NONE', #2770, #5048 ) ;
#9926 = DIRECTION ( 'NONE',  ( -0.000000000000000000, 1.000000000000000000, -0.000000000000000000 ) ) ;
#9927 = CARTESIAN_POINT ( 'NONE',  ( 0.8313318613576787808, 0.3415033911334287020, 0.002000000000000000042 ) ) ;
#9928 = DIRECTION ( 'NONE',  ( 0.7071067811865499042, 0.7071067811865450192, 0.000000000000000000 ) ) ;
#9929 = EDGE_LOOP ( 'NONE', ( #7896, #4087, #8304, #9507 ) ) ;
#9930 = FACE_OUTER_BOUND ( 'NONE', #5455, .T. ) ;
#9931 = ORIENTED_EDGE ( 'NONE', *, *, #1319, .T. ) ;
#9932 = VERTEX_POINT ( 'NONE', #6580 ) ;
#9933 = EDGE_LOOP ( 'NONE', ( #4734, #8467, #3425, #2619 ) ) ;
#9934 = CARTESIAN_POINT ( 'NONE',  ( 0.7690069366272613838, 0.1653296947516592064, 0.002000000000000000042 ) ) ;
#9935 = CARTESIAN_POINT ( 'NONE',  ( 0.7781861023624582208, 0.1694340856360305458, 0.002000000000000000042 ) ) ;
#9936 = CARTESIAN_POINT ( 'NONE',  ( 0.7639990416305973975, 0.1598681308451762595, 0.002000000000000000042 ) ) ;
#9937 = CARTESIAN_POINT ( 'NONE',  ( 0.7805098024657844968, 0.1649838571289137246, 0.000000000000000000 ) ) ;
#9938 = CARTESIAN_POINT ( 'NONE',  ( 0.7029999999999999583, -0.1250000000000000000, -0.4174999999999999822 ) ) ;
#9939 = CARTESIAN_POINT ( 'NONE',  ( 0.4290849705698647765, 0.1441718191984580899, 0.000000000000000000 ) ) ;
#9940 = CARTESIAN_POINT ( 'NONE',  ( 0.2599999999999998423, 0.1140000000000000041, -0.1649999999999999523 ) ) ;
#9941 = ORIENTED_EDGE ( 'NONE', *, *, #7255, .F. ) ;
#9942 = EDGE_LOOP ( 'NONE', ( #2353, #7842, #1444, #1740 ) ) ;
#9943 = ADVANCED_FACE ( 'NONE', ( #6529 ), #1715, .T. ) ;
#9944 = ORIENTED_EDGE ( 'NONE', *, *, #2759, .F. ) ;
#9945 = LINE ( 'NONE', #2793, #6067 ) ;
#9946 = DIRECTION ( 'NONE',  ( 1.000000000000000000, 0.000000000000000000, 0.000000000000000000 ) ) ;
#9947 = EDGE_CURVE ( 'NONE', #3563, #8485, #880, .T. ) ;
#9948 = ORIENTED_EDGE ( 'NONE', *, *, #3841, .F. ) ;
#9949 = LINE ( 'NONE', #6038, #3334 ) ;
#9950 = DIRECTION ( 'NONE',  ( -0.000000000000000000, -0.000000000000000000, -1.000000000000000000 ) ) ;
#9951 = AXIS2_PLACEMENT_3D ( 'NONE', #4011, #2402, #879 ) ;
#9952 = CARTESIAN_POINT ( 'NONE',  ( 0.4426524787778178260, 0.1543245585932197517, 0.000000000000000000 ) ) ;
#9953 = ORIENTED_EDGE ( 'NONE', *, *, #2772, .F. ) ;
#9954 = DIRECTION ( 'NONE',  ( 0.000000000000000000, 1.000000000000000000, 0.000000000000000000 ) ) ;
#9955 = CARTESIAN_POINT ( 'NONE',  ( 0.6729999999999999316, 0.2034999999999998199, 0.000000000000000000 ) ) ;
#9956 = PLANE ( 'NONE',  #2374 ) ;
#9957 = CYLINDRICAL_SURFACE ( 'NONE', #3903, 0.07200000000000000844 ) ;
#9958 = DIRECTION ( 'NONE',  ( -0.000000000000000000, -0.000000000000000000, -1.000000000000000000 ) ) ;
#9959 = AXIS2_PLACEMENT_3D ( 'NONE', #8936, #7531, #6754 ) ;
#9960 = CARTESIAN_POINT ( 'NONE',  ( 0.3714999999999998304, 0.07050000000000002098, 0.1080000000000000265 ) ) ;
#9961 = CARTESIAN_POINT ( 'NONE',  ( 0.4377163152004799329, 0.1681461133014031939, 0.002000000000000000042 ) ) ;
#9962 = CARTESIAN_POINT ( 'NONE',  ( 0.8299904759864327186, 0.3336517310320484264, 0.000000000000000000 ) ) ;
#9963 = ADVANCED_FACE ( 'NONE', ( #7257, #5692, #2599, #4219 ), #91, .F. ) ;
#9964 = DIRECTION ( 'NONE',  ( 0.5773502691896248429, 0.5773502691896248429, 0.5773502691896275074 ) ) ;
#9965 = ORIENTED_EDGE ( 'NONE', *, *, #3327, .T. ) ;
#9966 = ADVANCED_FACE ( 'NONE', ( #6831 ), #293, .F. ) ;
#9967 = ORIENTED_EDGE ( 'NONE', *, *, #9206, .F. ) ;
#9968 = DIRECTION ( 'NONE',  ( -0.000000000000000000, 0.000000000000000000, 1.000000000000000000 ) ) ;
#9969 = LINE ( 'NONE', #5277, #8393 ) ;
#9970 = VECTOR ( 'NONE', #2554, 39.37007874015748143 ) ;
#9971 = LINE ( 'NONE', #5226, #5555 ) ;
#9972 = CARTESIAN_POINT ( 'NONE',  ( 0.8346689288303448251, 0.3480015936880894167, 0.002000000000000000042 ) ) ;
#9973 = CARTESIAN_POINT ( 'NONE',  ( 0.8298811155275372942, 0.3423296791784397053, 0.000000000000000000 ) ) ;
#9974 = LINE ( 'NONE', #1202, #4653 ) ;
#9975 = AXIS2_PLACEMENT_3D ( 'NONE', #4998, #3634, #435 ) ;
#9976 = ORIENTED_EDGE ( 'NONE', *, *, #9007, .T. ) ;
#9977 = CARTESIAN_POINT ( 'NONE',  ( 0.8244531403347739040, 0.3374868577444571360, 0.000000000000000000 ) ) ;
#9978 = EDGE_LOOP ( 'NONE', ( #3133, #7919, #9342, #5518 ) ) ;
#9979 = VERTEX_POINT ( 'NONE', #9856 ) ;
#9980 = VERTEX_POINT ( 'NONE', #2077 ) ;
#9981 = AXIS2_PLACEMENT_3D ( 'NONE', #7787, #628, #1769 ) ;
#9982 = CARTESIAN_POINT ( 'NONE',  ( 0.4454026660942531635, 0.1448040987748159258, 0.002000000000000000042 ) ) ;
#9983 = FACE_OUTER_BOUND ( 'NONE', #859, .T. ) ;
#9984 = PLANE ( 'NONE',  #2559 ) ;
#9985 = LINE ( 'NONE', #1262, #6556 ) ;
#9986 = AXIS2_PLACEMENT_3D ( 'NONE', #10300, #6331, #9514 ) ;
#9987 = CARTESIAN_POINT ( 'NONE',  ( 0.8253630523945861830, 0.3239130849039085769, 0.002000000000000000042 ) ) ;
#9988 = CARTESIAN_POINT ( 'NONE',  ( 0.4294339157489338032, 0.1434165467920270887, 0.000000000000000000 ) ) ;
#9989 = EDGE_CURVE ( 'NONE', #1093, #10304, #6047, .T. ) ;
#9990 = PLANE ( 'NONE',  #446 ) ;
#9991 = ORIENTED_EDGE ( 'NONE', *, *, #3251, .T. ) ;
#9992 = ORIENTED_EDGE ( 'NONE', *, *, #7062, .F. ) ;
#9993 = VERTEX_POINT ( 'NONE', #4325 ) ;
#9994 = EDGE_CURVE ( 'NONE', #6120, #4308, #8400, .T. ) ;
#9995 = CARTESIAN_POINT ( 'NONE',  ( 0.4299999999999999378, 0.2034999999999998199, 0.000000000000000000 ) ) ;
#9996 = EDGE_CURVE ( 'NONE', #680, #1359, #1237, .T. ) ;
#9997 = CARTESIAN_POINT ( 'NONE',  ( 0.4377891646288395444, 0.1515695332427556552, 0.000000000000000000 ) ) ;
#9998 = AXIS2_PLACEMENT_3D ( 'NONE', #9158, #9889, #1953 ) ;
#9999 = APPROVAL_ROLE ( '' ) ;
#10000 = ORIENTED_EDGE ( 'NONE', *, *, #2221, .F. ) ;
#10001 = FACE_OUTER_BOUND ( 'NONE', #5668, .T. ) ;
#10002 = DIRECTION ( 'NONE',  ( -1.000000000000000000, 0.000000000000000000, -6.829619984160638522E-14 ) ) ;
#10003 = ADVANCED_FACE ( 'NONE', ( #499 ), #1973, .T. ) ;
#10004 = LINE ( 'NONE', #8495, #7557 ) ;
#10005 = VERTEX_POINT ( 'NONE', #2913 ) ;
#10006 = DIRECTION ( 'NONE',  ( -0.000000000000000000, 0.000000000000000000, -1.000000000000000000 ) ) ;
#10007 = CARTESIAN_POINT ( 'NONE',  ( 0.8331856457634186919, 0.3396896796879048663, 0.000000000000000000 ) ) ;
#10008 = PLANE ( 'NONE',  #4206 ) ;
#10009 = DIRECTION ( 'NONE',  ( 0.000000000000000000, 0.000000000000000000, -1.000000000000000000 ) ) ;
#10010 = AXIS2_PLACEMENT_3D ( 'NONE', #701, #3308, #753 ) ;
#10011 = DIRECTION ( 'NONE',  ( -0.000000000000000000, 1.000000000000000000, -0.000000000000000000 ) ) ;
#10012 = CARTESIAN_POINT ( 'NONE',  ( 0.7684399751051634864, 0.1633468887239177825, 0.000000000000000000 ) ) ;
#10013 = LINE ( 'NONE', #5843, #4132 ) ;
#10014 = FACE_OUTER_BOUND ( 'NONE', #6016, .T. ) ;
#10015 = LINE ( 'NONE', #7575, #4561 ) ;
#10016 = ORIENTED_EDGE ( 'NONE', *, *, #2480, .F. ) ;
#10017 = VERTEX_POINT ( 'NONE', #2809 ) ;
#10018 = CARTESIAN_POINT ( 'NONE',  ( 0.4433711968758370370, 0.1536252801283445879, 0.002000000000000000042 ) ) ;
#10019 = LINE ( 'NONE', #1939, #6400 ) ;
#10020 = CARTESIAN_POINT ( 'NONE',  ( 0.4305909598930606763, 0.1541426547634781874, 0.002000000000000000042 ) ) ;
#10021 = CARTESIAN_POINT ( 'NONE',  ( 0.4849999999999999312, 0.2904999999999998139, 0.000000000000000000 ) ) ;
#10022 = EDGE_CURVE ( 'NONE', #6449, #4107, #443, .T. ) ;
#10023 = CARTESIAN_POINT ( 'NONE',  ( 0.4345552671548617019, 0.1448263110696073885, 0.002000000000000000042 ) ) ;
#10024 = EDGE_CURVE ( 'NONE', #1771, #8949, #7614, .T. ) ;
#10025 = PLANE ( 'NONE',  #140 ) ;
#10026 = AXIS2_PLACEMENT_3D ( 'NONE', #7592, #5966, #6759 ) ;
#10027 = VECTOR ( 'NONE', #614, 39.37007874015748143 ) ;
#10028 = ORIENTED_EDGE ( 'NONE', *, *, #6112, .F. ) ;
#10029 = CARTESIAN_POINT ( 'NONE',  ( 0.6729999999999999316, 0.1784999999999998255, 0.2304999999999999827 ) ) ;
#10030 = ORIENTED_EDGE ( 'NONE', *, *, #1385, .F. ) ;
#10031 = ADVANCED_FACE ( 'NONE', ( #8247 ), #9957, .F. ) ;
#10032 = VECTOR ( 'NONE', #9137, 39.37007874015748143 ) ;
#10033 = ORIENTED_EDGE ( 'NONE', *, *, #1708, .F. ) ;
#10034 = ORIENTED_EDGE ( 'NONE', *, *, #7382, .F. ) ;
#10035 = CARTESIAN_POINT ( 'NONE',  ( 0.5399999999999999245, 0.03300000000000000155, -0.3054999999999999938 ) ) ;
#10036 = CARTESIAN_POINT ( 'NONE',  ( 0.7719794784938086574, 0.1720873076955684311, 0.002000000000000000042 ) ) ;
#10037 = LINE ( 'NONE', #2884, #1559 ) ;
#10038 = CARTESIAN_POINT ( 'NONE',  ( 0.5639999999999999458, 0.2034999999999998199, 0.000000000000000000 ) ) ;
#10039 = EDGE_CURVE ( 'NONE', #4497, #4566, #9176, .T. ) ;
#10040 = LINE ( 'NONE', #5867, #5504 ) ;
#10041 = VECTOR ( 'NONE', #7603, 39.37007874015748143 ) ;
#10042 = CARTESIAN_POINT ( 'NONE',  ( 0.7805664145437047896, 0.1619917182609540707, 0.000000000000000000 ) ) ;
#10043 = VECTOR ( 'NONE', #5789, 39.37007874015748143 ) ;
#10044 = CARTESIAN_POINT ( 'NONE',  ( 0.4309458263081459850, 0.1413091365864510562, 0.000000000000000000 ) ) ;
#10045 = VECTOR ( 'NONE', #3500, 39.37007874015748143 ) ;
#10046 = CARTESIAN_POINT ( 'NONE',  ( 0.3934999999999999609, 0.2904999999999998139, 0.2379999999999999893 ) ) ;
#10047 = ORIENTED_EDGE ( 'NONE', *, *, #2319, .T. ) ;
#10048 = ORIENTED_EDGE ( 'NONE', *, *, #8481, .T. ) ;
#10049 = ORIENTED_EDGE ( 'NONE', *, *, #17, .F. ) ;
#10050 = LINE ( 'NONE', #544, #9571 ) ;
#10051 = ADVANCED_FACE ( 'NONE', ( #1184 ), #344, .T. ) ;
#10052 = CARTESIAN_POINT ( 'NONE',  ( 0.4396790430646638770, 0.1504928883462755274, 0.000000000000000000 ) ) ;
#10053 = VECTOR ( 'NONE', #6603, 39.37007874015748143 ) ;
#10054 = APPROVAL_DATE_TIME ( #547, #10221 ) ;
#10055 = ADVANCED_FACE ( 'NONE', ( #7512 ), #5892, .T. ) ;
#10056 = ORIENTED_EDGE ( 'NONE', *, *, #9403, .F. ) ;
#10057 = CARTESIAN_POINT ( 'NONE',  ( 0.8258858607345276326, 0.3480015936880894167, 0.000000000000000000 ) ) ;
#10058 = AXIS2_PLACEMENT_3D ( 'NONE', #4692, #10178, #10330 ) ;
#10059 = VECTOR ( 'NONE', #5223, 39.37007874015748143 ) ;
#10060 = CARTESIAN_POINT ( 'NONE',  ( 0.7714999999999999636, 0.4234999999999998765, 0.2079999999999999627 ) ) ;
#10061 = ORIENTED_EDGE ( 'NONE', *, *, #1855, .F. ) ;
#10062 = DIRECTION ( 'NONE',  ( -1.000000000000000000, 0.000000000000000000, -0.000000000000000000 ) ) ;
#10063 = ORIENTED_EDGE ( 'NONE', *, *, #4227, .F. ) ;
#10064 = FACE_BOUND ( 'NONE', #8979, .T. ) ;
#10065 = CARTESIAN_POINT ( 'NONE',  ( 0.8347011316343856402, 0.3365108747419189306, 0.002000000000000000042 ) ) ;
#10066 = CARTESIAN_POINT ( 'NONE',  ( 0.7029999999999999583, 0.03300000000000000155, -0.4425000000000000044 ) ) ;
#10067 = DIRECTION ( 'NONE',  ( -0.000000000000000000, 1.000000000000000000, -0.000000000000000000 ) ) ;
#10068 = VECTOR ( 'NONE', #2066, 39.37007874015748143 ) ;
#10069 = VECTOR ( 'NONE', #790, 39.37007874015748854 ) ;
#10070 = EDGE_CURVE ( 'NONE', #10, #1828, #8295, .T. ) ;
#10071 = CARTESIAN_POINT ( 'NONE',  ( 0.4849999999999999312, 0.03300000000000000155, -0.4174999999999999822 ) ) ;
#10072 = CARTESIAN_POINT ( 'NONE',  ( 0.7700363515042257800, 0.1664259053474933525, 0.002000000000000000042 ) ) ;
#10073 = LINE ( 'NONE', #10123, #3633 ) ;
#10074 = VECTOR ( 'NONE', #3904, 39.37007874015748143 ) ;
#10075 = CARTESIAN_POINT ( 'NONE',  ( 0.1869999999999998885, 0.1140000000000000041, -0.4899999999999999911 ) ) ;
#10076 = VECTOR ( 'NONE', #8757, 39.37007874015748854 ) ;
#10077 = CARTESIAN_POINT ( 'NONE',  ( 0.7755834686115824494, 0.1638604565362231646, 0.002000000000000000042 ) ) ;
#10078 = ORIENTED_EDGE ( 'NONE', *, *, #3398, .T. ) ;
#10079 = ORIENTED_EDGE ( 'NONE', *, *, #1579, .T. ) ;
#10080 = EDGE_CURVE ( 'NONE', #6674, #2562, #4373, .T. ) ;
#10081 = PLANE ( 'NONE',  #183 ) ;
#10082 = DIRECTION ( 'NONE',  ( 0.000000000000000000, -1.000000000000000000, 0.000000000000000000 ) ) ;
#10083 = PLANE ( 'NONE',  #5792 ) ;
#10084 = LINE ( 'NONE', #9972, #4064 ) ;
#10085 = VECTOR ( 'NONE', #7974, 39.37007874015748143 ) ;
#10086 = CARTESIAN_POINT ( 'NONE',  ( 0.4335130298929487092, 0.1476747652060336757, 0.000000000000000000 ) ) ;
#10087 = CARTESIAN_POINT ( 'NONE',  ( 0.6489999999999999103, -0.1250000000000000000, -0.3305000000000000160 ) ) ;
#10088 = ORIENTED_EDGE ( 'NONE', *, *, #7453, .T. ) ;
#10089 = CARTESIAN_POINT ( 'NONE',  ( 0.7820000000000000284, 0.2034999999999998199, 0.2304999999999999827 ) ) ;
#10090 = ORIENTED_EDGE ( 'NONE', *, *, #2453, .F. ) ;
#10091 = VERTEX_POINT ( 'NONE', #3539 ) ;
#10092 = EDGE_LOOP ( 'NONE', ( #1480, #8227, #8752, #2928 ) ) ;
#10093 = CARTESIAN_POINT ( 'NONE',  ( 0.4457187570928756171, 0.1465005023646544502, 0.000000000000000000 ) ) ;
#10094 = DIRECTION ( 'NONE',  ( -0.000000000000000000, 0.000000000000000000, -1.000000000000000000 ) ) ;
#10095 = DIRECTION ( 'NONE',  ( 1.000000000000000000, 0.000000000000000000, -0.000000000000000000 ) ) ;
#10096 = DIRECTION ( 'NONE',  ( 0.1559625734730109292, -0.9877629653290691536, -0.000000000000000000 ) ) ;
#10097 = CARTESIAN_POINT ( 'NONE',  ( 0.8239642995931611980, 0.3240163969732560156, 0.000000000000000000 ) ) ;
#10098 = EDGE_CURVE ( 'NONE', #3442, #7829, #6731, .T. ) ;
#10099 = DIRECTION ( 'NONE',  ( 0.000000000000000000, -1.000000000000000000, 0.000000000000000000 ) ) ;
#10100 = CARTESIAN_POINT ( 'NONE',  ( 0.4371543786620399330, 0.1386556837640715301, 0.002000000000000000042 ) ) ;
#10101 = FACE_BOUND ( 'NONE', #9350, .T. ) ;
#10102 = VERTEX_POINT ( 'NONE', #9128 ) ;
#10103 = ORIENTED_EDGE ( 'NONE', *, *, #2003, .F. ) ;
#10104 = ORIENTED_EDGE ( 'NONE', *, *, #2886, .T. ) ;
#10105 = ADVANCED_FACE ( 'NONE', ( #5163 ), #8348, .T. ) ;
#10106 = CARTESIAN_POINT ( 'NONE',  ( 0.7803121544116682351, 0.1607790876599789753, 0.000000000000000000 ) ) ;
#10107 = ADVANCED_FACE ( 'NONE', ( #6252 ), #4585, .F. ) ;
#10108 = DIRECTION ( 'NONE',  ( -0.8930733842936222633, 0.4499110248330619455, 0.000000000000000000 ) ) ;
#10109 = EDGE_CURVE ( 'NONE', #9289, #2236, #5424, .T. ) ;
#10110 = VERTEX_POINT ( 'NONE', #7926 ) ;
#10111 = CARTESIAN_POINT ( 'NONE',  ( 0.4414999999999997815, 0.4284999999999998810, 0.2080000000000000460 ) ) ;
#10112 = CARTESIAN_POINT ( 'NONE',  ( 0.8228345453307983615, 0.3361391133616208893, 0.002000000000000000042 ) ) ;
#10113 = ORIENTED_EDGE ( 'NONE', *, *, #7510, .F. ) ;
#10114 = CARTESIAN_POINT ( 'NONE',  ( 0.4447961006068885115, 0.1516497454809752066, 0.002000000000000000042 ) ) ;
#10115 = ORIENTED_EDGE ( 'NONE', *, *, #4003, .F. ) ;
#10116 = LINE ( 'NONE', #2170, #9372 ) ;
#10117 = PLANE ( 'NONE',  #7401 ) ;
#10118 = CARTESIAN_POINT ( 'NONE',  ( 0.7803121544116682351, 0.1607790876599789753, 0.002000000000000000042 ) ) ;
#10119 = DIRECTION ( 'NONE',  ( 0.000000000000000000, -0.000000000000000000, 1.000000000000000000 ) ) ;
#10120 = LINE ( 'NONE', #6050, #6194 ) ;
#10121 = CARTESIAN_POINT ( 'NONE',  ( 0.7706682567406326623, 0.1667857430632711524, 0.000000000000000000 ) ) ;
#10122 = B_SPLINE_CURVE_WITH_KNOTS ( 'NONE', 3,
 ( #2389, #9597, #28, #5632, #5586, #8807, #10273, #1652, #7190, #4842, #3063 ),
 .UNSPECIFIED., .F., .F.,
 ( 4, 1, 1, 1, 1, 1, 1, 1, 4 ),
 ( 0.000000000000000000, 0.1381137870618464325, 0.2684083835837791088, 0.3941909055405368179, 0.5170923452347715443, 0.6374931640526638743, 0.7570041724766231050, 0.8772941249553409815, 1.000000000000000000 ),
 .UNSPECIFIED. ) ;
#10123 = CARTESIAN_POINT ( 'NONE',  ( 0.4849999999999999312, 0.03300000000000000155, -0.4174999999999999822 ) ) ;
#10124 = LINE ( 'NONE', #9918, #1304 ) ;
#10125 = EDGE_CURVE ( 'NONE', #9894, #9980, #2275, .T. ) ;
#10126 = CARTESIAN_POINT ( 'NONE',  ( 0.8369999999999999662, 0.03300000000000000155, -0.4425000000000000044 ) ) ;
#10127 = ORIENTED_EDGE ( 'NONE', *, *, #9079, .F. ) ;
#10128 = DIRECTION ( 'NONE',  ( 1.000000000000000000, 0.000000000000000000, -0.000000000000000000 ) ) ;
#10129 = DIRECTION ( 'NONE',  ( 0.000000000000000000, 0.000000000000000000, 1.000000000000000000 ) ) ;
#10130 = CARTESIAN_POINT ( 'NONE',  ( 0.4414999999999997815, 0.07050000000000002098, 0.2080000000000000460 ) ) ;
#10131 = ADVANCED_FACE ( 'NONE', ( #3161 ), #5472, .F. ) ;
#10132 = CARTESIAN_POINT ( 'NONE',  ( 0.9514999999999997904, 0.03300000000000000155, -0.1024999999999999245 ) ) ;
#10133 = EDGE_CURVE ( 'NONE', #9878, #3451, #8105, .T. ) ;
#10134 = VECTOR ( 'NONE', #3505, 39.37007874015748143 ) ;
#10135 = CARTESIAN_POINT ( 'NONE',  ( 0.8336793683262426757, 0.3389638980631275444, 0.002000000000000000042 ) ) ;
#10136 = DIRECTION ( 'NONE',  ( -1.000000000000000000, 0.000000000000000000, 0.000000000000000000 ) ) ;
#10137 = VERTEX_POINT ( 'NONE', #2228 ) ;
#10138 = VECTOR ( 'NONE', #5699, 39.37007874015748143 ) ;
#10139 = LINE ( 'NONE', #6956, #6976 ) ;
#10140 = ORIENTED_EDGE ( 'NONE', *, *, #10022, .T. ) ;
#10141 = ORIENTED_EDGE ( 'NONE', *, *, #10160, .F. ) ;
#10142 = ORIENTED_EDGE ( 'NONE', *, *, #227, .T. ) ;
#10143 = CARTESIAN_POINT ( 'NONE',  ( 0.8218961113116035611, 0.3526769056879103248, 0.002000000000000000042 ) ) ;
#10144 = LINE ( 'NONE', #1574, #3355 ) ;
#10145 = DIRECTION ( 'NONE',  ( -0.000000000000000000, 0.000000000000000000, -1.000000000000000000 ) ) ;
#10146 = FACE_OUTER_BOUND ( 'NONE', #6850, .T. ) ;
#10147 = B_SPLINE_CURVE_WITH_KNOTS ( 'NONE', 3,
 ( #9448, #5490, #8668, #7154, #6480, #728, #2344, #6372, #4702, #1664, #142 ),
 .UNSPECIFIED., .F., .F.,
 ( 4, 1, 1, 1, 1, 1, 1, 1, 4 ),
 ( 0.000000000000000000, 0.1344633271833039490, 0.2615171309087622742, 0.3855603581778880851, 0.5113083041965021946, 0.6348017625084256821, 0.7543944390499836006, 0.8738512210393251101, 1.000000000000000000 ),
 .UNSPECIFIED. ) ;
#10148 = CARTESIAN_POINT ( 'NONE',  ( 0.8175273549163754039, 0.3283147528495745093, 0.000000000000000000 ) ) ;
#10149 = VECTOR ( 'NONE', #9917, 39.37007874015748143 ) ;
#10150 = LINE ( 'NONE', #1466, #2486 ) ;
#10151 = EDGE_CURVE ( 'NONE', #8340, #9663, #1437, .T. ) ;
#10152 = DIRECTION ( 'NONE',  ( 0.5773502691896270633, 0.5773502691896230665, 0.5773502691896270633 ) ) ;
#10153 = LINE ( 'NONE', #480, #6628 ) ;
#10154 = VERTEX_POINT ( 'NONE', #1488 ) ;
#10155 = VERTEX_POINT ( 'NONE', #3849 ) ;
#10156 = ORIENTED_EDGE ( 'NONE', *, *, #9574, .T. ) ;
#10157 = CARTESIAN_POINT ( 'NONE',  ( 0.7794200286961955326, 0.1584594494356297567, 0.002000000000000000042 ) ) ;
#10158 = DIRECTION ( 'NONE',  ( -1.000000000000000000, 0.000000000000000000, -0.000000000000000000 ) ) ;
#10159 = VECTOR ( 'NONE', #4941, 39.37007874015748143 ) ;
#10160 = EDGE_CURVE ( 'NONE', #2995, #1093, #9434, .T. ) ;
#10161 = EDGE_CURVE ( 'NONE', #4369, #7238, #8501, .T. ) ;
#10162 = CARTESIAN_POINT ( 'NONE',  ( 0.7728044751776775856, 0.1591822432287026412, 0.000000000000000000 ) ) ;
#10163 = EDGE_CURVE ( 'NONE', #3363, #2321, #710, .T. ) ;
#10164 = CARTESIAN_POINT ( 'NONE',  ( 0.8236287016307679565, 0.3369259573601487423, 0.002000000000000000042 ) ) ;
#10165 = ORIENTED_EDGE ( 'NONE', *, *, #1820, .T. ) ;
#10166 = CARTESIAN_POINT ( 'NONE',  ( 0.9529999999999999583, 0.3415000000000002478, -0.4899999999999999911 ) ) ;
#10167 = ORIENTED_EDGE ( 'NONE', *, *, #7104, .T. ) ;
#10168 = DIRECTION ( 'NONE',  ( -0.000000000000000000, -0.000000000000000000, -1.000000000000000000 ) ) ;
#10169 = FACE_OUTER_BOUND ( 'NONE', #9060, .T. ) ;
#10170 = DIRECTION ( 'NONE',  ( -0.000000000000000000, 1.000000000000000000, -0.000000000000000000 ) ) ;
#10171 = CARTESIAN_POINT ( 'NONE',  ( 0.8329468790446969972, 0.3274369805470155881, 0.002000000000000000042 ) ) ;
#10172 = EDGE_CURVE ( 'NONE', #404, #7912, #10272, .T. ) ;
#10173 = LINE ( 'NONE', #7663, #181 ) ;
#10174 = EDGE_CURVE ( 'NONE', #6894, #6587, #5524, .T. ) ;
#10175 = CARTESIAN_POINT ( 'NONE',  ( 0.7684632137244792327, 0.1638785067156194875, 0.002000000000000000042 ) ) ;
#10176 = PLANE ( 'NONE',  #294 ) ;
#10177 = LINE ( 'NONE', #3014, #9319 ) ;
#10178 = DIRECTION ( 'NONE',  ( 0.000000000000000000, -0.7071067811865500152, -0.7071067811865451302 ) ) ;
#10179 = EDGE_LOOP ( 'NONE', ( #7379, #8200, #4074, #263 ) ) ;
#10180 = CARTESIAN_POINT ( 'NONE',  ( 0.4302721644301692461, 0.1534927876667128155, 0.002000000000000000042 ) ) ;
#10181 = DIRECTION ( 'NONE',  ( -0.000000000000000000, -0.000000000000000000, 1.000000000000000000 ) ) ;
#10182 = CARTESIAN_POINT ( 'NONE',  ( 0.5024999999999999467, 0.3154999999999998361, 0.2379999999999999893 ) ) ;
#10183 = CARTESIAN_POINT ( 'NONE',  ( 0.8263481930377442053, 0.3289561985474221961, 0.002000000000000000042 ) ) ;
#10184 = CLOSED_SHELL ( 'NONE', ( #945, #6342, #6874, #7929, #5306, #7429, #9362, #6049, #6413, #192, #3450, #626, #7095, #588, #9963, #1681, #1181, #1961, #4453, #6180, #8591, #7778, #4936, #1029, #4539, #3907, #98, #2887, #5164, #8538, #2469, #1494, #2590, #2244, #5646, #5932, #4929, #8802, #8502, #2746, #9782, #1682, #1032, #4896, #3078, #7065, #663, #7963, #6179, #587, #8695, #46, #2588, #3356, #5459, #3416, #9428, #5344, #7424, #7461, #1253, #4808, #2175, #7938, #2962, #5125, #167, #5022, #5212, #8114, #4632, #9246, #9391, #4657, #601, #3110, #7549, #10031, #7356, #5058, #2386, #7489, #6825, #9076, #4573, #9783, #520, #8285, #5417, #9287, #10131, #5250, #8070, #7670, #5763, #5585, #1186, #3564, #2758, #3404, #2687, #6819, #4869, #3839, #7607, #6355, #8945, #817, #3673, #7759, #5885, #7239, #7416, #9772, #3651, #1992, #5024, #4078, #7275, #2755, #309, #7543, #7827, #9966, #7606, #5988, #741, #5824, #8442, #9921, #3868, #7323, #5213, #6081, #9180, #2634, #2925, #3201, #6375, #5103, #9103, #4478, #1502, #9890, #2769, #70, #9567, #509, #125, #1348, #6140, #3091, #1342, #2667, #6089, #1598, #3517, #1410, #9654, #2567, #1264, #7735, #9863, #8349, #389, #9804, #4069, #3270, #2725, #5620, #1163, #5881, #3427, #7035, #4494, #8464, #4118, #7396, #8733, #1546, #5746, #7268, #8362, #4470, #7493, #7667, #2506, #801, #1657, #322, #5087, #10105, #1767, #4039, #4440, #555, #9736, #6656, #8950, #3790, #8013, #3306, #2245, #2371, #1376, #3281, #8466, #4612, #5613, #5772, #4743, #10055, #5951, #8180, #8030, #1834, #1882, #5100, #10003, #10051, #2467, #4013, #894, #2629, #3162, #491, #998, #1243, #9116, #2621, #1445, #2727, #4489, #6841, #3489, #2378, #6714, #910, #9450, #4261, #4945, #7941, #4796, #7596, #3330, #4704, #4971, #907, #10107, #94, #7230, #297, #743, #686, #1932, #5601, #8339, #7250, #1600, #6971, #6720, #6977, #9943, #4993, #2266, #8820, #7640, #5597, #5077, #8313, #9860, #9596, #9335, #1230, #5346, #8028, #3357, #4519, #4623, #6937, #3781, #3037, #1450, #9297, #1690, #589, #2822, #9080, #72, #8351, #3814, #6804, #7034, #5695, #3866, #8338, #6092, #331, #4115, #7513, #4394, #1692, #4291, #1533, #7546, #9156, #6616, #47, #3449, #6165, #6952, #8092, #7335, #3533, #5791, #3245, #1417 ) ) ;
#10185 = CARTESIAN_POINT ( 'NONE',  ( 0.4370588494505051602, 0.1436906351484940059, 0.002000000000000000042 ) ) ;
#10186 = EDGE_CURVE ( 'NONE', #8319, #9823, #4742, .T. ) ;
#10187 = DIRECTION ( 'NONE',  ( 0.7071067811865466846, -0.7071067811865483499, 0.000000000000000000 ) ) ;
#10188 = EDGE_CURVE ( 'NONE', #1695, #1839, #7718, .T. ) ;
#10189 = ORIENTED_EDGE ( 'NONE', *, *, #2084, .T. ) ;
#10190 = CARTESIAN_POINT ( 'NONE',  ( 0.7714999999999999636, 0.4284999999999998810, 0.1079999999999999849 ) ) ;
#10191 = VERTEX_POINT ( 'NONE', #1700 ) ;
#10192 = ORIENTED_EDGE ( 'NONE', *, *, #1064, .T. ) ;
#10193 = EDGE_LOOP ( 'NONE', ( #7891, #8830, #1013, #1619 ) ) ;
#10194 = CARTESIAN_POINT ( 'NONE',  ( 0.4559999999999999054, -0.1250000000000000000, -0.3229999999999999538 ) ) ;
#10195 = CARTESIAN_POINT ( 'NONE',  ( 0.7806344231218973473, 0.1641528766572182274, 0.000000000000000000 ) ) ;
#10196 = CARTESIAN_POINT ( 'NONE',  ( 0.5714999999999998970, 0.07050000000000002098, 0.2080000000000000182 ) ) ;
#10197 = CARTESIAN_POINT ( 'NONE',  ( 1.212999999999999856, 0.1139999999999998653, -0.1649999999999999523 ) ) ;
#10198 = CARTESIAN_POINT ( 'NONE',  ( 0.8196182347026111925, 0.3259135394087671611, 0.002000000000000000042 ) ) ;
#10199 = DIRECTION ( 'NONE',  ( -1.000000000000000000, 0.000000000000000000, -0.000000000000000000 ) ) ;
#10200 = AXIS2_PLACEMENT_3D ( 'NONE', #6153, #6888, #1338 ) ;
#10201 = EDGE_CURVE ( 'NONE', #9494, #1125, #2536, .T. ) ;
#10202 = EDGE_CURVE ( 'NONE', #3228, #4321, #864, .T. ) ;
#10203 = CARTESIAN_POINT ( 'NONE',  ( 0.7719794784938086574, 0.1720873076955684311, 0.002000000000000000042 ) ) ;
#10204 = CARTESIAN_POINT ( 'NONE',  ( 1.212999999999999856, 0.1149999999999998662, -0.1649999999999999523 ) ) ;
#10205 = ORIENTED_EDGE ( 'NONE', *, *, #9486, .T. ) ;
#10206 = ORIENTED_EDGE ( 'NONE', *, *, #7991, .T. ) ;
#10207 = ORIENTED_EDGE ( 'NONE', *, *, #6876, .T. ) ;
#10208 = DIRECTION ( 'NONE',  ( 0.1559625734730109292, -0.9877629653290691536, -0.000000000000000000 ) ) ;
#10209 = CARTESIAN_POINT ( 'NONE',  ( 0.8452586961495975881, 0.06550000000000003042, 0.2379999999999999893 ) ) ;
#10210 = EDGE_CURVE ( 'NONE', #2236, #4791, #7343, .T. ) ;
#10211 = AXIS2_PLACEMENT_3D ( 'NONE', #7302, #136, #3325 ) ;
#10212 = CARTESIAN_POINT ( 'NONE',  ( 0.7756102954488707235, 0.1627897441268046641, 0.002000000000000000042 ) ) ;
#10213 = VERTEX_POINT ( 'NONE', #7398 ) ;
#10214 = VECTOR ( 'NONE', #10208, 39.37007874015748143 ) ;
#10215 = CYLINDRICAL_SURFACE ( 'NONE', #1716, 0.07699999999999995737 ) ;
#10216 = ORIENTED_EDGE ( 'NONE', *, *, #5259, .F. ) ;
#10217 = CARTESIAN_POINT ( 'NONE',  ( 0.7684647547745936391, 0.1622812238033778387, 0.002000000000000000042 ) ) ;
#10218 = LINE ( 'NONE', #8600, #7235 ) ;
#10219 = CARTESIAN_POINT ( 'NONE',  ( 0.7796512177153080980, 0.1589901862024975798, 0.002000000000000000042 ) ) ;
#10220 = CARTESIAN_POINT ( 'NONE',  ( -1.117071446801986152E-16, 0.4039999999999999702, -0.1649999999999999523 ) ) ;
#10221 = APPROVAL ( #2163, 'UNSPECIFIED' ) ;
#10222 = DIRECTION ( 'NONE',  ( -0.000000000000000000, -0.000000000000000000, 1.000000000000000000 ) ) ;
#10223 = VECTOR ( 'NONE', #7969, 39.37007874015748143 ) ;
#10224 = VECTOR ( 'NONE', #4176, 39.37007874015748143 ) ;
#10225 = EDGE_CURVE ( 'NONE', #3351, #5714, #79, .T. ) ;
#10226 = ORIENTED_EDGE ( 'NONE', *, *, #8666, .F. ) ;
#10227 = CARTESIAN_POINT ( 'NONE',  ( 1.150499999999999856, 0.4940000000000003277, -0.09500000000000001499 ) ) ;
#10228 = LINE ( 'NONE', #6943, #4812 ) ;
#10229 = DIRECTION ( 'NONE',  ( 1.000000000000000000, 0.000000000000000000, -0.000000000000000000 ) ) ;
#10230 = DIRECTION ( 'NONE',  ( -0.000000000000000000, 1.000000000000000000, -0.000000000000000000 ) ) ;
#10231 = ORIENTED_EDGE ( 'NONE', *, *, #4598, .F. ) ;
#10232 = CARTESIAN_POINT ( 'NONE',  ( 0.8288146629399767429, 0.3302127199837811000, 0.000000000000000000 ) ) ;
#10233 = LINE ( 'NONE', #9291, #5225 ) ;
#10234 = EDGE_CURVE ( 'NONE', #7779, #1982, #6461, .T. ) ;
#10235 = VECTOR ( 'NONE', #4360, 39.37007874015748854 ) ;
#10236 = AXIS2_PLACEMENT_3D ( 'NONE', #1868, #2075, #5890 ) ;
#10237 = CARTESIAN_POINT ( 'NONE',  ( 0.7706682567406326623, 0.1667857430632711524, 0.000000000000000000 ) ) ;
#10238 = CARTESIAN_POINT ( 'NONE',  ( 0.8168126853080031058, 0.3297986180355813035, 0.000000000000000000 ) ) ;
#10239 = CARTESIAN_POINT ( 'NONE',  ( 0.4363728184145541644, 0.1437322455111450792, 0.002000000000000000042 ) ) ;
#10240 = VECTOR ( 'NONE', #5994, 39.37007874015748143 ) ;
#10241 = CARTESIAN_POINT ( 'NONE',  ( 0.4385000000000000009, -0.1250000000000000000, -0.3229999999999999538 ) ) ;
#10242 = CIRCLE ( 'NONE', #7076, 0.07199999999999999456 ) ;
#10243 = EDGE_LOOP ( 'NONE', ( #7726, #7681, #9, #9761 ) ) ;
#10244 = FACE_OUTER_BOUND ( 'NONE', #2866, .T. ) ;
#10245 = ORIENTED_EDGE ( 'NONE', *, *, #2346, .T. ) ;
#10246 = ORIENTED_EDGE ( 'NONE', *, *, #1640, .F. ) ;
#10247 = ORIENTED_EDGE ( 'NONE', *, *, #9206, .T. ) ;
#10248 = DIRECTION ( 'NONE',  ( 1.000000000000000000, 0.000000000000000000, 0.000000000000000000 ) ) ;
#10249 = CARTESIAN_POINT ( 'NONE',  ( 0.7820000000000000284, 0.2034999999999998199, 0.2379999999999999893 ) ) ;
#10250 = CC_DESIGN_APPROVAL ( #10221, ( #1575 ) ) ;
#10251 = CARTESIAN_POINT ( 'NONE',  ( 0.4457328774097429891, 0.1476975546342012835, 0.002000000000000000042 ) ) ;
#10252 = DIRECTION ( 'NONE',  ( 0.000000000000000000, -1.000000000000000000, 0.000000000000000000 ) ) ;
#10253 = CARTESIAN_POINT ( 'NONE',  ( 0.8184673689304708954, 0.3270211361639307479, 0.002000000000000000042 ) ) ;
#10254 = DIRECTION ( 'NONE',  ( 1.000000000000000000, -0.000000000000000000, -0.000000000000000000 ) ) ;
#10255 = CARTESIAN_POINT ( 'NONE',  ( 0.7647918889131452014, 0.1682231922788985645, 0.000000000000000000 ) ) ;
#10256 = CARTESIAN_POINT ( 'NONE',  ( 1.098500000000000032, 0.2469999999999999418, -0.1649999999999999523 ) ) ;
#10257 = VERTEX_POINT ( 'NONE', #5780 ) ;
#10258 = EDGE_LOOP ( 'NONE', ( #1308, #6551, #635, #7855 ) ) ;
#10259 = EDGE_LOOP ( 'NONE', ( #2867, #5872, #4986, #9049 ) ) ;
#10260 = CARTESIAN_POINT ( 'NONE',  ( 0.8782586961495976174, 0.4284999999999998810, 0.000000000000000000 ) ) ;
#10261 = EDGE_CURVE ( 'NONE', #9502, #1484, #5583, .T. ) ;
#10262 = DIRECTION ( 'NONE',  ( -0.000000000000000000, -1.000000000000000000, -0.000000000000000000 ) ) ;
#10263 = LINE ( 'NONE', #7180, #1842 ) ;
#10264 = VERTEX_POINT ( 'NONE', #123 ) ;
#10265 = ORIENTED_EDGE ( 'NONE', *, *, #4194, .F. ) ;
#10266 = EDGE_CURVE ( 'NONE', #204, #3262, #3423, .T. ) ;
#10267 = CARTESIAN_POINT ( 'NONE',  ( 1.171000000000000041, 0.5082634147716499351, -0.01499999999999999944 ) ) ;
#10268 = ORIENTED_EDGE ( 'NONE', *, *, #6464, .T. ) ;
#10269 = CARTESIAN_POINT ( 'NONE',  ( 0.06249999999999988204, 0.4939999999999999947, -0.4899999999999999911 ) ) ;
#10270 = CARTESIAN_POINT ( 'NONE',  ( 0.8319997669491113745, 0.3409718208150791519, 0.002000000000000000042 ) ) ;
#10271 = CARTESIAN_POINT ( 'NONE',  ( 0.5939999999999999725, 0.03300000000000000155, -0.4174999999999999822 ) ) ;
#10272 = LINE ( 'NONE', #762, #8568 ) ;
#10273 = CARTESIAN_POINT ( 'NONE',  ( 0.8242165392532653234, 0.3292902673486814424, 0.000000000000000000 ) ) ;
#10274 = EDGE_LOOP ( 'NONE', ( #8033, #8390, #10167, #3899 ) ) ;
#10275 = CARTESIAN_POINT ( 'NONE',  ( 0.7205000000000000293, -0.1250000000000000000, -0.4174999999999999822 ) ) ;
#10276 = CARTESIAN_POINT ( 'NONE',  ( 0.4404586590865010032, 0.1460991277879150618, 0.000000000000000000 ) ) ;
#10277 = CARTESIAN_POINT ( 'NONE',  ( 0.8220815503692886494, 0.3314581819964155796, 0.002000000000000000042 ) ) ;
#10278 = DIRECTION ( 'NONE',  ( -2.439149994343095118E-16, 0.000000000000000000, -1.000000000000000000 ) ) ;
#10279 = ORIENTED_EDGE ( 'NONE', *, *, #654, .F. ) ;
#10280 = DIRECTION ( 'NONE',  ( 1.000000000000000000, 0.000000000000000000, 0.000000000000000000 ) ) ;
#10281 = LINE ( 'NONE', #3120, #5400 ) ;
#10282 = B_SPLINE_SURFACE_WITH_KNOTS ( 'NONE', 3, 1, ( 
 ( #2967, #450 ),
 ( #5947, #9962 ),
 ( #6106, #5999 ),
 ( #3758, #6944 ),
 ( #9133, #4378 ),
 ( #3699, #7666 ),
 ( #6891, #1979 ),
 ( #5169, #8355 ),
 ( #2128, #2081 ),
 ( #5271, #3546 ),
 ( #1191, #1242 ),
 ( #2815, #7573 ),
 ( #6738, #6157 ),
 ( #5325, #4482 ),
 ( #1141, #3647 ),
 ( #4331, #9183 ),
 ( #401, #7517 ),
 ( #3597, #6836 ),
 ( #6785, #2031 ) ),
 .UNSPECIFIED., .F., .F., .F.,
 ( 4, 1, 1, 1, 1, 1, 1, 1, 1, 1, 1, 1, 1, 1, 1, 1, 4 ),
 ( 2, 2 ),
 ( 0.000000000000000000, 0.07289060658064414056, 0.1418833354390721946, 0.2092821354239173259, 0.2746226384553108746, 0.3384391539790450043, 0.4013048615705184785, 0.4650061847340330456, 0.5283200864625064996, 0.5907402649620360213, 0.6509809274188401718, 0.7096903202894507823, 0.7672117550042869549, 0.8241879505444217324, 0.8817668141839366536, 0.9399547263812905173, 1.000000000000000000 ),
 ( 0.000000000000000000, 1.000000000000000000 ),
 .UNSPECIFIED. ) ;
#10283 = DIRECTION ( 'NONE',  ( 2.765028333668283073E-16, -1.000000000000000000, 0.000000000000000000 ) ) ;
#10284 = CARTESIAN_POINT ( 'NONE',  ( 0.2599999999999998979, 0.3415000000000000258, -0.1649999999999999523 ) ) ;
#10285 = CARTESIAN_POINT ( 'NONE',  ( 0.4849999999999999312, 0.2904999999999998139, 0.000000000000000000 ) ) ;
#10286 = CARTESIAN_POINT ( 'NONE',  ( 0.9514999999999997904, 0.03300000000000000155, -0.4899999999999999911 ) ) ;
#10287 = EDGE_CURVE ( 'NONE', #837, #5602, #8758, .T. ) ;
#10288 = EDGE_CURVE ( 'NONE', #2932, #5703, #3316, .T. ) ;
#10289 = VERTEX_POINT ( 'NONE', #2491 ) ;
#10290 = DIRECTION ( 'NONE',  ( 0.000000000000000000, -0.000000000000000000, 1.000000000000000000 ) ) ;
#10291 = VERTEX_POINT ( 'NONE', #8956 ) ;
#10292 = ORIENTED_EDGE ( 'NONE', *, *, #8481, .F. ) ;
#10293 = ORIENTED_EDGE ( 'NONE', *, *, #7191, .F. ) ;
#10294 = PLANE ( 'NONE',  #376 ) ;
#10295 = VECTOR ( 'NONE', #874, 39.37007874015748143 ) ;
#10296 = CARTESIAN_POINT ( 'NONE',  ( 0.7279999999999999805, -0.1174999999999999933, -0.4174999999999999822 ) ) ;
#10297 = CARTESIAN_POINT ( 'NONE',  ( 0.4389783616315570125, 0.1561367646039695245, 0.002000000000000000042 ) ) ;
#10298 = CARTESIAN_POINT ( 'NONE',  ( 0.5989999999999999769, -0.1224999999999999978, -0.4375000000000000000 ) ) ;
#10299 = LINE ( 'NONE', #60, #9031 ) ;
#10300 = CARTESIAN_POINT ( 'NONE',  ( 0.5399999999999999245, -0.1250000000000000000, -0.3054999999999999938 ) ) ;
#10301 = VECTOR ( 'NONE', #1094, 39.37007874015748143 ) ;
#10302 = DIRECTION ( 'NONE',  ( -1.000000000000000000, -0.000000000000000000, -0.000000000000000000 ) ) ;
#10303 = DIRECTION ( 'NONE',  ( -0.1559625734730116786, -0.9877629653290689316, 0.000000000000000000 ) ) ;
#10304 = VERTEX_POINT ( 'NONE', #815 ) ;
#10305 = VERTEX_POINT ( 'NONE', #4940 ) ;
#10306 = ORIENTED_EDGE ( 'NONE', *, *, #6333, .T. ) ;
#10307 = CARTESIAN_POINT ( 'NONE',  ( 0.7756208272628999367, 0.1630569875228374821, 0.000000000000000000 ) ) ;
#10308 = LINE ( 'NONE', #7760, #7707 ) ;
#10309 = VECTOR ( 'NONE', #7248, 39.37007874015748143 ) ;
#10310 = EDGE_CURVE ( 'NONE', #66, #1332, #1017, .T. ) ;
#10311 = LINE ( 'NONE', #3152, #1337 ) ;
#10312 = EDGE_CURVE ( 'NONE', #9737, #3871, #4151, .T. ) ;
#10313 = VECTOR ( 'NONE', #2802, 39.37007874015748143 ) ;
#10314 = VERTEX_POINT ( 'NONE', #176 ) ;
#10315 = ORIENTED_EDGE ( 'NONE', *, *, #5108, .T. ) ;
#10316 = LINE ( 'NONE', #3156, #4053 ) ;
#10317 = ORIENTED_EDGE ( 'NONE', *, *, #9454, .T. ) ;
#10318 = CARTESIAN_POINT ( 'NONE',  ( 0.5100000000000000089, -0.1250000000000000000, -0.4174999999999999822 ) ) ;
#10319 = CARTESIAN_POINT ( 'NONE',  ( 0.8300942048986893473, 0.3249938681309413324, 0.000000000000000000 ) ) ;
#10320 = VECTOR ( 'NONE', #8250, 39.37007874015748143 ) ;
#10321 = CYLINDRICAL_SURFACE ( 'NONE', #9601, 0.06199999999999997874 ) ;
#10322 = DIRECTION ( 'NONE',  ( -1.000000000000000000, 0.000000000000000000, 0.000000000000000000 ) ) ;
#10323 = AXIS2_PLACEMENT_3D ( 'NONE', #2518, #8104, #6597 ) ;
#10324 = CARTESIAN_POINT ( 'NONE',  ( 0.8782586961495976174, 0.4134999999999999232, 0.000000000000000000 ) ) ;
#10325 = VERTEX_POINT ( 'NONE', #4051 ) ;
#10326 = PLANE ( 'NONE',  #9011 ) ;
#10327 = EDGE_CURVE ( 'NONE', #2009, #2805, #7244, .T. ) ;
#10328 = CARTESIAN_POINT ( 'NONE',  ( 0.4406942551763622373, 0.1473979079166187756, 0.002000000000000000042 ) ) ;
#10329 = CARTESIAN_POINT ( 'NONE',  ( 0.7727610886459400641, 0.1670108062455923914, 0.000000000000000000 ) ) ;
#10330 = DIRECTION ( 'NONE',  ( 0.000000000000000000, 0.7071067811865450192, -0.7071067811865499042 ) ) ;
#10331 = ORIENTED_EDGE ( 'NONE', *, *, #8440, .T. ) ;
#10332 = CARTESIAN_POINT ( 'NONE',  ( 0.8299282987330607320, 0.3325410558036897557, 0.002000000000000000042 ) ) ;
#10333 = DIRECTION ( 'NONE',  ( 0.000000000000000000, 0.000000000000000000, 1.000000000000000000 ) ) ;
#10334 = DIRECTION ( 'NONE',  ( -1.000000000000000000, 0.000000000000000000, 0.000000000000000000 ) ) ;
#10335 = FACE_OUTER_BOUND ( 'NONE', #4626, .T. ) ;
#10336 = LINE ( 'NONE', #4806, #871 ) ;
#10337 = CARTESIAN_POINT ( 'NONE',  ( 0.2615000000000000657, 0.000000000000000000, -0.4900000000000000466 ) ) ;
#10338 = VERTEX_POINT ( 'NONE', #26 ) ;
#10339 = DIRECTION ( 'NONE',  ( 0.7071067811865459074, 0.000000000000000000, 0.7071067811865491270 ) ) ;
#10340 = VERTEX_POINT ( 'NONE', #4099 ) ;
#10341 = EDGE_LOOP ( 'NONE', ( #3179, #2338, #1360, #8060 ) ) ;
#10342 = CARTESIAN_POINT ( 'NONE',  ( 0.7800296216834814444, 0.1599161621471894557, 0.002000000000000000042 ) ) ;
#10343 = VERTEX_POINT ( 'NONE', #9595 ) ;
#10344 = CARTESIAN_POINT ( 'NONE',  ( 0.4396772562927800387, 0.1390027229478620618, 0.000000000000000000 ) ) ;
#10345 = CARTESIAN_POINT ( 'NONE',  ( 0.7079999999999999627, 0.3104999999999997762, 0.2354999999999999871 ) ) ;
#10346 = CARTESIAN_POINT ( 'NONE',  ( 0.4849999999999999312, -0.1174999999999999933, -0.4425000000000000044 ) ) ;
#10347 = EDGE_CURVE ( 'NONE', #9549, #2831, #5680, .T. ) ;
ENDSEC;
END-ISO-10303-21;
