ISO-10303-21;
HEADER;
FILE_DESCRIPTION((''),'2;1');
FILE_NAME('C-5520250-2','2016-06-21T',('workeradm'),('Tyco Electronics Ltd.'),
'CREO PARAMETRIC BY PTC INC, 2016050','CREO PARAMETRIC BY PTC INC, 2016050','');
FILE_SCHEMA(('AUTOMOTIVE_DESIGN { 1 0 10303 214 1 1 1 1 }'));
ENDSEC;
DATA;
#134=DIRECTION('',(0.E0,1.E0,0.E0));
#135=VECTOR('',#134,1.3208E1);
#136=CARTESIAN_POINT('',(6.731E0,-6.4262E0,-2.3622E0));
#137=LINE('',#136,#135);
#138=DIRECTION('',(0.E0,0.E0,1.E0));
#139=VECTOR('',#138,1.27E0);
#140=CARTESIAN_POINT('',(6.731E0,-6.4262E0,-3.6322E0));
#141=LINE('',#140,#139);
#142=DIRECTION('',(0.E0,1.E0,0.E0));
#143=VECTOR('',#142,1.3208E1);
#144=CARTESIAN_POINT('',(6.731E0,-6.4262E0,-3.6322E0));
#145=LINE('',#144,#143);
#146=DIRECTION('',(0.E0,0.E0,1.E0));
#147=VECTOR('',#146,1.27E0);
#148=CARTESIAN_POINT('',(6.731E0,6.7818E0,-3.6322E0));
#149=LINE('',#148,#147);
#150=DIRECTION('',(0.E0,0.E0,1.E0));
#151=VECTOR('',#150,1.0541E1);
#152=CARTESIAN_POINT('',(6.731E0,-7.493E0,-1.0541E1));
#153=LINE('',#152,#151);
#154=DIRECTION('',(0.E0,1.E0,0.E0));
#155=VECTOR('',#154,1.4986E1);
#156=CARTESIAN_POINT('',(6.731E0,-7.493E0,0.E0));
#157=LINE('',#156,#155);
#158=DIRECTION('',(0.E0,0.E0,-1.E0));
#159=VECTOR('',#158,1.540796043607E1);
#160=CARTESIAN_POINT('',(6.731E0,7.493E0,0.E0));
#161=LINE('',#160,#159);
#162=CARTESIAN_POINT('',(6.731E0,4.318E0,-1.540796043607E1));
#163=DIRECTION('',(-1.E0,0.E0,0.E0));
#164=DIRECTION('',(0.E0,1.E0,0.E0));
#165=AXIS2_PLACEMENT_3D('',#162,#163,#164);
#167=DIRECTION('',(0.E0,-9.762960071199E-1,-2.164396139381E-1));
#168=VECTOR('',#167,1.072030992437E1);
#169=CARTESIAN_POINT('',(6.731E0,5.005195774253E0,-1.850770025867E1));
#170=LINE('',#169,#168);
#171=DIRECTION('',(-1.E0,0.E0,0.E0));
#172=VECTOR('',#171,5.08E-1);
#173=CARTESIAN_POINT('',(7.239E0,6.7818E0,-2.3622E0));
#174=LINE('',#173,#172);
#175=CARTESIAN_POINT('',(7.239E0,6.1468E0,-2.3622E0));
#176=DIRECTION('',(0.E0,0.E0,1.E0));
#177=DIRECTION('',(1.E0,0.E0,0.E0));
#178=AXIS2_PLACEMENT_3D('',#175,#176,#177);
#180=DIRECTION('',(0.E0,1.E0,0.E0));
#181=VECTOR('',#180,1.1938E1);
#182=CARTESIAN_POINT('',(7.874E0,-5.7912E0,-2.3622E0));
#183=LINE('',#182,#181);
#184=CARTESIAN_POINT('',(7.239E0,-5.7912E0,-2.3622E0));
#185=DIRECTION('',(0.E0,0.E0,1.E0));
#186=DIRECTION('',(0.E0,-1.E0,0.E0));
#187=AXIS2_PLACEMENT_3D('',#184,#185,#186);
#189=DIRECTION('',(1.E0,0.E0,0.E0));
#190=VECTOR('',#189,5.08E-1);
#191=CARTESIAN_POINT('',(6.731E0,-6.4262E0,-2.3622E0));
#192=LINE('',#191,#190);
#193=DIRECTION('',(1.E0,0.E0,0.E0));
#194=VECTOR('',#193,5.08E-1);
#195=CARTESIAN_POINT('',(-7.239E0,-6.4262E0,-2.3622E0));
#196=LINE('',#195,#194);
#197=CARTESIAN_POINT('',(-7.239E0,-5.7912E0,-2.3622E0));
#198=DIRECTION('',(0.E0,0.E0,1.E0));
#199=DIRECTION('',(-1.E0,0.E0,0.E0));
#200=AXIS2_PLACEMENT_3D('',#197,#198,#199);
#202=DIRECTION('',(0.E0,-1.E0,0.E0));
#203=VECTOR('',#202,1.1938E1);
#204=CARTESIAN_POINT('',(-7.874E0,6.1468E0,-2.3622E0));
#205=LINE('',#204,#203);
#206=CARTESIAN_POINT('',(-7.239E0,6.1468E0,-2.3622E0));
#207=DIRECTION('',(0.E0,0.E0,1.E0));
#208=DIRECTION('',(0.E0,1.E0,0.E0));
#209=AXIS2_PLACEMENT_3D('',#206,#207,#208);
#211=DIRECTION('',(-1.E0,0.E0,0.E0));
#212=VECTOR('',#211,5.08E-1);
#213=CARTESIAN_POINT('',(-6.731E0,6.7818E0,-2.3622E0));
#214=LINE('',#213,#212);
#215=DIRECTION('',(0.E0,0.E0,-1.E0));
#216=VECTOR('',#215,1.27E0);
#217=CARTESIAN_POINT('',(7.239E0,6.7818E0,-2.3622E0));
#218=LINE('',#217,#216);
#219=DIRECTION('',(1.E0,0.E0,0.E0));
#220=VECTOR('',#219,5.08E-1);
#221=CARTESIAN_POINT('',(6.731E0,-6.4262E0,-3.6322E0));
#222=LINE('',#221,#220);
#223=CARTESIAN_POINT('',(7.239E0,-5.7912E0,-3.6322E0));
#224=DIRECTION('',(0.E0,0.E0,1.E0));
#225=DIRECTION('',(0.E0,-1.E0,0.E0));
#226=AXIS2_PLACEMENT_3D('',#223,#224,#225);
#228=DIRECTION('',(0.E0,1.E0,0.E0));
#229=VECTOR('',#228,1.1938E1);
#230=CARTESIAN_POINT('',(7.874E0,-5.7912E0,-3.6322E0));
#231=LINE('',#230,#229);
#232=CARTESIAN_POINT('',(7.239E0,6.1468E0,-3.6322E0));
#233=DIRECTION('',(0.E0,0.E0,1.E0));
#234=DIRECTION('',(1.E0,0.E0,0.E0));
#235=AXIS2_PLACEMENT_3D('',#232,#233,#234);
#237=DIRECTION('',(-1.E0,0.E0,0.E0));
#238=VECTOR('',#237,5.08E-1);
#239=CARTESIAN_POINT('',(7.239E0,6.7818E0,-3.6322E0));
#240=LINE('',#239,#238);
#241=DIRECTION('',(-1.E0,0.E0,0.E0));
#242=VECTOR('',#241,5.08E-1);
#243=CARTESIAN_POINT('',(-6.731E0,6.7818E0,-3.6322E0));
#244=LINE('',#243,#242);
#245=CARTESIAN_POINT('',(-7.239E0,6.1468E0,-3.6322E0));
#246=DIRECTION('',(0.E0,0.E0,1.E0));
#247=DIRECTION('',(0.E0,1.E0,0.E0));
#248=AXIS2_PLACEMENT_3D('',#245,#246,#247);
#250=DIRECTION('',(0.E0,-1.E0,0.E0));
#251=VECTOR('',#250,1.1938E1);
#252=CARTESIAN_POINT('',(-7.874E0,6.1468E0,-3.6322E0));
#253=LINE('',#252,#251);
#254=CARTESIAN_POINT('',(-7.239E0,-5.7912E0,-3.6322E0));
#255=DIRECTION('',(0.E0,0.E0,1.E0));
#256=DIRECTION('',(-1.E0,0.E0,0.E0));
#257=AXIS2_PLACEMENT_3D('',#254,#255,#256);
#259=DIRECTION('',(1.E0,0.E0,0.E0));
#260=VECTOR('',#259,5.08E-1);
#261=CARTESIAN_POINT('',(-7.239E0,-6.4262E0,-3.6322E0));
#262=LINE('',#261,#260);
#263=DIRECTION('',(0.E0,0.E0,-1.E0));
#264=VECTOR('',#263,1.27E0);
#265=CARTESIAN_POINT('',(7.239E0,-6.4262E0,-2.3622E0));
#266=LINE('',#265,#264);
#267=DIRECTION('',(0.E0,0.E0,-1.E0));
#268=VECTOR('',#267,1.27E0);
#269=CARTESIAN_POINT('',(7.874E0,-5.7912E0,-2.3622E0));
#270=LINE('',#269,#268);
#271=DIRECTION('',(0.E0,0.E0,-1.E0));
#272=VECTOR('',#271,1.27E0);
#273=CARTESIAN_POINT('',(7.874E0,6.1468E0,-2.3622E0));
#274=LINE('',#273,#272);
#275=DIRECTION('',(0.E0,1.E0,0.E0));
#276=VECTOR('',#275,1.3208E1);
#277=CARTESIAN_POINT('',(-6.731E0,-6.4262E0,-2.3622E0));
#278=LINE('',#277,#276);
#279=DIRECTION('',(0.E0,0.E0,1.E0));
#280=VECTOR('',#279,1.27E0);
#281=CARTESIAN_POINT('',(-6.731E0,6.7818E0,-3.6322E0));
#282=LINE('',#281,#280);
#283=DIRECTION('',(0.E0,1.E0,0.E0));
#284=VECTOR('',#283,1.3208E1);
#285=CARTESIAN_POINT('',(-6.731E0,-6.4262E0,-3.6322E0));
#286=LINE('',#285,#284);
#287=DIRECTION('',(0.E0,0.E0,1.E0));
#288=VECTOR('',#287,1.27E0);
#289=CARTESIAN_POINT('',(-6.731E0,-6.4262E0,-3.6322E0));
#290=LINE('',#289,#288);
#291=DIRECTION('',(0.E0,0.E0,1.E0));
#292=VECTOR('',#291,1.0541E1);
#293=CARTESIAN_POINT('',(-6.731E0,-7.493E0,-1.0541E1));
#294=LINE('',#293,#292);
#295=DIRECTION('',(0.E0,-1.E0,0.E0));
#296=VECTOR('',#295,6.35E-1);
#297=CARTESIAN_POINT('',(-6.731E0,-7.493E0,-1.0541E1));
#298=LINE('',#297,#296);
#299=DIRECTION('',(0.E0,-9.762960071199E-1,-2.164396139381E-1));
#300=VECTOR('',#299,1.072030992437E1);
#301=CARTESIAN_POINT('',(-6.731E0,5.005195774253E0,-1.850770025867E1));
#302=LINE('',#301,#300);
#303=CARTESIAN_POINT('',(-6.731E0,4.318E0,-1.540796043607E1));
#304=DIRECTION('',(-1.E0,0.E0,0.E0));
#305=DIRECTION('',(0.E0,1.E0,0.E0));
#306=AXIS2_PLACEMENT_3D('',#303,#304,#305);
#308=DIRECTION('',(0.E0,0.E0,-1.E0));
#309=VECTOR('',#308,1.540796043607E1);
#310=CARTESIAN_POINT('',(-6.731E0,7.493E0,0.E0));
#311=LINE('',#310,#309);
#312=DIRECTION('',(0.E0,1.E0,0.E0));
#313=VECTOR('',#312,1.4986E1);
#314=CARTESIAN_POINT('',(-6.731E0,-7.493E0,0.E0));
#315=LINE('',#314,#313);
#316=DIRECTION('',(0.E0,0.E0,-1.E0));
#317=VECTOR('',#316,1.27E0);
#318=CARTESIAN_POINT('',(-7.239E0,6.7818E0,-2.3622E0));
#319=LINE('',#318,#317);
#320=DIRECTION('',(0.E0,0.E0,-1.E0));
#321=VECTOR('',#320,1.27E0);
#322=CARTESIAN_POINT('',(-7.874E0,6.1468E0,-2.3622E0));
#323=LINE('',#322,#321);
#324=DIRECTION('',(0.E0,0.E0,-1.E0));
#325=VECTOR('',#324,1.27E0);
#326=CARTESIAN_POINT('',(-7.874E0,-5.7912E0,-2.3622E0));
#327=LINE('',#326,#325);
#328=DIRECTION('',(0.E0,0.E0,-1.E0));
#329=VECTOR('',#328,1.27E0);
#330=CARTESIAN_POINT('',(-7.239E0,-6.4262E0,-2.3622E0));
#331=LINE('',#330,#329);
#332=DIRECTION('',(-1.E0,0.E0,0.E0));
#333=VECTOR('',#332,1.016E-1);
#334=CARTESIAN_POINT('',(6.731E0,-7.493E0,-1.0541E1));
#335=LINE('',#334,#333);
#336=CARTESIAN_POINT('',(5.08E0,-7.493E0,-1.0541E1));
#337=DIRECTION('',(0.E0,-1.E0,0.E0));
#338=DIRECTION('',(1.E0,0.E0,0.E0));
#339=AXIS2_PLACEMENT_3D('',#336,#337,#338);
#341=DIRECTION('',(-1.E0,0.E0,0.E0));
#342=VECTOR('',#341,9.598377362867E-1);
#343=CARTESIAN_POINT('',(5.559918868143E0,-7.493E0,-9.0678E0));
#344=LINE('',#343,#342);
#345=CARTESIAN_POINT('',(5.08E0,-7.493E0,-1.0541E1));
#346=DIRECTION('',(0.E0,-1.E0,0.E0));
#347=DIRECTION('',(-3.097449775031E-1,0.E0,9.508196721311E-1));
#348=AXIS2_PLACEMENT_3D('',#345,#346,#347);
#350=DIRECTION('',(-1.E0,0.E0,0.E0));
#351=VECTOR('',#350,1.1176E0);
#352=CARTESIAN_POINT('',(3.5306E0,-7.493E0,-1.0541E1));
#353=LINE('',#352,#351);
#354=DIRECTION('',(-8.715574274766E-2,0.E0,-9.961946980917E-1));
#355=VECTOR('',#354,3.296952236624E0);
#356=CARTESIAN_POINT('',(2.413E0,-7.493E0,-1.0541E1));
#357=LINE('',#356,#355);
#358=CARTESIAN_POINT('',(1.746101499040E0,-7.493E0,-1.37922E1));
#359=DIRECTION('',(0.E0,-1.E0,0.E0));
#360=DIRECTION('',(0.E0,0.E0,-1.E0));
#361=AXIS2_PLACEMENT_3D('',#358,#359,#360);
#363=DIRECTION('',(-1.E0,0.E0,0.E0));
#364=VECTOR('',#363,1.644501499040E0);
#365=CARTESIAN_POINT('',(1.746101499040E0,-7.493E0,-1.41732E1));
#366=LINE('',#365,#364);
#367=DIRECTION('',(0.E0,0.E0,1.E0));
#368=VECTOR('',#367,1.09982E1);
#369=CARTESIAN_POINT('',(1.016E-1,-7.493E0,-1.41732E1));
#370=LINE('',#369,#368);
#371=DIRECTION('',(-1.E0,0.E0,0.E0));
#372=VECTOR('',#371,8.636E-1);
#373=CARTESIAN_POINT('',(1.016E-1,-7.493E0,-3.175E0));
#374=LINE('',#373,#372);
#375=DIRECTION('',(0.E0,0.E0,1.E0));
#376=VECTOR('',#375,1.09982E1);
#377=CARTESIAN_POINT('',(-7.62E-1,-7.493E0,-1.41732E1));
#378=LINE('',#377,#376);
#379=DIRECTION('',(-1.E0,0.E0,0.E0));
#380=VECTOR('',#379,1.111101499040E0);
#381=CARTESIAN_POINT('',(-7.62E-1,-7.493E0,-1.41732E1));
#382=LINE('',#381,#380);
#383=CARTESIAN_POINT('',(-1.873101499040E0,-7.493E0,-1.37922E1));
#384=DIRECTION('',(0.E0,-1.E0,0.E0));
#385=DIRECTION('',(-9.961946980917E-1,0.E0,-8.715574274769E-2));
#386=AXIS2_PLACEMENT_3D('',#383,#384,#385);
#388=DIRECTION('',(-8.715574274766E-2,0.E0,9.961946980917E-1));
#389=VECTOR('',#388,3.296952236624E0);
#390=CARTESIAN_POINT('',(-2.252651679013E0,-7.493E0,-1.382540633799E1));
#391=LINE('',#390,#389);
#392=DIRECTION('',(-1.E0,0.E0,0.E0));
#393=VECTOR('',#392,9.906E-1);
#394=CARTESIAN_POINT('',(-2.54E0,-7.493E0,-1.0541E1));
#395=LINE('',#394,#393);
#396=CARTESIAN_POINT('',(-5.08E0,-7.493E0,-1.0541E1));
#397=DIRECTION('',(0.E0,-1.E0,0.E0));
#398=DIRECTION('',(1.E0,0.E0,0.E0));
#399=AXIS2_PLACEMENT_3D('',#396,#397,#398);
#401=DIRECTION('',(-1.E0,0.E0,0.E0));
#402=VECTOR('',#401,9.598377362867E-1);
#403=CARTESIAN_POINT('',(-4.600081131857E0,-7.493E0,-9.0678E0));
#404=LINE('',#403,#402);
#405=CARTESIAN_POINT('',(-5.08E0,-7.493E0,-1.0541E1));
#406=DIRECTION('',(0.E0,-1.E0,0.E0));
#407=DIRECTION('',(-3.097449775031E-1,0.E0,9.508196721311E-1));
#408=AXIS2_PLACEMENT_3D('',#405,#406,#407);
#410=DIRECTION('',(-1.E0,0.E0,0.E0));
#411=VECTOR('',#410,1.016E-1);
#412=CARTESIAN_POINT('',(-6.6294E0,-7.493E0,-1.0541E1));
#413=LINE('',#412,#411);
#414=DIRECTION('',(0.E0,-1.E0,0.E0));
#415=VECTOR('',#414,6.35E-1);
#416=CARTESIAN_POINT('',(6.731E0,-7.493E0,-1.0541E1));
#417=LINE('',#416,#415);
#418=DIRECTION('',(0.E0,-1.E0,0.E0));
#419=VECTOR('',#418,6.35E-1);
#420=CARTESIAN_POINT('',(6.6294E0,-7.493E0,-1.0541E1));
#421=LINE('',#420,#419);
#422=DIRECTION('',(0.E0,-1.E0,0.E0));
#423=VECTOR('',#422,6.35E-1);
#424=CARTESIAN_POINT('',(3.5306E0,-7.493E0,-1.0541E1));
#425=LINE('',#424,#423);
#426=DIRECTION('',(0.E0,-1.E0,0.E0));
#427=VECTOR('',#426,6.35E-1);
#428=CARTESIAN_POINT('',(-2.54E0,-7.493E0,-1.0541E1));
#429=LINE('',#428,#427);
#430=DIRECTION('',(0.E0,-1.E0,0.E0));
#431=VECTOR('',#430,6.35E-1);
#432=CARTESIAN_POINT('',(-3.5306E0,-7.493E0,-1.0541E1));
#433=LINE('',#432,#431);
#434=DIRECTION('',(0.E0,-1.E0,0.E0));
#435=VECTOR('',#434,6.35E-1);
#436=CARTESIAN_POINT('',(-6.6294E0,-7.493E0,-1.0541E1));
#437=LINE('',#436,#435);
#438=DIRECTION('',(0.E0,0.E0,1.E0));
#439=VECTOR('',#438,1.00076E1);
#440=CARTESIAN_POINT('',(6.604E0,-8.128E0,-2.0828E1));
#441=LINE('',#440,#439);
#442=CARTESIAN_POINT('',(5.08E0,-8.128E0,-1.0541E1));
#443=DIRECTION('',(0.E0,-1.E0,0.E0));
#444=DIRECTION('',(9.836065573770E-1,0.E0,-1.803278688525E-1));
#445=AXIS2_PLACEMENT_3D('',#442,#443,#444);
#447=DIRECTION('',(-1.E0,0.E0,0.E0));
#448=VECTOR('',#447,1.016E-1);
#449=CARTESIAN_POINT('',(6.731E0,-8.128E0,-1.0541E1));
#450=LINE('',#449,#448);
#451=DIRECTION('',(0.E0,0.E0,1.E0));
#452=VECTOR('',#451,1.0287E1);
#453=CARTESIAN_POINT('',(6.731E0,-8.128E0,-2.0828E1));
#454=LINE('',#453,#452);
#455=DIRECTION('',(1.E0,1.398706172756E-14,0.E0));
#456=VECTOR('',#455,1.27E-1);
#457=CARTESIAN_POINT('',(6.604E0,-8.128E0,-2.0828E1));
#458=LINE('',#457,#456);
#459=DIRECTION('',(0.E0,0.E0,-1.E0));
#460=VECTOR('',#459,1.00076E1);
#461=CARTESIAN_POINT('',(-6.604E0,-8.128E0,-1.08204E1));
#462=LINE('',#461,#460);
#463=DIRECTION('',(1.E0,0.E0,0.E0));
#464=VECTOR('',#463,1.27E-1);
#465=CARTESIAN_POINT('',(-6.731E0,-8.128E0,-2.0828E1));
#466=LINE('',#465,#464);
#467=DIRECTION('',(0.E0,0.E0,-1.E0));
#468=VECTOR('',#467,1.0287E1);
#469=CARTESIAN_POINT('',(-6.731E0,-8.128E0,-1.0541E1));
#470=LINE('',#469,#468);
#471=DIRECTION('',(-1.E0,0.E0,0.E0));
#472=VECTOR('',#471,1.016E-1);
#473=CARTESIAN_POINT('',(-6.6294E0,-8.128E0,-1.0541E1));
#474=LINE('',#473,#472);
#475=CARTESIAN_POINT('',(-5.08E0,-8.128E0,-1.0541E1));
#476=DIRECTION('',(0.E0,-1.E0,0.E0));
#477=DIRECTION('',(-1.E0,0.E0,0.E0));
#478=AXIS2_PLACEMENT_3D('',#475,#476,#477);
#480=DIRECTION('',(1.E0,0.E0,0.E0));
#481=VECTOR('',#480,2.259188499474E-1);
#482=CARTESIAN_POINT('',(-5.559918868143E0,-8.128E0,-1.20142E1));
#483=LINE('',#482,#481);
#484=DIRECTION('',(0.E0,0.E0,1.E0));
#485=VECTOR('',#484,2.9464E0);
#486=CARTESIAN_POINT('',(-4.826000018196E0,-8.128E0,-1.20142E1));
#487=LINE('',#486,#485);
#488=DIRECTION('',(1.E0,0.E0,0.E0));
#489=VECTOR('',#488,2.259188863393E-1);
#490=CARTESIAN_POINT('',(-4.826000018196E0,-8.128E0,-1.20142E1));
#491=LINE('',#490,#489);
#492=CARTESIAN_POINT('',(-5.08E0,-8.128E0,-1.0541E1));
#493=DIRECTION('',(0.E0,-1.E0,0.E0));
#494=DIRECTION('',(3.097449775031E-1,0.E0,-9.508196721312E-1));
#495=AXIS2_PLACEMENT_3D('',#492,#493,#494);
#497=DIRECTION('',(-1.E0,0.E0,0.E0));
#498=VECTOR('',#497,9.906E-1);
#499=CARTESIAN_POINT('',(-2.54E0,-8.128E0,-1.0541E1));
#500=LINE('',#499,#498);
#501=DIRECTION('',(-8.715574274766E-2,0.E0,9.961946980917E-1));
#502=VECTOR('',#501,3.296952236624E0);
#503=CARTESIAN_POINT('',(-2.252651679013E0,-8.128E0,-1.382540633799E1));
#504=LINE('',#503,#502);
#505=CARTESIAN_POINT('',(-1.873101499040E0,-8.128E0,-1.37922E1));
#506=DIRECTION('',(0.E0,1.E0,0.E0));
#507=DIRECTION('',(0.E0,0.E0,-1.E0));
#508=AXIS2_PLACEMENT_3D('',#505,#506,#507);
#510=DIRECTION('',(-1.E0,0.E0,0.E0));
#511=VECTOR('',#510,1.111101499040E0);
#512=CARTESIAN_POINT('',(-7.62E-1,-8.128E0,-1.41732E1));
#513=LINE('',#512,#511);
#514=DIRECTION('',(-1.E0,0.E0,0.E0));
#515=VECTOR('',#514,8.636E-1);
#516=CARTESIAN_POINT('',(1.016E-1,-8.128E0,-1.41732E1));
#517=LINE('',#516,#515);
#518=DIRECTION('',(-1.E0,0.E0,0.E0));
#519=VECTOR('',#518,1.644501499040E0);
#520=CARTESIAN_POINT('',(1.746101499040E0,-8.128E0,-1.41732E1));
#521=LINE('',#520,#519);
#522=CARTESIAN_POINT('',(1.746101499040E0,-8.128E0,-1.37922E1));
#523=DIRECTION('',(0.E0,1.E0,0.E0));
#524=DIRECTION('',(9.961946980917E-1,0.E0,-8.715574274766E-2));
#525=AXIS2_PLACEMENT_3D('',#522,#523,#524);
#527=DIRECTION('',(-8.715574274766E-2,0.E0,-9.961946980917E-1));
#528=VECTOR('',#527,3.296952236624E0);
#529=CARTESIAN_POINT('',(2.413E0,-8.128E0,-1.0541E1));
#530=LINE('',#529,#528);
#531=DIRECTION('',(-1.E0,0.E0,0.E0));
#532=VECTOR('',#531,1.1176E0);
#533=CARTESIAN_POINT('',(3.5306E0,-8.128E0,-1.0541E1));
#534=LINE('',#533,#532);
#535=CARTESIAN_POINT('',(5.08E0,-8.128E0,-1.0541E1));
#536=DIRECTION('',(0.E0,-1.E0,0.E0));
#537=DIRECTION('',(-1.E0,0.E0,0.E0));
#538=AXIS2_PLACEMENT_3D('',#535,#536,#537);
#540=DIRECTION('',(1.E0,0.E0,0.E0));
#541=VECTOR('',#540,2.259188863393E-1);
#542=CARTESIAN_POINT('',(4.600081131857E0,-8.128E0,-1.20142E1));
#543=LINE('',#542,#541);
#544=DIRECTION('',(0.E0,0.E0,1.E0));
#545=VECTOR('',#544,2.9464E0);
#546=CARTESIAN_POINT('',(5.334000018196E0,-8.128E0,-1.20142E1));
#547=LINE('',#546,#545);
#548=DIRECTION('',(1.E0,0.E0,0.E0));
#549=VECTOR('',#548,2.259188499474E-1);
#550=CARTESIAN_POINT('',(5.334000018196E0,-8.128E0,-1.20142E1));
#551=LINE('',#550,#549);
#552=CARTESIAN_POINT('',(5.08E0,-8.128E0,-1.0541E1));
#553=DIRECTION('',(0.E0,-1.E0,0.E0));
#554=DIRECTION('',(3.097449775031E-1,0.E0,-9.508196721312E-1));
#555=AXIS2_PLACEMENT_3D('',#552,#553,#554);
#557=DIRECTION('',(0.E0,0.E0,-1.E0));
#558=VECTOR('',#557,8.937927592751E0);
#559=CARTESIAN_POINT('',(5.842E0,-8.128E0,-1.189007240725E1));
#560=LINE('',#559,#558);
#561=DIRECTION('',(1.E0,0.E0,0.E0));
#562=VECTOR('',#561,1.1684E1);
#563=CARTESIAN_POINT('',(-5.842E0,-8.128E0,-2.0828E1));
#564=LINE('',#563,#562);
#565=DIRECTION('',(0.E0,0.E0,-1.E0));
#566=VECTOR('',#565,8.937927592751E0);
#567=CARTESIAN_POINT('',(-5.842E0,-8.128E0,-1.189007240725E1));
#568=LINE('',#567,#566);
#569=CARTESIAN_POINT('',(-5.08E0,-8.128E0,-1.0541E1));
#570=DIRECTION('',(0.E0,-1.E0,0.E0));
#571=DIRECTION('',(-4.918032786885E-1,0.E0,-8.707063426157E-1));
#572=AXIS2_PLACEMENT_3D('',#569,#570,#571);
#574=DIRECTION('',(1.E0,0.E0,0.E0));
#575=VECTOR('',#574,4.572E-1);
#576=CARTESIAN_POINT('',(-2.1336E0,-8.128E0,-1.70688E1));
#577=LINE('',#576,#575);
#578=DIRECTION('',(0.E0,0.E0,1.E0));
#579=VECTOR('',#578,3.556E-1);
#580=CARTESIAN_POINT('',(-1.6764E0,-8.128E0,-1.70688E1));
#581=LINE('',#580,#579);
#582=DIRECTION('',(-1.E0,0.E0,0.E0));
#583=VECTOR('',#582,4.572E-1);
#584=CARTESIAN_POINT('',(-1.6764E0,-8.128E0,-1.67132E1));
#585=LINE('',#584,#583);
#586=DIRECTION('',(0.E0,0.E0,-1.E0));
#587=VECTOR('',#586,3.556E-1);
#588=CARTESIAN_POINT('',(-2.1336E0,-8.128E0,-1.67132E1));
#589=LINE('',#588,#587);
#590=DIRECTION('',(1.E0,0.E0,0.E0));
#591=VECTOR('',#590,4.572E-1);
#592=CARTESIAN_POINT('',(4.064E-1,-8.128E0,-1.70688E1));
#593=LINE('',#592,#591);
#594=DIRECTION('',(0.E0,0.E0,1.E0));
#595=VECTOR('',#594,3.556E-1);
#596=CARTESIAN_POINT('',(8.636E-1,-8.128E0,-1.70688E1));
#597=LINE('',#596,#595);
#598=DIRECTION('',(-1.E0,0.E0,0.E0));
#599=VECTOR('',#598,4.572E-1);
#600=CARTESIAN_POINT('',(8.636E-1,-8.128E0,-1.67132E1));
#601=LINE('',#600,#599);
#602=DIRECTION('',(0.E0,0.E0,-1.E0));
#603=VECTOR('',#602,3.556E-1);
#604=CARTESIAN_POINT('',(4.064E-1,-8.128E0,-1.67132E1));
#605=LINE('',#604,#603);
#606=DIRECTION('',(1.E0,0.E0,0.E0));
#607=VECTOR('',#606,4.572E-1);
#608=CARTESIAN_POINT('',(-8.636E-1,-8.128E0,-1.96088E1));
#609=LINE('',#608,#607);
#610=DIRECTION('',(0.E0,0.E0,1.E0));
#611=VECTOR('',#610,3.556E-1);
#612=CARTESIAN_POINT('',(-4.064E-1,-8.128E0,-1.96088E1));
#613=LINE('',#612,#611);
#614=DIRECTION('',(-1.E0,0.E0,0.E0));
#615=VECTOR('',#614,4.572E-1);
#616=CARTESIAN_POINT('',(-4.064E-1,-8.128E0,-1.92532E1));
#617=LINE('',#616,#615);
#618=DIRECTION('',(0.E0,0.E0,-1.E0));
#619=VECTOR('',#618,3.556E-1);
#620=CARTESIAN_POINT('',(-8.636E-1,-8.128E0,-1.92532E1));
#621=LINE('',#620,#619);
#622=DIRECTION('',(1.E0,0.E0,0.E0));
#623=VECTOR('',#622,4.572E-1);
#624=CARTESIAN_POINT('',(1.6764E0,-8.128E0,-1.96088E1));
#625=LINE('',#624,#623);
#626=DIRECTION('',(0.E0,0.E0,1.E0));
#627=VECTOR('',#626,3.556E-1);
#628=CARTESIAN_POINT('',(2.1336E0,-8.128E0,-1.96088E1));
#629=LINE('',#628,#627);
#630=DIRECTION('',(-1.E0,0.E0,0.E0));
#631=VECTOR('',#630,4.572E-1);
#632=CARTESIAN_POINT('',(2.1336E0,-8.128E0,-1.92532E1));
#633=LINE('',#632,#631);
#634=DIRECTION('',(0.E0,0.E0,-1.E0));
#635=VECTOR('',#634,3.556E-1);
#636=CARTESIAN_POINT('',(1.6764E0,-8.128E0,-1.92532E1));
#637=LINE('',#636,#635);
#638=CARTESIAN_POINT('',(5.842E0,-8.128E0,-1.189007240725E1));
#639=CARTESIAN_POINT('',(5.842E0,-8.163120794452E0,-1.189007240725E1));
#640=CARTESIAN_POINT('',(5.851725032500E0,-8.234166974642E0,-1.188465440649E1));
#641=CARTESIAN_POINT('',(5.896926060421E0,-8.335262213557E0,-1.185813691698E1));
#642=CARTESIAN_POINT('',(5.969712775115E0,-8.419692075588E0,-1.181084154495E1));
#643=CARTESIAN_POINT('',(6.061976099434E0,-8.478804467521E0,-1.174170250537E1));
#644=CARTESIAN_POINT('',(6.161500769190E0,-8.508262625205E0,-1.165329522990E1));
#645=CARTESIAN_POINT('',(6.252724291717E0,-8.510794300808E0,-1.155621488797E1));
#646=CARTESIAN_POINT('',(6.325991924579E0,-8.496926609791E0,-1.146417663344E1));
#647=CARTESIAN_POINT('',(6.386001222016E0,-8.474072261609E0,-1.137665711410E1));
#648=CARTESIAN_POINT('',(6.433687863472E0,-8.446800054699E0,-1.129645083363E1));
#649=CARTESIAN_POINT('',(6.471693467600E0,-8.417790279697E0,-1.122350326588E1));
#650=CARTESIAN_POINT('',(6.501953919984E0,-8.388516944462E0,-1.115762752289E1));
#651=CARTESIAN_POINT('',(6.526163136039E0,-8.359684444145E0,-1.109819293378E1));
#652=CARTESIAN_POINT('',(6.545537764986E0,-8.331671846369E0,-1.104477488337E1));
#653=CARTESIAN_POINT('',(6.561094696575E0,-8.304516427639E0,-1.099680004774E1));
#654=CARTESIAN_POINT('',(6.573668597551E0,-8.277885397149E0,-1.095354456665E1));
#655=CARTESIAN_POINT('',(6.583860985375E0,-8.251356815649E0,-1.091455428880E1));
#656=CARTESIAN_POINT('',(6.592330280526E0,-8.223139211688E0,-1.087848033573E1));
#657=CARTESIAN_POINT('',(6.598724450827E0,-8.193659643761E0,-1.084818050790E1));
#658=CARTESIAN_POINT('',(6.602957558112E0,-8.161956605701E0,-1.082616753881E1));
#659=CARTESIAN_POINT('',(6.604E0,-8.139524996646E0,-1.08204E1));
#660=CARTESIAN_POINT('',(6.604E0,-8.128E0,-1.08204E1));
#662=CARTESIAN_POINT('',(6.223E0,-8.128E0,-2.0828E1));
#663=DIRECTION('',(0.E0,0.E0,-1.E0));
#664=DIRECTION('',(1.E0,0.E0,0.E0));
#665=AXIS2_PLACEMENT_3D('',#662,#663,#664);
#667=DIRECTION('',(0.E0,1.E0,0.E0));
#668=VECTOR('',#667,2.667E0);
#669=CARTESIAN_POINT('',(6.731E0,-8.128E0,-2.0828E1));
#670=LINE('',#669,#668);
#671=DIRECTION('',(-1.E0,0.E0,0.E0));
#672=VECTOR('',#671,1.3462E1);
#673=CARTESIAN_POINT('',(6.731E0,-5.461E0,-2.0828E1));
#674=LINE('',#673,#672);
#675=DIRECTION('',(0.E0,-1.E0,0.E0));
#676=VECTOR('',#675,2.667E0);
#677=CARTESIAN_POINT('',(-6.731E0,-5.461E0,-2.0828E1));
#678=LINE('',#677,#676);
#679=CARTESIAN_POINT('',(-6.223E0,-8.128E0,-2.0828E1));
#680=DIRECTION('',(0.E0,0.E0,-1.E0));
#681=DIRECTION('',(1.E0,0.E0,0.E0));
#682=AXIS2_PLACEMENT_3D('',#679,#680,#681);
#684=DIRECTION('',(-1.E0,0.E0,0.E0));
#685=VECTOR('',#684,1.3462E1);
#686=CARTESIAN_POINT('',(6.731E0,5.005195774253E0,-1.850770025867E1));
#687=LINE('',#686,#685);
#688=DIRECTION('',(-1.E0,0.E0,0.E0));
#689=VECTOR('',#688,1.3462E1);
#690=CARTESIAN_POINT('',(6.731E0,7.493E0,-1.540796043607E1));
#691=LINE('',#690,#689);
#692=DIRECTION('',(-1.E0,0.E0,0.E0));
#693=VECTOR('',#692,1.3462E1);
#694=CARTESIAN_POINT('',(6.731E0,7.493E0,0.E0));
#695=LINE('',#694,#693);
#696=DIRECTION('',(-1.E0,0.E0,0.E0));
#697=VECTOR('',#696,1.3462E1);
#698=CARTESIAN_POINT('',(6.731E0,-7.493E0,0.E0));
#699=LINE('',#698,#697);
#700=DIRECTION('',(-1.E0,0.E0,0.E0));
#701=VECTOR('',#700,1.6129E0);
#702=CARTESIAN_POINT('',(-3.3274E0,4.5212E0,0.E0));
#703=LINE('',#702,#701);
#704=DIRECTION('',(0.E0,-1.E0,0.E0));
#705=VECTOR('',#704,3.2766E0);
#706=CARTESIAN_POINT('',(-4.9403E0,4.5212E0,0.E0));
#707=LINE('',#706,#705);
#708=DIRECTION('',(-1.E0,0.E0,0.E0));
#709=VECTOR('',#708,5.207E-1);
#710=CARTESIAN_POINT('',(-4.9403E0,1.2446E0,0.E0));
#711=LINE('',#710,#709);
#712=DIRECTION('',(0.E0,-1.E0,0.E0));
#713=VECTOR('',#712,2.794E0);
#714=CARTESIAN_POINT('',(-5.461E0,1.2446E0,0.E0));
#715=LINE('',#714,#713);
#716=DIRECTION('',(1.E0,0.E0,0.E0));
#717=VECTOR('',#716,5.207E-1);
#718=CARTESIAN_POINT('',(-5.461E0,-1.5494E0,0.E0));
#719=LINE('',#718,#717);
#720=DIRECTION('',(0.E0,-1.E0,0.E0));
#721=VECTOR('',#720,7.62E-1);
#722=CARTESIAN_POINT('',(-4.9403E0,-1.5494E0,0.E0));
#723=LINE('',#722,#721);
#724=DIRECTION('',(1.E0,0.E0,0.E0));
#725=VECTOR('',#724,1.59385E0);
#726=CARTESIAN_POINT('',(-4.9403E0,-2.3114E0,0.E0));
#727=LINE('',#726,#725);
#728=DIRECTION('',(0.E0,-1.E0,0.E0));
#729=VECTOR('',#728,1.6764E0);
#730=CARTESIAN_POINT('',(-3.34645E0,-2.3114E0,0.E0));
#731=LINE('',#730,#729);
#732=DIRECTION('',(1.E0,0.E0,0.E0));
#733=VECTOR('',#732,1.31445E0);
#734=CARTESIAN_POINT('',(-3.34645E0,-3.9878E0,0.E0));
#735=LINE('',#734,#733);
#736=DIRECTION('',(1.E0,0.E0,0.E0));
#737=VECTOR('',#736,4.064E0);
#738=CARTESIAN_POINT('',(-2.032E0,-6.559063707795E0,0.E0));
#739=LINE('',#738,#737);
#740=DIRECTION('',(1.E0,0.E0,0.E0));
#741=VECTOR('',#740,1.31445E0);
#742=CARTESIAN_POINT('',(2.032E0,-3.9878E0,0.E0));
#743=LINE('',#742,#741);
#744=DIRECTION('',(0.E0,1.E0,0.E0));
#745=VECTOR('',#744,1.6764E0);
#746=CARTESIAN_POINT('',(3.34645E0,-3.9878E0,0.E0));
#747=LINE('',#746,#745);
#748=DIRECTION('',(1.E0,0.E0,0.E0));
#749=VECTOR('',#748,1.59385E0);
#750=CARTESIAN_POINT('',(3.34645E0,-2.3114E0,0.E0));
#751=LINE('',#750,#749);
#752=DIRECTION('',(0.E0,1.E0,0.E0));
#753=VECTOR('',#752,7.62E-1);
#754=CARTESIAN_POINT('',(4.9403E0,-2.3114E0,0.E0));
#755=LINE('',#754,#753);
#756=DIRECTION('',(1.E0,0.E0,0.E0));
#757=VECTOR('',#756,5.207E-1);
#758=CARTESIAN_POINT('',(4.9403E0,-1.5494E0,0.E0));
#759=LINE('',#758,#757);
#760=DIRECTION('',(0.E0,1.E0,0.E0));
#761=VECTOR('',#760,2.794E0);
#762=CARTESIAN_POINT('',(5.461E0,-1.5494E0,0.E0));
#763=LINE('',#762,#761);
#764=DIRECTION('',(-1.E0,0.E0,0.E0));
#765=VECTOR('',#764,5.207E-1);
#766=CARTESIAN_POINT('',(5.461E0,1.2446E0,0.E0));
#767=LINE('',#766,#765);
#768=DIRECTION('',(0.E0,1.E0,0.E0));
#769=VECTOR('',#768,3.2766E0);
#770=CARTESIAN_POINT('',(4.9403E0,1.2446E0,0.E0));
#771=LINE('',#770,#769);
#772=DIRECTION('',(-1.E0,0.E0,0.E0));
#773=VECTOR('',#772,1.6129E0);
#774=CARTESIAN_POINT('',(4.9403E0,4.5212E0,0.E0));
#775=LINE('',#774,#773);
#776=DIRECTION('',(-1.E0,0.E0,0.E0));
#777=VECTOR('',#776,6.6548E0);
#778=CARTESIAN_POINT('',(3.3274E0,6.858E0,0.E0));
#779=LINE('',#778,#777);
#780=DIRECTION('',(0.E0,1.E0,0.E0));
#781=VECTOR('',#780,2.3368E0);
#782=CARTESIAN_POINT('',(-3.3274E0,4.5212E0,0.E0));
#783=LINE('',#782,#781);
#784=DIRECTION('',(0.E0,0.E0,-1.E0));
#785=VECTOR('',#784,3.302E0);
#786=CARTESIAN_POINT('',(-3.3274E0,6.858E0,0.E0));
#787=LINE('',#786,#785);
#788=DIRECTION('',(0.E0,0.E0,-1.E0));
#789=VECTOR('',#788,1.0668E1);
#790=CARTESIAN_POINT('',(-3.3274E0,4.7752E0,-3.302E0));
#791=LINE('',#790,#789);
#792=DIRECTION('',(0.E0,0.E0,-1.E0));
#793=VECTOR('',#792,3.302E0);
#794=CARTESIAN_POINT('',(3.3274E0,6.858E0,0.E0));
#795=LINE('',#794,#793);
#796=DIRECTION('',(0.E0,-1.E0,0.E0));
#797=VECTOR('',#796,2.3368E0);
#798=CARTESIAN_POINT('',(3.3274E0,6.858E0,0.E0));
#799=LINE('',#798,#797);
#800=DIRECTION('',(0.E0,0.E0,-1.E0));
#801=VECTOR('',#800,1.397E1);
#802=CARTESIAN_POINT('',(3.3274E0,4.5212E0,0.E0));
#803=LINE('',#802,#801);
#804=DIRECTION('',(-1.E0,0.E0,0.E0));
#805=VECTOR('',#804,6.6548E0);
#806=CARTESIAN_POINT('',(3.3274E0,4.7752E0,-3.302E0));
#807=LINE('',#806,#805);
#808=DIRECTION('',(0.E0,0.E0,-1.E0));
#809=VECTOR('',#808,1.0668E1);
#810=CARTESIAN_POINT('',(3.3274E0,4.7752E0,-3.302E0));
#811=LINE('',#810,#809);
#812=DIRECTION('',(0.E0,0.E0,1.E0));
#813=VECTOR('',#812,7.950719731871E-1);
#814=CARTESIAN_POINT('',(-1.2954E0,4.7752E0,-6.180868004042E0));
#815=LINE('',#814,#813);
#816=DIRECTION('',(-1.E0,0.E0,0.E0));
#817=VECTOR('',#816,4.572E-1);
#818=CARTESIAN_POINT('',(-1.2954E0,4.7752E0,-5.385796030855E0));
#819=LINE('',#818,#817);
#820=DIRECTION('',(0.E0,0.E0,1.E0));
#821=VECTOR('',#820,7.950719731871E-1);
#822=CARTESIAN_POINT('',(-1.7526E0,4.7752E0,-6.180868004042E0));
#823=LINE('',#822,#821);
#824=DIRECTION('',(-1.E0,0.E0,0.E0));
#825=VECTOR('',#824,4.572E-1);
#826=CARTESIAN_POINT('',(-1.2954E0,4.7752E0,-6.180868004042E0));
#827=LINE('',#826,#825);
#828=DIRECTION('',(0.E0,0.E0,1.E0));
#829=VECTOR('',#828,7.950719731871E-1);
#830=CARTESIAN_POINT('',(-2.794E-1,4.7752E0,-6.180868004042E0));
#831=LINE('',#830,#829);
#832=DIRECTION('',(-1.E0,0.E0,0.E0));
#833=VECTOR('',#832,4.572E-1);
#834=CARTESIAN_POINT('',(-2.794E-1,4.7752E0,-5.385796030855E0));
#835=LINE('',#834,#833);
#836=DIRECTION('',(0.E0,0.E0,1.E0));
#837=VECTOR('',#836,7.950719731871E-1);
#838=CARTESIAN_POINT('',(-7.366E-1,4.7752E0,-6.180868004042E0));
#839=LINE('',#838,#837);
#840=DIRECTION('',(-1.E0,0.E0,0.E0));
#841=VECTOR('',#840,4.572E-1);
#842=CARTESIAN_POINT('',(-2.794E-1,4.7752E0,-6.180868004042E0));
#843=LINE('',#842,#841);
#844=DIRECTION('',(0.E0,0.E0,1.E0));
#845=VECTOR('',#844,7.950719731871E-1);
#846=CARTESIAN_POINT('',(7.366E-1,4.7752E0,-6.180868004042E0));
#847=LINE('',#846,#845);
#848=DIRECTION('',(-1.E0,0.E0,0.E0));
#849=VECTOR('',#848,4.572E-1);
#850=CARTESIAN_POINT('',(7.366E-1,4.7752E0,-5.385796030855E0));
#851=LINE('',#850,#849);
#852=DIRECTION('',(0.E0,0.E0,1.E0));
#853=VECTOR('',#852,7.950719731871E-1);
#854=CARTESIAN_POINT('',(2.794E-1,4.7752E0,-6.180868004042E0));
#855=LINE('',#854,#853);
#856=DIRECTION('',(-1.E0,0.E0,0.E0));
#857=VECTOR('',#856,4.572E-1);
#858=CARTESIAN_POINT('',(7.366E-1,4.7752E0,-6.180868004042E0));
#859=LINE('',#858,#857);
#860=DIRECTION('',(0.E0,0.E0,1.E0));
#861=VECTOR('',#860,7.950719731871E-1);
#862=CARTESIAN_POINT('',(1.7526E0,4.7752E0,-6.180868004042E0));
#863=LINE('',#862,#861);
#864=DIRECTION('',(-1.E0,0.E0,0.E0));
#865=VECTOR('',#864,4.572E-1);
#866=CARTESIAN_POINT('',(1.7526E0,4.7752E0,-5.385796030855E0));
#867=LINE('',#866,#865);
#868=DIRECTION('',(0.E0,0.E0,1.E0));
#869=VECTOR('',#868,7.950719731871E-1);
#870=CARTESIAN_POINT('',(1.2954E0,4.7752E0,-6.180868004042E0));
#871=LINE('',#870,#869);
#872=DIRECTION('',(-1.E0,0.E0,0.E0));
#873=VECTOR('',#872,4.572E-1);
#874=CARTESIAN_POINT('',(1.7526E0,4.7752E0,-6.180868004042E0));
#875=LINE('',#874,#873);
#876=DIRECTION('',(0.E0,-1.E0,0.E0));
#877=VECTOR('',#876,2.0828E0);
#878=CARTESIAN_POINT('',(-3.3274E0,6.858E0,-3.302E0));
#879=LINE('',#878,#877);
#880=DIRECTION('',(-1.E0,0.E0,0.E0));
#881=VECTOR('',#880,6.6548E0);
#882=CARTESIAN_POINT('',(3.3274E0,6.858E0,-3.302E0));
#883=LINE('',#882,#881);
#884=DIRECTION('',(0.E0,1.E0,0.E0));
#885=VECTOR('',#884,2.0828E0);
#886=CARTESIAN_POINT('',(3.3274E0,4.7752E0,-3.302E0));
#887=LINE('',#886,#885);
#888=DIRECTION('',(0.E0,-1.E0,0.E0));
#889=VECTOR('',#888,4.6736E0);
#890=CARTESIAN_POINT('',(-4.9403E0,4.5212E0,-1.397E1));
#891=LINE('',#890,#889);
#892=DIRECTION('',(-1.E0,0.E0,0.E0));
#893=VECTOR('',#892,1.6129E0);
#894=CARTESIAN_POINT('',(-3.3274E0,4.5212E0,-1.397E1));
#895=LINE('',#894,#893);
#896=DIRECTION('',(0.E0,-1.E0,0.E0));
#897=VECTOR('',#896,2.54E-1);
#898=CARTESIAN_POINT('',(-3.3274E0,4.7752E0,-1.397E1));
#899=LINE('',#898,#897);
#900=DIRECTION('',(-1.E0,0.E0,0.E0));
#901=VECTOR('',#900,6.6548E0);
#902=CARTESIAN_POINT('',(3.3274E0,4.7752E0,-1.397E1));
#903=LINE('',#902,#901);
#904=DIRECTION('',(0.E0,1.E0,0.E0));
#905=VECTOR('',#904,2.54E-1);
#906=CARTESIAN_POINT('',(3.3274E0,4.5212E0,-1.397E1));
#907=LINE('',#906,#905);
#908=DIRECTION('',(-1.E0,0.E0,0.E0));
#909=VECTOR('',#908,1.6129E0);
#910=CARTESIAN_POINT('',(4.9403E0,4.5212E0,-1.397E1));
#911=LINE('',#910,#909);
#912=DIRECTION('',(0.E0,1.E0,0.E0));
#913=VECTOR('',#912,4.6736E0);
#914=CARTESIAN_POINT('',(4.9403E0,-1.524E-1,-1.397E1));
#915=LINE('',#914,#913);
#916=DIRECTION('',(1.E0,0.E0,0.E0));
#917=VECTOR('',#916,1.59385E0);
#918=CARTESIAN_POINT('',(3.34645E0,-1.524E-1,-1.397E1));
#919=LINE('',#918,#917);
#920=DIRECTION('',(0.E0,1.E0,0.E0));
#921=VECTOR('',#920,3.8354E0);
#922=CARTESIAN_POINT('',(3.34645E0,-3.9878E0,-1.397E1));
#923=LINE('',#922,#921);
#924=DIRECTION('',(1.E0,0.E0,0.E0));
#925=VECTOR('',#924,1.31445E0);
#926=CARTESIAN_POINT('',(2.032E0,-3.9878E0,-1.397E1));
#927=LINE('',#926,#925);
#928=DIRECTION('',(0.E0,1.E0,0.E0));
#929=VECTOR('',#928,1.3462E0);
#930=CARTESIAN_POINT('',(2.032E0,-5.334E0,-1.397E1));
#931=LINE('',#930,#929);
#932=DIRECTION('',(1.E0,0.E0,0.E0));
#933=VECTOR('',#932,4.064E0);
#934=CARTESIAN_POINT('',(-2.032E0,-5.334E0,-1.397E1));
#935=LINE('',#934,#933);
#936=DIRECTION('',(0.E0,-1.E0,0.E0));
#937=VECTOR('',#936,1.3462E0);
#938=CARTESIAN_POINT('',(-2.032E0,-3.9878E0,-1.397E1));
#939=LINE('',#938,#937);
#940=DIRECTION('',(1.E0,0.E0,0.E0));
#941=VECTOR('',#940,1.31445E0);
#942=CARTESIAN_POINT('',(-3.34645E0,-3.9878E0,-1.397E1));
#943=LINE('',#942,#941);
#944=DIRECTION('',(0.E0,-1.E0,0.E0));
#945=VECTOR('',#944,3.8354E0);
#946=CARTESIAN_POINT('',(-3.34645E0,-1.524E-1,-1.397E1));
#947=LINE('',#946,#945);
#948=DIRECTION('',(1.E0,0.E0,0.E0));
#949=VECTOR('',#948,1.59385E0);
#950=CARTESIAN_POINT('',(-4.9403E0,-1.524E-1,-1.397E1));
#951=LINE('',#950,#949);
#952=DIRECTION('',(0.E0,-1.E0,0.E0));
#953=VECTOR('',#952,3.975821129566E-1);
#954=CARTESIAN_POINT('',(-1.2954E0,8.801821129566E-1,-1.397E1));
#955=LINE('',#954,#953);
#956=DIRECTION('',(-1.E0,0.E0,0.E0));
#957=VECTOR('',#956,4.572E-1);
#958=CARTESIAN_POINT('',(-1.2954E0,8.801821129566E-1,-1.397E1));
#959=LINE('',#958,#957);
#960=DIRECTION('',(0.E0,-1.E0,0.E0));
#961=VECTOR('',#960,3.975821129566E-1);
#962=CARTESIAN_POINT('',(-1.7526E0,8.801821129566E-1,-1.397E1));
#963=LINE('',#962,#961);
#964=DIRECTION('',(-1.E0,0.E0,0.E0));
#965=VECTOR('',#964,4.572E-1);
#966=CARTESIAN_POINT('',(-1.2954E0,4.826E-1,-1.397E1));
#967=LINE('',#966,#965);
#968=DIRECTION('',(0.E0,-1.E0,0.E0));
#969=VECTOR('',#968,3.975821129566E-1);
#970=CARTESIAN_POINT('',(-2.794E-1,8.801821129566E-1,-1.397E1));
#971=LINE('',#970,#969);
#972=DIRECTION('',(-1.E0,0.E0,0.E0));
#973=VECTOR('',#972,4.572E-1);
#974=CARTESIAN_POINT('',(-2.794E-1,8.801821129566E-1,-1.397E1));
#975=LINE('',#974,#973);
#976=DIRECTION('',(0.E0,-1.E0,0.E0));
#977=VECTOR('',#976,3.975821129566E-1);
#978=CARTESIAN_POINT('',(-7.366E-1,8.801821129566E-1,-1.397E1));
#979=LINE('',#978,#977);
#980=DIRECTION('',(-1.E0,0.E0,0.E0));
#981=VECTOR('',#980,4.572E-1);
#982=CARTESIAN_POINT('',(-2.794E-1,4.826E-1,-1.397E1));
#983=LINE('',#982,#981);
#984=DIRECTION('',(0.E0,-1.E0,0.E0));
#985=VECTOR('',#984,3.975821129566E-1);
#986=CARTESIAN_POINT('',(7.366E-1,8.801821129566E-1,-1.397E1));
#987=LINE('',#986,#985);
#988=DIRECTION('',(-1.E0,0.E0,0.E0));
#989=VECTOR('',#988,4.572E-1);
#990=CARTESIAN_POINT('',(7.366E-1,8.801821129566E-1,-1.397E1));
#991=LINE('',#990,#989);
#992=DIRECTION('',(0.E0,-1.E0,0.E0));
#993=VECTOR('',#992,3.975821129566E-1);
#994=CARTESIAN_POINT('',(2.794E-1,8.801821129566E-1,-1.397E1));
#995=LINE('',#994,#993);
#996=DIRECTION('',(-1.E0,0.E0,0.E0));
#997=VECTOR('',#996,4.572E-1);
#998=CARTESIAN_POINT('',(7.366E-1,4.826E-1,-1.397E1));
#999=LINE('',#998,#997);
#1000=DIRECTION('',(0.E0,-1.E0,0.E0));
#1001=VECTOR('',#1000,3.975821129566E-1);
#1002=CARTESIAN_POINT('',(1.7526E0,8.801821129566E-1,-1.397E1));
#1003=LINE('',#1002,#1001);
#1004=DIRECTION('',(-1.E0,0.E0,0.E0));
#1005=VECTOR('',#1004,4.572E-1);
#1006=CARTESIAN_POINT('',(1.7526E0,8.801821129566E-1,-1.397E1));
#1007=LINE('',#1006,#1005);
#1008=DIRECTION('',(0.E0,-1.E0,0.E0));
#1009=VECTOR('',#1008,3.975821129566E-1);
#1010=CARTESIAN_POINT('',(1.2954E0,8.801821129566E-1,-1.397E1));
#1011=LINE('',#1010,#1009);
#1012=DIRECTION('',(-1.E0,0.E0,0.E0));
#1013=VECTOR('',#1012,4.572E-1);
#1014=CARTESIAN_POINT('',(1.7526E0,4.826E-1,-1.397E1));
#1015=LINE('',#1014,#1013);
#1016=DIRECTION('',(0.E0,1.E0,0.E0));
#1017=VECTOR('',#1016,1.397E0);
#1018=CARTESIAN_POINT('',(-4.9403E0,-1.524E-1,-1.13284E1));
#1019=LINE('',#1018,#1017);
#1020=DIRECTION('',(0.E0,0.E0,-1.E0));
#1021=VECTOR('',#1020,1.13284E1);
#1022=CARTESIAN_POINT('',(-4.9403E0,1.2446E0,0.E0));
#1023=LINE('',#1022,#1021);
#1024=DIRECTION('',(0.E0,0.E0,-1.E0));
#1025=VECTOR('',#1024,1.397E1);
#1026=CARTESIAN_POINT('',(-4.9403E0,4.5212E0,0.E0));
#1027=LINE('',#1026,#1025);
#1028=DIRECTION('',(1.E0,0.E0,0.E0));
#1029=VECTOR('',#1028,1.59385E0);
#1030=CARTESIAN_POINT('',(-4.9403E0,-2.3114E0,-1.13284E1));
#1031=LINE('',#1030,#1029);
#1032=DIRECTION('',(0.E0,-1.E0,0.E0));
#1033=VECTOR('',#1032,7.62E-1);
#1034=CARTESIAN_POINT('',(-4.9403E0,-1.5494E0,-1.13284E1));
#1035=LINE('',#1034,#1033);
#1036=DIRECTION('',(1.E0,0.E0,0.E0));
#1037=VECTOR('',#1036,5.207E-1);
#1038=CARTESIAN_POINT('',(-5.461E0,-1.5494E0,-1.13284E1));
#1039=LINE('',#1038,#1037);
#1040=DIRECTION('',(0.E0,-1.E0,0.E0));
#1041=VECTOR('',#1040,2.794E0);
#1042=CARTESIAN_POINT('',(-5.461E0,1.2446E0,-1.13284E1));
#1043=LINE('',#1042,#1041);
#1044=DIRECTION('',(-1.E0,0.E0,0.E0));
#1045=VECTOR('',#1044,5.207E-1);
#1046=CARTESIAN_POINT('',(-4.9403E0,1.2446E0,-1.13284E1));
#1047=LINE('',#1046,#1045);
#1048=DIRECTION('',(-1.E0,0.E0,0.E0));
#1049=VECTOR('',#1048,5.207E-1);
#1050=CARTESIAN_POINT('',(5.461E0,1.2446E0,-1.13284E1));
#1051=LINE('',#1050,#1049);
#1052=DIRECTION('',(0.E0,1.E0,0.E0));
#1053=VECTOR('',#1052,2.794E0);
#1054=CARTESIAN_POINT('',(5.461E0,-1.5494E0,-1.13284E1));
#1055=LINE('',#1054,#1053);
#1056=DIRECTION('',(1.E0,0.E0,0.E0));
#1057=VECTOR('',#1056,5.207E-1);
#1058=CARTESIAN_POINT('',(4.9403E0,-1.5494E0,-1.13284E1));
#1059=LINE('',#1058,#1057);
#1060=DIRECTION('',(0.E0,1.E0,0.E0));
#1061=VECTOR('',#1060,7.62E-1);
#1062=CARTESIAN_POINT('',(4.9403E0,-2.3114E0,-1.13284E1));
#1063=LINE('',#1062,#1061);
#1064=DIRECTION('',(1.E0,0.E0,0.E0));
#1065=VECTOR('',#1064,1.59385E0);
#1066=CARTESIAN_POINT('',(3.34645E0,-2.3114E0,-1.13284E1));
#1067=LINE('',#1066,#1065);
#1068=DIRECTION('',(1.E0,0.E0,0.E0));
#1069=VECTOR('',#1068,1.59385E0);
#1070=CARTESIAN_POINT('',(-4.9403E0,-1.524E-1,-1.13284E1));
#1071=LINE('',#1070,#1069);
#1072=DIRECTION('',(0.E0,0.E0,-1.E0));
#1073=VECTOR('',#1072,2.6416E0);
#1074=CARTESIAN_POINT('',(-4.9403E0,-1.524E-1,-1.13284E1));
#1075=LINE('',#1074,#1073);
#1076=DIRECTION('',(0.E0,-1.E0,0.E0));
#1077=VECTOR('',#1076,2.159E0);
#1078=CARTESIAN_POINT('',(-3.34645E0,-1.524E-1,-1.13284E1));
#1079=LINE('',#1078,#1077);
#1080=DIRECTION('',(0.E0,0.E0,-1.E0));
#1081=VECTOR('',#1080,2.6416E0);
#1082=CARTESIAN_POINT('',(-3.34645E0,-1.524E-1,-1.13284E1));
#1083=LINE('',#1082,#1081);
#1084=DIRECTION('',(0.E0,0.E0,-1.E0));
#1085=VECTOR('',#1084,1.13284E1);
#1086=CARTESIAN_POINT('',(-3.34645E0,-2.3114E0,0.E0));
#1087=LINE('',#1086,#1085);
#1088=DIRECTION('',(0.E0,0.E0,-1.E0));
#1089=VECTOR('',#1088,1.397E1);
#1090=CARTESIAN_POINT('',(-3.34645E0,-3.9878E0,0.E0));
#1091=LINE('',#1090,#1089);
#1092=DIRECTION('',(0.E0,2.588190451025E-1,-9.659258262891E-1));
#1093=VECTOR('',#1092,4.733282696835E0);
#1094=CARTESIAN_POINT('',(-2.032E0,-6.559063707795E0,0.E0));
#1095=LINE('',#1094,#1093);
#1096=DIRECTION('',(0.E0,1.E0,0.E0));
#1097=VECTOR('',#1096,2.571263707795E0);
#1098=CARTESIAN_POINT('',(-2.032E0,-6.559063707795E0,0.E0));
#1099=LINE('',#1098,#1097);
#1100=DIRECTION('',(0.E0,0.E0,-1.E0));
#1101=VECTOR('',#1100,1.397E1);
#1102=CARTESIAN_POINT('',(-2.032E0,-3.9878E0,0.E0));
#1103=LINE('',#1102,#1101);
#1104=DIRECTION('',(1.E0,0.E0,0.E0));
#1105=VECTOR('',#1104,4.064E0);
#1106=CARTESIAN_POINT('',(-2.032E0,-5.334E0,-4.572E0));
#1107=LINE('',#1106,#1105);
#1108=DIRECTION('',(0.E0,0.E0,-1.E0));
#1109=VECTOR('',#1108,9.398E0);
#1110=CARTESIAN_POINT('',(-2.032E0,-5.334E0,-4.572E0));
#1111=LINE('',#1110,#1109);
#1112=DIRECTION('',(0.E0,-1.E0,0.E0));
#1113=VECTOR('',#1112,2.571263707795E0);
#1114=CARTESIAN_POINT('',(2.032E0,-3.9878E0,0.E0));
#1115=LINE('',#1114,#1113);
#1116=DIRECTION('',(0.E0,2.588190451025E-1,-9.659258262891E-1));
#1117=VECTOR('',#1116,4.733282696835E0);
#1118=CARTESIAN_POINT('',(2.032E0,-6.559063707795E0,0.E0));
#1119=LINE('',#1118,#1117);
#1120=DIRECTION('',(0.E0,0.E0,-1.E0));
#1121=VECTOR('',#1120,9.398E0);
#1122=CARTESIAN_POINT('',(2.032E0,-5.334E0,-4.572E0));
#1123=LINE('',#1122,#1121);
#1124=DIRECTION('',(0.E0,0.E0,-1.E0));
#1125=VECTOR('',#1124,1.397E1);
#1126=CARTESIAN_POINT('',(2.032E0,-3.9878E0,0.E0));
#1127=LINE('',#1126,#1125);
#1128=DIRECTION('',(0.E0,-1.E0,0.E0));
#1129=VECTOR('',#1128,2.159E0);
#1130=CARTESIAN_POINT('',(3.34645E0,-1.524E-1,-1.13284E1));
#1131=LINE('',#1130,#1129);
#1132=DIRECTION('',(0.E0,0.E0,-1.E0));
#1133=VECTOR('',#1132,1.13284E1);
#1134=CARTESIAN_POINT('',(3.34645E0,-2.3114E0,0.E0));
#1135=LINE('',#1134,#1133);
#1136=DIRECTION('',(0.E0,0.E0,-1.E0));
#1137=VECTOR('',#1136,1.397E1);
#1138=CARTESIAN_POINT('',(3.34645E0,-3.9878E0,0.E0));
#1139=LINE('',#1138,#1137);
#1140=DIRECTION('',(0.E0,0.E0,-1.E0));
#1141=VECTOR('',#1140,1.13284E1);
#1142=CARTESIAN_POINT('',(-4.9403E0,-2.3114E0,0.E0));
#1143=LINE('',#1142,#1141);
#1144=DIRECTION('',(0.E0,0.E0,-1.E0));
#1145=VECTOR('',#1144,1.13284E1);
#1146=CARTESIAN_POINT('',(-4.9403E0,-1.5494E0,0.E0));
#1147=LINE('',#1146,#1145);
#1148=DIRECTION('',(0.E0,0.E0,-1.E0));
#1149=VECTOR('',#1148,1.13284E1);
#1150=CARTESIAN_POINT('',(-5.461E0,-1.5494E0,0.E0));
#1151=LINE('',#1150,#1149);
#1152=DIRECTION('',(0.E0,0.E0,-1.E0));
#1153=VECTOR('',#1152,1.13284E1);
#1154=CARTESIAN_POINT('',(-5.461E0,1.2446E0,0.E0));
#1155=LINE('',#1154,#1153);
#1156=DIRECTION('',(0.E0,0.E0,-1.E0));
#1157=VECTOR('',#1156,1.13284E1);
#1158=CARTESIAN_POINT('',(5.461E0,1.2446E0,0.E0));
#1159=LINE('',#1158,#1157);
#1160=DIRECTION('',(0.E0,0.E0,-1.E0));
#1161=VECTOR('',#1160,1.13284E1);
#1162=CARTESIAN_POINT('',(5.461E0,-1.5494E0,0.E0));
#1163=LINE('',#1162,#1161);
#1164=DIRECTION('',(0.E0,0.E0,-1.E0));
#1165=VECTOR('',#1164,1.13284E1);
#1166=CARTESIAN_POINT('',(4.9403E0,-1.5494E0,0.E0));
#1167=LINE('',#1166,#1165);
#1168=DIRECTION('',(0.E0,0.E0,-1.E0));
#1169=VECTOR('',#1168,1.13284E1);
#1170=CARTESIAN_POINT('',(4.9403E0,-2.3114E0,0.E0));
#1171=LINE('',#1170,#1169);
#1172=DIRECTION('',(0.E0,1.E0,0.E0));
#1173=VECTOR('',#1172,1.397E0);
#1174=CARTESIAN_POINT('',(4.9403E0,-1.524E-1,-1.13284E1));
#1175=LINE('',#1174,#1173);
#1176=DIRECTION('',(0.E0,0.E0,-1.E0));
#1177=VECTOR('',#1176,2.6416E0);
#1178=CARTESIAN_POINT('',(4.9403E0,-1.524E-1,-1.13284E1));
#1179=LINE('',#1178,#1177);
#1180=DIRECTION('',(0.E0,0.E0,-1.E0));
#1181=VECTOR('',#1180,1.13284E1);
#1182=CARTESIAN_POINT('',(4.9403E0,1.2446E0,0.E0));
#1183=LINE('',#1182,#1181);
#1184=DIRECTION('',(1.E0,0.E0,0.E0));
#1185=VECTOR('',#1184,1.59385E0);
#1186=CARTESIAN_POINT('',(3.34645E0,-1.524E-1,-1.13284E1));
#1187=LINE('',#1186,#1185);
#1188=DIRECTION('',(0.E0,0.E0,-1.E0));
#1189=VECTOR('',#1188,2.6416E0);
#1190=CARTESIAN_POINT('',(3.34645E0,-1.524E-1,-1.13284E1));
#1191=LINE('',#1190,#1189);
#1192=DIRECTION('',(0.E0,0.E0,-1.E0));
#1193=VECTOR('',#1192,1.397E1);
#1194=CARTESIAN_POINT('',(4.9403E0,4.5212E0,0.E0));
#1195=LINE('',#1194,#1193);
#1196=DIRECTION('',(0.E0,0.E0,-1.E0));
#1197=VECTOR('',#1196,1.397E1);
#1198=CARTESIAN_POINT('',(-3.3274E0,4.5212E0,0.E0));
#1199=LINE('',#1198,#1197);
#1200=DIRECTION('',(0.E0,4.472551064460E-1,8.944064343228E-1));
#1201=VECTOR('',#1200,9.597654533473E0);
#1202=CARTESIAN_POINT('',(-1.2954E0,4.826E-1,-1.397E1));
#1203=LINE('',#1202,#1201);
#1204=DIRECTION('',(0.E0,-4.472551064460E-1,-8.944064343228E-1));
#1205=VECTOR('',#1204,8.708716414653E0);
#1206=CARTESIAN_POINT('',(-1.2954E0,4.7752E0,-6.180868004042E0));
#1207=LINE('',#1206,#1205);
#1208=DIRECTION('',(0.E0,-4.472551064460E-1,-8.944064343228E-1));
#1209=VECTOR('',#1208,8.708716414653E0);
#1210=CARTESIAN_POINT('',(-1.7526E0,4.7752E0,-6.180868004042E0));
#1211=LINE('',#1210,#1209);
#1212=DIRECTION('',(0.E0,4.472551064460E-1,8.944064343228E-1));
#1213=VECTOR('',#1212,9.597654533473E0);
#1214=CARTESIAN_POINT('',(-1.7526E0,4.826E-1,-1.397E1));
#1215=LINE('',#1214,#1213);
#1216=DIRECTION('',(0.E0,4.472551064460E-1,8.944064343228E-1));
#1217=VECTOR('',#1216,9.597654533473E0);
#1218=CARTESIAN_POINT('',(-2.794E-1,4.826E-1,-1.397E1));
#1219=LINE('',#1218,#1217);
#1220=DIRECTION('',(0.E0,-4.472551064460E-1,-8.944064343228E-1));
#1221=VECTOR('',#1220,8.708716414653E0);
#1222=CARTESIAN_POINT('',(-2.794E-1,4.7752E0,-6.180868004042E0));
#1223=LINE('',#1222,#1221);
#1224=DIRECTION('',(0.E0,-4.472551064460E-1,-8.944064343228E-1));
#1225=VECTOR('',#1224,8.708716414653E0);
#1226=CARTESIAN_POINT('',(-7.366E-1,4.7752E0,-6.180868004042E0));
#1227=LINE('',#1226,#1225);
#1228=DIRECTION('',(0.E0,4.472551064460E-1,8.944064343228E-1));
#1229=VECTOR('',#1228,9.597654533473E0);
#1230=CARTESIAN_POINT('',(-7.366E-1,4.826E-1,-1.397E1));
#1231=LINE('',#1230,#1229);
#1232=DIRECTION('',(0.E0,4.472551064460E-1,8.944064343228E-1));
#1233=VECTOR('',#1232,9.597654533473E0);
#1234=CARTESIAN_POINT('',(7.366E-1,4.826E-1,-1.397E1));
#1235=LINE('',#1234,#1233);
#1236=DIRECTION('',(0.E0,-4.472551064460E-1,-8.944064343228E-1));
#1237=VECTOR('',#1236,8.708716414653E0);
#1238=CARTESIAN_POINT('',(7.366E-1,4.7752E0,-6.180868004042E0));
#1239=LINE('',#1238,#1237);
#1240=DIRECTION('',(0.E0,-4.472551064460E-1,-8.944064343228E-1));
#1241=VECTOR('',#1240,8.708716414653E0);
#1242=CARTESIAN_POINT('',(2.794E-1,4.7752E0,-6.180868004042E0));
#1243=LINE('',#1242,#1241);
#1244=DIRECTION('',(0.E0,4.472551064460E-1,8.944064343228E-1));
#1245=VECTOR('',#1244,9.597654533473E0);
#1246=CARTESIAN_POINT('',(2.794E-1,4.826E-1,-1.397E1));
#1247=LINE('',#1246,#1245);
#1248=DIRECTION('',(0.E0,4.472551064460E-1,8.944064343228E-1));
#1249=VECTOR('',#1248,9.597654533473E0);
#1250=CARTESIAN_POINT('',(1.7526E0,4.826E-1,-1.397E1));
#1251=LINE('',#1250,#1249);
#1252=DIRECTION('',(0.E0,-4.472551064460E-1,-8.944064343228E-1));
#1253=VECTOR('',#1252,8.708716414653E0);
#1254=CARTESIAN_POINT('',(1.7526E0,4.7752E0,-6.180868004042E0));
#1255=LINE('',#1254,#1253);
#1256=DIRECTION('',(0.E0,-4.472551064460E-1,-8.944064343228E-1));
#1257=VECTOR('',#1256,8.708716414653E0);
#1258=CARTESIAN_POINT('',(1.2954E0,4.7752E0,-6.180868004042E0));
#1259=LINE('',#1258,#1257);
#1260=DIRECTION('',(0.E0,4.472551064460E-1,8.944064343228E-1));
#1261=VECTOR('',#1260,9.597654533473E0);
#1262=CARTESIAN_POINT('',(1.2954E0,4.826E-1,-1.397E1));
#1263=LINE('',#1262,#1261);
#1264=CARTESIAN_POINT('',(-6.604E0,-8.128E0,-1.08204E1));
#1265=CARTESIAN_POINT('',(-6.604E0,-8.140044940418E0,-1.08204E1));
#1266=CARTESIAN_POINT('',(-6.602849623330E0,-8.162982661194E0,
-1.082674389022E1));
#1267=CARTESIAN_POINT('',(-6.598733823344E0,-8.193403296018E0,
-1.084811378209E1));
#1268=CARTESIAN_POINT('',(-6.592699418575E0,-8.221417384384E0,
-1.087670047507E1));
#1269=CARTESIAN_POINT('',(-6.585521232549E0,-8.246128379237E0,
-1.090763357420E1));
#1270=CARTESIAN_POINT('',(-6.576665599430E0,-8.270526099950E0,
-1.094239060307E1));
#1271=CARTESIAN_POINT('',(-6.565761423484E0,-8.295120346322E0,
-1.098117951741E1));
#1272=CARTESIAN_POINT('',(-6.552340199130E0,-8.320321207753E0,
-1.102433857778E1));
#1273=CARTESIAN_POINT('',(-6.535793138932E0,-8.346324655345E0,
-1.107228748840E1));
#1274=CARTESIAN_POINT('',(-6.515386323746E0,-8.373122342833E0,
-1.112538701257E1));
#1275=CARTESIAN_POINT('',(-6.490338553952E0,-8.400384953110E0,
-1.118370968138E1));
#1276=CARTESIAN_POINT('',(-6.459664181365E0,-8.427626175512E0,
-1.124741538402E1));
#1277=CARTESIAN_POINT('',(-6.421964955220E0,-8.454146620311E0,
-1.131695084351E1));
#1278=CARTESIAN_POINT('',(-6.375360830994E0,-8.478741033735E0,
-1.139286838391E1));
#1279=CARTESIAN_POINT('',(-6.317554405489E0,-8.498997430074E0,
-1.147524219527E1));
#1280=CARTESIAN_POINT('',(-6.247126511038E0,-8.510947852739E0,
-1.156240864752E1));
#1281=CARTESIAN_POINT('',(-6.159662729906E0,-8.507640301224E0,
-1.165485980981E1));
#1282=CARTESIAN_POINT('',(-6.063303854327E0,-8.479164516836E0,
-1.174053139306E1));
#1283=CARTESIAN_POINT('',(-5.971762391941E0,-8.421417140932E0,
-1.180942359399E1));
#1284=CARTESIAN_POINT('',(-5.897947613906E0,-8.337119916677E0,
-1.185753028416E1));
#1285=CARTESIAN_POINT('',(-5.851722161667E0,-8.234600102937E0,
-1.188466023899E1));
#1286=CARTESIAN_POINT('',(-5.842E0,-8.163210622443E0,-1.189007240725E1));
#1287=CARTESIAN_POINT('',(-5.842E0,-8.128E0,-1.189007240725E1));
#1289=CARTESIAN_POINT('',(-5.08E0,-1.051558148172E1,-1.0541E1));
#1290=DIRECTION('',(0.E0,-1.E0,0.E0));
#1291=DIRECTION('',(-3.097449775031E-1,0.E0,9.508196721312E-1));
#1292=AXIS2_PLACEMENT_3D('',#1289,#1290,#1291);
#1294=CARTESIAN_POINT('',(-5.08E0,-1.02616E1,-1.0541E1));
#1295=DIRECTION('',(0.E0,-1.E0,0.E0));
#1296=DIRECTION('',(-3.989071038251E-1,0.E0,9.169913426624E-1));
#1297=AXIS2_PLACEMENT_3D('',#1294,#1295,#1296);
#1299=DIRECTION('',(4.733369292281E-6,-9.999999998926E-1,1.387277744596E-5));
#1300=VECTOR('',#1299,2.539984923933E-1);
#1301=CARTESIAN_POINT('',(-5.698066666667E0,-1.02616E1,-1.196178638632E1));
#1302=LINE('',#1301,#1300);
#1303=CARTESIAN_POINT('',(-5.08E0,-1.051558155147E1,-1.0541E1));
#1304=DIRECTION('',(0.E0,-1.E0,0.E0));
#1305=DIRECTION('',(-3.989071038251E-1,0.E0,-9.169913426624E-1));
#1306=AXIS2_PLACEMENT_3D('',#1303,#1304,#1305);
#1308=CARTESIAN_POINT('',(-5.513600762631E0,-1.188533670932E1,
-9.644351925977E0));
#1309=CARTESIAN_POINT('',(-5.498675664670E0,-1.185948568134E1,
-9.625532893851E0));
#1310=CARTESIAN_POINT('',(-5.483579343597E0,-1.183333808623E1,
-9.607278995284E0));
#1311=CARTESIAN_POINT('',(-5.468330202676E0,-1.180692579939E1,
-9.589529489050E0));
#1313=CARTESIAN_POINT('',(-5.698065461998E0,-1.051559848982E1,
-9.120217142859E0));
#1314=CARTESIAN_POINT('',(-5.676779111358E0,-1.067365014790E1,
-9.180594408689E0));
#1315=CARTESIAN_POINT('',(-5.634749635762E0,-1.098586292041E1,
-9.299919703651E0));
#1316=CARTESIAN_POINT('',(-5.573197492336E0,-1.144281901268E1,
-9.474722367384E0));
#1317=CARTESIAN_POINT('',(-5.533284731925E0,-1.173918339991E1,
-9.588279252462E0));
#1318=CARTESIAN_POINT('',(-5.513600762631E0,-1.188533670932E1,
-9.644351925977E0));
#1320=DIRECTION('',(0.E0,0.E0,1.E0));
#1321=VECTOR('',#1320,2.090947922901E0);
#1322=CARTESIAN_POINT('',(-5.334000018196E0,-1.157425909488E1,
-1.158647396145E1));
#1323=LINE('',#1322,#1321);
#1324=DIRECTION('',(0.E0,0.E0,1.E0));
#1325=VECTOR('',#1324,1.643014845677E0);
#1326=CARTESIAN_POINT('',(4.572000018196E0,-1.20142E1,-1.136250742284E1));
#1327=LINE('',#1326,#1325);
#1328=CARTESIAN_POINT('',(4.8514E0,-1.20142E1,-1.0541E1));
#1329=DIRECTION('',(0.E0,-1.E0,0.E0));
#1330=DIRECTION('',(-3.219930782854E-1,0.E0,9.467420226948E-1));
#1331=AXIS2_PLACEMENT_3D('',#1328,#1329,#1330);
#1333=DIRECTION('',(0.E0,0.E0,1.E0));
#1334=VECTOR('',#1333,1.643014820922E0);
#1335=CARTESIAN_POINT('',(5.588000018196E0,-1.20142E1,-1.136250741046E1));
#1336=LINE('',#1335,#1334);
#1337=CARTESIAN_POINT('',(5.3086E0,-1.20142E1,-1.0541E1));
#1338=DIRECTION('',(0.E0,-1.E0,0.E0));
#1339=DIRECTION('',(3.219931202252E-1,0.E0,-9.467420084308E-1));
#1340=AXIS2_PLACEMENT_3D('',#1337,#1338,#1339);
#1342=DIRECTION('',(0.E0,0.E0,1.E0));
#1343=VECTOR('',#1342,1.643014820922E0);
#1344=CARTESIAN_POINT('',(-5.588000018196E0,-1.20142E1,-1.136250741046E1));
#1345=LINE('',#1344,#1343);
#1346=CARTESIAN_POINT('',(-5.3086E0,-1.20142E1,-1.0541E1));
#1347=DIRECTION('',(0.E0,-1.E0,0.E0));
#1348=DIRECTION('',(-3.219931202252E-1,0.E0,9.467420084308E-1));
#1349=AXIS2_PLACEMENT_3D('',#1346,#1347,#1348);
#1351=DIRECTION('',(0.E0,0.E0,1.E0));
#1352=VECTOR('',#1351,1.643014845677E0);
#1353=CARTESIAN_POINT('',(-4.572000018196E0,-1.20142E1,-1.136250742284E1));
#1354=LINE('',#1353,#1352);
#1355=CARTESIAN_POINT('',(-4.8514E0,-1.20142E1,-1.0541E1));
#1356=DIRECTION('',(0.E0,-1.E0,0.E0));
#1357=DIRECTION('',(3.219930782854E-1,0.E0,-9.467420226948E-1));
#1358=AXIS2_PLACEMENT_3D('',#1355,#1356,#1357);
#1360=DIRECTION('',(0.E0,0.E0,1.E0));
#1361=VECTOR('',#1360,2.090947922901E0);
#1362=CARTESIAN_POINT('',(4.826000018196E0,-1.157425909488E1,
-1.158647396145E1));
#1363=LINE('',#1362,#1361);
#1364=CARTESIAN_POINT('',(4.646399180249E0,-1.188533687128E1,
-1.143764799384E1));
#1365=CARTESIAN_POINT('',(4.621278072409E0,-1.192884790640E1,
-1.141387146548E1));
#1366=CARTESIAN_POINT('',(4.596458212226E0,-1.197183716528E1,
-1.138890421272E1));
#1367=CARTESIAN_POINT('',(4.572000018196E0,-1.20142E1,-1.136250742284E1));
#1369=CARTESIAN_POINT('',(4.461934535602E0,-1.051559849237E1,
-1.196178286266E1));
#1370=CARTESIAN_POINT('',(4.483220850553E0,-1.067364982701E1,
-1.190140572254E1));
#1371=CARTESIAN_POINT('',(4.525250147097E0,-1.098586301815E1,
-1.178208019436E1));
#1372=CARTESIAN_POINT('',(4.586802295399E0,-1.144281806686E1,
-1.160727797543E1));
#1373=CARTESIAN_POINT('',(4.626715245598E0,-1.173918388859E1,
-1.149372053932E1));
#1374=CARTESIAN_POINT('',(4.646399180249E0,-1.188533687128E1,
-1.143764799384E1));
#1376=CARTESIAN_POINT('',(4.572000018196E0,-1.20142E1,-9.719492577162E0));
#1377=CARTESIAN_POINT('',(4.596458233011E0,-1.197183712928E1,
-9.693095764844E0));
#1378=CARTESIAN_POINT('',(4.621278114576E0,-1.192884783337E1,
-9.668128492090E0));
#1379=CARTESIAN_POINT('',(4.646399244252E0,-1.188533676043E1,
-9.644351945586E0));
#1381=CARTESIAN_POINT('',(4.691669758220E0,-1.180692593015E1,
-1.149247045812E1));
#1382=CARTESIAN_POINT('',(4.676420611127E0,-1.183333822769E1,
-1.147472094326E1));
#1383=CARTESIAN_POINT('',(4.661324284040E0,-1.185948583321E1,
-1.145646703561E1));
#1384=CARTESIAN_POINT('',(4.646399180249E0,-1.188533687128E1,
-1.143764799384E1));
#1386=CARTESIAN_POINT('',(4.600081628059E0,-1.051559935305E1,
-1.201419847675E1));
#1387=CARTESIAN_POINT('',(4.609666353584E0,-1.066502510869E1,
-1.195382655266E1));
#1388=CARTESIAN_POINT('',(4.629187661270E0,-1.095991904979E1,
-1.183468428408E1));
#1389=CARTESIAN_POINT('',(4.659575858184E0,-1.139058205022E1,
-1.166068406662E1));
#1390=CARTESIAN_POINT('',(4.680775388531E0,-1.166949162518E1,
-1.154799752166E1));
#1391=CARTESIAN_POINT('',(4.691669758220E0,-1.180692593015E1,
-1.149247045812E1));
#1393=DIRECTION('',(0.E0,-9.271838545668E-1,3.746065934159E-1));
#1394=VECTOR('',#1393,1.141800614477E0);
#1395=CARTESIAN_POINT('',(4.826000018196E0,-1.05156E1,-1.20142E1));
#1396=LINE('',#1395,#1394);
#1397=DIRECTION('',(-4.719443366958E-1,-8.174315695016E-1,3.302637919042E-1));
#1398=VECTOR('',#1397,2.846315752330E-1);
#1399=CARTESIAN_POINT('',(4.826000018196E0,-1.157425909488E1,
-1.158647396145E1));
#1400=LINE('',#1399,#1398);
#1401=DIRECTION('',(-4.719443366958E-1,8.174315695016E-1,-3.302637919042E-1));
#1402=VECTOR('',#1401,2.846314152660E-1);
#1403=CARTESIAN_POINT('',(5.468330202676E0,-1.180692579939E1,
-1.149247051095E1));
#1404=LINE('',#1403,#1402);
#1405=CARTESIAN_POINT('',(5.559918370080E0,-1.051559935034E1,
-1.201419847110E1));
#1406=CARTESIAN_POINT('',(5.550333649058E0,-1.066502509107E1,
-1.195382655303E1));
#1407=CARTESIAN_POINT('',(5.530812225741E0,-1.095991899990E1,
-1.183468430738E1));
#1408=CARTESIAN_POINT('',(5.500424098219E0,-1.139058195964E1,
-1.166068410232E1));
#1409=CARTESIAN_POINT('',(5.479224567078E0,-1.166949150751E1,
-1.154799756920E1));
#1410=CARTESIAN_POINT('',(5.468330202676E0,-1.180692579939E1,
-1.149247051095E1));
#1412=DIRECTION('',(0.E0,-9.271838545668E-1,3.746065934159E-1));
#1413=VECTOR('',#1412,1.141800614477E0);
#1414=CARTESIAN_POINT('',(5.334000018196E0,-1.05156E1,-1.20142E1));
#1415=LINE('',#1414,#1413);
#1416=DIRECTION('',(0.E0,0.E0,1.E0));
#1417=VECTOR('',#1416,2.9464E0);
#1418=CARTESIAN_POINT('',(4.826000018196E0,-8.128E0,-1.20142E1));
#1419=LINE('',#1418,#1417);
#1420=DIRECTION('',(-1.E0,0.E0,0.E0));
#1421=VECTOR('',#1420,5.08E-1);
#1422=CARTESIAN_POINT('',(5.334000018196E0,-8.128E0,-9.0678E0));
#1423=LINE('',#1422,#1421);
#1424=DIRECTION('',(0.E0,1.E0,0.E0));
#1425=VECTOR('',#1424,2.3876E0);
#1426=CARTESIAN_POINT('',(4.826000018196E0,-1.05156E1,-9.0678E0));
#1427=LINE('',#1426,#1425);
#1428=DIRECTION('',(-9.999999999730E-1,2.875647918743E-6,-6.767483011268E-6));
#1429=VECTOR('',#1428,2.259183882818E-1);
#1430=CARTESIAN_POINT('',(4.826000018196E0,-1.05156E1,-9.0678E0));
#1431=LINE('',#1430,#1429);
#1432=DIRECTION('',(-1.641642136865E-7,-9.999999999999E-1,-5.039528823005E-7));
#1433=VECTOR('',#1432,3.022599353052E0);
#1434=CARTESIAN_POINT('',(5.559918868143E0,-7.493E0,-9.0678E0));
#1435=LINE('',#1434,#1433);
#1436=DIRECTION('',(-9.999999999732E-1,-2.863639250929E-6,6.742469705186E-6));
#1437=VECTOR('',#1436,2.259183537508E-1);
#1438=CARTESIAN_POINT('',(5.559918371941E0,-1.051559935305E1,
-9.067801523248E0));
#1439=LINE('',#1438,#1437);
#1440=DIRECTION('',(0.E0,1.E0,0.E0));
#1441=VECTOR('',#1440,2.3876E0);
#1442=CARTESIAN_POINT('',(5.334000018196E0,-1.05156E1,-9.0678E0));
#1443=LINE('',#1442,#1441);
#1444=DIRECTION('',(0.E0,-9.271838545668E-1,-3.746065934159E-1));
#1445=VECTOR('',#1444,1.141800614477E0);
#1446=CARTESIAN_POINT('',(4.826000018196E0,-1.05156E1,-9.0678E0));
#1447=LINE('',#1446,#1445);
#1448=DIRECTION('',(-4.719443366958E-1,-8.174315695016E-1,-3.302637919042E-1));
#1449=VECTOR('',#1448,2.846314830676E-1);
#1450=CARTESIAN_POINT('',(4.826000018196E0,-1.157425909488E1,
-9.495526038549E0));
#1451=LINE('',#1450,#1449);
#1452=CARTESIAN_POINT('',(4.600081629920E0,-1.051559935034E1,
-9.067801528899E0));
#1453=CARTESIAN_POINT('',(4.609666351372E0,-1.066502509777E1,
-9.128173449675E0));
#1454=CARTESIAN_POINT('',(4.629187775576E0,-1.095991901963E1,
-9.247315700590E0));
#1455=CARTESIAN_POINT('',(4.659575904544E0,-1.139058199789E1,
-9.421315913130E0));
#1456=CARTESIAN_POINT('',(4.680775436748E0,-1.166949155733E1,
-9.534002450933E0));
#1457=CARTESIAN_POINT('',(4.691669801717E0,-1.180692585481E1,
-9.589529511443E0));
#1459=DIRECTION('',(-4.719443366958E-1,8.174315695016E-1,3.302637919042E-1));
#1460=VECTOR('',#1459,2.846315074314E-1);
#1461=CARTESIAN_POINT('',(5.468330246173E0,-1.180692587473E1,
-9.589529519489E0));
#1462=LINE('',#1461,#1460);
#1463=DIRECTION('',(0.E0,-9.271838545668E-1,-3.746065934159E-1));
#1464=VECTOR('',#1463,1.141800614477E0);
#1465=CARTESIAN_POINT('',(5.334000018196E0,-1.05156E1,-9.0678E0));
#1466=LINE('',#1465,#1464);
#1467=CARTESIAN_POINT('',(4.646399244252E0,-1.188533676043E1,
-9.644351945586E0));
#1468=CARTESIAN_POINT('',(4.661324341397E0,-1.185948573386E1,
-9.625532914433E0));
#1469=CARTESIAN_POINT('',(4.676420661639E0,-1.183333814020E1,
-9.607279016792E0));
#1470=CARTESIAN_POINT('',(4.691669801717E0,-1.180692585481E1,
-9.589529511443E0));
#1472=CARTESIAN_POINT('',(4.461934538002E0,-1.051559848982E1,
-9.120217142859E0));
#1473=CARTESIAN_POINT('',(4.483220889470E0,-1.067365015404E1,
-9.180594411036E0));
#1474=CARTESIAN_POINT('',(4.525250366679E0,-1.098586293853E1,
-9.299919710577E0));
#1475=CARTESIAN_POINT('',(4.586802512405E0,-1.144281904788E1,
-9.474722380856E0));
#1476=CARTESIAN_POINT('',(4.626715274259E0,-1.173918344583E1,
-9.588279270061E0));
#1477=CARTESIAN_POINT('',(4.646399244252E0,-1.188533676043E1,
-9.644351945586E0));
#1479=CARTESIAN_POINT('',(5.08E0,-1.051558155147E1,-1.0541E1));
#1480=DIRECTION('',(0.E0,-1.E0,0.E0));
#1481=DIRECTION('',(-3.989071038251E-1,0.E0,-9.169913426624E-1));
#1482=AXIS2_PLACEMENT_3D('',#1479,#1480,#1481);
#1484=DIRECTION('',(1.647798947450E-7,-9.999999999999E-1,-5.058225313451E-7));
#1485=VECTOR('',#1484,3.022599350339E0);
#1486=CARTESIAN_POINT('',(4.600081131857E0,-7.493E0,-9.0678E0));
#1487=LINE('',#1486,#1485);
#1488=CARTESIAN_POINT('',(5.08E0,-1.051558148172E1,-1.0541E1));
#1489=DIRECTION('',(0.E0,-1.E0,0.E0));
#1490=DIRECTION('',(-3.097449775031E-1,0.E0,9.508196721311E-1));
#1491=AXIS2_PLACEMENT_3D('',#1488,#1489,#1490);
#1493=CARTESIAN_POINT('',(5.08E0,-1.02616E1,-1.0541E1));
#1494=DIRECTION('',(0.E0,-1.E0,0.E0));
#1495=DIRECTION('',(-3.989071038251E-1,0.E0,9.169913426624E-1));
#1496=AXIS2_PLACEMENT_3D('',#1493,#1494,#1495);
#1498=DIRECTION('',(4.733369288784E-6,-9.999999998926E-1,1.387277744596E-5));
#1499=VECTOR('',#1498,2.539984923933E-1);
#1500=CARTESIAN_POINT('',(4.461933333333E0,-1.02616E1,-1.196178638632E1));
#1501=LINE('',#1500,#1499);
#1502=DIRECTION('',(0.E0,-1.E0,0.E0));
#1503=VECTOR('',#1502,2.3876E0);
#1504=CARTESIAN_POINT('',(4.826000018196E0,-8.128E0,-1.20142E1));
#1505=LINE('',#1504,#1503);
#1506=DIRECTION('',(2.078249210183E-7,-9.999999999998E-1,6.379829390179E-7));
#1507=VECTOR('',#1506,2.387599353052E0);
#1508=CARTESIAN_POINT('',(4.600081131857E0,-8.128E0,-1.20142E1));
#1509=LINE('',#1508,#1507);
#1510=DIRECTION('',(9.999999999732E-1,-2.863638813230E-6,-6.742468603353E-6));
#1511=VECTOR('',#1510,2.259183901427E-1);
#1512=CARTESIAN_POINT('',(4.600081628059E0,-1.051559935305E1,
-1.201419847675E1));
#1513=LINE('',#1512,#1511);
#1514=DIRECTION('',(0.E0,-1.E0,0.E0));
#1515=VECTOR('',#1514,2.3876E0);
#1516=CARTESIAN_POINT('',(5.334000018196E0,-8.128E0,-1.20142E1));
#1517=LINE('',#1516,#1515);
#1518=DIRECTION('',(9.999999999730E-1,2.875648429143E-6,6.767484085679E-6));
#1519=VECTOR('',#1518,2.259183518899E-1);
#1520=CARTESIAN_POINT('',(5.334000018196E0,-1.05156E1,-1.20142E1));
#1521=LINE('',#1520,#1519);
#1522=DIRECTION('',(2.086043467613E-7,9.999999999998E-1,-6.403498354364E-7));
#1523=VECTOR('',#1522,2.387599350339E0);
#1524=CARTESIAN_POINT('',(5.559918370080E0,-1.051559935034E1,
-1.201419847110E1));
#1525=LINE('',#1524,#1523);
#1526=DIRECTION('',(0.E0,0.E0,1.E0));
#1527=VECTOR('',#1526,2.090947922901E0);
#1528=CARTESIAN_POINT('',(5.334000018196E0,-1.157425909488E1,
-1.158647396145E1));
#1529=LINE('',#1528,#1527);
#1530=CARTESIAN_POINT('',(5.513600826635E0,-1.188533682017E1,
-9.644351986555E0));
#1531=CARTESIAN_POINT('',(5.538721944579E0,-1.192884787280E1,
-9.668128524554E0));
#1532=CARTESIAN_POINT('',(5.563541814623E0,-1.197183714875E1,
-9.693095787873E0));
#1533=CARTESIAN_POINT('',(5.588000018196E0,-1.20142E1,-9.719492589539E0));
#1535=CARTESIAN_POINT('',(5.698065464398E0,-1.051559849237E1,
-9.120217137343E0));
#1536=CARTESIAN_POINT('',(5.676779150275E0,-1.067364982086E1,
-9.180594275112E0));
#1537=CARTESIAN_POINT('',(5.634749855344E0,-1.098586300003E1,
-9.299919798711E0));
#1538=CARTESIAN_POINT('',(5.573197709342E0,-1.144281803166E1,
-9.474722011100E0));
#1539=CARTESIAN_POINT('',(5.533284760586E0,-1.173918384267E1,
-9.588279443085E0));
#1540=CARTESIAN_POINT('',(5.513600826635E0,-1.188533682017E1,
-9.644351986555E0));
#1542=CARTESIAN_POINT('',(5.588000018196E0,-1.20142E1,-1.136250741046E1));
#1543=CARTESIAN_POINT('',(5.563541793838E0,-1.197183711275E1,
-1.138890423456E1));
#1544=CARTESIAN_POINT('',(5.538721902411E0,-1.192884779976E1,
-1.141387151788E1));
#1545=CARTESIAN_POINT('',(5.513600762631E0,-1.188533670932E1,
-1.143764807402E1));
#1547=CARTESIAN_POINT('',(5.468330246173E0,-1.180692587473E1,
-9.589529519489E0));
#1548=CARTESIAN_POINT('',(5.483579394108E0,-1.183333817372E1,
-9.607279035230E0));
#1549=CARTESIAN_POINT('',(5.498675722027E0,-1.185948578068E1,
-9.625532943811E0));
#1550=CARTESIAN_POINT('',(5.513600826635E0,-1.188533682017E1,
-9.644351986555E0));
#1552=CARTESIAN_POINT('',(5.559918371941E0,-1.051559935305E1,
-9.067801523248E0));
#1553=CARTESIAN_POINT('',(5.550333646846E0,-1.066502510199E1,
-9.128173444635E0));
#1554=CARTESIAN_POINT('',(5.530812340046E0,-1.095991903005E1,
-9.247315707952E0));
#1555=CARTESIAN_POINT('',(5.500424144579E0,-1.139058201198E1,
-9.421315917924E0));
#1556=CARTESIAN_POINT('',(5.479224615295E0,-1.166949157535E1,
-9.534002458213E0));
#1557=CARTESIAN_POINT('',(5.468330246173E0,-1.180692587473E1,
-9.589529519489E0));
#1559=CARTESIAN_POINT('',(5.08E0,-1.051558148172E1,-1.0541E1));
#1560=DIRECTION('',(0.E0,-1.E0,0.E0));
#1561=DIRECTION('',(3.097449775031E-1,0.E0,-9.508196721312E-1));
#1562=AXIS2_PLACEMENT_3D('',#1559,#1560,#1561);
#1564=CARTESIAN_POINT('',(5.08E0,-1.02616E1,-1.0541E1));
#1565=DIRECTION('',(0.E0,-1.E0,0.E0));
#1566=DIRECTION('',(3.989071038251E-1,0.E0,-9.169913426624E-1));
#1567=AXIS2_PLACEMENT_3D('',#1564,#1565,#1566);
#1569=DIRECTION('',(-4.733369278293E-6,-9.999999998926E-1,-1.387277743897E-5));
#1570=VECTOR('',#1569,2.539984923933E-1);
#1571=CARTESIAN_POINT('',(5.698066666667E0,-1.02616E1,-9.120213613679E0));
#1572=LINE('',#1571,#1570);
#1573=CARTESIAN_POINT('',(5.08E0,-1.051558155147E1,-1.0541E1));
#1574=DIRECTION('',(0.E0,-1.E0,0.E0));
#1575=DIRECTION('',(3.989071038251E-1,0.E0,9.169913426624E-1));
#1576=AXIS2_PLACEMENT_3D('',#1573,#1574,#1575);
#1578=CARTESIAN_POINT('',(5.513600762631E0,-1.188533670932E1,
-1.143764807402E1));
#1579=CARTESIAN_POINT('',(5.498675664670E0,-1.185948568134E1,
-1.145646710615E1));
#1580=CARTESIAN_POINT('',(5.483579343597E0,-1.183333808623E1,
-1.147472100472E1));
#1581=CARTESIAN_POINT('',(5.468330202676E0,-1.180692579939E1,
-1.149247051095E1));
#1583=CARTESIAN_POINT('',(5.698065461998E0,-1.051559848982E1,
-1.196178285714E1));
#1584=CARTESIAN_POINT('',(5.676779111358E0,-1.067365014790E1,
-1.190140559131E1));
#1585=CARTESIAN_POINT('',(5.634749635762E0,-1.098586292041E1,
-1.178208029635E1));
#1586=CARTESIAN_POINT('',(5.573197492336E0,-1.144281901268E1,
-1.160727763262E1));
#1587=CARTESIAN_POINT('',(5.533284731925E0,-1.173918339991E1,
-1.149372074754E1));
#1588=CARTESIAN_POINT('',(5.513600762631E0,-1.188533670932E1,
-1.143764807402E1));
#1590=CARTESIAN_POINT('',(5.3086E0,-1.051557546531E1,-1.0541E1));
#1591=DIRECTION('',(0.E0,-1.E0,0.E0));
#1592=DIRECTION('',(2.643678160920E-1,0.E0,-9.644219293519E-1));
#1593=AXIS2_PLACEMENT_3D('',#1590,#1591,#1592);
#1595=DIRECTION('',(-4.742818163221E-6,-9.999999998922E-1,1.389449220810E-5));
#1596=VECTOR('',#1595,2.539984898425E-1);
#1597=CARTESIAN_POINT('',(5.698066666667E0,-1.02616E1,-1.196178638632E1));
#1598=LINE('',#1597,#1596);
#1599=CARTESIAN_POINT('',(-5.3086E0,-1.02616E1,-1.0541E1));
#1600=DIRECTION('',(0.E0,-1.E0,0.E0));
#1601=DIRECTION('',(-2.643678160919E-1,0.E0,9.644219293519E-1));
#1602=AXIS2_PLACEMENT_3D('',#1599,#1600,#1601);
#1604=CARTESIAN_POINT('',(-4.8514E0,-1.02616E1,-1.0541E1));
#1605=DIRECTION('',(0.E0,-1.E0,0.E0));
#1606=DIRECTION('',(2.643678160920E-1,0.E0,-9.644219293519E-1));
#1607=AXIS2_PLACEMENT_3D('',#1604,#1605,#1606);
#1609=CARTESIAN_POINT('',(5.3086E0,-1.02616E1,-1.0541E1));
#1610=DIRECTION('',(0.E0,-1.E0,0.E0));
#1611=DIRECTION('',(2.643678160919E-1,0.E0,-9.644219293519E-1));
#1612=AXIS2_PLACEMENT_3D('',#1609,#1610,#1611);
#1614=CARTESIAN_POINT('',(4.8514E0,-1.02616E1,-1.0541E1));
#1615=DIRECTION('',(0.E0,-1.E0,0.E0));
#1616=DIRECTION('',(-2.643678160920E-1,0.E0,9.644219293519E-1));
#1617=AXIS2_PLACEMENT_3D('',#1614,#1615,#1616);
#1619=CARTESIAN_POINT('',(-5.3086E0,-1.051557546531E1,-1.0541E1));
#1620=DIRECTION('',(0.E0,-1.E0,0.E0));
#1621=DIRECTION('',(-2.643678160919E-1,0.E0,9.644219293519E-1));
#1622=AXIS2_PLACEMENT_3D('',#1619,#1620,#1621);
#1624=DIRECTION('',(4.742818159725E-6,-9.999999998922E-1,-1.389449222209E-5));
#1625=VECTOR('',#1624,2.539984898425E-1);
#1626=CARTESIAN_POINT('',(-5.698066666667E0,-1.02616E1,-9.120213613679E0));
#1627=LINE('',#1626,#1625);
#1628=CARTESIAN_POINT('',(-5.513600826635E0,-1.188533682017E1,
-1.143764801345E1));
#1629=CARTESIAN_POINT('',(-5.538721944579E0,-1.192884787280E1,
-1.141387147545E1));
#1630=CARTESIAN_POINT('',(-5.563541814623E0,-1.197183714875E1,
-1.138890421213E1));
#1631=CARTESIAN_POINT('',(-5.588000018196E0,-1.20142E1,-1.136250741046E1));
#1633=CARTESIAN_POINT('',(-5.698065464398E0,-1.051559849237E1,
-1.196178286266E1));
#1634=CARTESIAN_POINT('',(-5.676779150275E0,-1.067364982086E1,
-1.190140572489E1));
#1635=CARTESIAN_POINT('',(-5.634749855344E0,-1.098586300003E1,
-1.178208020129E1));
#1636=CARTESIAN_POINT('',(-5.573197709342E0,-1.144281803166E1,
-1.160727798890E1));
#1637=CARTESIAN_POINT('',(-5.533284760586E0,-1.173918384267E1,
-1.149372055692E1));
#1638=CARTESIAN_POINT('',(-5.513600826635E0,-1.188533682017E1,
-1.143764801345E1));
#1640=CARTESIAN_POINT('',(-5.588000018196E0,-1.20142E1,-9.719492589539E0));
#1641=CARTESIAN_POINT('',(-5.563541793838E0,-1.197183711275E1,
-9.693095765441E0));
#1642=CARTESIAN_POINT('',(-5.538721902411E0,-1.192884779976E1,
-9.668128482122E0));
#1643=CARTESIAN_POINT('',(-5.513600762631E0,-1.188533670932E1,
-9.644351925977E0));
#1645=CARTESIAN_POINT('',(-5.468330246173E0,-1.180692587473E1,
-1.149247048051E1));
#1646=CARTESIAN_POINT('',(-5.483579394108E0,-1.183333817372E1,
-1.147472096477E1));
#1647=CARTESIAN_POINT('',(-5.498675722027E0,-1.185948578068E1,
-1.145646705619E1));
#1648=CARTESIAN_POINT('',(-5.513600826635E0,-1.188533682017E1,
-1.143764801345E1));
#1650=CARTESIAN_POINT('',(-5.559918371941E0,-1.051559935305E1,
-1.201419847675E1));
#1651=CARTESIAN_POINT('',(-5.550333646846E0,-1.066502510199E1,
-1.195382655537E1));
#1652=CARTESIAN_POINT('',(-5.530812340046E0,-1.095991903005E1,
-1.183468429205E1));
#1653=CARTESIAN_POINT('',(-5.500424144579E0,-1.139058201198E1,
-1.166068408208E1));
#1654=CARTESIAN_POINT('',(-5.479224615295E0,-1.166949157535E1,
-1.154799754179E1));
#1655=CARTESIAN_POINT('',(-5.468330246173E0,-1.180692587473E1,
-1.149247048051E1));
#1657=DIRECTION('',(0.E0,-9.271838545668E-1,3.746065934159E-1));
#1658=VECTOR('',#1657,1.141800614477E0);
#1659=CARTESIAN_POINT('',(-5.334000018196E0,-1.05156E1,-1.20142E1));
#1660=LINE('',#1659,#1658);
#1661=DIRECTION('',(-4.719443366958E-1,-8.174315695016E-1,3.302637919042E-1));
#1662=VECTOR('',#1661,2.846315074314E-1);
#1663=CARTESIAN_POINT('',(-5.334000018196E0,-1.157425909488E1,
-1.158647396145E1));
#1664=LINE('',#1663,#1662);
#1665=DIRECTION('',(-4.719443366958E-1,8.174315695016E-1,-3.302637919042E-1));
#1666=VECTOR('',#1665,2.846314830676E-1);
#1667=CARTESIAN_POINT('',(-4.691669801717E0,-1.180692585481E1,
-1.149247048856E1));
#1668=LINE('',#1667,#1666);
#1669=CARTESIAN_POINT('',(-4.600081629920E0,-1.051559935034E1,
-1.201419847110E1));
#1670=CARTESIAN_POINT('',(-4.609666351372E0,-1.066502509777E1,
-1.195382655032E1));
#1671=CARTESIAN_POINT('',(-4.629187775576E0,-1.095991901963E1,
-1.183468429941E1));
#1672=CARTESIAN_POINT('',(-4.659575904544E0,-1.139058199789E1,
-1.166068408687E1));
#1673=CARTESIAN_POINT('',(-4.680775436748E0,-1.166949155733E1,
-1.154799754907E1));
#1674=CARTESIAN_POINT('',(-4.691669801717E0,-1.180692585481E1,
-1.149247048856E1));
#1676=DIRECTION('',(0.E0,-9.271838545668E-1,3.746065934159E-1));
#1677=VECTOR('',#1676,1.141800614477E0);
#1678=CARTESIAN_POINT('',(-4.826000018196E0,-1.05156E1,-1.20142E1));
#1679=LINE('',#1678,#1677);
#1680=DIRECTION('',(0.E0,0.E0,1.E0));
#1681=VECTOR('',#1680,2.9464E0);
#1682=CARTESIAN_POINT('',(-5.334000018196E0,-8.128E0,-1.20142E1));
#1683=LINE('',#1682,#1681);
#1684=DIRECTION('',(0.E0,-1.E0,0.E0));
#1685=VECTOR('',#1684,2.3876E0);
#1686=CARTESIAN_POINT('',(-5.334000018196E0,-8.128E0,-1.20142E1));
#1687=LINE('',#1686,#1685);
#1688=DIRECTION('',(2.078249213903E-7,-9.999999999998E-1,6.379829390179E-7));
#1689=VECTOR('',#1688,2.387599353052E0);
#1690=CARTESIAN_POINT('',(-5.559918868143E0,-8.128E0,-1.20142E1));
#1691=LINE('',#1690,#1689);
#1692=DIRECTION('',(9.999999999732E-1,-2.863639290243E-6,-6.742469689460E-6));
#1693=VECTOR('',#1692,2.259183537508E-1);
#1694=CARTESIAN_POINT('',(-5.559918371941E0,-1.051559935305E1,
-1.201419847675E1));
#1695=LINE('',#1694,#1693);
#1696=DIRECTION('',(0.E0,-1.E0,0.E0));
#1697=VECTOR('',#1696,2.3876E0);
#1698=CARTESIAN_POINT('',(-4.826000018196E0,-8.128E0,-1.20142E1));
#1699=LINE('',#1698,#1697);
#1700=DIRECTION('',(9.999999999730E-1,2.875647965920E-6,6.767482995542E-6));
#1701=VECTOR('',#1700,2.259183882818E-1);
#1702=CARTESIAN_POINT('',(-4.826000018196E0,-1.05156E1,-1.20142E1));
#1703=LINE('',#1702,#1701);
#1704=DIRECTION('',(0.E0,0.E0,1.E0));
#1705=VECTOR('',#1704,2.090947922901E0);
#1706=CARTESIAN_POINT('',(-4.826000018196E0,-1.157425909488E1,
-1.158647396145E1));
#1707=LINE('',#1706,#1705);
#1708=DIRECTION('',(0.E0,1.E0,0.E0));
#1709=VECTOR('',#1708,2.3876E0);
#1710=CARTESIAN_POINT('',(-5.334000018196E0,-1.05156E1,-9.0678E0));
#1711=LINE('',#1710,#1709);
#1712=DIRECTION('',(-9.999999999730E-1,2.875648389829E-6,-6.767484101405E-6));
#1713=VECTOR('',#1712,2.259183518899E-1);
#1714=CARTESIAN_POINT('',(-5.334000018196E0,-1.05156E1,-9.0678E0));
#1715=LINE('',#1714,#1713);
#1716=DIRECTION('',(-1.647798950389E-7,9.999999999999E-1,5.058225313451E-7));
#1717=VECTOR('',#1716,3.022599350339E0);
#1718=CARTESIAN_POINT('',(-5.559918370080E0,-1.051559935034E1,
-9.067801528899E0));
#1719=LINE('',#1718,#1717);
#1720=DIRECTION('',(-1.641642142742E-7,-9.999999999999E-1,-5.039528823005E-7));
#1721=VECTOR('',#1720,3.022599353052E0);
#1722=CARTESIAN_POINT('',(-4.600081131857E0,-7.493E0,-9.0678E0));
#1723=LINE('',#1722,#1721);
#1724=DIRECTION('',(-9.999999999732E-1,-2.863638781778E-6,6.742468619078E-6));
#1725=VECTOR('',#1724,2.259183901427E-1);
#1726=CARTESIAN_POINT('',(-4.600081628059E0,-1.051559935305E1,
-9.067801523248E0));
#1727=LINE('',#1726,#1725);
#1728=DIRECTION('',(0.E0,1.E0,0.E0));
#1729=VECTOR('',#1728,2.3876E0);
#1730=CARTESIAN_POINT('',(-4.826000018196E0,-1.05156E1,-9.0678E0));
#1731=LINE('',#1730,#1729);
#1732=DIRECTION('',(-1.E0,0.E0,0.E0));
#1733=VECTOR('',#1732,5.08E-1);
#1734=CARTESIAN_POINT('',(-4.826000018196E0,-8.128E0,-9.0678E0));
#1735=LINE('',#1734,#1733);
#1736=DIRECTION('',(0.E0,-9.271838545668E-1,-3.746065934159E-1));
#1737=VECTOR('',#1736,1.141800614477E0);
#1738=CARTESIAN_POINT('',(-5.334000018196E0,-1.05156E1,-9.0678E0));
#1739=LINE('',#1738,#1737);
#1740=DIRECTION('',(-4.719443366958E-1,-8.174315695016E-1,-3.302637919042E-1));
#1741=VECTOR('',#1740,2.846314152660E-1);
#1742=CARTESIAN_POINT('',(-5.334000018196E0,-1.157425909488E1,
-9.495526038549E0));
#1743=LINE('',#1742,#1741);
#1744=CARTESIAN_POINT('',(-5.559918370080E0,-1.051559935034E1,
-9.067801528899E0));
#1745=CARTESIAN_POINT('',(-5.550333649058E0,-1.066502509107E1,
-9.128173446970E0));
#1746=CARTESIAN_POINT('',(-5.530812225741E0,-1.095991899990E1,
-9.247315692618E0));
#1747=CARTESIAN_POINT('',(-5.500424098219E0,-1.139058195964E1,
-9.421315897678E0));
#1748=CARTESIAN_POINT('',(-5.479224567078E0,-1.166949150751E1,
-9.534002430804E0));
#1749=CARTESIAN_POINT('',(-5.468330202676E0,-1.180692579939E1,
-9.589529489050E0));
#1751=DIRECTION('',(-4.719443366958E-1,8.174315695016E-1,3.302637919042E-1));
#1752=VECTOR('',#1751,2.846315752330E-1);
#1753=CARTESIAN_POINT('',(-4.691669758220E0,-1.180692593015E1,
-9.589529541882E0));
#1754=LINE('',#1753,#1752);
#1755=DIRECTION('',(0.E0,-9.271838545668E-1,-3.746065934159E-1));
#1756=VECTOR('',#1755,1.141800614477E0);
#1757=CARTESIAN_POINT('',(-4.826000018196E0,-1.05156E1,-9.0678E0));
#1758=LINE('',#1757,#1756);
#1759=CARTESIAN_POINT('',(-4.646399180249E0,-1.188533687128E1,
-9.644352006163E0));
#1760=CARTESIAN_POINT('',(-4.621278072409E0,-1.192884790640E1,
-9.668128534521E0));
#1761=CARTESIAN_POINT('',(-4.596458212226E0,-1.197183716528E1,
-9.693095787276E0));
#1762=CARTESIAN_POINT('',(-4.572000018196E0,-1.20142E1,-9.719492577162E0));
#1764=CARTESIAN_POINT('',(-4.461934535602E0,-1.051559849237E1,
-9.120217137343E0));
#1765=CARTESIAN_POINT('',(-4.483220850553E0,-1.067364982701E1,
-9.180594277459E0));
#1766=CARTESIAN_POINT('',(-4.525250147097E0,-1.098586301815E1,
-9.299919805637E0));
#1767=CARTESIAN_POINT('',(-4.586802295399E0,-1.144281806686E1,
-9.474722024572E0));
#1768=CARTESIAN_POINT('',(-4.626715245598E0,-1.173918388859E1,
-9.588279460684E0));
#1769=CARTESIAN_POINT('',(-4.646399180249E0,-1.188533687128E1,
-9.644352006163E0));
#1771=CARTESIAN_POINT('',(-4.572000018196E0,-1.20142E1,-1.136250742284E1));
#1772=CARTESIAN_POINT('',(-4.596458233011E0,-1.197183712928E1,
-1.138890423516E1));
#1773=CARTESIAN_POINT('',(-4.621278114576E0,-1.192884783337E1,
-1.141387150791E1));
#1774=CARTESIAN_POINT('',(-4.646399244252E0,-1.188533676043E1,
-1.143764805441E1));
#1776=CARTESIAN_POINT('',(-4.691669758220E0,-1.180692593015E1,
-9.589529541882E0));
#1777=CARTESIAN_POINT('',(-4.676420611127E0,-1.183333822769E1,
-9.607279056738E0));
#1778=CARTESIAN_POINT('',(-4.661324284040E0,-1.185948583321E1,
-9.625532964393E0));
#1779=CARTESIAN_POINT('',(-4.646399180249E0,-1.188533687128E1,
-9.644352006163E0));
#1781=CARTESIAN_POINT('',(-4.600081628059E0,-1.051559935305E1,
-9.067801523248E0));
#1782=CARTESIAN_POINT('',(-4.609666353584E0,-1.066502510869E1,
-9.128173447341E0));
#1783=CARTESIAN_POINT('',(-4.629187661270E0,-1.095991904979E1,
-9.247315715924E0));
#1784=CARTESIAN_POINT('',(-4.659575858184E0,-1.139058205022E1,
-9.421315933375E0));
#1785=CARTESIAN_POINT('',(-4.680775388531E0,-1.166949162518E1,
-9.534002478342E0));
#1786=CARTESIAN_POINT('',(-4.691669758220E0,-1.180692593015E1,
-9.589529541882E0));
#1788=CARTESIAN_POINT('',(-5.08E0,-1.051558148172E1,-1.0541E1));
#1789=DIRECTION('',(0.E0,-1.E0,0.E0));
#1790=DIRECTION('',(3.097449775031E-1,0.E0,-9.508196721311E-1));
#1791=AXIS2_PLACEMENT_3D('',#1788,#1789,#1790);
#1793=CARTESIAN_POINT('',(-5.08E0,-1.02616E1,-1.0541E1));
#1794=DIRECTION('',(0.E0,-1.E0,0.E0));
#1795=DIRECTION('',(3.989071038251E-1,0.E0,-9.169913426624E-1));
#1796=AXIS2_PLACEMENT_3D('',#1793,#1794,#1795);
#1798=DIRECTION('',(-4.733369292281E-6,-9.999999998926E-1,-1.387277744596E-5));
#1799=VECTOR('',#1798,2.539984923933E-1);
#1800=CARTESIAN_POINT('',(-4.461933333333E0,-1.02616E1,-9.120213613679E0));
#1801=LINE('',#1800,#1799);
#1802=CARTESIAN_POINT('',(-5.08E0,-1.051558155147E1,-1.0541E1));
#1803=DIRECTION('',(0.E0,-1.E0,0.E0));
#1804=DIRECTION('',(3.989071038251E-1,0.E0,9.169913426624E-1));
#1805=AXIS2_PLACEMENT_3D('',#1802,#1803,#1804);
#1807=DIRECTION('',(-2.086043463893E-7,-9.999999999998E-1,6.403498354364E-7));
#1808=VECTOR('',#1807,2.387599350339E0);
#1809=CARTESIAN_POINT('',(-4.600081131857E0,-8.128E0,-1.20142E1));
#1810=LINE('',#1809,#1808);
#1811=CARTESIAN_POINT('',(-4.646399244252E0,-1.188533676043E1,
-1.143764805441E1));
#1812=CARTESIAN_POINT('',(-4.661324341397E0,-1.185948573386E1,
-1.145646708557E1));
#1813=CARTESIAN_POINT('',(-4.676420661639E0,-1.183333814020E1,
-1.147472098321E1));
#1814=CARTESIAN_POINT('',(-4.691669801717E0,-1.180692585481E1,
-1.149247048856E1));
#1816=CARTESIAN_POINT('',(-4.461934538002E0,-1.051559848982E1,
-1.196178285714E1));
#1817=CARTESIAN_POINT('',(-4.483220889470E0,-1.067365015404E1,
-1.190140558896E1));
#1818=CARTESIAN_POINT('',(-4.525250366679E0,-1.098586293853E1,
-1.178208028942E1));
#1819=CARTESIAN_POINT('',(-4.586802512405E0,-1.144281904788E1,
-1.160727761914E1));
#1820=CARTESIAN_POINT('',(-4.626715274259E0,-1.173918344583E1,
-1.149372072994E1));
#1821=CARTESIAN_POINT('',(-4.646399244252E0,-1.188533676043E1,
-1.143764805441E1));
#1823=CARTESIAN_POINT('',(-4.8514E0,-1.051557546531E1,-1.0541E1));
#1824=DIRECTION('',(0.E0,-1.E0,0.E0));
#1825=DIRECTION('',(2.643678160919E-1,0.E0,-9.644219293519E-1));
#1826=AXIS2_PLACEMENT_3D('',#1823,#1824,#1825);
#1828=DIRECTION('',(-4.742818187699E-6,-9.999999998922E-1,1.389449219412E-5));
#1829=VECTOR('',#1828,2.539984898425E-1);
#1830=CARTESIAN_POINT('',(-4.461933333333E0,-1.02616E1,-1.196178638632E1));
#1831=LINE('',#1830,#1829);
#1832=CARTESIAN_POINT('',(4.8514E0,-1.051557546531E1,-1.0541E1));
#1833=DIRECTION('',(0.E0,-1.E0,0.E0));
#1834=DIRECTION('',(-2.643678160919E-1,0.E0,9.644219293519E-1));
#1835=AXIS2_PLACEMENT_3D('',#1832,#1833,#1834);
#1837=DIRECTION('',(4.742818173712E-6,-9.999999998922E-1,-1.389449221510E-5));
#1838=VECTOR('',#1837,2.539984898425E-1);
#1839=CARTESIAN_POINT('',(4.461933333333E0,-1.02616E1,-9.120213613679E0));
#1840=LINE('',#1839,#1838);
#1841=DIRECTION('',(0.E0,-1.E0,0.E0));
#1842=VECTOR('',#1841,6.35E-1);
#1843=CARTESIAN_POINT('',(-2.252651679013E0,-7.493E0,-1.382540633799E1));
#1844=LINE('',#1843,#1842);
#1845=DIRECTION('',(0.E0,-1.E0,0.E0));
#1846=VECTOR('',#1845,6.35E-1);
#1847=CARTESIAN_POINT('',(-1.873101499040E0,-7.493E0,-1.41732E1));
#1848=LINE('',#1847,#1846);
#1849=DIRECTION('',(0.E0,-1.E0,0.E0));
#1850=VECTOR('',#1849,6.35E-1);
#1851=CARTESIAN_POINT('',(1.016E-1,-7.493E0,-1.41732E1));
#1852=LINE('',#1851,#1850);
#1853=DIRECTION('',(0.E0,-1.E0,0.E0));
#1854=VECTOR('',#1853,6.35E-1);
#1855=CARTESIAN_POINT('',(1.746101499040E0,-7.493E0,-1.41732E1));
#1856=LINE('',#1855,#1854);
#1857=DIRECTION('',(0.E0,-1.E0,0.E0));
#1858=VECTOR('',#1857,6.35E-1);
#1859=CARTESIAN_POINT('',(-7.62E-1,-7.493E0,-1.41732E1));
#1860=LINE('',#1859,#1858);
#1861=DIRECTION('',(0.E0,0.E0,1.E0));
#1862=VECTOR('',#1861,1.09982E1);
#1863=CARTESIAN_POINT('',(1.016E-1,-8.374847720391E0,-1.41732E1));
#1864=LINE('',#1863,#1862);
#1865=DIRECTION('',(0.E0,-1.E0,0.E0));
#1866=VECTOR('',#1865,2.468477203909E-1);
#1867=CARTESIAN_POINT('',(1.016E-1,-8.128E0,-1.41732E1));
#1868=LINE('',#1867,#1866);
#1869=DIRECTION('',(0.E0,1.E0,0.E0));
#1870=VECTOR('',#1869,2.468477203909E-1);
#1871=CARTESIAN_POINT('',(-7.62E-1,-8.374847720391E0,-1.41732E1));
#1872=LINE('',#1871,#1870);
#1873=CARTESIAN_POINT('',(-3.302E-1,-7.747E0,-1.41732E1));
#1874=DIRECTION('',(0.E0,0.E0,1.E0));
#1875=DIRECTION('',(-5.666666666667E-1,-8.239471396206E-1,0.E0));
#1876=AXIS2_PLACEMENT_3D('',#1873,#1874,#1875);
#1878=DIRECTION('',(0.E0,-1.E0,0.E0));
#1879=VECTOR('',#1878,8.818477203909E-1);
#1880=CARTESIAN_POINT('',(1.016E-1,-7.493E0,-3.175E0));
#1881=LINE('',#1880,#1879);
#1882=CARTESIAN_POINT('',(-3.302E-1,-7.747E0,-3.175E0));
#1883=DIRECTION('',(0.E0,0.E0,1.E0));
#1884=DIRECTION('',(-5.666666666667E-1,-8.239471396206E-1,0.E0));
#1885=AXIS2_PLACEMENT_3D('',#1882,#1883,#1884);
#1887=DIRECTION('',(0.E0,1.E0,0.E0));
#1888=VECTOR('',#1887,8.818477203909E-1);
#1889=CARTESIAN_POINT('',(-7.62E-1,-8.374847720391E0,-3.175E0));
#1890=LINE('',#1889,#1888);
#1891=DIRECTION('',(0.E0,0.E0,1.E0));
#1892=VECTOR('',#1891,1.09982E1);
#1893=CARTESIAN_POINT('',(-7.62E-1,-8.374847720391E0,-1.41732E1));
#1894=LINE('',#1893,#1892);
#1895=DIRECTION('',(0.E0,-1.E0,0.E0));
#1896=VECTOR('',#1895,6.35E-1);
#1897=CARTESIAN_POINT('',(2.125651679013E0,-7.493E0,-1.382540633799E1));
#1898=LINE('',#1897,#1896);
#1899=DIRECTION('',(0.E0,-1.E0,0.E0));
#1900=VECTOR('',#1899,6.35E-1);
#1901=CARTESIAN_POINT('',(2.413E0,-7.493E0,-1.0541E1));
#1902=LINE('',#1901,#1900);
#1903=DIRECTION('',(0.E0,1.E0,0.E0));
#1904=VECTOR('',#1903,4.191E0);
#1905=CARTESIAN_POINT('',(-2.1336E0,-1.2319E1,-1.70688E1));
#1906=LINE('',#1905,#1904);
#1907=DIRECTION('',(0.E0,1.E0,0.E0));
#1908=VECTOR('',#1907,4.191E0);
#1909=CARTESIAN_POINT('',(-2.1336E0,-1.2319E1,-1.67132E1));
#1910=LINE('',#1909,#1908);
#1911=DIRECTION('',(0.E0,1.E0,0.E0));
#1912=VECTOR('',#1911,4.191E0);
#1913=CARTESIAN_POINT('',(-1.6764E0,-1.2319E1,-1.67132E1));
#1914=LINE('',#1913,#1912);
#1915=DIRECTION('',(0.E0,1.E0,0.E0));
#1916=VECTOR('',#1915,4.191E0);
#1917=CARTESIAN_POINT('',(-1.6764E0,-1.2319E1,-1.70688E1));
#1918=LINE('',#1917,#1916);
#1919=DIRECTION('',(1.E0,0.E0,0.E0));
#1920=VECTOR('',#1919,4.572E-1);
#1921=CARTESIAN_POINT('',(-2.1336E0,-1.2319E1,-1.70688E1));
#1922=LINE('',#1921,#1920);
#1923=DIRECTION('',(0.E0,0.E0,-1.E0));
#1924=VECTOR('',#1923,3.556E-1);
#1925=CARTESIAN_POINT('',(-2.1336E0,-1.2319E1,-1.67132E1));
#1926=LINE('',#1925,#1924);
#1927=DIRECTION('',(-1.E0,0.E0,0.E0));
#1928=VECTOR('',#1927,4.572E-1);
#1929=CARTESIAN_POINT('',(-1.6764E0,-1.2319E1,-1.67132E1));
#1930=LINE('',#1929,#1928);
#1931=DIRECTION('',(0.E0,0.E0,1.E0));
#1932=VECTOR('',#1931,3.556E-1);
#1933=CARTESIAN_POINT('',(-1.6764E0,-1.2319E1,-1.70688E1));
#1934=LINE('',#1933,#1932);
#1935=DIRECTION('',(0.E0,1.E0,0.E0));
#1936=VECTOR('',#1935,4.191E0);
#1937=CARTESIAN_POINT('',(4.064E-1,-1.2319E1,-1.70688E1));
#1938=LINE('',#1937,#1936);
#1939=DIRECTION('',(0.E0,1.E0,0.E0));
#1940=VECTOR('',#1939,4.191E0);
#1941=CARTESIAN_POINT('',(4.064E-1,-1.2319E1,-1.67132E1));
#1942=LINE('',#1941,#1940);
#1943=DIRECTION('',(0.E0,1.E0,0.E0));
#1944=VECTOR('',#1943,4.191E0);
#1945=CARTESIAN_POINT('',(8.636E-1,-1.2319E1,-1.67132E1));
#1946=LINE('',#1945,#1944);
#1947=DIRECTION('',(0.E0,1.E0,0.E0));
#1948=VECTOR('',#1947,4.191E0);
#1949=CARTESIAN_POINT('',(8.636E-1,-1.2319E1,-1.70688E1));
#1950=LINE('',#1949,#1948);
#1951=DIRECTION('',(1.E0,0.E0,0.E0));
#1952=VECTOR('',#1951,4.572E-1);
#1953=CARTESIAN_POINT('',(4.064E-1,-1.2319E1,-1.70688E1));
#1954=LINE('',#1953,#1952);
#1955=DIRECTION('',(0.E0,0.E0,-1.E0));
#1956=VECTOR('',#1955,3.556E-1);
#1957=CARTESIAN_POINT('',(4.064E-1,-1.2319E1,-1.67132E1));
#1958=LINE('',#1957,#1956);
#1959=DIRECTION('',(-1.E0,0.E0,0.E0));
#1960=VECTOR('',#1959,4.572E-1);
#1961=CARTESIAN_POINT('',(8.636E-1,-1.2319E1,-1.67132E1));
#1962=LINE('',#1961,#1960);
#1963=DIRECTION('',(0.E0,0.E0,1.E0));
#1964=VECTOR('',#1963,3.556E-1);
#1965=CARTESIAN_POINT('',(8.636E-1,-1.2319E1,-1.70688E1));
#1966=LINE('',#1965,#1964);
#1967=DIRECTION('',(1.E0,0.E0,0.E0));
#1968=VECTOR('',#1967,4.572E-1);
#1969=CARTESIAN_POINT('',(-8.636E-1,-1.2319E1,-1.96088E1));
#1970=LINE('',#1969,#1968);
#1971=DIRECTION('',(0.E0,0.E0,-1.E0));
#1972=VECTOR('',#1971,3.556E-1);
#1973=CARTESIAN_POINT('',(-8.636E-1,-1.2319E1,-1.92532E1));
#1974=LINE('',#1973,#1972);
#1975=DIRECTION('',(-1.E0,0.E0,0.E0));
#1976=VECTOR('',#1975,4.572E-1);
#1977=CARTESIAN_POINT('',(-4.064E-1,-1.2319E1,-1.92532E1));
#1978=LINE('',#1977,#1976);
#1979=DIRECTION('',(0.E0,0.E0,1.E0));
#1980=VECTOR('',#1979,3.556E-1);
#1981=CARTESIAN_POINT('',(-4.064E-1,-1.2319E1,-1.96088E1));
#1982=LINE('',#1981,#1980);
#1983=DIRECTION('',(0.E0,1.E0,0.E0));
#1984=VECTOR('',#1983,4.191E0);
#1985=CARTESIAN_POINT('',(-8.636E-1,-1.2319E1,-1.96088E1));
#1986=LINE('',#1985,#1984);
#1987=DIRECTION('',(0.E0,1.E0,0.E0));
#1988=VECTOR('',#1987,4.191E0);
#1989=CARTESIAN_POINT('',(-8.636E-1,-1.2319E1,-1.92532E1));
#1990=LINE('',#1989,#1988);
#1991=DIRECTION('',(0.E0,1.E0,0.E0));
#1992=VECTOR('',#1991,4.191E0);
#1993=CARTESIAN_POINT('',(-4.064E-1,-1.2319E1,-1.92532E1));
#1994=LINE('',#1993,#1992);
#1995=DIRECTION('',(0.E0,1.E0,0.E0));
#1996=VECTOR('',#1995,4.191E0);
#1997=CARTESIAN_POINT('',(-4.064E-1,-1.2319E1,-1.96088E1));
#1998=LINE('',#1997,#1996);
#1999=DIRECTION('',(0.E0,1.E0,0.E0));
#2000=VECTOR('',#1999,4.191E0);
#2001=CARTESIAN_POINT('',(1.6764E0,-1.2319E1,-1.96088E1));
#2002=LINE('',#2001,#2000);
#2003=DIRECTION('',(0.E0,1.E0,0.E0));
#2004=VECTOR('',#2003,4.191E0);
#2005=CARTESIAN_POINT('',(1.6764E0,-1.2319E1,-1.92532E1));
#2006=LINE('',#2005,#2004);
#2007=DIRECTION('',(0.E0,1.E0,0.E0));
#2008=VECTOR('',#2007,4.191E0);
#2009=CARTESIAN_POINT('',(2.1336E0,-1.2319E1,-1.92532E1));
#2010=LINE('',#2009,#2008);
#2011=DIRECTION('',(0.E0,1.E0,0.E0));
#2012=VECTOR('',#2011,4.191E0);
#2013=CARTESIAN_POINT('',(2.1336E0,-1.2319E1,-1.96088E1));
#2014=LINE('',#2013,#2012);
#2015=DIRECTION('',(1.E0,0.E0,0.E0));
#2016=VECTOR('',#2015,4.572E-1);
#2017=CARTESIAN_POINT('',(1.6764E0,-1.2319E1,-1.96088E1));
#2018=LINE('',#2017,#2016);
#2019=DIRECTION('',(0.E0,0.E0,-1.E0));
#2020=VECTOR('',#2019,3.556E-1);
#2021=CARTESIAN_POINT('',(1.6764E0,-1.2319E1,-1.92532E1));
#2022=LINE('',#2021,#2020);
#2023=DIRECTION('',(-1.E0,0.E0,0.E0));
#2024=VECTOR('',#2023,4.572E-1);
#2025=CARTESIAN_POINT('',(2.1336E0,-1.2319E1,-1.92532E1));
#2026=LINE('',#2025,#2024);
#2027=DIRECTION('',(0.E0,0.E0,1.E0));
#2028=VECTOR('',#2027,3.556E-1);
#2029=CARTESIAN_POINT('',(2.1336E0,-1.2319E1,-1.96088E1));
#2030=LINE('',#2029,#2028);
#2031=CARTESIAN_POINT('',(6.731E0,7.493E0,0.E0));
#2032=CARTESIAN_POINT('',(6.731E0,7.493E0,-1.540796043607E1));
#2033=VERTEX_POINT('',#2031);
#2034=VERTEX_POINT('',#2032);
#2035=CARTESIAN_POINT('',(6.731E0,5.005195774253E0,-1.850770025867E1));
#2036=CARTESIAN_POINT('',(6.731E0,-5.461E0,-2.0828E1));
#2037=VERTEX_POINT('',#2035);
#2038=VERTEX_POINT('',#2036);
#2039=CARTESIAN_POINT('',(-6.731E0,7.493E0,0.E0));
#2040=CARTESIAN_POINT('',(-6.731E0,7.493E0,-1.540796043607E1));
#2041=VERTEX_POINT('',#2039);
#2042=VERTEX_POINT('',#2040);
#2043=CARTESIAN_POINT('',(-6.731E0,5.005195774253E0,-1.850770025867E1));
#2044=CARTESIAN_POINT('',(-6.731E0,-5.461E0,-2.0828E1));
#2045=VERTEX_POINT('',#2043);
#2046=VERTEX_POINT('',#2044);
#2047=CARTESIAN_POINT('',(6.731E0,-7.493E0,0.E0));
#2048=VERTEX_POINT('',#2047);
#2049=CARTESIAN_POINT('',(-6.731E0,-7.493E0,0.E0));
#2050=VERTEX_POINT('',#2049);
#2051=CARTESIAN_POINT('',(1.016E-1,-7.493E0,-3.175E0));
#2052=CARTESIAN_POINT('',(-7.62E-1,-7.493E0,-3.175E0));
#2053=VERTEX_POINT('',#2051);
#2054=VERTEX_POINT('',#2052);
#2055=CARTESIAN_POINT('',(1.016E-1,-7.493E0,-1.41732E1));
#2056=VERTEX_POINT('',#2055);
#2057=CARTESIAN_POINT('',(1.016E-1,-8.128E0,-1.41732E1));
#2058=CARTESIAN_POINT('',(1.016E-1,-8.374847720391E0,-1.41732E1));
#2059=VERTEX_POINT('',#2057);
#2060=VERTEX_POINT('',#2058);
#2061=CARTESIAN_POINT('',(1.016E-1,-8.374847720391E0,-3.175E0));
#2062=VERTEX_POINT('',#2061);
#2063=CARTESIAN_POINT('',(6.731E0,-8.128E0,-2.0828E1));
#2064=CARTESIAN_POINT('',(6.731E0,-8.128E0,-1.0541E1));
#2065=VERTEX_POINT('',#2063);
#2066=VERTEX_POINT('',#2064);
#2067=CARTESIAN_POINT('',(2.413E0,-8.128E0,-1.0541E1));
#2068=CARTESIAN_POINT('',(2.125651679013E0,-8.128E0,-1.382540633799E1));
#2069=VERTEX_POINT('',#2067);
#2070=VERTEX_POINT('',#2068);
#2071=CARTESIAN_POINT('',(1.746101499040E0,-8.128E0,-1.41732E1));
#2072=VERTEX_POINT('',#2071);
#2073=CARTESIAN_POINT('',(-1.873101499040E0,-8.128E0,-1.41732E1));
#2074=CARTESIAN_POINT('',(-2.252651679013E0,-8.128E0,-1.382540633799E1));
#2075=VERTEX_POINT('',#2073);
#2076=VERTEX_POINT('',#2074);
#2077=CARTESIAN_POINT('',(-2.54E0,-8.128E0,-1.0541E1));
#2078=VERTEX_POINT('',#2077);
#2079=CARTESIAN_POINT('',(-6.731E0,-8.128E0,-1.0541E1));
#2080=CARTESIAN_POINT('',(-6.731E0,-8.128E0,-2.0828E1));
#2081=VERTEX_POINT('',#2079);
#2082=VERTEX_POINT('',#2080);
#2083=CARTESIAN_POINT('',(2.413E0,-7.493E0,-1.0541E1));
#2084=CARTESIAN_POINT('',(2.125651679013E0,-7.493E0,-1.382540633799E1));
#2085=VERTEX_POINT('',#2083);
#2086=VERTEX_POINT('',#2084);
#2087=CARTESIAN_POINT('',(1.746101499040E0,-7.493E0,-1.41732E1));
#2088=VERTEX_POINT('',#2087);
#2089=CARTESIAN_POINT('',(-2.252651679013E0,-7.493E0,-1.382540633799E1));
#2090=CARTESIAN_POINT('',(-1.873101499040E0,-7.493E0,-1.41732E1));
#2091=VERTEX_POINT('',#2089);
#2092=VERTEX_POINT('',#2090);
#2093=CARTESIAN_POINT('',(-2.54E0,-7.493E0,-1.0541E1));
#2094=VERTEX_POINT('',#2093);
#2095=CARTESIAN_POINT('',(6.731E0,-7.493E0,-1.0541E1));
#2096=VERTEX_POINT('',#2095);
#2097=CARTESIAN_POINT('',(-6.731E0,-7.493E0,-1.0541E1));
#2098=VERTEX_POINT('',#2097);
#2099=CARTESIAN_POINT('',(-7.62E-1,-7.493E0,-1.41732E1));
#2100=VERTEX_POINT('',#2099);
#2101=CARTESIAN_POINT('',(-7.62E-1,-8.374847720391E0,-1.41732E1));
#2102=CARTESIAN_POINT('',(-7.62E-1,-8.128E0,-1.41732E1));
#2103=VERTEX_POINT('',#2101);
#2104=VERTEX_POINT('',#2102);
#2105=CARTESIAN_POINT('',(-7.62E-1,-8.374847720391E0,-3.175E0));
#2106=VERTEX_POINT('',#2105);
#2107=CARTESIAN_POINT('',(-6.604E0,-8.128E0,-2.0828E1));
#2108=VERTEX_POINT('',#2107);
#2109=CARTESIAN_POINT('',(-5.842E0,-8.128E0,-2.0828E1));
#2110=VERTEX_POINT('',#2109);
#2111=CARTESIAN_POINT('',(6.604E0,-8.128E0,-2.0828E1));
#2112=CARTESIAN_POINT('',(5.842E0,-8.128E0,-2.0828E1));
#2113=VERTEX_POINT('',#2111);
#2114=VERTEX_POINT('',#2112);
#2115=CARTESIAN_POINT('',(6.6294E0,-7.493E0,-1.0541E1));
#2116=VERTEX_POINT('',#2115);
#2117=CARTESIAN_POINT('',(3.5306E0,-7.493E0,-1.0541E1));
#2118=VERTEX_POINT('',#2117);
#2119=CARTESIAN_POINT('',(-3.5306E0,-7.493E0,-1.0541E1));
#2120=VERTEX_POINT('',#2119);
#2121=CARTESIAN_POINT('',(-6.6294E0,-7.493E0,-1.0541E1));
#2122=VERTEX_POINT('',#2121);
#2123=CARTESIAN_POINT('',(-5.842E0,-8.128E0,-1.189007240725E1));
#2124=VERTEX_POINT('',#2123);
#2125=CARTESIAN_POINT('',(6.604E0,-8.128E0,-1.08204E1));
#2126=VERTEX_POINT('',#2125);
#2127=CARTESIAN_POINT('',(6.6294E0,-8.128E0,-1.0541E1));
#2128=VERTEX_POINT('',#2127);
#2129=CARTESIAN_POINT('',(-3.5306E0,-8.128E0,-1.0541E1));
#2130=VERTEX_POINT('',#2129);
#2131=CARTESIAN_POINT('',(-6.604E0,-8.128E0,-1.08204E1));
#2132=VERTEX_POINT('',#2131);
#2133=CARTESIAN_POINT('',(5.842E0,-8.128E0,-1.189007240725E1));
#2134=VERTEX_POINT('',#2133);
#2135=CARTESIAN_POINT('',(3.5306E0,-8.128E0,-1.0541E1));
#2136=VERTEX_POINT('',#2135);
#2137=CARTESIAN_POINT('',(-6.6294E0,-8.128E0,-1.0541E1));
#2138=VERTEX_POINT('',#2137);
#2139=CARTESIAN_POINT('',(-4.9403E0,4.5212E0,-1.397E1));
#2140=CARTESIAN_POINT('',(-4.9403E0,-1.524E-1,-1.397E1));
#2141=VERTEX_POINT('',#2139);
#2142=VERTEX_POINT('',#2140);
#2143=CARTESIAN_POINT('',(-3.34645E0,-1.524E-1,-1.397E1));
#2144=VERTEX_POINT('',#2143);
#2145=CARTESIAN_POINT('',(-3.34645E0,-3.9878E0,-1.397E1));
#2146=VERTEX_POINT('',#2145);
#2147=CARTESIAN_POINT('',(-2.032E0,-3.9878E0,-1.397E1));
#2148=VERTEX_POINT('',#2147);
#2149=CARTESIAN_POINT('',(-2.032E0,-5.334E0,-1.397E1));
#2150=VERTEX_POINT('',#2149);
#2151=CARTESIAN_POINT('',(2.032E0,-5.334E0,-1.397E1));
#2152=VERTEX_POINT('',#2151);
#2153=CARTESIAN_POINT('',(2.032E0,-3.9878E0,-1.397E1));
#2154=VERTEX_POINT('',#2153);
#2155=CARTESIAN_POINT('',(3.34645E0,-3.9878E0,-1.397E1));
#2156=VERTEX_POINT('',#2155);
#2157=CARTESIAN_POINT('',(3.34645E0,-1.524E-1,-1.397E1));
#2158=VERTEX_POINT('',#2157);
#2159=CARTESIAN_POINT('',(4.9403E0,-1.524E-1,-1.397E1));
#2160=VERTEX_POINT('',#2159);
#2161=CARTESIAN_POINT('',(4.9403E0,4.5212E0,-1.397E1));
#2162=VERTEX_POINT('',#2161);
#2163=CARTESIAN_POINT('',(-3.3274E0,4.5212E0,-1.397E1));
#2164=VERTEX_POINT('',#2163);
#2165=CARTESIAN_POINT('',(-3.34645E0,-3.9878E0,0.E0));
#2166=CARTESIAN_POINT('',(-2.032E0,-3.9878E0,0.E0));
#2167=VERTEX_POINT('',#2165);
#2168=VERTEX_POINT('',#2166);
#2169=CARTESIAN_POINT('',(2.032E0,-3.9878E0,0.E0));
#2170=CARTESIAN_POINT('',(3.34645E0,-3.9878E0,0.E0));
#2171=VERTEX_POINT('',#2169);
#2172=VERTEX_POINT('',#2170);
#2173=CARTESIAN_POINT('',(-3.3274E0,4.5212E0,0.E0));
#2174=CARTESIAN_POINT('',(-4.9403E0,4.5212E0,0.E0));
#2175=VERTEX_POINT('',#2173);
#2176=VERTEX_POINT('',#2174);
#2177=CARTESIAN_POINT('',(-2.032E0,-6.559063707795E0,0.E0));
#2178=CARTESIAN_POINT('',(2.032E0,-6.559063707795E0,0.E0));
#2179=VERTEX_POINT('',#2177);
#2180=VERTEX_POINT('',#2178);
#2181=CARTESIAN_POINT('',(-2.032E0,-5.334E0,-4.572E0));
#2182=CARTESIAN_POINT('',(2.032E0,-5.334E0,-4.572E0));
#2183=VERTEX_POINT('',#2181);
#2184=VERTEX_POINT('',#2182);
#2185=CARTESIAN_POINT('',(-5.461E0,1.2446E0,-1.13284E1));
#2186=CARTESIAN_POINT('',(-5.461E0,-1.5494E0,-1.13284E1));
#2187=VERTEX_POINT('',#2185);
#2188=VERTEX_POINT('',#2186);
#2189=CARTESIAN_POINT('',(-4.9403E0,-1.5494E0,-1.13284E1));
#2190=VERTEX_POINT('',#2189);
#2191=CARTESIAN_POINT('',(-4.9403E0,-2.3114E0,-1.13284E1));
#2192=VERTEX_POINT('',#2191);
#2193=CARTESIAN_POINT('',(4.9403E0,-2.3114E0,-1.13284E1));
#2194=CARTESIAN_POINT('',(4.9403E0,-1.5494E0,-1.13284E1));
#2195=VERTEX_POINT('',#2193);
#2196=VERTEX_POINT('',#2194);
#2197=CARTESIAN_POINT('',(5.461E0,-1.5494E0,-1.13284E1));
#2198=VERTEX_POINT('',#2197);
#2199=CARTESIAN_POINT('',(5.461E0,1.2446E0,-1.13284E1));
#2200=VERTEX_POINT('',#2199);
#2201=CARTESIAN_POINT('',(-5.461E0,1.2446E0,0.E0));
#2202=CARTESIAN_POINT('',(-5.461E0,-1.5494E0,0.E0));
#2203=VERTEX_POINT('',#2201);
#2204=VERTEX_POINT('',#2202);
#2205=CARTESIAN_POINT('',(-4.9403E0,-1.5494E0,0.E0));
#2206=VERTEX_POINT('',#2205);
#2207=CARTESIAN_POINT('',(-4.9403E0,-2.3114E0,0.E0));
#2208=VERTEX_POINT('',#2207);
#2209=CARTESIAN_POINT('',(-3.34645E0,-2.3114E0,0.E0));
#2210=VERTEX_POINT('',#2209);
#2211=CARTESIAN_POINT('',(3.34645E0,-2.3114E0,0.E0));
#2212=CARTESIAN_POINT('',(4.9403E0,-2.3114E0,0.E0));
#2213=VERTEX_POINT('',#2211);
#2214=VERTEX_POINT('',#2212);
#2215=CARTESIAN_POINT('',(4.9403E0,-1.5494E0,0.E0));
#2216=VERTEX_POINT('',#2215);
#2217=CARTESIAN_POINT('',(5.461E0,-1.5494E0,0.E0));
#2218=VERTEX_POINT('',#2217);
#2219=CARTESIAN_POINT('',(5.461E0,1.2446E0,0.E0));
#2220=VERTEX_POINT('',#2219);
#2221=CARTESIAN_POINT('',(4.9403E0,1.2446E0,0.E0));
#2222=VERTEX_POINT('',#2221);
#2223=CARTESIAN_POINT('',(-4.9403E0,1.2446E0,0.E0));
#2224=VERTEX_POINT('',#2223);
#2225=CARTESIAN_POINT('',(-4.9403E0,-1.524E-1,-1.13284E1));
#2226=CARTESIAN_POINT('',(-4.9403E0,1.2446E0,-1.13284E1));
#2227=VERTEX_POINT('',#2225);
#2228=VERTEX_POINT('',#2226);
#2229=CARTESIAN_POINT('',(-3.34645E0,-1.524E-1,-1.13284E1));
#2230=VERTEX_POINT('',#2229);
#2231=CARTESIAN_POINT('',(-3.34645E0,-2.3114E0,-1.13284E1));
#2232=VERTEX_POINT('',#2231);
#2233=CARTESIAN_POINT('',(3.34645E0,-1.524E-1,-1.13284E1));
#2234=CARTESIAN_POINT('',(3.34645E0,-2.3114E0,-1.13284E1));
#2235=VERTEX_POINT('',#2233);
#2236=VERTEX_POINT('',#2234);
#2237=CARTESIAN_POINT('',(4.9403E0,-1.524E-1,-1.13284E1));
#2238=VERTEX_POINT('',#2237);
#2239=CARTESIAN_POINT('',(4.9403E0,1.2446E0,-1.13284E1));
#2240=VERTEX_POINT('',#2239);
#2241=CARTESIAN_POINT('',(4.9403E0,4.5212E0,0.E0));
#2242=VERTEX_POINT('',#2241);
#2243=CARTESIAN_POINT('',(3.3274E0,6.858E0,-3.302E0));
#2244=CARTESIAN_POINT('',(-3.3274E0,6.858E0,-3.302E0));
#2245=VERTEX_POINT('',#2243);
#2246=VERTEX_POINT('',#2244);
#2247=CARTESIAN_POINT('',(3.3274E0,6.858E0,0.E0));
#2248=CARTESIAN_POINT('',(-3.3274E0,6.858E0,0.E0));
#2249=VERTEX_POINT('',#2247);
#2250=VERTEX_POINT('',#2248);
#2251=CARTESIAN_POINT('',(-3.3274E0,4.7752E0,-3.302E0));
#2252=VERTEX_POINT('',#2251);
#2253=CARTESIAN_POINT('',(3.3274E0,4.7752E0,-3.302E0));
#2254=VERTEX_POINT('',#2253);
#2255=CARTESIAN_POINT('',(-2.1336E0,-1.2319E1,-1.70688E1));
#2256=CARTESIAN_POINT('',(-1.6764E0,-1.2319E1,-1.70688E1));
#2257=VERTEX_POINT('',#2255);
#2258=VERTEX_POINT('',#2256);
#2259=CARTESIAN_POINT('',(-1.6764E0,-1.2319E1,-1.67132E1));
#2260=VERTEX_POINT('',#2259);
#2261=CARTESIAN_POINT('',(-2.1336E0,-1.2319E1,-1.67132E1));
#2262=VERTEX_POINT('',#2261);
#2263=CARTESIAN_POINT('',(-2.1336E0,-8.128E0,-1.70688E1));
#2264=CARTESIAN_POINT('',(-1.6764E0,-8.128E0,-1.70688E1));
#2265=VERTEX_POINT('',#2263);
#2266=VERTEX_POINT('',#2264);
#2267=CARTESIAN_POINT('',(-1.6764E0,-8.128E0,-1.67132E1));
#2268=VERTEX_POINT('',#2267);
#2269=CARTESIAN_POINT('',(-2.1336E0,-8.128E0,-1.67132E1));
#2270=VERTEX_POINT('',#2269);
#2271=CARTESIAN_POINT('',(4.064E-1,-1.2319E1,-1.70688E1));
#2272=CARTESIAN_POINT('',(8.636E-1,-1.2319E1,-1.70688E1));
#2273=VERTEX_POINT('',#2271);
#2274=VERTEX_POINT('',#2272);
#2275=CARTESIAN_POINT('',(8.636E-1,-1.2319E1,-1.67132E1));
#2276=VERTEX_POINT('',#2275);
#2277=CARTESIAN_POINT('',(4.064E-1,-1.2319E1,-1.67132E1));
#2278=VERTEX_POINT('',#2277);
#2279=CARTESIAN_POINT('',(-8.636E-1,-1.2319E1,-1.96088E1));
#2280=CARTESIAN_POINT('',(-4.064E-1,-1.2319E1,-1.96088E1));
#2281=VERTEX_POINT('',#2279);
#2282=VERTEX_POINT('',#2280);
#2283=CARTESIAN_POINT('',(-4.064E-1,-1.2319E1,-1.92532E1));
#2284=VERTEX_POINT('',#2283);
#2285=CARTESIAN_POINT('',(-8.636E-1,-1.2319E1,-1.92532E1));
#2286=VERTEX_POINT('',#2285);
#2287=CARTESIAN_POINT('',(4.064E-1,-8.128E0,-1.70688E1));
#2288=CARTESIAN_POINT('',(8.636E-1,-8.128E0,-1.70688E1));
#2289=VERTEX_POINT('',#2287);
#2290=VERTEX_POINT('',#2288);
#2291=CARTESIAN_POINT('',(8.636E-1,-8.128E0,-1.67132E1));
#2292=VERTEX_POINT('',#2291);
#2293=CARTESIAN_POINT('',(4.064E-1,-8.128E0,-1.67132E1));
#2294=VERTEX_POINT('',#2293);
#2295=CARTESIAN_POINT('',(-8.636E-1,-8.128E0,-1.96088E1));
#2296=CARTESIAN_POINT('',(-4.064E-1,-8.128E0,-1.96088E1));
#2297=VERTEX_POINT('',#2295);
#2298=VERTEX_POINT('',#2296);
#2299=CARTESIAN_POINT('',(-4.064E-1,-8.128E0,-1.92532E1));
#2300=VERTEX_POINT('',#2299);
#2301=CARTESIAN_POINT('',(-8.636E-1,-8.128E0,-1.92532E1));
#2302=VERTEX_POINT('',#2301);
#2303=CARTESIAN_POINT('',(3.3274E0,4.5212E0,-1.397E1));
#2304=VERTEX_POINT('',#2303);
#2305=CARTESIAN_POINT('',(3.3274E0,4.7752E0,-1.397E1));
#2306=VERTEX_POINT('',#2305);
#2307=CARTESIAN_POINT('',(-3.3274E0,4.7752E0,-1.397E1));
#2308=VERTEX_POINT('',#2307);
#2309=CARTESIAN_POINT('',(3.3274E0,4.5212E0,0.E0));
#2310=VERTEX_POINT('',#2309);
#2311=CARTESIAN_POINT('',(-1.2954E0,8.801821129566E-1,-1.397E1));
#2312=CARTESIAN_POINT('',(-1.2954E0,4.826E-1,-1.397E1));
#2313=VERTEX_POINT('',#2311);
#2314=VERTEX_POINT('',#2312);
#2315=CARTESIAN_POINT('',(-1.7526E0,8.801821129566E-1,-1.397E1));
#2316=CARTESIAN_POINT('',(-1.7526E0,4.826E-1,-1.397E1));
#2317=VERTEX_POINT('',#2315);
#2318=VERTEX_POINT('',#2316);
#2319=CARTESIAN_POINT('',(-1.2954E0,4.7752E0,-6.180868004042E0));
#2320=CARTESIAN_POINT('',(-1.2954E0,4.7752E0,-5.385796030855E0));
#2321=VERTEX_POINT('',#2319);
#2322=VERTEX_POINT('',#2320);
#2323=CARTESIAN_POINT('',(-1.7526E0,4.7752E0,-6.180868004042E0));
#2324=CARTESIAN_POINT('',(-1.7526E0,4.7752E0,-5.385796030855E0));
#2325=VERTEX_POINT('',#2323);
#2326=VERTEX_POINT('',#2324);
#2327=CARTESIAN_POINT('',(-2.794E-1,8.801821129566E-1,-1.397E1));
#2328=CARTESIAN_POINT('',(-2.794E-1,4.826E-1,-1.397E1));
#2329=VERTEX_POINT('',#2327);
#2330=VERTEX_POINT('',#2328);
#2331=CARTESIAN_POINT('',(-7.366E-1,8.801821129566E-1,-1.397E1));
#2332=CARTESIAN_POINT('',(-7.366E-1,4.826E-1,-1.397E1));
#2333=VERTEX_POINT('',#2331);
#2334=VERTEX_POINT('',#2332);
#2335=CARTESIAN_POINT('',(-2.794E-1,4.7752E0,-6.180868004042E0));
#2336=CARTESIAN_POINT('',(-2.794E-1,4.7752E0,-5.385796030855E0));
#2337=VERTEX_POINT('',#2335);
#2338=VERTEX_POINT('',#2336);
#2339=CARTESIAN_POINT('',(-7.366E-1,4.7752E0,-6.180868004042E0));
#2340=CARTESIAN_POINT('',(-7.366E-1,4.7752E0,-5.385796030855E0));
#2341=VERTEX_POINT('',#2339);
#2342=VERTEX_POINT('',#2340);
#2343=CARTESIAN_POINT('',(7.366E-1,8.801821129566E-1,-1.397E1));
#2344=CARTESIAN_POINT('',(7.366E-1,4.826E-1,-1.397E1));
#2345=VERTEX_POINT('',#2343);
#2346=VERTEX_POINT('',#2344);
#2347=CARTESIAN_POINT('',(2.794E-1,8.801821129566E-1,-1.397E1));
#2348=CARTESIAN_POINT('',(2.794E-1,4.826E-1,-1.397E1));
#2349=VERTEX_POINT('',#2347);
#2350=VERTEX_POINT('',#2348);
#2351=CARTESIAN_POINT('',(7.366E-1,4.7752E0,-6.180868004042E0));
#2352=CARTESIAN_POINT('',(7.366E-1,4.7752E0,-5.385796030855E0));
#2353=VERTEX_POINT('',#2351);
#2354=VERTEX_POINT('',#2352);
#2355=CARTESIAN_POINT('',(2.794E-1,4.7752E0,-6.180868004042E0));
#2356=CARTESIAN_POINT('',(2.794E-1,4.7752E0,-5.385796030855E0));
#2357=VERTEX_POINT('',#2355);
#2358=VERTEX_POINT('',#2356);
#2359=CARTESIAN_POINT('',(1.6764E0,-1.2319E1,-1.96088E1));
#2360=CARTESIAN_POINT('',(2.1336E0,-1.2319E1,-1.96088E1));
#2361=VERTEX_POINT('',#2359);
#2362=VERTEX_POINT('',#2360);
#2363=CARTESIAN_POINT('',(2.1336E0,-1.2319E1,-1.92532E1));
#2364=VERTEX_POINT('',#2363);
#2365=CARTESIAN_POINT('',(1.6764E0,-1.2319E1,-1.92532E1));
#2366=VERTEX_POINT('',#2365);
#2367=CARTESIAN_POINT('',(1.6764E0,-8.128E0,-1.96088E1));
#2368=CARTESIAN_POINT('',(2.1336E0,-8.128E0,-1.96088E1));
#2369=VERTEX_POINT('',#2367);
#2370=VERTEX_POINT('',#2368);
#2371=CARTESIAN_POINT('',(2.1336E0,-8.128E0,-1.92532E1));
#2372=VERTEX_POINT('',#2371);
#2373=CARTESIAN_POINT('',(1.6764E0,-8.128E0,-1.92532E1));
#2374=VERTEX_POINT('',#2373);
#2375=CARTESIAN_POINT('',(1.7526E0,8.801821129566E-1,-1.397E1));
#2376=CARTESIAN_POINT('',(1.7526E0,4.826E-1,-1.397E1));
#2377=VERTEX_POINT('',#2375);
#2378=VERTEX_POINT('',#2376);
#2379=CARTESIAN_POINT('',(1.2954E0,8.801821129566E-1,-1.397E1));
#2380=CARTESIAN_POINT('',(1.2954E0,4.826E-1,-1.397E1));
#2381=VERTEX_POINT('',#2379);
#2382=VERTEX_POINT('',#2380);
#2383=CARTESIAN_POINT('',(1.7526E0,4.7752E0,-6.180868004042E0));
#2384=CARTESIAN_POINT('',(1.7526E0,4.7752E0,-5.385796030855E0));
#2385=VERTEX_POINT('',#2383);
#2386=VERTEX_POINT('',#2384);
#2387=CARTESIAN_POINT('',(1.2954E0,4.7752E0,-6.180868004042E0));
#2388=CARTESIAN_POINT('',(1.2954E0,4.7752E0,-5.385796030855E0));
#2389=VERTEX_POINT('',#2387);
#2390=VERTEX_POINT('',#2388);
#2391=CARTESIAN_POINT('',(7.874E0,-5.7912E0,-2.3622E0));
#2392=CARTESIAN_POINT('',(7.874E0,6.1468E0,-2.3622E0));
#2393=VERTEX_POINT('',#2391);
#2394=VERTEX_POINT('',#2392);
#2395=CARTESIAN_POINT('',(-7.874E0,6.1468E0,-2.3622E0));
#2396=CARTESIAN_POINT('',(-7.874E0,-5.7912E0,-2.3622E0));
#2397=VERTEX_POINT('',#2395);
#2398=VERTEX_POINT('',#2396);
#2399=CARTESIAN_POINT('',(7.874E0,-5.7912E0,-3.6322E0));
#2400=CARTESIAN_POINT('',(7.874E0,6.1468E0,-3.6322E0));
#2401=VERTEX_POINT('',#2399);
#2402=VERTEX_POINT('',#2400);
#2403=CARTESIAN_POINT('',(-7.874E0,6.1468E0,-3.6322E0));
#2404=CARTESIAN_POINT('',(-7.874E0,-5.7912E0,-3.6322E0));
#2405=VERTEX_POINT('',#2403);
#2406=VERTEX_POINT('',#2404);
#2407=CARTESIAN_POINT('',(6.731E0,-6.4262E0,-2.3622E0));
#2408=CARTESIAN_POINT('',(6.731E0,6.7818E0,-2.3622E0));
#2409=VERTEX_POINT('',#2407);
#2410=VERTEX_POINT('',#2408);
#2411=CARTESIAN_POINT('',(6.731E0,-6.4262E0,-3.6322E0));
#2412=CARTESIAN_POINT('',(6.731E0,6.7818E0,-3.6322E0));
#2413=VERTEX_POINT('',#2411);
#2414=VERTEX_POINT('',#2412);
#2415=CARTESIAN_POINT('',(-6.731E0,-6.4262E0,-2.3622E0));
#2416=CARTESIAN_POINT('',(-6.731E0,6.7818E0,-2.3622E0));
#2417=VERTEX_POINT('',#2415);
#2418=VERTEX_POINT('',#2416);
#2419=CARTESIAN_POINT('',(-6.731E0,-6.4262E0,-3.6322E0));
#2420=CARTESIAN_POINT('',(-6.731E0,6.7818E0,-3.6322E0));
#2421=VERTEX_POINT('',#2419);
#2422=VERTEX_POINT('',#2420);
#2423=CARTESIAN_POINT('',(7.239E0,-6.4262E0,-2.3622E0));
#2424=VERTEX_POINT('',#2423);
#2425=CARTESIAN_POINT('',(7.239E0,6.7818E0,-2.3622E0));
#2426=VERTEX_POINT('',#2425);
#2427=CARTESIAN_POINT('',(-7.239E0,6.7818E0,-2.3622E0));
#2428=VERTEX_POINT('',#2427);
#2429=CARTESIAN_POINT('',(-7.239E0,-6.4262E0,-2.3622E0));
#2430=VERTEX_POINT('',#2429);
#2431=CARTESIAN_POINT('',(7.239E0,-6.4262E0,-3.6322E0));
#2432=VERTEX_POINT('',#2431);
#2433=CARTESIAN_POINT('',(7.239E0,6.7818E0,-3.6322E0));
#2434=VERTEX_POINT('',#2433);
#2435=CARTESIAN_POINT('',(-7.239E0,6.7818E0,-3.6322E0));
#2436=VERTEX_POINT('',#2435);
#2437=CARTESIAN_POINT('',(-7.239E0,-6.4262E0,-3.6322E0));
#2438=VERTEX_POINT('',#2437);
#2439=CARTESIAN_POINT('',(-5.559918868143E0,-7.493E0,-9.0678E0));
#2440=VERTEX_POINT('',#2439);
#2441=CARTESIAN_POINT('',(-4.600081131857E0,-7.493E0,-9.0678E0));
#2442=VERTEX_POINT('',#2441);
#2443=CARTESIAN_POINT('',(-5.559918868143E0,-8.128E0,-1.20142E1));
#2444=VERTEX_POINT('',#2443);
#2445=CARTESIAN_POINT('',(-4.600081131857E0,-8.128E0,-1.20142E1));
#2446=VERTEX_POINT('',#2445);
#2447=CARTESIAN_POINT('',(-5.698066666667E0,-1.02616E1,-9.120213613679E0));
#2448=CARTESIAN_POINT('',(-5.698066666667E0,-1.02616E1,-1.196178638632E1));
#2449=VERTEX_POINT('',#2447);
#2450=VERTEX_POINT('',#2448);
#2451=CARTESIAN_POINT('',(-4.461933333333E0,-1.02616E1,-1.196178638632E1));
#2452=CARTESIAN_POINT('',(-4.461933333333E0,-1.02616E1,-9.120213613679E0));
#2453=VERTEX_POINT('',#2451);
#2454=VERTEX_POINT('',#2452);
#2455=CARTESIAN_POINT('',(4.600081131857E0,-8.128E0,-1.20142E1));
#2456=VERTEX_POINT('',#2455);
#2457=CARTESIAN_POINT('',(5.559918868143E0,-8.128E0,-1.20142E1));
#2458=VERTEX_POINT('',#2457);
#2459=CARTESIAN_POINT('',(5.559918868143E0,-7.493E0,-9.0678E0));
#2460=CARTESIAN_POINT('',(4.600081131857E0,-7.493E0,-9.0678E0));
#2461=VERTEX_POINT('',#2459);
#2462=VERTEX_POINT('',#2460);
#2463=CARTESIAN_POINT('',(5.698066666667E0,-1.02616E1,-1.196178638632E1));
#2464=CARTESIAN_POINT('',(5.698066666667E0,-1.02616E1,-9.120213613679E0));
#2465=VERTEX_POINT('',#2463);
#2466=VERTEX_POINT('',#2464);
#2467=CARTESIAN_POINT('',(4.461933333333E0,-1.02616E1,-9.120213613679E0));
#2468=CARTESIAN_POINT('',(4.461933333333E0,-1.02616E1,-1.196178638632E1));
#2469=VERTEX_POINT('',#2467);
#2470=VERTEX_POINT('',#2468);
#2471=CARTESIAN_POINT('',(-4.600081131857E0,-1.051558148172E1,-1.20142E1));
#2472=CARTESIAN_POINT('',(-4.461933333333E0,-1.051558148172E1,
-1.196178638632E1));
#2473=VERTEX_POINT('',#2471);
#2474=VERTEX_POINT('',#2472);
#2475=CARTESIAN_POINT('',(-4.461933333333E0,-1.051557546531E1,
-9.120213613679E0));
#2476=VERTEX_POINT('',#2475);
#2477=CARTESIAN_POINT('',(-4.600081131857E0,-1.051558155147E1,-9.0678E0));
#2478=VERTEX_POINT('',#2477);
#2479=CARTESIAN_POINT('',(-5.559918868143E0,-1.051558148172E1,-9.0678E0));
#2480=CARTESIAN_POINT('',(-5.698066666667E0,-1.051558148172E1,
-9.120213613679E0));
#2481=VERTEX_POINT('',#2479);
#2482=VERTEX_POINT('',#2480);
#2483=CARTESIAN_POINT('',(-5.698066666667E0,-1.051557546531E1,
-1.196178638632E1));
#2484=VERTEX_POINT('',#2483);
#2485=CARTESIAN_POINT('',(-5.559918868143E0,-1.051558155147E1,-1.20142E1));
#2486=VERTEX_POINT('',#2485);
#2487=CARTESIAN_POINT('',(5.559918868143E0,-1.051558148172E1,-1.20142E1));
#2488=CARTESIAN_POINT('',(5.698066666667E0,-1.051558148172E1,
-1.196178638632E1));
#2489=VERTEX_POINT('',#2487);
#2490=VERTEX_POINT('',#2488);
#2491=CARTESIAN_POINT('',(4.461933333333E0,-1.051558155147E1,
-1.196178638632E1));
#2492=CARTESIAN_POINT('',(4.600081131857E0,-1.051558155147E1,-1.20142E1));
#2493=VERTEX_POINT('',#2491);
#2494=VERTEX_POINT('',#2492);
#2495=CARTESIAN_POINT('',(4.461933333333E0,-1.051557546531E1,
-9.120213613679E0));
#2496=VERTEX_POINT('',#2495);
#2497=CARTESIAN_POINT('',(4.600081131857E0,-1.051558148172E1,-9.0678E0));
#2498=VERTEX_POINT('',#2497);
#2499=CARTESIAN_POINT('',(5.698066666667E0,-1.051558155147E1,
-9.120213613679E0));
#2500=CARTESIAN_POINT('',(5.559918868143E0,-1.051558155147E1,-9.0678E0));
#2501=VERTEX_POINT('',#2499);
#2502=VERTEX_POINT('',#2500);
#2503=CARTESIAN_POINT('',(4.572000018196E0,-1.20142E1,-1.136250742284E1));
#2504=CARTESIAN_POINT('',(4.572000018196E0,-1.20142E1,-9.719492577162E0));
#2505=VERTEX_POINT('',#2503);
#2506=VERTEX_POINT('',#2504);
#2507=CARTESIAN_POINT('',(5.588000018196E0,-1.20142E1,-1.136250741046E1));
#2508=CARTESIAN_POINT('',(5.588000018196E0,-1.20142E1,-9.719492589539E0));
#2509=VERTEX_POINT('',#2507);
#2510=VERTEX_POINT('',#2508);
#2511=CARTESIAN_POINT('',(-5.588000018196E0,-1.20142E1,-1.136250741046E1));
#2512=CARTESIAN_POINT('',(-5.588000018196E0,-1.20142E1,-9.719492589539E0));
#2513=VERTEX_POINT('',#2511);
#2514=VERTEX_POINT('',#2512);
#2515=CARTESIAN_POINT('',(-4.572000018196E0,-1.20142E1,-1.136250742284E1));
#2516=CARTESIAN_POINT('',(-4.572000018196E0,-1.20142E1,-9.719492577162E0));
#2517=VERTEX_POINT('',#2515);
#2518=VERTEX_POINT('',#2516);
#2519=CARTESIAN_POINT('',(-5.334000018196E0,-8.128E0,-1.20142E1));
#2520=CARTESIAN_POINT('',(-5.334000018196E0,-1.05156E1,-1.20142E1));
#2521=VERTEX_POINT('',#2519);
#2522=VERTEX_POINT('',#2520);
#2523=CARTESIAN_POINT('',(-4.826000018196E0,-8.128E0,-1.20142E1));
#2524=CARTESIAN_POINT('',(-4.826000018196E0,-1.05156E1,-1.20142E1));
#2525=VERTEX_POINT('',#2523);
#2526=VERTEX_POINT('',#2524);
#2527=CARTESIAN_POINT('',(-5.334000018196E0,-1.05156E1,-9.0678E0));
#2528=CARTESIAN_POINT('',(-5.334000018196E0,-8.128E0,-9.0678E0));
#2529=VERTEX_POINT('',#2527);
#2530=VERTEX_POINT('',#2528);
#2531=CARTESIAN_POINT('',(-4.826000018196E0,-1.05156E1,-9.0678E0));
#2532=CARTESIAN_POINT('',(-4.826000018196E0,-8.128E0,-9.0678E0));
#2533=VERTEX_POINT('',#2531);
#2534=VERTEX_POINT('',#2532);
#2535=CARTESIAN_POINT('',(5.334000018196E0,-8.128E0,-9.0678E0));
#2536=CARTESIAN_POINT('',(4.826000018196E0,-8.128E0,-9.0678E0));
#2537=VERTEX_POINT('',#2535);
#2538=VERTEX_POINT('',#2536);
#2539=CARTESIAN_POINT('',(4.826000018196E0,-1.05156E1,-9.0678E0));
#2540=VERTEX_POINT('',#2539);
#2541=CARTESIAN_POINT('',(5.334000018196E0,-1.05156E1,-9.0678E0));
#2542=VERTEX_POINT('',#2541);
#2543=CARTESIAN_POINT('',(4.826000018196E0,-8.128E0,-1.20142E1));
#2544=CARTESIAN_POINT('',(4.826000018196E0,-1.05156E1,-1.20142E1));
#2545=VERTEX_POINT('',#2543);
#2546=VERTEX_POINT('',#2544);
#2547=CARTESIAN_POINT('',(5.334000018196E0,-8.128E0,-1.20142E1));
#2548=CARTESIAN_POINT('',(5.334000018196E0,-1.05156E1,-1.20142E1));
#2549=VERTEX_POINT('',#2547);
#2550=VERTEX_POINT('',#2548);
#2551=CARTESIAN_POINT('',(-5.334000018196E0,-1.157425909488E1,
-1.158647396145E1));
#2552=VERTEX_POINT('',#2551);
#2553=CARTESIAN_POINT('',(-5.468330246173E0,-1.180692587473E1,
-1.149247048051E1));
#2554=VERTEX_POINT('',#2553);
#2555=CARTESIAN_POINT('',(-4.691669801717E0,-1.180692585481E1,
-1.149247048856E1));
#2556=CARTESIAN_POINT('',(-4.826000018196E0,-1.157425909488E1,
-1.158647396145E1));
#2557=VERTEX_POINT('',#2555);
#2558=VERTEX_POINT('',#2556);
#2559=VERTEX_POINT('',#1811);
#2560=VERTEX_POINT('',#1759);
#2561=VERTEX_POINT('',#1776);
#2562=CARTESIAN_POINT('',(-5.334000018196E0,-1.157425909488E1,
-9.495526038549E0));
#2563=VERTEX_POINT('',#2562);
#2564=CARTESIAN_POINT('',(-5.468330202676E0,-1.180692579939E1,
-9.589529489050E0));
#2565=VERTEX_POINT('',#2564);
#2566=CARTESIAN_POINT('',(-4.826000018196E0,-1.157425909488E1,
-9.495526038549E0));
#2567=VERTEX_POINT('',#2566);
#2568=VERTEX_POINT('',#1308);
#2569=VERTEX_POINT('',#1628);
#2570=VERTEX_POINT('',#1530);
#2571=VERTEX_POINT('',#1545);
#2572=VERTEX_POINT('',#1547);
#2573=CARTESIAN_POINT('',(4.826000018196E0,-1.157425909488E1,
-9.495526038549E0));
#2574=VERTEX_POINT('',#2573);
#2575=CARTESIAN_POINT('',(4.691669801717E0,-1.180692585481E1,
-9.589529511443E0));
#2576=VERTEX_POINT('',#2575);
#2577=CARTESIAN_POINT('',(5.334000018196E0,-1.157425909488E1,
-9.495526038549E0));
#2578=VERTEX_POINT('',#2577);
#2579=VERTEX_POINT('',#1467);
#2580=VERTEX_POINT('',#1364);
#2581=VERTEX_POINT('',#1381);
#2582=CARTESIAN_POINT('',(4.826000018196E0,-1.157425909488E1,
-1.158647396145E1));
#2583=VERTEX_POINT('',#2582);
#2584=CARTESIAN_POINT('',(5.468330202676E0,-1.180692579939E1,
-1.149247051095E1));
#2585=CARTESIAN_POINT('',(5.334000018196E0,-1.157425909488E1,
-1.158647396145E1));
#2586=VERTEX_POINT('',#2584);
#2587=VERTEX_POINT('',#2585);
#2588=CARTESIAN_POINT('',(6.731E0,0.E0,0.E0));
#2589=DIRECTION('',(-1.E0,0.E0,0.E0));
#2590=DIRECTION('',(0.E0,0.E0,1.E0));
#2591=AXIS2_PLACEMENT_3D('',#2588,#2589,#2590);
#2592=PLANE('',#2591);
#2594=ORIENTED_EDGE('',*,*,#2593,.F.);
#2596=ORIENTED_EDGE('',*,*,#2595,.T.);
#2598=ORIENTED_EDGE('',*,*,#2597,.F.);
#2600=ORIENTED_EDGE('',*,*,#2599,.T.);
#2602=ORIENTED_EDGE('',*,*,#2601,.T.);
#2604=ORIENTED_EDGE('',*,*,#2603,.T.);
#2606=ORIENTED_EDGE('',*,*,#2605,.T.);
#2608=ORIENTED_EDGE('',*,*,#2607,.T.);
#2609=EDGE_LOOP('',(#2594,#2596,#2598,#2600,#2602,#2604,#2606,#2608));
#2610=FACE_OUTER_BOUND('',#2609,.F.);
#2612=ORIENTED_EDGE('',*,*,#2611,.F.);
#2614=ORIENTED_EDGE('',*,*,#2613,.F.);
#2616=ORIENTED_EDGE('',*,*,#2615,.T.);
#2618=ORIENTED_EDGE('',*,*,#2617,.T.);
#2619=EDGE_LOOP('',(#2612,#2614,#2616,#2618));
#2620=FACE_BOUND('',#2619,.F.);
#2622=CARTESIAN_POINT('',(0.E0,0.E0,-2.3622E0));
#2623=DIRECTION('',(0.E0,0.E0,1.E0));
#2624=DIRECTION('',(1.E0,0.E0,0.E0));
#2625=AXIS2_PLACEMENT_3D('',#2622,#2623,#2624);
#2626=PLANE('',#2625);
#2627=ORIENTED_EDGE('',*,*,#2611,.T.);
#2629=ORIENTED_EDGE('',*,*,#2628,.F.);
#2631=ORIENTED_EDGE('',*,*,#2630,.F.);
#2633=ORIENTED_EDGE('',*,*,#2632,.F.);
#2635=ORIENTED_EDGE('',*,*,#2634,.F.);
#2637=ORIENTED_EDGE('',*,*,#2636,.F.);
#2638=EDGE_LOOP('',(#2627,#2629,#2631,#2633,#2635,#2637));
#2639=FACE_OUTER_BOUND('',#2638,.F.);
#2641=CARTESIAN_POINT('',(0.E0,0.E0,-2.3622E0));
#2642=DIRECTION('',(0.E0,0.E0,1.E0));
#2643=DIRECTION('',(1.E0,0.E0,0.E0));
#2644=AXIS2_PLACEMENT_3D('',#2641,#2642,#2643);
#2645=PLANE('',#2644);
#2647=ORIENTED_EDGE('',*,*,#2646,.F.);
#2649=ORIENTED_EDGE('',*,*,#2648,.F.);
#2651=ORIENTED_EDGE('',*,*,#2650,.F.);
#2653=ORIENTED_EDGE('',*,*,#2652,.F.);
#2655=ORIENTED_EDGE('',*,*,#2654,.F.);
#2657=ORIENTED_EDGE('',*,*,#2656,.F.);
#2658=EDGE_LOOP('',(#2647,#2649,#2651,#2653,#2655,#2657));
#2659=FACE_OUTER_BOUND('',#2658,.F.);
#2661=CARTESIAN_POINT('',(7.239E0,6.7818E0,-2.3622E0));
#2662=DIRECTION('',(0.E0,1.E0,0.E0));
#2663=DIRECTION('',(-1.E0,0.E0,0.E0));
#2664=AXIS2_PLACEMENT_3D('',#2661,#2662,#2663);
#2665=PLANE('',#2664);
#2666=ORIENTED_EDGE('',*,*,#2617,.F.);
#2668=ORIENTED_EDGE('',*,*,#2667,.F.);
#2670=ORIENTED_EDGE('',*,*,#2669,.F.);
#2671=ORIENTED_EDGE('',*,*,#2628,.T.);
#2672=EDGE_LOOP('',(#2666,#2668,#2670,#2671));
#2673=FACE_OUTER_BOUND('',#2672,.F.);
#2675=CARTESIAN_POINT('',(0.E0,0.E0,-3.6322E0));
#2676=DIRECTION('',(0.E0,0.E0,1.E0));
#2677=DIRECTION('',(1.E0,0.E0,0.E0));
#2678=AXIS2_PLACEMENT_3D('',#2675,#2676,#2677);
#2679=PLANE('',#2678);
#2680=ORIENTED_EDGE('',*,*,#2615,.F.);
#2682=ORIENTED_EDGE('',*,*,#2681,.T.);
#2684=ORIENTED_EDGE('',*,*,#2683,.T.);
#2686=ORIENTED_EDGE('',*,*,#2685,.T.);
#2688=ORIENTED_EDGE('',*,*,#2687,.T.);
#2689=ORIENTED_EDGE('',*,*,#2667,.T.);
#2690=EDGE_LOOP('',(#2680,#2682,#2684,#2686,#2688,#2689));
#2691=FACE_OUTER_BOUND('',#2690,.F.);
#2693=CARTESIAN_POINT('',(0.E0,0.E0,-3.6322E0));
#2694=DIRECTION('',(0.E0,0.E0,1.E0));
#2695=DIRECTION('',(1.E0,0.E0,0.E0));
#2696=AXIS2_PLACEMENT_3D('',#2693,#2694,#2695);
#2697=PLANE('',#2696);
#2699=ORIENTED_EDGE('',*,*,#2698,.T.);
#2701=ORIENTED_EDGE('',*,*,#2700,.T.);
#2703=ORIENTED_EDGE('',*,*,#2702,.T.);
#2705=ORIENTED_EDGE('',*,*,#2704,.T.);
#2707=ORIENTED_EDGE('',*,*,#2706,.T.);
#2709=ORIENTED_EDGE('',*,*,#2708,.T.);
#2710=EDGE_LOOP('',(#2699,#2701,#2703,#2705,#2707,#2709));
#2711=FACE_OUTER_BOUND('',#2710,.F.);
#2713=CARTESIAN_POINT('',(6.731E0,-6.4262E0,-2.3622E0));
#2714=DIRECTION('',(0.E0,-1.E0,0.E0));
#2715=DIRECTION('',(1.E0,0.E0,0.E0));
#2716=AXIS2_PLACEMENT_3D('',#2713,#2714,#2715);
#2717=PLANE('',#2716);
#2718=ORIENTED_EDGE('',*,*,#2613,.T.);
#2719=ORIENTED_EDGE('',*,*,#2636,.T.);
#2721=ORIENTED_EDGE('',*,*,#2720,.T.);
#2722=ORIENTED_EDGE('',*,*,#2681,.F.);
#2723=EDGE_LOOP('',(#2718,#2719,#2721,#2722));
#2724=FACE_OUTER_BOUND('',#2723,.F.);
#2726=CARTESIAN_POINT('',(7.239E0,-5.7912E0,-2.3622E0));
#2727=DIRECTION('',(0.E0,0.E0,1.E0));
#2728=DIRECTION('',(1.E0,0.E0,0.E0));
#2729=AXIS2_PLACEMENT_3D('',#2726,#2727,#2728);
#2730=CYLINDRICAL_SURFACE('',#2729,6.35E-1);
#2731=ORIENTED_EDGE('',*,*,#2634,.T.);
#2733=ORIENTED_EDGE('',*,*,#2732,.T.);
#2734=ORIENTED_EDGE('',*,*,#2683,.F.);
#2735=ORIENTED_EDGE('',*,*,#2720,.F.);
#2736=EDGE_LOOP('',(#2731,#2733,#2734,#2735));
#2737=FACE_OUTER_BOUND('',#2736,.F.);
#2739=CARTESIAN_POINT('',(7.874E0,-5.7912E0,-2.3622E0));
#2740=DIRECTION('',(1.E0,0.E0,0.E0));
#2741=DIRECTION('',(0.E0,1.E0,0.E0));
#2742=AXIS2_PLACEMENT_3D('',#2739,#2740,#2741);
#2743=PLANE('',#2742);
#2744=ORIENTED_EDGE('',*,*,#2632,.T.);
#2746=ORIENTED_EDGE('',*,*,#2745,.T.);
#2747=ORIENTED_EDGE('',*,*,#2685,.F.);
#2748=ORIENTED_EDGE('',*,*,#2732,.F.);
#2749=EDGE_LOOP('',(#2744,#2746,#2747,#2748));
#2750=FACE_OUTER_BOUND('',#2749,.F.);
#2752=CARTESIAN_POINT('',(7.239E0,6.1468E0,-2.3622E0));
#2753=DIRECTION('',(0.E0,0.E0,1.E0));
#2754=DIRECTION('',(1.E0,0.E0,0.E0));
#2755=AXIS2_PLACEMENT_3D('',#2752,#2753,#2754);
#2756=CYLINDRICAL_SURFACE('',#2755,6.35E-1);
#2757=ORIENTED_EDGE('',*,*,#2630,.T.);
#2758=ORIENTED_EDGE('',*,*,#2669,.T.);
#2759=ORIENTED_EDGE('',*,*,#2687,.F.);
#2760=ORIENTED_EDGE('',*,*,#2745,.F.);
#2761=EDGE_LOOP('',(#2757,#2758,#2759,#2760));
#2762=FACE_OUTER_BOUND('',#2761,.F.);
#2764=CARTESIAN_POINT('',(-6.731E0,0.E0,0.E0));
#2765=DIRECTION('',(-1.E0,0.E0,0.E0));
#2766=DIRECTION('',(0.E0,0.E0,1.E0));
#2767=AXIS2_PLACEMENT_3D('',#2764,#2765,#2766);
#2768=PLANE('',#2767);
#2770=ORIENTED_EDGE('',*,*,#2769,.F.);
#2772=ORIENTED_EDGE('',*,*,#2771,.T.);
#2774=ORIENTED_EDGE('',*,*,#2773,.T.);
#2776=ORIENTED_EDGE('',*,*,#2775,.F.);
#2778=ORIENTED_EDGE('',*,*,#2777,.F.);
#2780=ORIENTED_EDGE('',*,*,#2779,.F.);
#2782=ORIENTED_EDGE('',*,*,#2781,.F.);
#2784=ORIENTED_EDGE('',*,*,#2783,.F.);
#2785=EDGE_LOOP('',(#2770,#2772,#2774,#2776,#2778,#2780,#2782,#2784));
#2786=FACE_OUTER_BOUND('',#2785,.F.);
#2787=ORIENTED_EDGE('',*,*,#2646,.T.);
#2789=ORIENTED_EDGE('',*,*,#2788,.F.);
#2790=ORIENTED_EDGE('',*,*,#2698,.F.);
#2792=ORIENTED_EDGE('',*,*,#2791,.T.);
#2793=EDGE_LOOP('',(#2787,#2789,#2790,#2792));
#2794=FACE_BOUND('',#2793,.F.);
#2796=CARTESIAN_POINT('',(-6.731E0,6.7818E0,-2.3622E0));
#2797=DIRECTION('',(0.E0,1.E0,0.E0));
#2798=DIRECTION('',(-1.E0,0.E0,0.E0));
#2799=AXIS2_PLACEMENT_3D('',#2796,#2797,#2798);
#2800=PLANE('',#2799);
#2801=ORIENTED_EDGE('',*,*,#2788,.T.);
#2802=ORIENTED_EDGE('',*,*,#2656,.T.);
#2804=ORIENTED_EDGE('',*,*,#2803,.T.);
#2805=ORIENTED_EDGE('',*,*,#2700,.F.);
#2806=EDGE_LOOP('',(#2801,#2802,#2804,#2805));
#2807=FACE_OUTER_BOUND('',#2806,.F.);
#2809=CARTESIAN_POINT('',(-7.239E0,6.1468E0,-2.3622E0));
#2810=DIRECTION('',(0.E0,0.E0,1.E0));
#2811=DIRECTION('',(1.E0,0.E0,0.E0));
#2812=AXIS2_PLACEMENT_3D('',#2809,#2810,#2811);
#2813=CYLINDRICAL_SURFACE('',#2812,6.35E-1);
#2814=ORIENTED_EDGE('',*,*,#2654,.T.);
#2816=ORIENTED_EDGE('',*,*,#2815,.T.);
#2817=ORIENTED_EDGE('',*,*,#2702,.F.);
#2818=ORIENTED_EDGE('',*,*,#2803,.F.);
#2819=EDGE_LOOP('',(#2814,#2816,#2817,#2818));
#2820=FACE_OUTER_BOUND('',#2819,.F.);
#2822=CARTESIAN_POINT('',(-7.874E0,6.1468E0,-2.3622E0));
#2823=DIRECTION('',(-1.E0,0.E0,0.E0));
#2824=DIRECTION('',(0.E0,-1.E0,0.E0));
#2825=AXIS2_PLACEMENT_3D('',#2822,#2823,#2824);
#2826=PLANE('',#2825);
#2827=ORIENTED_EDGE('',*,*,#2652,.T.);
#2829=ORIENTED_EDGE('',*,*,#2828,.T.);
#2830=ORIENTED_EDGE('',*,*,#2704,.F.);
#2831=ORIENTED_EDGE('',*,*,#2815,.F.);
#2832=EDGE_LOOP('',(#2827,#2829,#2830,#2831));
#2833=FACE_OUTER_BOUND('',#2832,.F.);
#2835=CARTESIAN_POINT('',(-7.239E0,-5.7912E0,-2.3622E0));
#2836=DIRECTION('',(0.E0,0.E0,1.E0));
#2837=DIRECTION('',(1.E0,0.E0,0.E0));
#2838=AXIS2_PLACEMENT_3D('',#2835,#2836,#2837);
#2839=CYLINDRICAL_SURFACE('',#2838,6.35E-1);
#2840=ORIENTED_EDGE('',*,*,#2650,.T.);
#2842=ORIENTED_EDGE('',*,*,#2841,.T.);
#2843=ORIENTED_EDGE('',*,*,#2706,.F.);
#2844=ORIENTED_EDGE('',*,*,#2828,.F.);
#2845=EDGE_LOOP('',(#2840,#2842,#2843,#2844));
#2846=FACE_OUTER_BOUND('',#2845,.F.);
#2848=CARTESIAN_POINT('',(-7.239E0,-6.4262E0,-2.3622E0));
#2849=DIRECTION('',(0.E0,-1.E0,0.E0));
#2850=DIRECTION('',(1.E0,0.E0,0.E0));
#2851=AXIS2_PLACEMENT_3D('',#2848,#2849,#2850);
#2852=PLANE('',#2851);
#2853=ORIENTED_EDGE('',*,*,#2791,.F.);
#2854=ORIENTED_EDGE('',*,*,#2708,.F.);
#2855=ORIENTED_EDGE('',*,*,#2841,.F.);
#2856=ORIENTED_EDGE('',*,*,#2648,.T.);
#2857=EDGE_LOOP('',(#2853,#2854,#2855,#2856));
#2858=FACE_OUTER_BOUND('',#2857,.F.);
#2860=CARTESIAN_POINT('',(6.731E0,-7.493E0,-2.0828E1));
#2861=DIRECTION('',(0.E0,-1.E0,0.E0));
#2862=DIRECTION('',(0.E0,0.E0,1.E0));
#2863=AXIS2_PLACEMENT_3D('',#2860,#2861,#2862);
#2864=PLANE('',#2863);
#2866=ORIENTED_EDGE('',*,*,#2865,.T.);
#2868=ORIENTED_EDGE('',*,*,#2867,.T.);
#2870=ORIENTED_EDGE('',*,*,#2869,.T.);
#2872=ORIENTED_EDGE('',*,*,#2871,.T.);
#2874=ORIENTED_EDGE('',*,*,#2873,.T.);
#2876=ORIENTED_EDGE('',*,*,#2875,.T.);
#2878=ORIENTED_EDGE('',*,*,#2877,.F.);
#2880=ORIENTED_EDGE('',*,*,#2879,.T.);
#2882=ORIENTED_EDGE('',*,*,#2881,.T.);
#2884=ORIENTED_EDGE('',*,*,#2883,.T.);
#2886=ORIENTED_EDGE('',*,*,#2885,.F.);
#2888=ORIENTED_EDGE('',*,*,#2887,.T.);
#2890=ORIENTED_EDGE('',*,*,#2889,.F.);
#2892=ORIENTED_EDGE('',*,*,#2891,.T.);
#2894=ORIENTED_EDGE('',*,*,#2893,.T.);
#2896=ORIENTED_EDGE('',*,*,#2895,.T.);
#2898=ORIENTED_EDGE('',*,*,#2897,.T.);
#2900=ORIENTED_EDGE('',*,*,#2899,.T.);
#2902=ORIENTED_EDGE('',*,*,#2901,.T.);
#2903=ORIENTED_EDGE('',*,*,#2769,.T.);
#2905=ORIENTED_EDGE('',*,*,#2904,.F.);
#2906=ORIENTED_EDGE('',*,*,#2599,.F.);
#2907=EDGE_LOOP('',(#2866,#2868,#2870,#2872,#2874,#2876,#2878,#2880,#2882,#2884,
#2886,#2888,#2890,#2892,#2894,#2896,#2898,#2900,#2902,#2903,#2905,#2906));
#2908=FACE_OUTER_BOUND('',#2907,.F.);
#2910=CARTESIAN_POINT('',(6.731E0,-7.493E0,-1.0541E1));
#2911=DIRECTION('',(0.E0,0.E0,1.E0));
#2912=DIRECTION('',(-1.E0,0.E0,0.E0));
#2913=AXIS2_PLACEMENT_3D('',#2910,#2911,#2912);
#2914=PLANE('',#2913);
#2915=ORIENTED_EDGE('',*,*,#2865,.F.);
#2916=ORIENTED_EDGE('',*,*,#2597,.T.);
#2918=ORIENTED_EDGE('',*,*,#2917,.T.);
#2920=ORIENTED_EDGE('',*,*,#2919,.F.);
#2921=EDGE_LOOP('',(#2915,#2916,#2918,#2920));
#2922=FACE_OUTER_BOUND('',#2921,.F.);
#2924=CARTESIAN_POINT('',(6.731E0,-7.493E0,-1.0541E1));
#2925=DIRECTION('',(0.E0,0.E0,1.E0));
#2926=DIRECTION('',(-1.E0,0.E0,0.E0));
#2927=AXIS2_PLACEMENT_3D('',#2924,#2925,#2926);
#2928=PLANE('',#2927);
#2929=ORIENTED_EDGE('',*,*,#2873,.F.);
#2931=ORIENTED_EDGE('',*,*,#2930,.T.);
#2933=ORIENTED_EDGE('',*,*,#2932,.T.);
#2935=ORIENTED_EDGE('',*,*,#2934,.F.);
#2936=EDGE_LOOP('',(#2929,#2931,#2933,#2935));
#2937=FACE_OUTER_BOUND('',#2936,.F.);
#2939=CARTESIAN_POINT('',(6.731E0,-7.493E0,-1.0541E1));
#2940=DIRECTION('',(0.E0,0.E0,1.E0));
#2941=DIRECTION('',(-1.E0,0.E0,0.E0));
#2942=AXIS2_PLACEMENT_3D('',#2939,#2940,#2941);
#2943=PLANE('',#2942);
#2944=ORIENTED_EDGE('',*,*,#2893,.F.);
#2946=ORIENTED_EDGE('',*,*,#2945,.T.);
#2948=ORIENTED_EDGE('',*,*,#2947,.T.);
#2950=ORIENTED_EDGE('',*,*,#2949,.F.);
#2951=EDGE_LOOP('',(#2944,#2946,#2948,#2950));
#2952=FACE_OUTER_BOUND('',#2951,.F.);
#2954=CARTESIAN_POINT('',(6.731E0,-7.493E0,-1.0541E1));
#2955=DIRECTION('',(0.E0,0.E0,1.E0));
#2956=DIRECTION('',(-1.E0,0.E0,0.E0));
#2957=AXIS2_PLACEMENT_3D('',#2954,#2955,#2956);
#2958=PLANE('',#2957);
#2959=ORIENTED_EDGE('',*,*,#2901,.F.);
#2961=ORIENTED_EDGE('',*,*,#2960,.T.);
#2963=ORIENTED_EDGE('',*,*,#2962,.T.);
#2964=ORIENTED_EDGE('',*,*,#2771,.F.);
#2965=EDGE_LOOP('',(#2959,#2961,#2963,#2964));
#2966=FACE_OUTER_BOUND('',#2965,.F.);
#2968=CARTESIAN_POINT('',(6.731E0,-8.128E0,0.E0));
#2969=DIRECTION('',(0.E0,-1.E0,0.E0));
#2970=DIRECTION('',(0.E0,0.E0,1.E0));
#2971=AXIS2_PLACEMENT_3D('',#2968,#2969,#2970);
#2972=PLANE('',#2971);
#2974=ORIENTED_EDGE('',*,*,#2973,.T.);
#2976=ORIENTED_EDGE('',*,*,#2975,.T.);
#2977=ORIENTED_EDGE('',*,*,#2917,.F.);
#2978=ORIENTED_EDGE('',*,*,#2595,.F.);
#2980=ORIENTED_EDGE('',*,*,#2979,.F.);
#2981=EDGE_LOOP('',(#2974,#2976,#2977,#2978,#2980));
#2982=FACE_OUTER_BOUND('',#2981,.F.);
#2984=CARTESIAN_POINT('',(6.731E0,-8.128E0,0.E0));
#2985=DIRECTION('',(0.E0,-1.E0,0.E0));
#2986=DIRECTION('',(0.E0,0.E0,1.E0));
#2987=AXIS2_PLACEMENT_3D('',#2984,#2985,#2986);
#2988=PLANE('',#2987);
#2990=ORIENTED_EDGE('',*,*,#2989,.T.);
#2992=ORIENTED_EDGE('',*,*,#2991,.F.);
#2993=ORIENTED_EDGE('',*,*,#2773,.F.);
#2994=ORIENTED_EDGE('',*,*,#2962,.F.);
#2996=ORIENTED_EDGE('',*,*,#2995,.T.);
#2997=EDGE_LOOP('',(#2990,#2992,#2993,#2994,#2996));
#2998=FACE_OUTER_BOUND('',#2997,.F.);
#3000=CARTESIAN_POINT('',(6.731E0,-8.128E0,0.E0));
#3001=DIRECTION('',(0.E0,-1.E0,0.E0));
#3002=DIRECTION('',(0.E0,0.E0,1.E0));
#3003=AXIS2_PLACEMENT_3D('',#3000,#3001,#3002);
#3004=PLANE('',#3003);
#3006=ORIENTED_EDGE('',*,*,#3005,.T.);
#3008=ORIENTED_EDGE('',*,*,#3007,.T.);
#3010=ORIENTED_EDGE('',*,*,#3009,.F.);
#3012=ORIENTED_EDGE('',*,*,#3011,.F.);
#3014=ORIENTED_EDGE('',*,*,#3013,.T.);
#3016=ORIENTED_EDGE('',*,*,#3015,.T.);
#3017=ORIENTED_EDGE('',*,*,#2947,.F.);
#3019=ORIENTED_EDGE('',*,*,#3018,.F.);
#3021=ORIENTED_EDGE('',*,*,#3020,.F.);
#3023=ORIENTED_EDGE('',*,*,#3022,.F.);
#3025=ORIENTED_EDGE('',*,*,#3024,.F.);
#3027=ORIENTED_EDGE('',*,*,#3026,.F.);
#3029=ORIENTED_EDGE('',*,*,#3028,.F.);
#3031=ORIENTED_EDGE('',*,*,#3030,.F.);
#3032=ORIENTED_EDGE('',*,*,#2932,.F.);
#3034=ORIENTED_EDGE('',*,*,#3033,.T.);
#3036=ORIENTED_EDGE('',*,*,#3035,.T.);
#3038=ORIENTED_EDGE('',*,*,#3037,.T.);
#3040=ORIENTED_EDGE('',*,*,#3039,.F.);
#3042=ORIENTED_EDGE('',*,*,#3041,.F.);
#3044=ORIENTED_EDGE('',*,*,#3043,.T.);
#3046=ORIENTED_EDGE('',*,*,#3045,.T.);
#3048=ORIENTED_EDGE('',*,*,#3047,.T.);
#3050=ORIENTED_EDGE('',*,*,#3049,.F.);
#3052=ORIENTED_EDGE('',*,*,#3051,.F.);
#3054=ORIENTED_EDGE('',*,*,#3053,.T.);
#3055=EDGE_LOOP('',(#3006,#3008,#3010,#3012,#3014,#3016,#3017,#3019,#3021,#3023,
#3025,#3027,#3029,#3031,#3032,#3034,#3036,#3038,#3040,#3042,#3044,#3046,#3048,
#3050,#3052,#3054));
#3056=FACE_OUTER_BOUND('',#3055,.F.);
#3058=ORIENTED_EDGE('',*,*,#3057,.T.);
#3060=ORIENTED_EDGE('',*,*,#3059,.T.);
#3062=ORIENTED_EDGE('',*,*,#3061,.T.);
#3064=ORIENTED_EDGE('',*,*,#3063,.T.);
#3065=EDGE_LOOP('',(#3058,#3060,#3062,#3064));
#3066=FACE_BOUND('',#3065,.F.);
#3068=ORIENTED_EDGE('',*,*,#3067,.T.);
#3070=ORIENTED_EDGE('',*,*,#3069,.T.);
#3072=ORIENTED_EDGE('',*,*,#3071,.T.);
#3074=ORIENTED_EDGE('',*,*,#3073,.T.);
#3075=EDGE_LOOP('',(#3068,#3070,#3072,#3074));
#3076=FACE_BOUND('',#3075,.F.);
#3078=ORIENTED_EDGE('',*,*,#3077,.T.);
#3080=ORIENTED_EDGE('',*,*,#3079,.T.);
#3082=ORIENTED_EDGE('',*,*,#3081,.T.);
#3084=ORIENTED_EDGE('',*,*,#3083,.T.);
#3085=EDGE_LOOP('',(#3078,#3080,#3082,#3084));
#3086=FACE_BOUND('',#3085,.F.);
#3088=ORIENTED_EDGE('',*,*,#3087,.T.);
#3090=ORIENTED_EDGE('',*,*,#3089,.T.);
#3092=ORIENTED_EDGE('',*,*,#3091,.T.);
#3094=ORIENTED_EDGE('',*,*,#3093,.T.);
#3095=EDGE_LOOP('',(#3088,#3090,#3092,#3094));
#3096=FACE_BOUND('',#3095,.F.);
#3098=CARTESIAN_POINT('',(6.223E0,-8.128E0,-2.0828E1));
#3099=DIRECTION('',(0.E0,0.E0,-1.E0));
#3100=DIRECTION('',(-1.E0,0.E0,0.E0));
#3101=AXIS2_PLACEMENT_3D('',#3098,#3099,#3100);
#3102=CYLINDRICAL_SURFACE('',#3101,3.81E-1);
#3103=ORIENTED_EDGE('',*,*,#2973,.F.);
#3105=ORIENTED_EDGE('',*,*,#3104,.T.);
#3106=ORIENTED_EDGE('',*,*,#3047,.F.);
#3108=ORIENTED_EDGE('',*,*,#3107,.T.);
#3109=EDGE_LOOP('',(#3103,#3105,#3106,#3108));
#3110=FACE_OUTER_BOUND('',#3109,.F.);
#3112=CARTESIAN_POINT('',(6.731E0,-5.461E0,-2.0828E1));
#3113=DIRECTION('',(0.E0,0.E0,-1.E0));
#3114=DIRECTION('',(0.E0,-1.E0,0.E0));
#3115=AXIS2_PLACEMENT_3D('',#3112,#3113,#3114);
#3116=PLANE('',#3115);
#3117=ORIENTED_EDGE('',*,*,#3049,.T.);
#3118=ORIENTED_EDGE('',*,*,#3104,.F.);
#3119=ORIENTED_EDGE('',*,*,#2979,.T.);
#3120=ORIENTED_EDGE('',*,*,#2593,.T.);
#3122=ORIENTED_EDGE('',*,*,#3121,.T.);
#3123=ORIENTED_EDGE('',*,*,#2775,.T.);
#3124=ORIENTED_EDGE('',*,*,#2991,.T.);
#3126=ORIENTED_EDGE('',*,*,#3125,.F.);
#3127=EDGE_LOOP('',(#3117,#3118,#3119,#3120,#3122,#3123,#3124,#3126));
#3128=FACE_OUTER_BOUND('',#3127,.F.);
#3130=CARTESIAN_POINT('',(6.731E0,5.005195774253E0,-1.850770025867E1));
#3131=DIRECTION('',(0.E0,2.164396139381E-1,-9.762960071199E-1));
#3132=DIRECTION('',(0.E0,-9.762960071199E-1,-2.164396139381E-1));
#3133=AXIS2_PLACEMENT_3D('',#3130,#3131,#3132);
#3134=PLANE('',#3133);
#3135=ORIENTED_EDGE('',*,*,#2607,.F.);
#3137=ORIENTED_EDGE('',*,*,#3136,.T.);
#3138=ORIENTED_EDGE('',*,*,#2777,.T.);
#3139=ORIENTED_EDGE('',*,*,#3121,.F.);
#3140=EDGE_LOOP('',(#3135,#3137,#3138,#3139));
#3141=FACE_OUTER_BOUND('',#3140,.F.);
#3143=CARTESIAN_POINT('',(6.731E0,4.318E0,-1.540796043607E1));
#3144=DIRECTION('',(-1.E0,0.E0,0.E0));
#3145=DIRECTION('',(0.E0,0.E0,1.E0));
#3146=AXIS2_PLACEMENT_3D('',#3143,#3144,#3145);
#3147=CYLINDRICAL_SURFACE('',#3146,3.175E0);
#3148=ORIENTED_EDGE('',*,*,#2605,.F.);
#3150=ORIENTED_EDGE('',*,*,#3149,.T.);
#3151=ORIENTED_EDGE('',*,*,#2779,.T.);
#3152=ORIENTED_EDGE('',*,*,#3136,.F.);
#3153=EDGE_LOOP('',(#3148,#3150,#3151,#3152));
#3154=FACE_OUTER_BOUND('',#3153,.F.);
#3156=CARTESIAN_POINT('',(6.731E0,7.493E0,0.E0));
#3157=DIRECTION('',(0.E0,1.E0,0.E0));
#3158=DIRECTION('',(0.E0,0.E0,-1.E0));
#3159=AXIS2_PLACEMENT_3D('',#3156,#3157,#3158);
#3160=PLANE('',#3159);
#3161=ORIENTED_EDGE('',*,*,#2603,.F.);
#3163=ORIENTED_EDGE('',*,*,#3162,.T.);
#3164=ORIENTED_EDGE('',*,*,#2781,.T.);
#3165=ORIENTED_EDGE('',*,*,#3149,.F.);
#3166=EDGE_LOOP('',(#3161,#3163,#3164,#3165));
#3167=FACE_OUTER_BOUND('',#3166,.F.);
#3169=CARTESIAN_POINT('',(6.731E0,-7.493E0,0.E0));
#3170=DIRECTION('',(0.E0,0.E0,1.E0));
#3171=DIRECTION('',(0.E0,1.E0,0.E0));
#3172=AXIS2_PLACEMENT_3D('',#3169,#3170,#3171);
#3173=PLANE('',#3172);
#3174=ORIENTED_EDGE('',*,*,#2601,.F.);
#3175=ORIENTED_EDGE('',*,*,#2904,.T.);
#3176=ORIENTED_EDGE('',*,*,#2783,.T.);
#3177=ORIENTED_EDGE('',*,*,#3162,.F.);
#3178=EDGE_LOOP('',(#3174,#3175,#3176,#3177));
#3179=FACE_OUTER_BOUND('',#3178,.F.);
#3181=ORIENTED_EDGE('',*,*,#3180,.F.);
#3183=ORIENTED_EDGE('',*,*,#3182,.T.);
#3185=ORIENTED_EDGE('',*,*,#3184,.T.);
#3187=ORIENTED_EDGE('',*,*,#3186,.T.);
#3189=ORIENTED_EDGE('',*,*,#3188,.T.);
#3191=ORIENTED_EDGE('',*,*,#3190,.T.);
#3193=ORIENTED_EDGE('',*,*,#3192,.T.);
#3195=ORIENTED_EDGE('',*,*,#3194,.T.);
#3197=ORIENTED_EDGE('',*,*,#3196,.T.);
#3199=ORIENTED_EDGE('',*,*,#3198,.T.);
#3201=ORIENTED_EDGE('',*,*,#3200,.F.);
#3203=ORIENTED_EDGE('',*,*,#3202,.T.);
#3205=ORIENTED_EDGE('',*,*,#3204,.F.);
#3207=ORIENTED_EDGE('',*,*,#3206,.T.);
#3209=ORIENTED_EDGE('',*,*,#3208,.T.);
#3211=ORIENTED_EDGE('',*,*,#3210,.T.);
#3213=ORIENTED_EDGE('',*,*,#3212,.T.);
#3215=ORIENTED_EDGE('',*,*,#3214,.T.);
#3217=ORIENTED_EDGE('',*,*,#3216,.T.);
#3219=ORIENTED_EDGE('',*,*,#3218,.T.);
#3221=ORIENTED_EDGE('',*,*,#3220,.T.);
#3223=ORIENTED_EDGE('',*,*,#3222,.T.);
#3225=ORIENTED_EDGE('',*,*,#3224,.F.);
#3227=ORIENTED_EDGE('',*,*,#3226,.T.);
#3228=EDGE_LOOP('',(#3181,#3183,#3185,#3187,#3189,#3191,#3193,#3195,#3197,#3199,
#3201,#3203,#3205,#3207,#3209,#3211,#3213,#3215,#3217,#3219,#3221,#3223,#3225,
#3227));
#3229=FACE_BOUND('',#3228,.F.);
#3231=CARTESIAN_POINT('',(-3.3274E0,4.7752E0,0.E0));
#3232=DIRECTION('',(-1.E0,0.E0,0.E0));
#3233=DIRECTION('',(0.E0,-1.E0,0.E0));
#3234=AXIS2_PLACEMENT_3D('',#3231,#3232,#3233);
#3235=PLANE('',#3234);
#3236=ORIENTED_EDGE('',*,*,#3180,.T.);
#3238=ORIENTED_EDGE('',*,*,#3237,.T.);
#3240=ORIENTED_EDGE('',*,*,#3239,.T.);
#3242=ORIENTED_EDGE('',*,*,#3241,.T.);
#3244=ORIENTED_EDGE('',*,*,#3243,.T.);
#3246=ORIENTED_EDGE('',*,*,#3245,.F.);
#3247=EDGE_LOOP('',(#3236,#3238,#3240,#3242,#3244,#3246));
#3248=FACE_OUTER_BOUND('',#3247,.F.);
#3250=CARTESIAN_POINT('',(3.3274E0,6.858E0,0.E0));
#3251=DIRECTION('',(0.E0,1.E0,0.E0));
#3252=DIRECTION('',(-1.E0,0.E0,0.E0));
#3253=AXIS2_PLACEMENT_3D('',#3250,#3251,#3252);
#3254=PLANE('',#3253);
#3255=ORIENTED_EDGE('',*,*,#3226,.F.);
#3257=ORIENTED_EDGE('',*,*,#3256,.T.);
#3259=ORIENTED_EDGE('',*,*,#3258,.T.);
#3260=ORIENTED_EDGE('',*,*,#3237,.F.);
#3261=EDGE_LOOP('',(#3255,#3257,#3259,#3260));
#3262=FACE_OUTER_BOUND('',#3261,.F.);
#3264=CARTESIAN_POINT('',(3.3274E0,4.5212E0,0.E0));
#3265=DIRECTION('',(1.E0,0.E0,0.E0));
#3266=DIRECTION('',(0.E0,1.E0,0.E0));
#3267=AXIS2_PLACEMENT_3D('',#3264,#3265,#3266);
#3268=PLANE('',#3267);
#3270=ORIENTED_EDGE('',*,*,#3269,.F.);
#3272=ORIENTED_EDGE('',*,*,#3271,.T.);
#3273=ORIENTED_EDGE('',*,*,#3256,.F.);
#3274=ORIENTED_EDGE('',*,*,#3224,.T.);
#3276=ORIENTED_EDGE('',*,*,#3275,.T.);
#3278=ORIENTED_EDGE('',*,*,#3277,.T.);
#3279=EDGE_LOOP('',(#3270,#3272,#3273,#3274,#3276,#3278));
#3280=FACE_OUTER_BOUND('',#3279,.F.);
#3282=CARTESIAN_POINT('',(3.3274E0,4.7752E0,0.E0));
#3283=DIRECTION('',(0.E0,1.E0,0.E0));
#3284=DIRECTION('',(-1.E0,0.E0,0.E0));
#3285=AXIS2_PLACEMENT_3D('',#3282,#3283,#3284);
#3286=PLANE('',#3285);
#3288=ORIENTED_EDGE('',*,*,#3287,.F.);
#3289=ORIENTED_EDGE('',*,*,#3269,.T.);
#3291=ORIENTED_EDGE('',*,*,#3290,.T.);
#3292=ORIENTED_EDGE('',*,*,#3241,.F.);
#3293=EDGE_LOOP('',(#3288,#3289,#3291,#3292));
#3294=FACE_OUTER_BOUND('',#3293,.F.);
#3296=ORIENTED_EDGE('',*,*,#3295,.T.);
#3298=ORIENTED_EDGE('',*,*,#3297,.T.);
#3300=ORIENTED_EDGE('',*,*,#3299,.F.);
#3302=ORIENTED_EDGE('',*,*,#3301,.F.);
#3303=EDGE_LOOP('',(#3296,#3298,#3300,#3302));
#3304=FACE_BOUND('',#3303,.F.);
#3306=ORIENTED_EDGE('',*,*,#3305,.T.);
#3308=ORIENTED_EDGE('',*,*,#3307,.T.);
#3310=ORIENTED_EDGE('',*,*,#3309,.F.);
#3312=ORIENTED_EDGE('',*,*,#3311,.F.);
#3313=EDGE_LOOP('',(#3306,#3308,#3310,#3312));
#3314=FACE_BOUND('',#3313,.F.);
#3316=ORIENTED_EDGE('',*,*,#3315,.T.);
#3318=ORIENTED_EDGE('',*,*,#3317,.T.);
#3320=ORIENTED_EDGE('',*,*,#3319,.F.);
#3322=ORIENTED_EDGE('',*,*,#3321,.F.);
#3323=EDGE_LOOP('',(#3316,#3318,#3320,#3322));
#3324=FACE_BOUND('',#3323,.F.);
#3326=ORIENTED_EDGE('',*,*,#3325,.T.);
#3328=ORIENTED_EDGE('',*,*,#3327,.T.);
#3330=ORIENTED_EDGE('',*,*,#3329,.F.);
#3332=ORIENTED_EDGE('',*,*,#3331,.F.);
#3333=EDGE_LOOP('',(#3326,#3328,#3330,#3332));
#3334=FACE_BOUND('',#3333,.F.);
#3336=CARTESIAN_POINT('',(0.E0,0.E0,-3.302E0));
#3337=DIRECTION('',(0.E0,0.E0,1.E0));
#3338=DIRECTION('',(1.E0,0.E0,0.E0));
#3339=AXIS2_PLACEMENT_3D('',#3336,#3337,#3338);
#3340=PLANE('',#3339);
#3341=ORIENTED_EDGE('',*,*,#3239,.F.);
#3342=ORIENTED_EDGE('',*,*,#3258,.F.);
#3343=ORIENTED_EDGE('',*,*,#3271,.F.);
#3344=ORIENTED_EDGE('',*,*,#3287,.T.);
#3345=EDGE_LOOP('',(#3341,#3342,#3343,#3344));
#3346=FACE_OUTER_BOUND('',#3345,.F.);
#3348=CARTESIAN_POINT('',(6.731E0,0.E0,-1.397E1));
#3349=DIRECTION('',(0.E0,0.E0,1.E0));
#3350=DIRECTION('',(1.E0,0.E0,0.E0));
#3351=AXIS2_PLACEMENT_3D('',#3348,#3349,#3350);
#3352=PLANE('',#3351);
#3354=ORIENTED_EDGE('',*,*,#3353,.F.);
#3356=ORIENTED_EDGE('',*,*,#3355,.F.);
#3357=ORIENTED_EDGE('',*,*,#3243,.F.);
#3358=ORIENTED_EDGE('',*,*,#3290,.F.);
#3359=ORIENTED_EDGE('',*,*,#3277,.F.);
#3361=ORIENTED_EDGE('',*,*,#3360,.F.);
#3363=ORIENTED_EDGE('',*,*,#3362,.F.);
#3365=ORIENTED_EDGE('',*,*,#3364,.F.);
#3367=ORIENTED_EDGE('',*,*,#3366,.F.);
#3369=ORIENTED_EDGE('',*,*,#3368,.F.);
#3371=ORIENTED_EDGE('',*,*,#3370,.F.);
#3373=ORIENTED_EDGE('',*,*,#3372,.F.);
#3375=ORIENTED_EDGE('',*,*,#3374,.F.);
#3377=ORIENTED_EDGE('',*,*,#3376,.F.);
#3379=ORIENTED_EDGE('',*,*,#3378,.F.);
#3381=ORIENTED_EDGE('',*,*,#3380,.F.);
#3382=EDGE_LOOP('',(#3354,#3356,#3357,#3358,#3359,#3361,#3363,#3365,#3367,#3369,
#3371,#3373,#3375,#3377,#3379,#3381));
#3383=FACE_OUTER_BOUND('',#3382,.F.);
#3385=ORIENTED_EDGE('',*,*,#3384,.F.);
#3387=ORIENTED_EDGE('',*,*,#3386,.T.);
#3389=ORIENTED_EDGE('',*,*,#3388,.T.);
#3391=ORIENTED_EDGE('',*,*,#3390,.F.);
#3392=EDGE_LOOP('',(#3385,#3387,#3389,#3391));
#3393=FACE_BOUND('',#3392,.F.);
#3395=ORIENTED_EDGE('',*,*,#3394,.F.);
#3397=ORIENTED_EDGE('',*,*,#3396,.T.);
#3399=ORIENTED_EDGE('',*,*,#3398,.T.);
#3401=ORIENTED_EDGE('',*,*,#3400,.F.);
#3402=EDGE_LOOP('',(#3395,#3397,#3399,#3401));
#3403=FACE_BOUND('',#3402,.F.);
#3405=ORIENTED_EDGE('',*,*,#3404,.F.);
#3407=ORIENTED_EDGE('',*,*,#3406,.T.);
#3409=ORIENTED_EDGE('',*,*,#3408,.T.);
#3411=ORIENTED_EDGE('',*,*,#3410,.F.);
#3412=EDGE_LOOP('',(#3405,#3407,#3409,#3411));
#3413=FACE_BOUND('',#3412,.F.);
#3415=ORIENTED_EDGE('',*,*,#3414,.F.);
#3417=ORIENTED_EDGE('',*,*,#3416,.T.);
#3419=ORIENTED_EDGE('',*,*,#3418,.T.);
#3421=ORIENTED_EDGE('',*,*,#3420,.F.);
#3422=EDGE_LOOP('',(#3415,#3417,#3419,#3421));
#3423=FACE_BOUND('',#3422,.F.);
#3425=CARTESIAN_POINT('',(-4.9403E0,4.5212E0,0.E0));
#3426=DIRECTION('',(-1.E0,0.E0,0.E0));
#3427=DIRECTION('',(0.E0,-1.E0,0.E0));
#3428=AXIS2_PLACEMENT_3D('',#3425,#3426,#3427);
#3429=PLANE('',#3428);
#3431=ORIENTED_EDGE('',*,*,#3430,.T.);
#3433=ORIENTED_EDGE('',*,*,#3432,.F.);
#3434=ORIENTED_EDGE('',*,*,#3184,.F.);
#3436=ORIENTED_EDGE('',*,*,#3435,.T.);
#3437=ORIENTED_EDGE('',*,*,#3353,.T.);
#3439=ORIENTED_EDGE('',*,*,#3438,.F.);
#3440=EDGE_LOOP('',(#3431,#3433,#3434,#3436,#3437,#3439));
#3441=FACE_OUTER_BOUND('',#3440,.F.);
#3443=CARTESIAN_POINT('',(0.E0,0.E0,-1.13284E1));
#3444=DIRECTION('',(0.E0,0.E0,1.E0));
#3445=DIRECTION('',(1.E0,0.E0,0.E0));
#3446=AXIS2_PLACEMENT_3D('',#3443,#3444,#3445);
#3447=PLANE('',#3446);
#3448=ORIENTED_EDGE('',*,*,#3430,.F.);
#3450=ORIENTED_EDGE('',*,*,#3449,.T.);
#3452=ORIENTED_EDGE('',*,*,#3451,.T.);
#3454=ORIENTED_EDGE('',*,*,#3453,.F.);
#3456=ORIENTED_EDGE('',*,*,#3455,.F.);
#3458=ORIENTED_EDGE('',*,*,#3457,.F.);
#3460=ORIENTED_EDGE('',*,*,#3459,.F.);
#3462=ORIENTED_EDGE('',*,*,#3461,.F.);
#3463=EDGE_LOOP('',(#3448,#3450,#3452,#3454,#3456,#3458,#3460,#3462));
#3464=FACE_OUTER_BOUND('',#3463,.F.);
#3466=CARTESIAN_POINT('',(0.E0,0.E0,-1.13284E1));
#3467=DIRECTION('',(0.E0,0.E0,1.E0));
#3468=DIRECTION('',(1.E0,0.E0,0.E0));
#3469=AXIS2_PLACEMENT_3D('',#3466,#3467,#3468);
#3470=PLANE('',#3469);
#3472=ORIENTED_EDGE('',*,*,#3471,.F.);
#3474=ORIENTED_EDGE('',*,*,#3473,.T.);
#3476=ORIENTED_EDGE('',*,*,#3475,.T.);
#3478=ORIENTED_EDGE('',*,*,#3477,.F.);
#3480=ORIENTED_EDGE('',*,*,#3479,.F.);
#3482=ORIENTED_EDGE('',*,*,#3481,.F.);
#3484=ORIENTED_EDGE('',*,*,#3483,.F.);
#3486=ORIENTED_EDGE('',*,*,#3485,.F.);
#3487=EDGE_LOOP('',(#3472,#3474,#3476,#3478,#3480,#3482,#3484,#3486));
#3488=FACE_OUTER_BOUND('',#3487,.F.);
#3490=CARTESIAN_POINT('',(-4.9403E0,-1.524E-1,0.E0));
#3491=DIRECTION('',(0.E0,-1.E0,0.E0));
#3492=DIRECTION('',(1.E0,0.E0,0.E0));
#3493=AXIS2_PLACEMENT_3D('',#3490,#3491,#3492);
#3494=PLANE('',#3493);
#3495=ORIENTED_EDGE('',*,*,#3449,.F.);
#3496=ORIENTED_EDGE('',*,*,#3438,.T.);
#3497=ORIENTED_EDGE('',*,*,#3380,.T.);
#3499=ORIENTED_EDGE('',*,*,#3498,.F.);
#3500=EDGE_LOOP('',(#3495,#3496,#3497,#3499));
#3501=FACE_OUTER_BOUND('',#3500,.F.);
#3503=CARTESIAN_POINT('',(-3.34645E0,-1.524E-1,0.E0));
#3504=DIRECTION('',(-1.E0,0.E0,0.E0));
#3505=DIRECTION('',(0.E0,-1.E0,0.E0));
#3506=AXIS2_PLACEMENT_3D('',#3503,#3504,#3505);
#3507=PLANE('',#3506);
#3508=ORIENTED_EDGE('',*,*,#3451,.F.);
#3509=ORIENTED_EDGE('',*,*,#3498,.T.);
#3510=ORIENTED_EDGE('',*,*,#3378,.T.);
#3512=ORIENTED_EDGE('',*,*,#3511,.F.);
#3513=ORIENTED_EDGE('',*,*,#3196,.F.);
#3515=ORIENTED_EDGE('',*,*,#3514,.T.);
#3516=EDGE_LOOP('',(#3508,#3509,#3510,#3512,#3513,#3515));
#3517=FACE_OUTER_BOUND('',#3516,.F.);
#3519=CARTESIAN_POINT('',(-3.34645E0,-3.9878E0,0.E0));
#3520=DIRECTION('',(0.E0,-1.E0,0.E0));
#3521=DIRECTION('',(1.E0,0.E0,0.E0));
#3522=AXIS2_PLACEMENT_3D('',#3519,#3520,#3521);
#3523=PLANE('',#3522);
#3524=ORIENTED_EDGE('',*,*,#3198,.F.);
#3525=ORIENTED_EDGE('',*,*,#3511,.T.);
#3526=ORIENTED_EDGE('',*,*,#3376,.T.);
#3528=ORIENTED_EDGE('',*,*,#3527,.F.);
#3529=EDGE_LOOP('',(#3524,#3525,#3526,#3528));
#3530=FACE_OUTER_BOUND('',#3529,.F.);
#3532=CARTESIAN_POINT('',(-2.032E0,-3.9878E0,0.E0));
#3533=DIRECTION('',(-1.E0,0.E0,0.E0));
#3534=DIRECTION('',(0.E0,-1.E0,0.E0));
#3535=AXIS2_PLACEMENT_3D('',#3532,#3533,#3534);
#3536=PLANE('',#3535);
#3538=ORIENTED_EDGE('',*,*,#3537,.F.);
#3540=ORIENTED_EDGE('',*,*,#3539,.F.);
#3541=ORIENTED_EDGE('',*,*,#3200,.T.);
#3542=ORIENTED_EDGE('',*,*,#3527,.T.);
#3543=ORIENTED_EDGE('',*,*,#3374,.T.);
#3544=EDGE_LOOP('',(#3538,#3540,#3541,#3542,#3543));
#3545=FACE_OUTER_BOUND('',#3544,.F.);
#3547=CARTESIAN_POINT('',(-2.032E0,-5.334E0,0.E0));
#3548=DIRECTION('',(0.E0,-1.E0,0.E0));
#3549=DIRECTION('',(1.E0,0.E0,0.E0));
#3550=AXIS2_PLACEMENT_3D('',#3547,#3548,#3549);
#3551=PLANE('',#3550);
#3553=ORIENTED_EDGE('',*,*,#3552,.F.);
#3554=ORIENTED_EDGE('',*,*,#3537,.T.);
#3555=ORIENTED_EDGE('',*,*,#3372,.T.);
#3557=ORIENTED_EDGE('',*,*,#3556,.F.);
#3558=EDGE_LOOP('',(#3553,#3554,#3555,#3557));
#3559=FACE_OUTER_BOUND('',#3558,.F.);
#3561=CARTESIAN_POINT('',(2.032E0,-6.559063707795E0,0.E0));
#3562=DIRECTION('',(0.E0,-9.659258262891E-1,-2.588190451025E-1));
#3563=DIRECTION('',(0.E0,2.588190451025E-1,-9.659258262891E-1));
#3564=AXIS2_PLACEMENT_3D('',#3561,#3562,#3563);
#3565=PLANE('',#3564);
#3566=ORIENTED_EDGE('',*,*,#3202,.F.);
#3567=ORIENTED_EDGE('',*,*,#3539,.T.);
#3568=ORIENTED_EDGE('',*,*,#3552,.T.);
#3570=ORIENTED_EDGE('',*,*,#3569,.F.);
#3571=EDGE_LOOP('',(#3566,#3567,#3568,#3570));
#3572=FACE_OUTER_BOUND('',#3571,.F.);
#3574=CARTESIAN_POINT('',(2.032E0,-5.334E0,0.E0));
#3575=DIRECTION('',(1.E0,0.E0,0.E0));
#3576=DIRECTION('',(0.E0,1.E0,0.E0));
#3577=AXIS2_PLACEMENT_3D('',#3574,#3575,#3576);
#3578=PLANE('',#3577);
#3579=ORIENTED_EDGE('',*,*,#3204,.T.);
#3580=ORIENTED_EDGE('',*,*,#3569,.T.);
#3581=ORIENTED_EDGE('',*,*,#3556,.T.);
#3582=ORIENTED_EDGE('',*,*,#3370,.T.);
#3584=ORIENTED_EDGE('',*,*,#3583,.F.);
#3585=EDGE_LOOP('',(#3579,#3580,#3581,#3582,#3584));
#3586=FACE_OUTER_BOUND('',#3585,.F.);
#3588=CARTESIAN_POINT('',(2.032E0,-3.9878E0,0.E0));
#3589=DIRECTION('',(0.E0,-1.E0,0.E0));
#3590=DIRECTION('',(1.E0,0.E0,0.E0));
#3591=AXIS2_PLACEMENT_3D('',#3588,#3589,#3590);
#3592=PLANE('',#3591);
#3593=ORIENTED_EDGE('',*,*,#3206,.F.);
#3594=ORIENTED_EDGE('',*,*,#3583,.T.);
#3595=ORIENTED_EDGE('',*,*,#3368,.T.);
#3597=ORIENTED_EDGE('',*,*,#3596,.F.);
#3598=EDGE_LOOP('',(#3593,#3594,#3595,#3597));
#3599=FACE_OUTER_BOUND('',#3598,.F.);
#3601=CARTESIAN_POINT('',(3.34645E0,-3.9878E0,0.E0));
#3602=DIRECTION('',(1.E0,0.E0,0.E0));
#3603=DIRECTION('',(0.E0,1.E0,0.E0));
#3604=AXIS2_PLACEMENT_3D('',#3601,#3602,#3603);
#3605=PLANE('',#3604);
#3606=ORIENTED_EDGE('',*,*,#3471,.T.);
#3608=ORIENTED_EDGE('',*,*,#3607,.F.);
#3609=ORIENTED_EDGE('',*,*,#3208,.F.);
#3610=ORIENTED_EDGE('',*,*,#3596,.T.);
#3611=ORIENTED_EDGE('',*,*,#3366,.T.);
#3613=ORIENTED_EDGE('',*,*,#3612,.F.);
#3614=EDGE_LOOP('',(#3606,#3608,#3609,#3610,#3611,#3613));
#3615=FACE_OUTER_BOUND('',#3614,.F.);
#3617=CARTESIAN_POINT('',(-4.9403E0,-2.3114E0,0.E0));
#3618=DIRECTION('',(0.E0,-1.E0,0.E0));
#3619=DIRECTION('',(1.E0,0.E0,0.E0));
#3620=AXIS2_PLACEMENT_3D('',#3617,#3618,#3619);
#3621=PLANE('',#3620);
#3622=ORIENTED_EDGE('',*,*,#3194,.F.);
#3624=ORIENTED_EDGE('',*,*,#3623,.T.);
#3625=ORIENTED_EDGE('',*,*,#3453,.T.);
#3626=ORIENTED_EDGE('',*,*,#3514,.F.);
#3627=EDGE_LOOP('',(#3622,#3624,#3625,#3626));
#3628=FACE_OUTER_BOUND('',#3627,.F.);
#3630=CARTESIAN_POINT('',(-4.9403E0,-2.3114E0,0.E0));
#3631=DIRECTION('',(0.E0,-1.E0,0.E0));
#3632=DIRECTION('',(1.E0,0.E0,0.E0));
#3633=AXIS2_PLACEMENT_3D('',#3630,#3631,#3632);
#3634=PLANE('',#3633);
#3635=ORIENTED_EDGE('',*,*,#3210,.F.);
#3636=ORIENTED_EDGE('',*,*,#3607,.T.);
#3637=ORIENTED_EDGE('',*,*,#3485,.T.);
#3639=ORIENTED_EDGE('',*,*,#3638,.F.);
#3640=EDGE_LOOP('',(#3635,#3636,#3637,#3639));
#3641=FACE_OUTER_BOUND('',#3640,.F.);
#3643=CARTESIAN_POINT('',(-4.9403E0,-1.5494E0,0.E0));
#3644=DIRECTION('',(-1.E0,0.E0,0.E0));
#3645=DIRECTION('',(0.E0,-1.E0,0.E0));
#3646=AXIS2_PLACEMENT_3D('',#3643,#3644,#3645);
#3647=PLANE('',#3646);
#3648=ORIENTED_EDGE('',*,*,#3192,.F.);
#3650=ORIENTED_EDGE('',*,*,#3649,.T.);
#3651=ORIENTED_EDGE('',*,*,#3455,.T.);
#3652=ORIENTED_EDGE('',*,*,#3623,.F.);
#3653=EDGE_LOOP('',(#3648,#3650,#3651,#3652));
#3654=FACE_OUTER_BOUND('',#3653,.F.);
#3656=CARTESIAN_POINT('',(-5.461E0,-1.5494E0,0.E0));
#3657=DIRECTION('',(0.E0,-1.E0,0.E0));
#3658=DIRECTION('',(1.E0,0.E0,0.E0));
#3659=AXIS2_PLACEMENT_3D('',#3656,#3657,#3658);
#3660=PLANE('',#3659);
#3661=ORIENTED_EDGE('',*,*,#3190,.F.);
#3663=ORIENTED_EDGE('',*,*,#3662,.T.);
#3664=ORIENTED_EDGE('',*,*,#3457,.T.);
#3665=ORIENTED_EDGE('',*,*,#3649,.F.);
#3666=EDGE_LOOP('',(#3661,#3663,#3664,#3665));
#3667=FACE_OUTER_BOUND('',#3666,.F.);
#3669=CARTESIAN_POINT('',(-5.461E0,1.2446E0,0.E0));
#3670=DIRECTION('',(-1.E0,0.E0,0.E0));
#3671=DIRECTION('',(0.E0,-1.E0,0.E0));
#3672=AXIS2_PLACEMENT_3D('',#3669,#3670,#3671);
#3673=PLANE('',#3672);
#3674=ORIENTED_EDGE('',*,*,#3188,.F.);
#3676=ORIENTED_EDGE('',*,*,#3675,.T.);
#3677=ORIENTED_EDGE('',*,*,#3459,.T.);
#3678=ORIENTED_EDGE('',*,*,#3662,.F.);
#3679=EDGE_LOOP('',(#3674,#3676,#3677,#3678));
#3680=FACE_OUTER_BOUND('',#3679,.F.);
#3682=CARTESIAN_POINT('',(5.461E0,1.2446E0,0.E0));
#3683=DIRECTION('',(0.E0,1.E0,0.E0));
#3684=DIRECTION('',(-1.E0,0.E0,0.E0));
#3685=AXIS2_PLACEMENT_3D('',#3682,#3683,#3684);
#3686=PLANE('',#3685);
#3687=ORIENTED_EDGE('',*,*,#3218,.F.);
#3689=ORIENTED_EDGE('',*,*,#3688,.T.);
#3690=ORIENTED_EDGE('',*,*,#3477,.T.);
#3692=ORIENTED_EDGE('',*,*,#3691,.F.);
#3693=EDGE_LOOP('',(#3687,#3689,#3690,#3692));
#3694=FACE_OUTER_BOUND('',#3693,.F.);
#3696=CARTESIAN_POINT('',(5.461E0,1.2446E0,0.E0));
#3697=DIRECTION('',(0.E0,1.E0,0.E0));
#3698=DIRECTION('',(-1.E0,0.E0,0.E0));
#3699=AXIS2_PLACEMENT_3D('',#3696,#3697,#3698);
#3700=PLANE('',#3699);
#3701=ORIENTED_EDGE('',*,*,#3186,.F.);
#3702=ORIENTED_EDGE('',*,*,#3432,.T.);
#3703=ORIENTED_EDGE('',*,*,#3461,.T.);
#3704=ORIENTED_EDGE('',*,*,#3675,.F.);
#3705=EDGE_LOOP('',(#3701,#3702,#3703,#3704));
#3706=FACE_OUTER_BOUND('',#3705,.F.);
#3708=CARTESIAN_POINT('',(5.461E0,-1.5494E0,0.E0));
#3709=DIRECTION('',(1.E0,0.E0,0.E0));
#3710=DIRECTION('',(0.E0,1.E0,0.E0));
#3711=AXIS2_PLACEMENT_3D('',#3708,#3709,#3710);
#3712=PLANE('',#3711);
#3713=ORIENTED_EDGE('',*,*,#3216,.F.);
#3715=ORIENTED_EDGE('',*,*,#3714,.T.);
#3716=ORIENTED_EDGE('',*,*,#3479,.T.);
#3717=ORIENTED_EDGE('',*,*,#3688,.F.);
#3718=EDGE_LOOP('',(#3713,#3715,#3716,#3717));
#3719=FACE_OUTER_BOUND('',#3718,.F.);
#3721=CARTESIAN_POINT('',(4.9403E0,-1.5494E0,0.E0));
#3722=DIRECTION('',(0.E0,-1.E0,0.E0));
#3723=DIRECTION('',(1.E0,0.E0,0.E0));
#3724=AXIS2_PLACEMENT_3D('',#3721,#3722,#3723);
#3725=PLANE('',#3724);
#3726=ORIENTED_EDGE('',*,*,#3214,.F.);
#3728=ORIENTED_EDGE('',*,*,#3727,.T.);
#3729=ORIENTED_EDGE('',*,*,#3481,.T.);
#3730=ORIENTED_EDGE('',*,*,#3714,.F.);
#3731=EDGE_LOOP('',(#3726,#3728,#3729,#3730));
#3732=FACE_OUTER_BOUND('',#3731,.F.);
#3734=CARTESIAN_POINT('',(4.9403E0,-2.3114E0,0.E0));
#3735=DIRECTION('',(1.E0,0.E0,0.E0));
#3736=DIRECTION('',(0.E0,1.E0,0.E0));
#3737=AXIS2_PLACEMENT_3D('',#3734,#3735,#3736);
#3738=PLANE('',#3737);
#3739=ORIENTED_EDGE('',*,*,#3212,.F.);
#3740=ORIENTED_EDGE('',*,*,#3638,.T.);
#3741=ORIENTED_EDGE('',*,*,#3483,.T.);
#3742=ORIENTED_EDGE('',*,*,#3727,.F.);
#3743=EDGE_LOOP('',(#3739,#3740,#3741,#3742));
#3744=FACE_OUTER_BOUND('',#3743,.F.);
#3746=CARTESIAN_POINT('',(4.9403E0,-1.524E-1,0.E0));
#3747=DIRECTION('',(1.E0,0.E0,0.E0));
#3748=DIRECTION('',(0.E0,1.E0,0.E0));
#3749=AXIS2_PLACEMENT_3D('',#3746,#3747,#3748);
#3750=PLANE('',#3749);
#3751=ORIENTED_EDGE('',*,*,#3475,.F.);
#3753=ORIENTED_EDGE('',*,*,#3752,.T.);
#3754=ORIENTED_EDGE('',*,*,#3362,.T.);
#3756=ORIENTED_EDGE('',*,*,#3755,.F.);
#3757=ORIENTED_EDGE('',*,*,#3220,.F.);
#3758=ORIENTED_EDGE('',*,*,#3691,.T.);
#3759=EDGE_LOOP('',(#3751,#3753,#3754,#3756,#3757,#3758));
#3760=FACE_OUTER_BOUND('',#3759,.F.);
#3762=CARTESIAN_POINT('',(3.34645E0,-1.524E-1,0.E0));
#3763=DIRECTION('',(0.E0,-1.E0,0.E0));
#3764=DIRECTION('',(1.E0,0.E0,0.E0));
#3765=AXIS2_PLACEMENT_3D('',#3762,#3763,#3764);
#3766=PLANE('',#3765);
#3767=ORIENTED_EDGE('',*,*,#3473,.F.);
#3768=ORIENTED_EDGE('',*,*,#3612,.T.);
#3769=ORIENTED_EDGE('',*,*,#3364,.T.);
#3770=ORIENTED_EDGE('',*,*,#3752,.F.);
#3771=EDGE_LOOP('',(#3767,#3768,#3769,#3770));
#3772=FACE_OUTER_BOUND('',#3771,.F.);
#3774=CARTESIAN_POINT('',(4.9403E0,4.5212E0,0.E0));
#3775=DIRECTION('',(0.E0,1.E0,0.E0));
#3776=DIRECTION('',(-1.E0,0.E0,0.E0));
#3777=AXIS2_PLACEMENT_3D('',#3774,#3775,#3776);
#3778=PLANE('',#3777);
#3779=ORIENTED_EDGE('',*,*,#3222,.F.);
#3780=ORIENTED_EDGE('',*,*,#3755,.T.);
#3781=ORIENTED_EDGE('',*,*,#3360,.T.);
#3782=ORIENTED_EDGE('',*,*,#3275,.F.);
#3783=EDGE_LOOP('',(#3779,#3780,#3781,#3782));
#3784=FACE_OUTER_BOUND('',#3783,.F.);
#3786=CARTESIAN_POINT('',(-3.3274E0,4.5212E0,0.E0));
#3787=DIRECTION('',(0.E0,1.E0,0.E0));
#3788=DIRECTION('',(-1.E0,0.E0,0.E0));
#3789=AXIS2_PLACEMENT_3D('',#3786,#3787,#3788);
#3790=PLANE('',#3789);
#3791=ORIENTED_EDGE('',*,*,#3182,.F.);
#3792=ORIENTED_EDGE('',*,*,#3245,.T.);
#3793=ORIENTED_EDGE('',*,*,#3355,.T.);
#3794=ORIENTED_EDGE('',*,*,#3435,.F.);
#3795=EDGE_LOOP('',(#3791,#3792,#3793,#3794));
#3796=FACE_OUTER_BOUND('',#3795,.F.);
#3798=CARTESIAN_POINT('',(-1.2954E0,0.E0,0.E0));
#3799=DIRECTION('',(-1.E0,0.E0,0.E0));
#3800=DIRECTION('',(0.E0,0.E0,1.E0));
#3801=AXIS2_PLACEMENT_3D('',#3798,#3799,#3800);
#3802=PLANE('',#3801);
#3803=ORIENTED_EDGE('',*,*,#3384,.T.);
#3805=ORIENTED_EDGE('',*,*,#3804,.T.);
#3806=ORIENTED_EDGE('',*,*,#3295,.F.);
#3808=ORIENTED_EDGE('',*,*,#3807,.T.);
#3809=EDGE_LOOP('',(#3803,#3805,#3806,#3808));
#3810=FACE_OUTER_BOUND('',#3809,.F.);
#3812=CARTESIAN_POINT('',(-1.2954E0,4.826E-1,-1.397E1));
#3813=DIRECTION('',(0.E0,-8.944064343228E-1,4.472551064460E-1));
#3814=DIRECTION('',(0.E0,4.472551064460E-1,8.944064343228E-1));
#3815=AXIS2_PLACEMENT_3D('',#3812,#3813,#3814);
#3816=PLANE('',#3815);
#3817=ORIENTED_EDGE('',*,*,#3390,.T.);
#3819=ORIENTED_EDGE('',*,*,#3818,.T.);
#3820=ORIENTED_EDGE('',*,*,#3297,.F.);
#3821=ORIENTED_EDGE('',*,*,#3804,.F.);
#3822=EDGE_LOOP('',(#3817,#3819,#3820,#3821));
#3823=FACE_OUTER_BOUND('',#3822,.F.);
#3825=CARTESIAN_POINT('',(-1.7526E0,0.E0,0.E0));
#3826=DIRECTION('',(-1.E0,0.E0,0.E0));
#3827=DIRECTION('',(0.E0,0.E0,1.E0));
#3828=AXIS2_PLACEMENT_3D('',#3825,#3826,#3827);
#3829=PLANE('',#3828);
#3830=ORIENTED_EDGE('',*,*,#3388,.F.);
#3832=ORIENTED_EDGE('',*,*,#3831,.F.);
#3833=ORIENTED_EDGE('',*,*,#3299,.T.);
#3834=ORIENTED_EDGE('',*,*,#3818,.F.);
#3835=EDGE_LOOP('',(#3830,#3832,#3833,#3834));
#3836=FACE_OUTER_BOUND('',#3835,.F.);
#3838=CARTESIAN_POINT('',(-1.2954E0,4.7752E0,-6.180868004042E0));
#3839=DIRECTION('',(0.E0,8.944064343228E-1,-4.472551064460E-1));
#3840=DIRECTION('',(0.E0,-4.472551064460E-1,-8.944064343228E-1));
#3841=AXIS2_PLACEMENT_3D('',#3838,#3839,#3840);
#3842=PLANE('',#3841);
#3843=ORIENTED_EDGE('',*,*,#3386,.F.);
#3844=ORIENTED_EDGE('',*,*,#3807,.F.);
#3845=ORIENTED_EDGE('',*,*,#3301,.T.);
#3846=ORIENTED_EDGE('',*,*,#3831,.T.);
#3847=EDGE_LOOP('',(#3843,#3844,#3845,#3846));
#3848=FACE_OUTER_BOUND('',#3847,.F.);
#3850=CARTESIAN_POINT('',(-2.794E-1,0.E0,0.E0));
#3851=DIRECTION('',(-1.E0,0.E0,0.E0));
#3852=DIRECTION('',(0.E0,0.E0,1.E0));
#3853=AXIS2_PLACEMENT_3D('',#3850,#3851,#3852);
#3854=PLANE('',#3853);
#3855=ORIENTED_EDGE('',*,*,#3394,.T.);
#3857=ORIENTED_EDGE('',*,*,#3856,.T.);
#3858=ORIENTED_EDGE('',*,*,#3305,.F.);
#3860=ORIENTED_EDGE('',*,*,#3859,.T.);
#3861=EDGE_LOOP('',(#3855,#3857,#3858,#3860));
#3862=FACE_OUTER_BOUND('',#3861,.F.);
#3864=CARTESIAN_POINT('',(-2.794E-1,4.826E-1,-1.397E1));
#3865=DIRECTION('',(0.E0,-8.944064343228E-1,4.472551064460E-1));
#3866=DIRECTION('',(0.E0,4.472551064460E-1,8.944064343228E-1));
#3867=AXIS2_PLACEMENT_3D('',#3864,#3865,#3866);
#3868=PLANE('',#3867);
#3869=ORIENTED_EDGE('',*,*,#3400,.T.);
#3871=ORIENTED_EDGE('',*,*,#3870,.T.);
#3872=ORIENTED_EDGE('',*,*,#3307,.F.);
#3873=ORIENTED_EDGE('',*,*,#3856,.F.);
#3874=EDGE_LOOP('',(#3869,#3871,#3872,#3873));
#3875=FACE_OUTER_BOUND('',#3874,.F.);
#3877=CARTESIAN_POINT('',(-7.366E-1,0.E0,0.E0));
#3878=DIRECTION('',(-1.E0,0.E0,0.E0));
#3879=DIRECTION('',(0.E0,0.E0,1.E0));
#3880=AXIS2_PLACEMENT_3D('',#3877,#3878,#3879);
#3881=PLANE('',#3880);
#3882=ORIENTED_EDGE('',*,*,#3398,.F.);
#3884=ORIENTED_EDGE('',*,*,#3883,.F.);
#3885=ORIENTED_EDGE('',*,*,#3309,.T.);
#3886=ORIENTED_EDGE('',*,*,#3870,.F.);
#3887=EDGE_LOOP('',(#3882,#3884,#3885,#3886));
#3888=FACE_OUTER_BOUND('',#3887,.F.);
#3890=CARTESIAN_POINT('',(-2.794E-1,4.7752E0,-6.180868004042E0));
#3891=DIRECTION('',(0.E0,8.944064343228E-1,-4.472551064460E-1));
#3892=DIRECTION('',(0.E0,-4.472551064460E-1,-8.944064343228E-1));
#3893=AXIS2_PLACEMENT_3D('',#3890,#3891,#3892);
#3894=PLANE('',#3893);
#3895=ORIENTED_EDGE('',*,*,#3396,.F.);
#3896=ORIENTED_EDGE('',*,*,#3859,.F.);
#3897=ORIENTED_EDGE('',*,*,#3311,.T.);
#3898=ORIENTED_EDGE('',*,*,#3883,.T.);
#3899=EDGE_LOOP('',(#3895,#3896,#3897,#3898));
#3900=FACE_OUTER_BOUND('',#3899,.F.);
#3902=CARTESIAN_POINT('',(7.366E-1,0.E0,0.E0));
#3903=DIRECTION('',(-1.E0,0.E0,0.E0));
#3904=DIRECTION('',(0.E0,0.E0,1.E0));
#3905=AXIS2_PLACEMENT_3D('',#3902,#3903,#3904);
#3906=PLANE('',#3905);
#3907=ORIENTED_EDGE('',*,*,#3404,.T.);
#3909=ORIENTED_EDGE('',*,*,#3908,.T.);
#3910=ORIENTED_EDGE('',*,*,#3315,.F.);
#3912=ORIENTED_EDGE('',*,*,#3911,.T.);
#3913=EDGE_LOOP('',(#3907,#3909,#3910,#3912));
#3914=FACE_OUTER_BOUND('',#3913,.F.);
#3916=CARTESIAN_POINT('',(7.366E-1,4.826E-1,-1.397E1));
#3917=DIRECTION('',(0.E0,-8.944064343228E-1,4.472551064460E-1));
#3918=DIRECTION('',(0.E0,4.472551064460E-1,8.944064343228E-1));
#3919=AXIS2_PLACEMENT_3D('',#3916,#3917,#3918);
#3920=PLANE('',#3919);
#3921=ORIENTED_EDGE('',*,*,#3410,.T.);
#3923=ORIENTED_EDGE('',*,*,#3922,.T.);
#3924=ORIENTED_EDGE('',*,*,#3317,.F.);
#3925=ORIENTED_EDGE('',*,*,#3908,.F.);
#3926=EDGE_LOOP('',(#3921,#3923,#3924,#3925));
#3927=FACE_OUTER_BOUND('',#3926,.F.);
#3929=CARTESIAN_POINT('',(2.794E-1,0.E0,0.E0));
#3930=DIRECTION('',(-1.E0,0.E0,0.E0));
#3931=DIRECTION('',(0.E0,0.E0,1.E0));
#3932=AXIS2_PLACEMENT_3D('',#3929,#3930,#3931);
#3933=PLANE('',#3932);
#3934=ORIENTED_EDGE('',*,*,#3408,.F.);
#3936=ORIENTED_EDGE('',*,*,#3935,.F.);
#3937=ORIENTED_EDGE('',*,*,#3319,.T.);
#3938=ORIENTED_EDGE('',*,*,#3922,.F.);
#3939=EDGE_LOOP('',(#3934,#3936,#3937,#3938));
#3940=FACE_OUTER_BOUND('',#3939,.F.);
#3942=CARTESIAN_POINT('',(7.366E-1,4.7752E0,-6.180868004042E0));
#3943=DIRECTION('',(0.E0,8.944064343228E-1,-4.472551064460E-1));
#3944=DIRECTION('',(0.E0,-4.472551064460E-1,-8.944064343228E-1));
#3945=AXIS2_PLACEMENT_3D('',#3942,#3943,#3944);
#3946=PLANE('',#3945);
#3947=ORIENTED_EDGE('',*,*,#3406,.F.);
#3948=ORIENTED_EDGE('',*,*,#3911,.F.);
#3949=ORIENTED_EDGE('',*,*,#3321,.T.);
#3950=ORIENTED_EDGE('',*,*,#3935,.T.);
#3951=EDGE_LOOP('',(#3947,#3948,#3949,#3950));
#3952=FACE_OUTER_BOUND('',#3951,.F.);
#3954=CARTESIAN_POINT('',(1.7526E0,0.E0,0.E0));
#3955=DIRECTION('',(-1.E0,0.E0,0.E0));
#3956=DIRECTION('',(0.E0,0.E0,1.E0));
#3957=AXIS2_PLACEMENT_3D('',#3954,#3955,#3956);
#3958=PLANE('',#3957);
#3959=ORIENTED_EDGE('',*,*,#3414,.T.);
#3961=ORIENTED_EDGE('',*,*,#3960,.T.);
#3962=ORIENTED_EDGE('',*,*,#3325,.F.);
#3964=ORIENTED_EDGE('',*,*,#3963,.T.);
#3965=EDGE_LOOP('',(#3959,#3961,#3962,#3964));
#3966=FACE_OUTER_BOUND('',#3965,.F.);
#3968=CARTESIAN_POINT('',(1.7526E0,4.826E-1,-1.397E1));
#3969=DIRECTION('',(0.E0,-8.944064343228E-1,4.472551064460E-1));
#3970=DIRECTION('',(0.E0,4.472551064460E-1,8.944064343228E-1));
#3971=AXIS2_PLACEMENT_3D('',#3968,#3969,#3970);
#3972=PLANE('',#3971);
#3973=ORIENTED_EDGE('',*,*,#3420,.T.);
#3975=ORIENTED_EDGE('',*,*,#3974,.T.);
#3976=ORIENTED_EDGE('',*,*,#3327,.F.);
#3977=ORIENTED_EDGE('',*,*,#3960,.F.);
#3978=EDGE_LOOP('',(#3973,#3975,#3976,#3977));
#3979=FACE_OUTER_BOUND('',#3978,.F.);
#3981=CARTESIAN_POINT('',(1.2954E0,0.E0,0.E0));
#3982=DIRECTION('',(-1.E0,0.E0,0.E0));
#3983=DIRECTION('',(0.E0,0.E0,1.E0));
#3984=AXIS2_PLACEMENT_3D('',#3981,#3982,#3983);
#3985=PLANE('',#3984);
#3986=ORIENTED_EDGE('',*,*,#3418,.F.);
#3988=ORIENTED_EDGE('',*,*,#3987,.F.);
#3989=ORIENTED_EDGE('',*,*,#3329,.T.);
#3990=ORIENTED_EDGE('',*,*,#3974,.F.);
#3991=EDGE_LOOP('',(#3986,#3988,#3989,#3990));
#3992=FACE_OUTER_BOUND('',#3991,.F.);
#3994=CARTESIAN_POINT('',(1.7526E0,4.7752E0,-6.180868004042E0));
#3995=DIRECTION('',(0.E0,8.944064343228E-1,-4.472551064460E-1));
#3996=DIRECTION('',(0.E0,-4.472551064460E-1,-8.944064343228E-1));
#3997=AXIS2_PLACEMENT_3D('',#3994,#3995,#3996);
#3998=PLANE('',#3997);
#3999=ORIENTED_EDGE('',*,*,#3416,.F.);
#4000=ORIENTED_EDGE('',*,*,#3963,.F.);
#4001=ORIENTED_EDGE('',*,*,#3331,.T.);
#4002=ORIENTED_EDGE('',*,*,#3987,.T.);
#4003=EDGE_LOOP('',(#3999,#4000,#4001,#4002));
#4004=FACE_OUTER_BOUND('',#4003,.F.);
#4006=CARTESIAN_POINT('',(-6.223E0,-8.128E0,-2.0828E1));
#4007=DIRECTION('',(0.E0,0.E0,-1.E0));
#4008=DIRECTION('',(-1.E0,0.E0,0.E0));
#4009=AXIS2_PLACEMENT_3D('',#4006,#4007,#4008);
#4010=CYLINDRICAL_SURFACE('',#4009,3.81E-1);
#4011=ORIENTED_EDGE('',*,*,#3051,.T.);
#4012=ORIENTED_EDGE('',*,*,#3125,.T.);
#4013=ORIENTED_EDGE('',*,*,#2989,.F.);
#4015=ORIENTED_EDGE('',*,*,#4014,.T.);
#4016=EDGE_LOOP('',(#4011,#4012,#4013,#4015));
#4017=FACE_OUTER_BOUND('',#4016,.F.);
#4019=CARTESIAN_POINT('',(-5.08E0,-7.493E0,-1.0541E1));
#4020=DIRECTION('',(0.E0,-1.E0,0.E0));
#4021=DIRECTION('',(0.E0,0.E0,1.E0));
#4022=AXIS2_PLACEMENT_3D('',#4019,#4020,#4021);
#4023=CYLINDRICAL_SURFACE('',#4022,1.5494E0);
#4025=ORIENTED_EDGE('',*,*,#4024,.T.);
#4027=ORIENTED_EDGE('',*,*,#4026,.F.);
#4029=ORIENTED_EDGE('',*,*,#4028,.T.);
#4031=ORIENTED_EDGE('',*,*,#4030,.T.);
#4033=ORIENTED_EDGE('',*,*,#4032,.T.);
#4035=ORIENTED_EDGE('',*,*,#4034,.F.);
#4036=ORIENTED_EDGE('',*,*,#3053,.F.);
#4037=ORIENTED_EDGE('',*,*,#4014,.F.);
#4038=ORIENTED_EDGE('',*,*,#2995,.F.);
#4039=ORIENTED_EDGE('',*,*,#2960,.F.);
#4040=ORIENTED_EDGE('',*,*,#2899,.F.);
#4042=ORIENTED_EDGE('',*,*,#4041,.F.);
#4043=EDGE_LOOP('',(#4025,#4027,#4029,#4031,#4033,#4035,#4036,#4037,#4038,#4039,
#4040,#4042));
#4044=FACE_OUTER_BOUND('',#4043,.F.);
#4046=CARTESIAN_POINT('',(-5.08E0,-1.120045909552E1,-1.0541E1));
#4047=DIRECTION('',(0.E0,1.E0,0.E0));
#4048=DIRECTION('',(0.E0,0.E0,-1.E0));
#4049=AXIS2_PLACEMENT_3D('',#4046,#4047,#4048);
#4050=CONICAL_SURFACE('',#4049,1.272692818724E0,2.199990390322E1);
#4052=ORIENTED_EDGE('',*,*,#4051,.F.);
#4054=ORIENTED_EDGE('',*,*,#4053,.F.);
#4055=ORIENTED_EDGE('',*,*,#4024,.F.);
#4057=ORIENTED_EDGE('',*,*,#4056,.T.);
#4058=EDGE_LOOP('',(#4052,#4054,#4055,#4057));
#4059=FACE_OUTER_BOUND('',#4058,.F.);
#4061=CARTESIAN_POINT('',(-5.334000018196E0,-1.157425909488E1,-2.29108E1));
#4062=DIRECTION('',(-8.660254037844E-1,5.E-1,0.E0));
#4063=DIRECTION('',(-5.E-1,-8.660254037844E-1,0.E0));
#4064=AXIS2_PLACEMENT_3D('',#4061,#4062,#4063);
#4065=PLANE('',#4064);
#4067=ORIENTED_EDGE('',*,*,#4066,.T.);
#4069=ORIENTED_EDGE('',*,*,#4068,.T.);
#4070=ORIENTED_EDGE('',*,*,#4051,.T.);
#4072=ORIENTED_EDGE('',*,*,#4071,.F.);
#4074=ORIENTED_EDGE('',*,*,#4073,.F.);
#4076=ORIENTED_EDGE('',*,*,#4075,.T.);
#4078=ORIENTED_EDGE('',*,*,#4077,.T.);
#4080=ORIENTED_EDGE('',*,*,#4079,.T.);
#4081=EDGE_LOOP('',(#4067,#4069,#4070,#4072,#4074,#4076,#4078,#4080));
#4082=FACE_OUTER_BOUND('',#4081,.F.);
#4084=CARTESIAN_POINT('',(6.731E0,-1.20142E1,0.E0));
#4085=DIRECTION('',(0.E0,-1.E0,0.E0));
#4086=DIRECTION('',(0.E0,0.E0,1.E0));
#4087=AXIS2_PLACEMENT_3D('',#4084,#4085,#4086);
#4088=PLANE('',#4087);
#4090=ORIENTED_EDGE('',*,*,#4089,.F.);
#4092=ORIENTED_EDGE('',*,*,#4091,.F.);
#4093=EDGE_LOOP('',(#4090,#4092));
#4094=FACE_OUTER_BOUND('',#4093,.F.);
#4096=CARTESIAN_POINT('',(6.731E0,-1.20142E1,0.E0));
#4097=DIRECTION('',(0.E0,-1.E0,0.E0));
#4098=DIRECTION('',(0.E0,0.E0,1.E0));
#4099=AXIS2_PLACEMENT_3D('',#4096,#4097,#4098);
#4100=PLANE('',#4099);
#4102=ORIENTED_EDGE('',*,*,#4101,.T.);
#4104=ORIENTED_EDGE('',*,*,#4103,.F.);
#4105=EDGE_LOOP('',(#4102,#4104));
#4106=FACE_OUTER_BOUND('',#4105,.F.);
#4108=CARTESIAN_POINT('',(6.731E0,-1.20142E1,0.E0));
#4109=DIRECTION('',(0.E0,-1.E0,0.E0));
#4110=DIRECTION('',(0.E0,0.E0,1.E0));
#4111=AXIS2_PLACEMENT_3D('',#4108,#4109,#4110);
#4112=PLANE('',#4111);
#4113=ORIENTED_EDGE('',*,*,#4066,.F.);
#4115=ORIENTED_EDGE('',*,*,#4114,.F.);
#4116=EDGE_LOOP('',(#4113,#4115));
#4117=FACE_OUTER_BOUND('',#4116,.F.);
#4119=CARTESIAN_POINT('',(6.731E0,-1.20142E1,0.E0));
#4120=DIRECTION('',(0.E0,-1.E0,0.E0));
#4121=DIRECTION('',(0.E0,0.E0,1.E0));
#4122=AXIS2_PLACEMENT_3D('',#4119,#4120,#4121);
#4123=PLANE('',#4122);
#4125=ORIENTED_EDGE('',*,*,#4124,.T.);
#4127=ORIENTED_EDGE('',*,*,#4126,.F.);
#4128=EDGE_LOOP('',(#4125,#4127));
#4129=FACE_OUTER_BOUND('',#4128,.F.);
#4131=CARTESIAN_POINT('',(4.826000018196E0,-1.157425909488E1,-2.29108E1));
#4132=DIRECTION('',(-8.660254037844E-1,5.E-1,0.E0));
#4133=DIRECTION('',(-5.E-1,-8.660254037844E-1,0.E0));
#4134=AXIS2_PLACEMENT_3D('',#4131,#4132,#4133);
#4135=PLANE('',#4134);
#4136=ORIENTED_EDGE('',*,*,#4089,.T.);
#4138=ORIENTED_EDGE('',*,*,#4137,.T.);
#4140=ORIENTED_EDGE('',*,*,#4139,.T.);
#4142=ORIENTED_EDGE('',*,*,#4141,.F.);
#4144=ORIENTED_EDGE('',*,*,#4143,.F.);
#4146=ORIENTED_EDGE('',*,*,#4145,.T.);
#4148=ORIENTED_EDGE('',*,*,#4147,.T.);
#4150=ORIENTED_EDGE('',*,*,#4149,.T.);
#4151=EDGE_LOOP('',(#4136,#4138,#4140,#4142,#4144,#4146,#4148,#4150));
#4152=FACE_OUTER_BOUND('',#4151,.F.);
#4154=CARTESIAN_POINT('',(4.8514E0,-1.126488671707E1,-1.0541E1));
#4155=DIRECTION('',(0.E0,1.E0,0.E0));
#4156=DIRECTION('',(0.E0,0.E0,-1.E0));
#4157=AXIS2_PLACEMENT_3D('',#4154,#4155,#4156);
#4158=CONICAL_SURFACE('',#4157,1.170460640007E0,2.199986609717E1);
#4159=ORIENTED_EDGE('',*,*,#4149,.F.);
#4161=ORIENTED_EDGE('',*,*,#4160,.F.);
#4163=ORIENTED_EDGE('',*,*,#4162,.F.);
#4165=ORIENTED_EDGE('',*,*,#4164,.T.);
#4166=ORIENTED_EDGE('',*,*,#4137,.F.);
#4167=ORIENTED_EDGE('',*,*,#4091,.T.);
#4168=EDGE_LOOP('',(#4159,#4161,#4163,#4165,#4166,#4167));
#4169=FACE_OUTER_BOUND('',#4168,.F.);
#4171=CARTESIAN_POINT('',(5.08E0,-1.120045921138E1,-1.0541E1));
#4172=DIRECTION('',(0.E0,1.E0,0.E0));
#4173=DIRECTION('',(0.E0,0.E0,-1.E0));
#4174=AXIS2_PLACEMENT_3D('',#4171,#4172,#4173);
#4175=CONICAL_SURFACE('',#4174,1.272692795063E0,2.199990426521E1);
#4176=ORIENTED_EDGE('',*,*,#4147,.F.);
#4178=ORIENTED_EDGE('',*,*,#4177,.F.);
#4180=ORIENTED_EDGE('',*,*,#4179,.F.);
#4181=ORIENTED_EDGE('',*,*,#4160,.T.);
#4182=EDGE_LOOP('',(#4176,#4178,#4180,#4181));
#4183=FACE_OUTER_BOUND('',#4182,.F.);
#4185=CARTESIAN_POINT('',(5.08E0,-1.12649E1,-1.171146314898E1));
#4186=DIRECTION('',(0.E0,-3.746065934159E-1,-9.271838545668E-1));
#4187=DIRECTION('',(0.E0,9.271838545668E-1,-3.746065934159E-1));
#4188=AXIS2_PLACEMENT_3D('',#4185,#4186,#4187);
#4189=PLANE('',#4188);
#4191=ORIENTED_EDGE('',*,*,#4190,.F.);
#4193=ORIENTED_EDGE('',*,*,#4192,.F.);
#4194=ORIENTED_EDGE('',*,*,#4177,.T.);
#4195=ORIENTED_EDGE('',*,*,#4145,.F.);
#4196=EDGE_LOOP('',(#4191,#4193,#4194,#4195));
#4197=FACE_OUTER_BOUND('',#4196,.F.);
#4199=CARTESIAN_POINT('',(5.08E0,-1.12649E1,-1.171146314898E1));
#4200=DIRECTION('',(0.E0,-3.746065934159E-1,-9.271838545668E-1));
#4201=DIRECTION('',(0.E0,9.271838545668E-1,-3.746065934159E-1));
#4202=AXIS2_PLACEMENT_3D('',#4199,#4200,#4201);
#4203=PLANE('',#4202);
#4205=ORIENTED_EDGE('',*,*,#4204,.F.);
#4207=ORIENTED_EDGE('',*,*,#4206,.F.);
#4209=ORIENTED_EDGE('',*,*,#4208,.F.);
#4211=ORIENTED_EDGE('',*,*,#4210,.T.);
#4212=EDGE_LOOP('',(#4205,#4207,#4209,#4211));
#4213=FACE_OUTER_BOUND('',#4212,.F.);
#4215=CARTESIAN_POINT('',(4.826000018196E0,-8.128E0,-2.29108E1));
#4216=DIRECTION('',(-1.E0,0.E0,0.E0));
#4217=DIRECTION('',(0.E0,-1.E0,0.E0));
#4218=AXIS2_PLACEMENT_3D('',#4215,#4216,#4217);
#4219=PLANE('',#4218);
#4221=ORIENTED_EDGE('',*,*,#4220,.T.);
#4222=ORIENTED_EDGE('',*,*,#3037,.F.);
#4224=ORIENTED_EDGE('',*,*,#4223,.T.);
#4225=ORIENTED_EDGE('',*,*,#4190,.T.);
#4226=ORIENTED_EDGE('',*,*,#4143,.T.);
#4228=ORIENTED_EDGE('',*,*,#4227,.F.);
#4229=EDGE_LOOP('',(#4221,#4222,#4224,#4225,#4226,#4228));
#4230=FACE_OUTER_BOUND('',#4229,.F.);
#4232=CARTESIAN_POINT('',(5.559918868143E0,-7.493E0,-9.0678E0));
#4233=DIRECTION('',(0.E0,0.E0,1.E0));
#4234=DIRECTION('',(-1.E0,0.E0,0.E0));
#4235=AXIS2_PLACEMENT_3D('',#4232,#4233,#4234);
#4236=PLANE('',#4235);
#4237=ORIENTED_EDGE('',*,*,#3039,.T.);
#4238=ORIENTED_EDGE('',*,*,#4220,.F.);
#4240=ORIENTED_EDGE('',*,*,#4239,.T.);
#4242=ORIENTED_EDGE('',*,*,#4241,.F.);
#4243=ORIENTED_EDGE('',*,*,#2869,.F.);
#4245=ORIENTED_EDGE('',*,*,#4244,.T.);
#4247=ORIENTED_EDGE('',*,*,#4246,.T.);
#4249=ORIENTED_EDGE('',*,*,#4248,.T.);
#4250=EDGE_LOOP('',(#4237,#4238,#4240,#4242,#4243,#4245,#4247,#4249));
#4251=FACE_OUTER_BOUND('',#4250,.F.);
#4253=CARTESIAN_POINT('',(5.08E0,-1.12649E1,-9.370536851018E0));
#4254=DIRECTION('',(0.E0,-3.746065934159E-1,9.271838545668E-1));
#4255=DIRECTION('',(0.E0,9.271838545668E-1,3.746065934159E-1));
#4256=AXIS2_PLACEMENT_3D('',#4253,#4254,#4255);
#4257=PLANE('',#4256);
#4258=ORIENTED_EDGE('',*,*,#4227,.T.);
#4259=ORIENTED_EDGE('',*,*,#4141,.T.);
#4261=ORIENTED_EDGE('',*,*,#4260,.F.);
#4262=ORIENTED_EDGE('',*,*,#4239,.F.);
#4263=EDGE_LOOP('',(#4258,#4259,#4261,#4262));
#4264=FACE_OUTER_BOUND('',#4263,.F.);
#4266=CARTESIAN_POINT('',(5.08E0,-1.12649E1,-9.370536851018E0));
#4267=DIRECTION('',(0.E0,-3.746065934159E-1,9.271838545668E-1));
#4268=DIRECTION('',(0.E0,9.271838545668E-1,3.746065934159E-1));
#4269=AXIS2_PLACEMENT_3D('',#4266,#4267,#4268);
#4270=PLANE('',#4269);
#4272=ORIENTED_EDGE('',*,*,#4271,.T.);
#4274=ORIENTED_EDGE('',*,*,#4273,.F.);
#4275=ORIENTED_EDGE('',*,*,#4246,.F.);
#4277=ORIENTED_EDGE('',*,*,#4276,.T.);
#4278=EDGE_LOOP('',(#4272,#4274,#4275,#4277));
#4279=FACE_OUTER_BOUND('',#4278,.F.);
#4281=CARTESIAN_POINT('',(5.08E0,-1.120045912107E1,-1.0541E1));
#4282=DIRECTION('',(0.E0,1.E0,0.E0));
#4283=DIRECTION('',(0.E0,0.E0,-1.E0));
#4284=AXIS2_PLACEMENT_3D('',#4281,#4282,#4283);
#4285=CONICAL_SURFACE('',#4284,1.272692808399E0,2.199990390322E1);
#4286=ORIENTED_EDGE('',*,*,#4139,.F.);
#4287=ORIENTED_EDGE('',*,*,#4164,.F.);
#4289=ORIENTED_EDGE('',*,*,#4288,.F.);
#4290=ORIENTED_EDGE('',*,*,#4260,.T.);
#4291=EDGE_LOOP('',(#4286,#4287,#4289,#4290));
#4292=FACE_OUTER_BOUND('',#4291,.F.);
#4294=CARTESIAN_POINT('',(5.08E0,-7.493E0,-1.0541E1));
#4295=DIRECTION('',(0.E0,-1.E0,0.E0));
#4296=DIRECTION('',(0.E0,0.E0,1.E0));
#4297=AXIS2_PLACEMENT_3D('',#4294,#4295,#4296);
#4298=CYLINDRICAL_SURFACE('',#4297,1.5494E0);
#4299=ORIENTED_EDGE('',*,*,#4179,.T.);
#4301=ORIENTED_EDGE('',*,*,#4300,.F.);
#4302=ORIENTED_EDGE('',*,*,#3033,.F.);
#4303=ORIENTED_EDGE('',*,*,#2930,.F.);
#4304=ORIENTED_EDGE('',*,*,#2871,.F.);
#4305=ORIENTED_EDGE('',*,*,#4241,.T.);
#4306=ORIENTED_EDGE('',*,*,#4288,.T.);
#4308=ORIENTED_EDGE('',*,*,#4307,.F.);
#4310=ORIENTED_EDGE('',*,*,#4309,.T.);
#4312=ORIENTED_EDGE('',*,*,#4311,.T.);
#4313=EDGE_LOOP('',(#4299,#4301,#4302,#4303,#4304,#4305,#4306,#4308,#4310,
#4312));
#4314=FACE_OUTER_BOUND('',#4313,.F.);
#4316=CARTESIAN_POINT('',(4.600081131857E0,-7.493E0,-1.20142E1));
#4317=DIRECTION('',(0.E0,0.E0,-1.E0));
#4318=DIRECTION('',(1.E0,0.E0,0.E0));
#4319=AXIS2_PLACEMENT_3D('',#4316,#4317,#4318);
#4320=PLANE('',#4319);
#4321=ORIENTED_EDGE('',*,*,#4223,.F.);
#4322=ORIENTED_EDGE('',*,*,#3035,.F.);
#4323=ORIENTED_EDGE('',*,*,#4300,.T.);
#4324=ORIENTED_EDGE('',*,*,#4192,.T.);
#4325=EDGE_LOOP('',(#4321,#4322,#4323,#4324));
#4326=FACE_OUTER_BOUND('',#4325,.F.);
#4328=CARTESIAN_POINT('',(4.600081131857E0,-7.493E0,-1.20142E1));
#4329=DIRECTION('',(0.E0,0.E0,-1.E0));
#4330=DIRECTION('',(1.E0,0.E0,0.E0));
#4331=AXIS2_PLACEMENT_3D('',#4328,#4329,#4330);
#4332=PLANE('',#4331);
#4334=ORIENTED_EDGE('',*,*,#4333,.T.);
#4335=ORIENTED_EDGE('',*,*,#4208,.T.);
#4337=ORIENTED_EDGE('',*,*,#4336,.T.);
#4338=ORIENTED_EDGE('',*,*,#3043,.F.);
#4339=EDGE_LOOP('',(#4334,#4335,#4337,#4338));
#4340=FACE_OUTER_BOUND('',#4339,.F.);
#4342=CARTESIAN_POINT('',(5.334000018196E0,-1.157425909488E1,-2.29108E1));
#4343=DIRECTION('',(1.E0,0.E0,0.E0));
#4344=DIRECTION('',(0.E0,1.E0,0.E0));
#4345=AXIS2_PLACEMENT_3D('',#4342,#4343,#4344);
#4346=PLANE('',#4345);
#4347=ORIENTED_EDGE('',*,*,#4248,.F.);
#4348=ORIENTED_EDGE('',*,*,#4273,.T.);
#4350=ORIENTED_EDGE('',*,*,#4349,.F.);
#4351=ORIENTED_EDGE('',*,*,#4210,.F.);
#4352=ORIENTED_EDGE('',*,*,#4333,.F.);
#4353=ORIENTED_EDGE('',*,*,#3041,.T.);
#4354=EDGE_LOOP('',(#4347,#4348,#4350,#4351,#4352,#4353));
#4355=FACE_OUTER_BOUND('',#4354,.F.);
#4357=CARTESIAN_POINT('',(5.588000018196E0,-1.20142E1,-2.29108E1));
#4358=DIRECTION('',(8.660254037844E-1,5.E-1,0.E0));
#4359=DIRECTION('',(-5.E-1,8.660254037844E-1,0.E0));
#4360=AXIS2_PLACEMENT_3D('',#4357,#4358,#4359);
#4361=PLANE('',#4360);
#4362=ORIENTED_EDGE('',*,*,#4101,.F.);
#4364=ORIENTED_EDGE('',*,*,#4363,.T.);
#4366=ORIENTED_EDGE('',*,*,#4365,.T.);
#4367=ORIENTED_EDGE('',*,*,#4204,.T.);
#4368=ORIENTED_EDGE('',*,*,#4349,.T.);
#4369=ORIENTED_EDGE('',*,*,#4271,.F.);
#4371=ORIENTED_EDGE('',*,*,#4370,.T.);
#4373=ORIENTED_EDGE('',*,*,#4372,.T.);
#4374=EDGE_LOOP('',(#4362,#4364,#4366,#4367,#4368,#4369,#4371,#4373));
#4375=FACE_OUTER_BOUND('',#4374,.F.);
#4377=CARTESIAN_POINT('',(5.3086E0,-1.126488671707E1,-1.0541E1));
#4378=DIRECTION('',(0.E0,1.E0,0.E0));
#4379=DIRECTION('',(0.E0,0.E0,-1.E0));
#4380=AXIS2_PLACEMENT_3D('',#4377,#4378,#4379);
#4381=CONICAL_SURFACE('',#4380,1.170460640007E0,2.199986609717E1);
#4382=ORIENTED_EDGE('',*,*,#4372,.F.);
#4384=ORIENTED_EDGE('',*,*,#4383,.F.);
#4386=ORIENTED_EDGE('',*,*,#4385,.F.);
#4388=ORIENTED_EDGE('',*,*,#4387,.T.);
#4389=ORIENTED_EDGE('',*,*,#4363,.F.);
#4390=ORIENTED_EDGE('',*,*,#4103,.T.);
#4391=EDGE_LOOP('',(#4382,#4384,#4386,#4388,#4389,#4390));
#4392=FACE_OUTER_BOUND('',#4391,.F.);
#4394=CARTESIAN_POINT('',(5.08E0,-1.120045918582E1,-1.0541E1));
#4395=DIRECTION('',(0.E0,1.E0,0.E0));
#4396=DIRECTION('',(0.E0,0.E0,-1.E0));
#4397=AXIS2_PLACEMENT_3D('',#4394,#4395,#4396);
#4398=CONICAL_SURFACE('',#4397,1.272692805389E0,2.199990426521E1);
#4399=ORIENTED_EDGE('',*,*,#4370,.F.);
#4400=ORIENTED_EDGE('',*,*,#4276,.F.);
#4402=ORIENTED_EDGE('',*,*,#4401,.F.);
#4403=ORIENTED_EDGE('',*,*,#4383,.T.);
#4404=EDGE_LOOP('',(#4399,#4400,#4402,#4403));
#4405=FACE_OUTER_BOUND('',#4404,.F.);
#4407=CARTESIAN_POINT('',(5.08E0,-7.493E0,-1.0541E1));
#4408=DIRECTION('',(0.E0,-1.E0,0.E0));
#4409=DIRECTION('',(0.E0,0.E0,1.E0));
#4410=AXIS2_PLACEMENT_3D('',#4407,#4408,#4409);
#4411=CYLINDRICAL_SURFACE('',#4410,1.5494E0);
#4413=ORIENTED_EDGE('',*,*,#4412,.T.);
#4415=ORIENTED_EDGE('',*,*,#4414,.F.);
#4417=ORIENTED_EDGE('',*,*,#4416,.T.);
#4419=ORIENTED_EDGE('',*,*,#4418,.T.);
#4420=ORIENTED_EDGE('',*,*,#4401,.T.);
#4421=ORIENTED_EDGE('',*,*,#4244,.F.);
#4422=ORIENTED_EDGE('',*,*,#2867,.F.);
#4423=ORIENTED_EDGE('',*,*,#2919,.T.);
#4424=ORIENTED_EDGE('',*,*,#2975,.F.);
#4425=ORIENTED_EDGE('',*,*,#3107,.F.);
#4426=ORIENTED_EDGE('',*,*,#3045,.F.);
#4427=ORIENTED_EDGE('',*,*,#4336,.F.);
#4428=EDGE_LOOP('',(#4413,#4415,#4417,#4419,#4420,#4421,#4422,#4423,#4424,#4425,
#4426,#4427));
#4429=FACE_OUTER_BOUND('',#4428,.F.);
#4431=CARTESIAN_POINT('',(5.08E0,-1.120045909552E1,-1.0541E1));
#4432=DIRECTION('',(0.E0,1.E0,0.E0));
#4433=DIRECTION('',(0.E0,0.E0,-1.E0));
#4434=AXIS2_PLACEMENT_3D('',#4431,#4432,#4433);
#4435=CONICAL_SURFACE('',#4434,1.272692818724E0,2.199990390322E1);
#4436=ORIENTED_EDGE('',*,*,#4365,.F.);
#4437=ORIENTED_EDGE('',*,*,#4387,.F.);
#4438=ORIENTED_EDGE('',*,*,#4412,.F.);
#4439=ORIENTED_EDGE('',*,*,#4206,.T.);
#4440=EDGE_LOOP('',(#4436,#4437,#4438,#4439));
#4441=FACE_OUTER_BOUND('',#4440,.F.);
#4443=CARTESIAN_POINT('',(5.3086E0,-1.02616E1,-1.0541E1));
#4444=DIRECTION('',(0.E0,-1.E0,0.E0));
#4445=DIRECTION('',(0.E0,0.E0,1.E0));
#4446=AXIS2_PLACEMENT_3D('',#4443,#4444,#4445);
#4447=CYLINDRICAL_SURFACE('',#4446,1.4732E0);
#4448=ORIENTED_EDGE('',*,*,#4385,.T.);
#4449=ORIENTED_EDGE('',*,*,#4418,.F.);
#4451=ORIENTED_EDGE('',*,*,#4450,.F.);
#4452=ORIENTED_EDGE('',*,*,#4414,.T.);
#4453=EDGE_LOOP('',(#4448,#4449,#4451,#4452));
#4454=FACE_OUTER_BOUND('',#4453,.F.);
#4456=CARTESIAN_POINT('',(6.731E0,-1.02616E1,0.E0));
#4457=DIRECTION('',(0.E0,-1.E0,0.E0));
#4458=DIRECTION('',(0.E0,0.E0,1.E0));
#4459=AXIS2_PLACEMENT_3D('',#4456,#4457,#4458);
#4460=PLANE('',#4459);
#4462=ORIENTED_EDGE('',*,*,#4461,.T.);
#4463=ORIENTED_EDGE('',*,*,#4028,.F.);
#4464=EDGE_LOOP('',(#4462,#4463));
#4465=FACE_OUTER_BOUND('',#4464,.F.);
#4467=CARTESIAN_POINT('',(6.731E0,-1.02616E1,0.E0));
#4468=DIRECTION('',(0.E0,-1.E0,0.E0));
#4469=DIRECTION('',(0.E0,0.E0,1.E0));
#4470=AXIS2_PLACEMENT_3D('',#4467,#4468,#4469);
#4471=PLANE('',#4470);
#4473=ORIENTED_EDGE('',*,*,#4472,.T.);
#4475=ORIENTED_EDGE('',*,*,#4474,.F.);
#4476=EDGE_LOOP('',(#4473,#4475));
#4477=FACE_OUTER_BOUND('',#4476,.F.);
#4479=CARTESIAN_POINT('',(6.731E0,-1.02616E1,0.E0));
#4480=DIRECTION('',(0.E0,-1.E0,0.E0));
#4481=DIRECTION('',(0.E0,0.E0,1.E0));
#4482=AXIS2_PLACEMENT_3D('',#4479,#4480,#4481);
#4483=PLANE('',#4482);
#4484=ORIENTED_EDGE('',*,*,#4450,.T.);
#4485=ORIENTED_EDGE('',*,*,#4416,.F.);
#4486=EDGE_LOOP('',(#4484,#4485));
#4487=FACE_OUTER_BOUND('',#4486,.F.);
#4489=CARTESIAN_POINT('',(6.731E0,-1.02616E1,0.E0));
#4490=DIRECTION('',(0.E0,-1.E0,0.E0));
#4491=DIRECTION('',(0.E0,0.E0,1.E0));
#4492=AXIS2_PLACEMENT_3D('',#4489,#4490,#4491);
#4493=PLANE('',#4492);
#4495=ORIENTED_EDGE('',*,*,#4494,.T.);
#4496=ORIENTED_EDGE('',*,*,#4309,.F.);
#4497=EDGE_LOOP('',(#4495,#4496));
#4498=FACE_OUTER_BOUND('',#4497,.F.);
#4500=CARTESIAN_POINT('',(-5.3086E0,-1.02616E1,-1.0541E1));
#4501=DIRECTION('',(0.E0,-1.E0,0.E0));
#4502=DIRECTION('',(0.E0,0.E0,1.E0));
#4503=AXIS2_PLACEMENT_3D('',#4500,#4501,#4502);
#4504=CYLINDRICAL_SURFACE('',#4503,1.4732E0);
#4506=ORIENTED_EDGE('',*,*,#4505,.T.);
#4507=ORIENTED_EDGE('',*,*,#4030,.F.);
#4508=ORIENTED_EDGE('',*,*,#4461,.F.);
#4509=ORIENTED_EDGE('',*,*,#4026,.T.);
#4510=EDGE_LOOP('',(#4506,#4507,#4508,#4509));
#4511=FACE_OUTER_BOUND('',#4510,.F.);
#4513=CARTESIAN_POINT('',(-5.3086E0,-1.126488671707E1,-1.0541E1));
#4514=DIRECTION('',(0.E0,1.E0,0.E0));
#4515=DIRECTION('',(0.E0,0.E0,-1.E0));
#4516=AXIS2_PLACEMENT_3D('',#4513,#4514,#4515);
#4517=CONICAL_SURFACE('',#4516,1.170460640007E0,2.199986609717E1);
#4518=ORIENTED_EDGE('',*,*,#4079,.F.);
#4520=ORIENTED_EDGE('',*,*,#4519,.F.);
#4521=ORIENTED_EDGE('',*,*,#4505,.F.);
#4522=ORIENTED_EDGE('',*,*,#4053,.T.);
#4523=ORIENTED_EDGE('',*,*,#4068,.F.);
#4524=ORIENTED_EDGE('',*,*,#4114,.T.);
#4525=EDGE_LOOP('',(#4518,#4520,#4521,#4522,#4523,#4524));
#4526=FACE_OUTER_BOUND('',#4525,.F.);
#4528=CARTESIAN_POINT('',(-5.08E0,-1.120045918582E1,-1.0541E1));
#4529=DIRECTION('',(0.E0,1.E0,0.E0));
#4530=DIRECTION('',(0.E0,0.E0,-1.E0));
#4531=AXIS2_PLACEMENT_3D('',#4528,#4529,#4530);
#4532=CONICAL_SURFACE('',#4531,1.272692805388E0,2.199990426521E1);
#4533=ORIENTED_EDGE('',*,*,#4077,.F.);
#4535=ORIENTED_EDGE('',*,*,#4534,.F.);
#4536=ORIENTED_EDGE('',*,*,#4032,.F.);
#4537=ORIENTED_EDGE('',*,*,#4519,.T.);
#4538=EDGE_LOOP('',(#4533,#4535,#4536,#4537));
#4539=FACE_OUTER_BOUND('',#4538,.F.);
#4541=CARTESIAN_POINT('',(-5.08E0,-1.12649E1,-1.171146314898E1));
#4542=DIRECTION('',(0.E0,-3.746065934159E-1,-9.271838545668E-1));
#4543=DIRECTION('',(0.E0,9.271838545668E-1,-3.746065934159E-1));
#4544=AXIS2_PLACEMENT_3D('',#4541,#4542,#4543);
#4545=PLANE('',#4544);
#4547=ORIENTED_EDGE('',*,*,#4546,.F.);
#4549=ORIENTED_EDGE('',*,*,#4548,.F.);
#4550=ORIENTED_EDGE('',*,*,#4534,.T.);
#4551=ORIENTED_EDGE('',*,*,#4075,.F.);
#4552=EDGE_LOOP('',(#4547,#4549,#4550,#4551));
#4553=FACE_OUTER_BOUND('',#4552,.F.);
#4555=CARTESIAN_POINT('',(-5.08E0,-1.12649E1,-1.171146314898E1));
#4556=DIRECTION('',(0.E0,-3.746065934159E-1,-9.271838545668E-1));
#4557=DIRECTION('',(0.E0,9.271838545668E-1,-3.746065934159E-1));
#4558=AXIS2_PLACEMENT_3D('',#4555,#4556,#4557);
#4559=PLANE('',#4558);
#4561=ORIENTED_EDGE('',*,*,#4560,.F.);
#4563=ORIENTED_EDGE('',*,*,#4562,.F.);
#4565=ORIENTED_EDGE('',*,*,#4564,.F.);
#4567=ORIENTED_EDGE('',*,*,#4566,.T.);
#4568=EDGE_LOOP('',(#4561,#4563,#4565,#4567));
#4569=FACE_OUTER_BOUND('',#4568,.F.);
#4571=CARTESIAN_POINT('',(-5.334000018196E0,-8.128E0,-2.29108E1));
#4572=DIRECTION('',(-1.E0,0.E0,0.E0));
#4573=DIRECTION('',(0.E0,-1.E0,0.E0));
#4574=AXIS2_PLACEMENT_3D('',#4571,#4572,#4573);
#4575=PLANE('',#4574);
#4577=ORIENTED_EDGE('',*,*,#4576,.T.);
#4578=ORIENTED_EDGE('',*,*,#4546,.T.);
#4579=ORIENTED_EDGE('',*,*,#4073,.T.);
#4581=ORIENTED_EDGE('',*,*,#4580,.F.);
#4583=ORIENTED_EDGE('',*,*,#4582,.T.);
#4584=ORIENTED_EDGE('',*,*,#3007,.F.);
#4585=EDGE_LOOP('',(#4577,#4578,#4579,#4581,#4583,#4584));
#4586=FACE_OUTER_BOUND('',#4585,.F.);
#4588=CARTESIAN_POINT('',(-5.559918868143E0,-7.493E0,-1.20142E1));
#4589=DIRECTION('',(0.E0,0.E0,-1.E0));
#4590=DIRECTION('',(1.E0,0.E0,0.E0));
#4591=AXIS2_PLACEMENT_3D('',#4588,#4589,#4590);
#4592=PLANE('',#4591);
#4593=ORIENTED_EDGE('',*,*,#4576,.F.);
#4594=ORIENTED_EDGE('',*,*,#3005,.F.);
#4595=ORIENTED_EDGE('',*,*,#4034,.T.);
#4596=ORIENTED_EDGE('',*,*,#4548,.T.);
#4597=EDGE_LOOP('',(#4593,#4594,#4595,#4596));
#4598=FACE_OUTER_BOUND('',#4597,.F.);
#4600=CARTESIAN_POINT('',(-5.559918868143E0,-7.493E0,-1.20142E1));
#4601=DIRECTION('',(0.E0,0.E0,-1.E0));
#4602=DIRECTION('',(1.E0,0.E0,0.E0));
#4603=AXIS2_PLACEMENT_3D('',#4600,#4601,#4602);
#4604=PLANE('',#4603);
#4606=ORIENTED_EDGE('',*,*,#4605,.T.);
#4607=ORIENTED_EDGE('',*,*,#4564,.T.);
#4609=ORIENTED_EDGE('',*,*,#4608,.F.);
#4610=ORIENTED_EDGE('',*,*,#3013,.F.);
#4611=EDGE_LOOP('',(#4606,#4607,#4609,#4610));
#4612=FACE_OUTER_BOUND('',#4611,.F.);
#4614=CARTESIAN_POINT('',(-4.826000018196E0,-1.157425909488E1,-2.29108E1));
#4615=DIRECTION('',(1.E0,0.E0,0.E0));
#4616=DIRECTION('',(0.E0,1.E0,0.E0));
#4617=AXIS2_PLACEMENT_3D('',#4614,#4615,#4616);
#4618=PLANE('',#4617);
#4619=ORIENTED_EDGE('',*,*,#4605,.F.);
#4620=ORIENTED_EDGE('',*,*,#3011,.T.);
#4622=ORIENTED_EDGE('',*,*,#4621,.F.);
#4624=ORIENTED_EDGE('',*,*,#4623,.T.);
#4626=ORIENTED_EDGE('',*,*,#4625,.F.);
#4627=ORIENTED_EDGE('',*,*,#4566,.F.);
#4628=EDGE_LOOP('',(#4619,#4620,#4622,#4624,#4626,#4627));
#4629=FACE_OUTER_BOUND('',#4628,.F.);
#4631=CARTESIAN_POINT('',(-4.600081131857E0,-7.493E0,-9.0678E0));
#4632=DIRECTION('',(0.E0,0.E0,1.E0));
#4633=DIRECTION('',(-1.E0,0.E0,0.E0));
#4634=AXIS2_PLACEMENT_3D('',#4631,#4632,#4633);
#4635=PLANE('',#4634);
#4636=ORIENTED_EDGE('',*,*,#4582,.F.);
#4638=ORIENTED_EDGE('',*,*,#4637,.T.);
#4639=ORIENTED_EDGE('',*,*,#4041,.T.);
#4640=ORIENTED_EDGE('',*,*,#2897,.F.);
#4642=ORIENTED_EDGE('',*,*,#4641,.T.);
#4644=ORIENTED_EDGE('',*,*,#4643,.T.);
#4645=ORIENTED_EDGE('',*,*,#4621,.T.);
#4646=ORIENTED_EDGE('',*,*,#3009,.T.);
#4647=EDGE_LOOP('',(#4636,#4638,#4639,#4640,#4642,#4644,#4645,#4646));
#4648=FACE_OUTER_BOUND('',#4647,.F.);
#4650=CARTESIAN_POINT('',(-5.08E0,-1.12649E1,-9.370536851018E0));
#4651=DIRECTION('',(0.E0,-3.746065934159E-1,9.271838545668E-1));
#4652=DIRECTION('',(0.E0,9.271838545668E-1,3.746065934159E-1));
#4653=AXIS2_PLACEMENT_3D('',#4650,#4651,#4652);
#4654=PLANE('',#4653);
#4655=ORIENTED_EDGE('',*,*,#4580,.T.);
#4656=ORIENTED_EDGE('',*,*,#4071,.T.);
#4657=ORIENTED_EDGE('',*,*,#4056,.F.);
#4658=ORIENTED_EDGE('',*,*,#4637,.F.);
#4659=EDGE_LOOP('',(#4655,#4656,#4657,#4658));
#4660=FACE_OUTER_BOUND('',#4659,.F.);
#4662=CARTESIAN_POINT('',(-5.08E0,-1.12649E1,-9.370536851018E0));
#4663=DIRECTION('',(0.E0,-3.746065934159E-1,9.271838545668E-1));
#4664=DIRECTION('',(0.E0,9.271838545668E-1,3.746065934159E-1));
#4665=AXIS2_PLACEMENT_3D('',#4662,#4663,#4664);
#4666=PLANE('',#4665);
#4668=ORIENTED_EDGE('',*,*,#4667,.T.);
#4669=ORIENTED_EDGE('',*,*,#4623,.F.);
#4670=ORIENTED_EDGE('',*,*,#4643,.F.);
#4672=ORIENTED_EDGE('',*,*,#4671,.T.);
#4673=EDGE_LOOP('',(#4668,#4669,#4670,#4672));
#4674=FACE_OUTER_BOUND('',#4673,.F.);
#4676=CARTESIAN_POINT('',(-4.572000018196E0,-1.20142E1,-2.29108E1));
#4677=DIRECTION('',(8.660254037844E-1,5.E-1,0.E0));
#4678=DIRECTION('',(-5.E-1,8.660254037844E-1,0.E0));
#4679=AXIS2_PLACEMENT_3D('',#4676,#4677,#4678);
#4680=PLANE('',#4679);
#4681=ORIENTED_EDGE('',*,*,#4124,.F.);
#4683=ORIENTED_EDGE('',*,*,#4682,.T.);
#4685=ORIENTED_EDGE('',*,*,#4684,.T.);
#4686=ORIENTED_EDGE('',*,*,#4560,.T.);
#4687=ORIENTED_EDGE('',*,*,#4625,.T.);
#4688=ORIENTED_EDGE('',*,*,#4667,.F.);
#4690=ORIENTED_EDGE('',*,*,#4689,.T.);
#4692=ORIENTED_EDGE('',*,*,#4691,.T.);
#4693=EDGE_LOOP('',(#4681,#4683,#4685,#4686,#4687,#4688,#4690,#4692));
#4694=FACE_OUTER_BOUND('',#4693,.F.);
#4696=CARTESIAN_POINT('',(-4.8514E0,-1.126488671707E1,-1.0541E1));
#4697=DIRECTION('',(0.E0,1.E0,0.E0));
#4698=DIRECTION('',(0.E0,0.E0,-1.E0));
#4699=AXIS2_PLACEMENT_3D('',#4696,#4697,#4698);
#4700=CONICAL_SURFACE('',#4699,1.170460640007E0,2.199986609717E1);
#4701=ORIENTED_EDGE('',*,*,#4691,.F.);
#4703=ORIENTED_EDGE('',*,*,#4702,.F.);
#4705=ORIENTED_EDGE('',*,*,#4704,.F.);
#4707=ORIENTED_EDGE('',*,*,#4706,.T.);
#4708=ORIENTED_EDGE('',*,*,#4682,.F.);
#4709=ORIENTED_EDGE('',*,*,#4126,.T.);
#4710=EDGE_LOOP('',(#4701,#4703,#4705,#4707,#4708,#4709));
#4711=FACE_OUTER_BOUND('',#4710,.F.);
#4713=CARTESIAN_POINT('',(-5.08E0,-1.120045921138E1,-1.0541E1));
#4714=DIRECTION('',(0.E0,1.E0,0.E0));
#4715=DIRECTION('',(0.E0,0.E0,-1.E0));
#4716=AXIS2_PLACEMENT_3D('',#4713,#4714,#4715);
#4717=CONICAL_SURFACE('',#4716,1.272692795063E0,2.199990426521E1);
#4718=ORIENTED_EDGE('',*,*,#4689,.F.);
#4719=ORIENTED_EDGE('',*,*,#4671,.F.);
#4721=ORIENTED_EDGE('',*,*,#4720,.F.);
#4722=ORIENTED_EDGE('',*,*,#4702,.T.);
#4723=EDGE_LOOP('',(#4718,#4719,#4721,#4722));
#4724=FACE_OUTER_BOUND('',#4723,.F.);
#4726=CARTESIAN_POINT('',(-5.08E0,-7.493E0,-1.0541E1));
#4727=DIRECTION('',(0.E0,-1.E0,0.E0));
#4728=DIRECTION('',(0.E0,0.E0,1.E0));
#4729=AXIS2_PLACEMENT_3D('',#4726,#4727,#4728);
#4730=CYLINDRICAL_SURFACE('',#4729,1.5494E0);
#4732=ORIENTED_EDGE('',*,*,#4731,.T.);
#4734=ORIENTED_EDGE('',*,*,#4733,.F.);
#4735=ORIENTED_EDGE('',*,*,#4474,.T.);
#4737=ORIENTED_EDGE('',*,*,#4736,.T.);
#4738=ORIENTED_EDGE('',*,*,#4720,.T.);
#4739=ORIENTED_EDGE('',*,*,#4641,.F.);
#4740=ORIENTED_EDGE('',*,*,#2895,.F.);
#4741=ORIENTED_EDGE('',*,*,#2949,.T.);
#4742=ORIENTED_EDGE('',*,*,#3015,.F.);
#4743=ORIENTED_EDGE('',*,*,#4608,.T.);
#4744=EDGE_LOOP('',(#4732,#4734,#4735,#4737,#4738,#4739,#4740,#4741,#4742,
#4743));
#4745=FACE_OUTER_BOUND('',#4744,.F.);
#4747=CARTESIAN_POINT('',(-5.08E0,-1.120045912107E1,-1.0541E1));
#4748=DIRECTION('',(0.E0,1.E0,0.E0));
#4749=DIRECTION('',(0.E0,0.E0,-1.E0));
#4750=AXIS2_PLACEMENT_3D('',#4747,#4748,#4749);
#4751=CONICAL_SURFACE('',#4750,1.272692808399E0,2.199990390322E1);
#4752=ORIENTED_EDGE('',*,*,#4684,.F.);
#4753=ORIENTED_EDGE('',*,*,#4706,.F.);
#4754=ORIENTED_EDGE('',*,*,#4731,.F.);
#4755=ORIENTED_EDGE('',*,*,#4562,.T.);
#4756=EDGE_LOOP('',(#4752,#4753,#4754,#4755));
#4757=FACE_OUTER_BOUND('',#4756,.F.);
#4759=CARTESIAN_POINT('',(-4.8514E0,-1.02616E1,-1.0541E1));
#4760=DIRECTION('',(0.E0,-1.E0,0.E0));
#4761=DIRECTION('',(0.E0,0.E0,1.E0));
#4762=AXIS2_PLACEMENT_3D('',#4759,#4760,#4761);
#4763=CYLINDRICAL_SURFACE('',#4762,1.4732E0);
#4764=ORIENTED_EDGE('',*,*,#4704,.T.);
#4765=ORIENTED_EDGE('',*,*,#4736,.F.);
#4766=ORIENTED_EDGE('',*,*,#4472,.F.);
#4767=ORIENTED_EDGE('',*,*,#4733,.T.);
#4768=EDGE_LOOP('',(#4764,#4765,#4766,#4767));
#4769=FACE_OUTER_BOUND('',#4768,.F.);
#4771=CARTESIAN_POINT('',(4.8514E0,-1.02616E1,-1.0541E1));
#4772=DIRECTION('',(0.E0,-1.E0,0.E0));
#4773=DIRECTION('',(0.E0,0.E0,1.E0));
#4774=AXIS2_PLACEMENT_3D('',#4771,#4772,#4773);
#4775=CYLINDRICAL_SURFACE('',#4774,1.4732E0);
#4776=ORIENTED_EDGE('',*,*,#4162,.T.);
#4777=ORIENTED_EDGE('',*,*,#4311,.F.);
#4778=ORIENTED_EDGE('',*,*,#4494,.F.);
#4779=ORIENTED_EDGE('',*,*,#4307,.T.);
#4780=EDGE_LOOP('',(#4776,#4777,#4778,#4779));
#4781=FACE_OUTER_BOUND('',#4780,.F.);
#4783=CARTESIAN_POINT('',(-2.252651679013E0,-7.493E0,-1.382540633799E1));
#4784=DIRECTION('',(9.961946980917E-1,0.E0,8.715574274766E-2));
#4785=DIRECTION('',(-8.715574274766E-2,0.E0,9.961946980917E-1));
#4786=AXIS2_PLACEMENT_3D('',#4783,#4784,#4785);
#4787=PLANE('',#4786);
#4788=ORIENTED_EDGE('',*,*,#2891,.F.);
#4790=ORIENTED_EDGE('',*,*,#4789,.T.);
#4791=ORIENTED_EDGE('',*,*,#3018,.T.);
#4792=ORIENTED_EDGE('',*,*,#2945,.F.);
#4793=EDGE_LOOP('',(#4788,#4790,#4791,#4792));
#4794=FACE_OUTER_BOUND('',#4793,.F.);
#4796=CARTESIAN_POINT('',(-1.873101499040E0,-7.493E0,-1.37922E1));
#4797=DIRECTION('',(0.E0,-1.E0,0.E0));
#4798=DIRECTION('',(0.E0,0.E0,1.E0));
#4799=AXIS2_PLACEMENT_3D('',#4796,#4797,#4798);
#4800=CYLINDRICAL_SURFACE('',#4799,3.81E-1);
#4801=ORIENTED_EDGE('',*,*,#2889,.T.);
#4803=ORIENTED_EDGE('',*,*,#4802,.T.);
#4804=ORIENTED_EDGE('',*,*,#3020,.T.);
#4805=ORIENTED_EDGE('',*,*,#4789,.F.);
#4806=EDGE_LOOP('',(#4801,#4803,#4804,#4805));
#4807=FACE_OUTER_BOUND('',#4806,.F.);
#4809=CARTESIAN_POINT('',(1.746101499040E0,-7.493E0,-1.41732E1));
#4810=DIRECTION('',(0.E0,0.E0,1.E0));
#4811=DIRECTION('',(-1.E0,0.E0,0.E0));
#4812=AXIS2_PLACEMENT_3D('',#4809,#4810,#4811);
#4813=PLANE('',#4812);
#4815=ORIENTED_EDGE('',*,*,#4814,.F.);
#4816=ORIENTED_EDGE('',*,*,#2879,.F.);
#4818=ORIENTED_EDGE('',*,*,#4817,.T.);
#4819=ORIENTED_EDGE('',*,*,#3026,.T.);
#4820=EDGE_LOOP('',(#4815,#4816,#4818,#4819));
#4821=FACE_OUTER_BOUND('',#4820,.F.);
#4823=CARTESIAN_POINT('',(1.746101499040E0,-7.493E0,-1.41732E1));
#4824=DIRECTION('',(0.E0,0.E0,1.E0));
#4825=DIRECTION('',(-1.E0,0.E0,0.E0));
#4826=AXIS2_PLACEMENT_3D('',#4823,#4824,#4825);
#4827=PLANE('',#4826);
#4829=ORIENTED_EDGE('',*,*,#4828,.T.);
#4830=ORIENTED_EDGE('',*,*,#3022,.T.);
#4831=ORIENTED_EDGE('',*,*,#4802,.F.);
#4832=ORIENTED_EDGE('',*,*,#2887,.F.);
#4833=EDGE_LOOP('',(#4829,#4830,#4831,#4832));
#4834=FACE_OUTER_BOUND('',#4833,.F.);
#4836=CARTESIAN_POINT('',(1.016E-1,-8.374847720391E0,-1.41732E1));
#4837=DIRECTION('',(1.E0,0.E0,0.E0));
#4838=DIRECTION('',(0.E0,1.E0,0.E0));
#4839=AXIS2_PLACEMENT_3D('',#4836,#4837,#4838);
#4840=PLANE('',#4839);
#4841=ORIENTED_EDGE('',*,*,#2881,.F.);
#4842=ORIENTED_EDGE('',*,*,#4814,.T.);
#4844=ORIENTED_EDGE('',*,*,#4843,.T.);
#4846=ORIENTED_EDGE('',*,*,#4845,.T.);
#4848=ORIENTED_EDGE('',*,*,#4847,.F.);
#4849=EDGE_LOOP('',(#4841,#4842,#4844,#4846,#4848));
#4850=FACE_OUTER_BOUND('',#4849,.F.);
#4852=CARTESIAN_POINT('',(1.746101499040E0,-7.493E0,-1.41732E1));
#4853=DIRECTION('',(0.E0,0.E0,1.E0));
#4854=DIRECTION('',(-1.E0,0.E0,0.E0));
#4855=AXIS2_PLACEMENT_3D('',#4852,#4853,#4854);
#4856=PLANE('',#4855);
#4857=ORIENTED_EDGE('',*,*,#4843,.F.);
#4858=ORIENTED_EDGE('',*,*,#3024,.T.);
#4860=ORIENTED_EDGE('',*,*,#4859,.F.);
#4862=ORIENTED_EDGE('',*,*,#4861,.T.);
#4863=EDGE_LOOP('',(#4857,#4858,#4860,#4862));
#4864=FACE_OUTER_BOUND('',#4863,.F.);
#4866=CARTESIAN_POINT('',(-7.62E-1,-7.493E0,-1.41732E1));
#4867=DIRECTION('',(-1.E0,0.E0,0.E0));
#4868=DIRECTION('',(0.E0,-1.E0,0.E0));
#4869=AXIS2_PLACEMENT_3D('',#4866,#4867,#4868);
#4870=PLANE('',#4869);
#4871=ORIENTED_EDGE('',*,*,#2885,.T.);
#4873=ORIENTED_EDGE('',*,*,#4872,.F.);
#4875=ORIENTED_EDGE('',*,*,#4874,.F.);
#4876=ORIENTED_EDGE('',*,*,#4859,.T.);
#4877=ORIENTED_EDGE('',*,*,#4828,.F.);
#4878=EDGE_LOOP('',(#4871,#4873,#4875,#4876,#4877));
#4879=FACE_OUTER_BOUND('',#4878,.F.);
#4881=CARTESIAN_POINT('',(0.E0,0.E0,-3.175E0));
#4882=DIRECTION('',(0.E0,0.E0,1.E0));
#4883=DIRECTION('',(1.E0,0.E0,0.E0));
#4884=AXIS2_PLACEMENT_3D('',#4881,#4882,#4883);
#4885=PLANE('',#4884);
#4886=ORIENTED_EDGE('',*,*,#2883,.F.);
#4887=ORIENTED_EDGE('',*,*,#4847,.T.);
#4889=ORIENTED_EDGE('',*,*,#4888,.F.);
#4890=ORIENTED_EDGE('',*,*,#4872,.T.);
#4891=EDGE_LOOP('',(#4886,#4887,#4889,#4890));
#4892=FACE_OUTER_BOUND('',#4891,.F.);
#4894=CARTESIAN_POINT('',(-3.302E-1,-7.747E0,-1.41732E1));
#4895=DIRECTION('',(0.E0,0.E0,1.E0));
#4896=DIRECTION('',(1.E0,0.E0,0.E0));
#4897=AXIS2_PLACEMENT_3D('',#4894,#4895,#4896);
#4898=CYLINDRICAL_SURFACE('',#4897,7.62E-1);
#4899=ORIENTED_EDGE('',*,*,#4861,.F.);
#4900=ORIENTED_EDGE('',*,*,#4874,.T.);
#4901=ORIENTED_EDGE('',*,*,#4888,.T.);
#4902=ORIENTED_EDGE('',*,*,#4845,.F.);
#4903=EDGE_LOOP('',(#4899,#4900,#4901,#4902));
#4904=FACE_OUTER_BOUND('',#4903,.F.);
#4906=CARTESIAN_POINT('',(1.746101499040E0,-7.493E0,-1.37922E1));
#4907=DIRECTION('',(0.E0,-1.E0,0.E0));
#4908=DIRECTION('',(0.E0,0.E0,1.E0));
#4909=AXIS2_PLACEMENT_3D('',#4906,#4907,#4908);
#4910=CYLINDRICAL_SURFACE('',#4909,3.81E-1);
#4911=ORIENTED_EDGE('',*,*,#2877,.T.);
#4913=ORIENTED_EDGE('',*,*,#4912,.T.);
#4914=ORIENTED_EDGE('',*,*,#3028,.T.);
#4915=ORIENTED_EDGE('',*,*,#4817,.F.);
#4916=EDGE_LOOP('',(#4911,#4913,#4914,#4915));
#4917=FACE_OUTER_BOUND('',#4916,.F.);
#4919=CARTESIAN_POINT('',(2.413E0,-7.493E0,-1.0541E1));
#4920=DIRECTION('',(-9.961946980917E-1,0.E0,8.715574274766E-2));
#4921=DIRECTION('',(-8.715574274766E-2,0.E0,-9.961946980917E-1));
#4922=AXIS2_PLACEMENT_3D('',#4919,#4920,#4921);
#4923=PLANE('',#4922);
#4924=ORIENTED_EDGE('',*,*,#2875,.F.);
#4925=ORIENTED_EDGE('',*,*,#2934,.T.);
#4926=ORIENTED_EDGE('',*,*,#3030,.T.);
#4927=ORIENTED_EDGE('',*,*,#4912,.F.);
#4928=EDGE_LOOP('',(#4924,#4925,#4926,#4927));
#4929=FACE_OUTER_BOUND('',#4928,.F.);
#4931=CARTESIAN_POINT('',(-2.1336E0,-1.2319E1,-1.70688E1));
#4932=DIRECTION('',(0.E0,0.E0,-1.E0));
#4933=DIRECTION('',(1.E0,0.E0,0.E0));
#4934=AXIS2_PLACEMENT_3D('',#4931,#4932,#4933);
#4935=PLANE('',#4934);
#4936=ORIENTED_EDGE('',*,*,#3057,.F.);
#4938=ORIENTED_EDGE('',*,*,#4937,.F.);
#4940=ORIENTED_EDGE('',*,*,#4939,.T.);
#4942=ORIENTED_EDGE('',*,*,#4941,.T.);
#4943=EDGE_LOOP('',(#4936,#4938,#4940,#4942));
#4944=FACE_OUTER_BOUND('',#4943,.F.);
#4946=CARTESIAN_POINT('',(-2.1336E0,-1.2319E1,-1.67132E1));
#4947=DIRECTION('',(-1.E0,0.E0,0.E0));
#4948=DIRECTION('',(0.E0,0.E0,-1.E0));
#4949=AXIS2_PLACEMENT_3D('',#4946,#4947,#4948);
#4950=PLANE('',#4949);
#4951=ORIENTED_EDGE('',*,*,#3063,.F.);
#4953=ORIENTED_EDGE('',*,*,#4952,.F.);
#4955=ORIENTED_EDGE('',*,*,#4954,.T.);
#4956=ORIENTED_EDGE('',*,*,#4937,.T.);
#4957=EDGE_LOOP('',(#4951,#4953,#4955,#4956));
#4958=FACE_OUTER_BOUND('',#4957,.F.);
#4960=CARTESIAN_POINT('',(-1.6764E0,-1.2319E1,-1.67132E1));
#4961=DIRECTION('',(0.E0,0.E0,1.E0));
#4962=DIRECTION('',(-1.E0,0.E0,0.E0));
#4963=AXIS2_PLACEMENT_3D('',#4960,#4961,#4962);
#4964=PLANE('',#4963);
#4965=ORIENTED_EDGE('',*,*,#3061,.F.);
#4967=ORIENTED_EDGE('',*,*,#4966,.F.);
#4969=ORIENTED_EDGE('',*,*,#4968,.T.);
#4970=ORIENTED_EDGE('',*,*,#4952,.T.);
#4971=EDGE_LOOP('',(#4965,#4967,#4969,#4970));
#4972=FACE_OUTER_BOUND('',#4971,.F.);
#4974=CARTESIAN_POINT('',(-1.6764E0,-1.2319E1,-1.70688E1));
#4975=DIRECTION('',(1.E0,0.E0,0.E0));
#4976=DIRECTION('',(0.E0,0.E0,1.E0));
#4977=AXIS2_PLACEMENT_3D('',#4974,#4975,#4976);
#4978=PLANE('',#4977);
#4979=ORIENTED_EDGE('',*,*,#3059,.F.);
#4980=ORIENTED_EDGE('',*,*,#4941,.F.);
#4982=ORIENTED_EDGE('',*,*,#4981,.T.);
#4983=ORIENTED_EDGE('',*,*,#4966,.T.);
#4984=EDGE_LOOP('',(#4979,#4980,#4982,#4983));
#4985=FACE_OUTER_BOUND('',#4984,.F.);
#4987=CARTESIAN_POINT('',(0.E0,-1.2319E1,0.E0));
#4988=DIRECTION('',(0.E0,-1.E0,0.E0));
#4989=DIRECTION('',(0.E0,0.E0,1.E0));
#4990=AXIS2_PLACEMENT_3D('',#4987,#4988,#4989);
#4991=PLANE('',#4990);
#4992=ORIENTED_EDGE('',*,*,#4939,.F.);
#4993=ORIENTED_EDGE('',*,*,#4954,.F.);
#4994=ORIENTED_EDGE('',*,*,#4968,.F.);
#4995=ORIENTED_EDGE('',*,*,#4981,.F.);
#4996=EDGE_LOOP('',(#4992,#4993,#4994,#4995));
#4997=FACE_OUTER_BOUND('',#4996,.F.);
#4999=CARTESIAN_POINT('',(4.064E-1,-1.2319E1,-1.70688E1));
#5000=DIRECTION('',(0.E0,0.E0,-1.E0));
#5001=DIRECTION('',(1.E0,0.E0,0.E0));
#5002=AXIS2_PLACEMENT_3D('',#4999,#5000,#5001);
#5003=PLANE('',#5002);
#5004=ORIENTED_EDGE('',*,*,#3067,.F.);
#5006=ORIENTED_EDGE('',*,*,#5005,.F.);
#5008=ORIENTED_EDGE('',*,*,#5007,.T.);
#5010=ORIENTED_EDGE('',*,*,#5009,.T.);
#5011=EDGE_LOOP('',(#5004,#5006,#5008,#5010));
#5012=FACE_OUTER_BOUND('',#5011,.F.);
#5014=CARTESIAN_POINT('',(4.064E-1,-1.2319E1,-1.67132E1));
#5015=DIRECTION('',(-1.E0,0.E0,0.E0));
#5016=DIRECTION('',(0.E0,0.E0,-1.E0));
#5017=AXIS2_PLACEMENT_3D('',#5014,#5015,#5016);
#5018=PLANE('',#5017);
#5019=ORIENTED_EDGE('',*,*,#3073,.F.);
#5021=ORIENTED_EDGE('',*,*,#5020,.F.);
#5023=ORIENTED_EDGE('',*,*,#5022,.T.);
#5024=ORIENTED_EDGE('',*,*,#5005,.T.);
#5025=EDGE_LOOP('',(#5019,#5021,#5023,#5024));
#5026=FACE_OUTER_BOUND('',#5025,.F.);
#5028=CARTESIAN_POINT('',(8.636E-1,-1.2319E1,-1.67132E1));
#5029=DIRECTION('',(0.E0,0.E0,1.E0));
#5030=DIRECTION('',(-1.E0,0.E0,0.E0));
#5031=AXIS2_PLACEMENT_3D('',#5028,#5029,#5030);
#5032=PLANE('',#5031);
#5033=ORIENTED_EDGE('',*,*,#3071,.F.);
#5035=ORIENTED_EDGE('',*,*,#5034,.F.);
#5037=ORIENTED_EDGE('',*,*,#5036,.T.);
#5038=ORIENTED_EDGE('',*,*,#5020,.T.);
#5039=EDGE_LOOP('',(#5033,#5035,#5037,#5038));
#5040=FACE_OUTER_BOUND('',#5039,.F.);
#5042=CARTESIAN_POINT('',(8.636E-1,-1.2319E1,-1.70688E1));
#5043=DIRECTION('',(1.E0,0.E0,0.E0));
#5044=DIRECTION('',(0.E0,0.E0,1.E0));
#5045=AXIS2_PLACEMENT_3D('',#5042,#5043,#5044);
#5046=PLANE('',#5045);
#5047=ORIENTED_EDGE('',*,*,#3069,.F.);
#5048=ORIENTED_EDGE('',*,*,#5009,.F.);
#5050=ORIENTED_EDGE('',*,*,#5049,.T.);
#5051=ORIENTED_EDGE('',*,*,#5034,.T.);
#5052=EDGE_LOOP('',(#5047,#5048,#5050,#5051));
#5053=FACE_OUTER_BOUND('',#5052,.F.);
#5055=CARTESIAN_POINT('',(2.54E0,-1.2319E1,0.E0));
#5056=DIRECTION('',(0.E0,-1.E0,0.E0));
#5057=DIRECTION('',(0.E0,0.E0,1.E0));
#5058=AXIS2_PLACEMENT_3D('',#5055,#5056,#5057);
#5059=PLANE('',#5058);
#5060=ORIENTED_EDGE('',*,*,#5007,.F.);
#5061=ORIENTED_EDGE('',*,*,#5022,.F.);
#5062=ORIENTED_EDGE('',*,*,#5036,.F.);
#5063=ORIENTED_EDGE('',*,*,#5049,.F.);
#5064=EDGE_LOOP('',(#5060,#5061,#5062,#5063));
#5065=FACE_OUTER_BOUND('',#5064,.F.);
#5067=CARTESIAN_POINT('',(2.54E0,-1.2319E1,0.E0));
#5068=DIRECTION('',(0.E0,-1.E0,0.E0));
#5069=DIRECTION('',(0.E0,0.E0,1.E0));
#5070=AXIS2_PLACEMENT_3D('',#5067,#5068,#5069);
#5071=PLANE('',#5070);
#5073=ORIENTED_EDGE('',*,*,#5072,.F.);
#5075=ORIENTED_EDGE('',*,*,#5074,.F.);
#5077=ORIENTED_EDGE('',*,*,#5076,.F.);
#5079=ORIENTED_EDGE('',*,*,#5078,.F.);
#5080=EDGE_LOOP('',(#5073,#5075,#5077,#5079));
#5081=FACE_OUTER_BOUND('',#5080,.F.);
#5083=CARTESIAN_POINT('',(-8.636E-1,-1.2319E1,-1.96088E1));
#5084=DIRECTION('',(0.E0,0.E0,-1.E0));
#5085=DIRECTION('',(1.E0,0.E0,0.E0));
#5086=AXIS2_PLACEMENT_3D('',#5083,#5084,#5085);
#5087=PLANE('',#5086);
#5088=ORIENTED_EDGE('',*,*,#3077,.F.);
#5090=ORIENTED_EDGE('',*,*,#5089,.F.);
#5091=ORIENTED_EDGE('',*,*,#5072,.T.);
#5093=ORIENTED_EDGE('',*,*,#5092,.T.);
#5094=EDGE_LOOP('',(#5088,#5090,#5091,#5093));
#5095=FACE_OUTER_BOUND('',#5094,.F.);
#5097=CARTESIAN_POINT('',(-8.636E-1,-1.2319E1,-1.92532E1));
#5098=DIRECTION('',(-1.E0,0.E0,0.E0));
#5099=DIRECTION('',(0.E0,0.E0,-1.E0));
#5100=AXIS2_PLACEMENT_3D('',#5097,#5098,#5099);
#5101=PLANE('',#5100);
#5102=ORIENTED_EDGE('',*,*,#3083,.F.);
#5104=ORIENTED_EDGE('',*,*,#5103,.F.);
#5105=ORIENTED_EDGE('',*,*,#5074,.T.);
#5106=ORIENTED_EDGE('',*,*,#5089,.T.);
#5107=EDGE_LOOP('',(#5102,#5104,#5105,#5106));
#5108=FACE_OUTER_BOUND('',#5107,.F.);
#5110=CARTESIAN_POINT('',(-4.064E-1,-1.2319E1,-1.92532E1));
#5111=DIRECTION('',(0.E0,0.E0,1.E0));
#5112=DIRECTION('',(-1.E0,0.E0,0.E0));
#5113=AXIS2_PLACEMENT_3D('',#5110,#5111,#5112);
#5114=PLANE('',#5113);
#5115=ORIENTED_EDGE('',*,*,#3081,.F.);
#5117=ORIENTED_EDGE('',*,*,#5116,.F.);
#5118=ORIENTED_EDGE('',*,*,#5076,.T.);
#5119=ORIENTED_EDGE('',*,*,#5103,.T.);
#5120=EDGE_LOOP('',(#5115,#5117,#5118,#5119));
#5121=FACE_OUTER_BOUND('',#5120,.F.);
#5123=CARTESIAN_POINT('',(-4.064E-1,-1.2319E1,-1.96088E1));
#5124=DIRECTION('',(1.E0,0.E0,0.E0));
#5125=DIRECTION('',(0.E0,0.E0,1.E0));
#5126=AXIS2_PLACEMENT_3D('',#5123,#5124,#5125);
#5127=PLANE('',#5126);
#5128=ORIENTED_EDGE('',*,*,#3079,.F.);
#5129=ORIENTED_EDGE('',*,*,#5092,.F.);
#5130=ORIENTED_EDGE('',*,*,#5078,.T.);
#5131=ORIENTED_EDGE('',*,*,#5116,.T.);
#5132=EDGE_LOOP('',(#5128,#5129,#5130,#5131));
#5133=FACE_OUTER_BOUND('',#5132,.F.);
#5135=CARTESIAN_POINT('',(1.6764E0,-1.2319E1,-1.96088E1));
#5136=DIRECTION('',(0.E0,0.E0,-1.E0));
#5137=DIRECTION('',(1.E0,0.E0,0.E0));
#5138=AXIS2_PLACEMENT_3D('',#5135,#5136,#5137);
#5139=PLANE('',#5138);
#5140=ORIENTED_EDGE('',*,*,#3087,.F.);
#5142=ORIENTED_EDGE('',*,*,#5141,.F.);
#5144=ORIENTED_EDGE('',*,*,#5143,.T.);
#5146=ORIENTED_EDGE('',*,*,#5145,.T.);
#5147=EDGE_LOOP('',(#5140,#5142,#5144,#5146));
#5148=FACE_OUTER_BOUND('',#5147,.F.);
#5150=CARTESIAN_POINT('',(1.6764E0,-1.2319E1,-1.92532E1));
#5151=DIRECTION('',(-1.E0,0.E0,0.E0));
#5152=DIRECTION('',(0.E0,0.E0,-1.E0));
#5153=AXIS2_PLACEMENT_3D('',#5150,#5151,#5152);
#5154=PLANE('',#5153);
#5155=ORIENTED_EDGE('',*,*,#3093,.F.);
#5157=ORIENTED_EDGE('',*,*,#5156,.F.);
#5159=ORIENTED_EDGE('',*,*,#5158,.T.);
#5160=ORIENTED_EDGE('',*,*,#5141,.T.);
#5161=EDGE_LOOP('',(#5155,#5157,#5159,#5160));
#5162=FACE_OUTER_BOUND('',#5161,.F.);
#5164=CARTESIAN_POINT('',(2.1336E0,-1.2319E1,-1.92532E1));
#5165=DIRECTION('',(0.E0,0.E0,1.E0));
#5166=DIRECTION('',(-1.E0,0.E0,0.E0));
#5167=AXIS2_PLACEMENT_3D('',#5164,#5165,#5166);
#5168=PLANE('',#5167);
#5169=ORIENTED_EDGE('',*,*,#3091,.F.);
#5171=ORIENTED_EDGE('',*,*,#5170,.F.);
#5173=ORIENTED_EDGE('',*,*,#5172,.T.);
#5174=ORIENTED_EDGE('',*,*,#5156,.T.);
#5175=EDGE_LOOP('',(#5169,#5171,#5173,#5174));
#5176=FACE_OUTER_BOUND('',#5175,.F.);
#5178=CARTESIAN_POINT('',(2.1336E0,-1.2319E1,-1.96088E1));
#5179=DIRECTION('',(1.E0,0.E0,0.E0));
#5180=DIRECTION('',(0.E0,0.E0,1.E0));
#5181=AXIS2_PLACEMENT_3D('',#5178,#5179,#5180);
#5182=PLANE('',#5181);
#5183=ORIENTED_EDGE('',*,*,#3089,.F.);
#5184=ORIENTED_EDGE('',*,*,#5145,.F.);
#5186=ORIENTED_EDGE('',*,*,#5185,.T.);
#5187=ORIENTED_EDGE('',*,*,#5170,.T.);
#5188=EDGE_LOOP('',(#5183,#5184,#5186,#5187));
#5189=FACE_OUTER_BOUND('',#5188,.F.);
#5191=CARTESIAN_POINT('',(5.08E0,-1.2319E1,0.E0));
#5192=DIRECTION('',(0.E0,-1.E0,0.E0));
#5193=DIRECTION('',(0.E0,0.E0,1.E0));
#5194=AXIS2_PLACEMENT_3D('',#5191,#5192,#5193);
#5195=PLANE('',#5194);
#5196=ORIENTED_EDGE('',*,*,#5143,.F.);
#5197=ORIENTED_EDGE('',*,*,#5158,.F.);
#5198=ORIENTED_EDGE('',*,*,#5172,.F.);
#5199=ORIENTED_EDGE('',*,*,#5185,.F.);
#5200=EDGE_LOOP('',(#5196,#5197,#5198,#5199));
#5201=FACE_OUTER_BOUND('',#5200,.F.);
#5203=CLOSED_SHELL('',(#2621,#2640,#2660,#2674,#2692,#2712,#2725,#2738,#2751,
#2763,#2795,#2808,#2821,#2834,#2847,#2859,#2909,#2923,#2938,#2953,#2967,#2983,
#2999,#3097,#3111,#3129,#3142,#3155,#3168,#3230,#3249,#3263,#3281,#3335,#3347,
#3424,#3442,#3465,#3489,#3502,#3518,#3531,#3546,#3560,#3573,#3587,#3600,#3616,
#3629,#3642,#3655,#3668,#3681,#3695,#3707,#3720,#3733,#3745,#3761,#3773,#3785,
#3797,#3811,#3824,#3837,#3849,#3863,#3876,#3889,#3901,#3915,#3928,#3941,#3953,
#3967,#3980,#3993,#4005,#4018,#4045,#4060,#4083,#4095,#4107,#4118,#4130,#4153,
#4170,#4184,#4198,#4214,#4231,#4252,#4265,#4280,#4293,#4315,#4327,#4341,#4356,
#4376,#4393,#4406,#4430,#4442,#4455,#4466,#4478,#4488,#4499,#4512,#4527,#4540,
#4554,#4570,#4587,#4599,#4613,#4630,#4649,#4661,#4675,#4695,#4712,#4725,#4746,
#4758,#4770,#4782,#4795,#4808,#4822,#4835,#4851,#4865,#4880,#4893,#4905,#4918,
#4930,#4945,#4959,#4973,#4986,#4998,#5013,#5027,#5041,#5054,#5066,#5082,#5096,
#5109,#5122,#5134,#5149,#5163,#5177,#5190,#5202));
#5204=MANIFOLD_SOLID_BREP('',#5203);
#5207=PLANE_ANGLE_MEASURE_WITH_UNIT(PLANE_ANGLE_MEASURE(1.745329251994E-2),
#5206);
#5208=(CONVERSION_BASED_UNIT('DEGREE',#5207)NAMED_UNIT(*)PLANE_ANGLE_UNIT());
#5210=UNCERTAINTY_MEASURE_WITH_UNIT(LENGTH_MEASURE(3.277551659523E-3),#5205,
'distance_accuracy_value',
'Maximum model space distance between geometric entities at asserted connectivities');
#5213=APPLICATION_CONTEXT('automotive_design');
#5214=APPLICATION_PROTOCOL_DEFINITION('international standard',
'automotive_design',2001,#5213);
#5215=PRODUCT_DEFINITION_CONTEXT('part definition',#5213,'design');
#5216=PRODUCT_CONTEXT('',#5213,'mechanical');
#5217=PRODUCT('C-5520250-2','C-5520250-2','NOT SPECIFIED',(#5216));
#5218=PRODUCT_DEFINITION_FORMATION('1','LAST_VERSION',#5217);
#5226=DERIVED_UNIT_ELEMENT(#5225,2.E0);
#5227=DERIVED_UNIT((#5226));
#5228=MEASURE_REPRESENTATION_ITEM('surface area measure',AREA_MEASURE(
2.414079091186E3),#5227);
#5233=DERIVED_UNIT_ELEMENT(#5232,3.E0);
#5234=DERIVED_UNIT((#5233));
#5235=MEASURE_REPRESENTATION_ITEM('volume measure',VOLUME_MEASURE(
2.845777576557E3),#5234);
#5239=CARTESIAN_POINT('centre point',(-8.343856484454E-4,-9.120314487012E-1,
-1.129784416579E1));
#5244=DERIVED_UNIT_ELEMENT(#5243,2.E0);
#5245=DERIVED_UNIT((#5244));
#5246=MEASURE_REPRESENTATION_ITEM('surface area measure',AREA_MEASURE(
2.414079091186E3),#5245);
#5251=DERIVED_UNIT_ELEMENT(#5250,3.E0);
#5252=DERIVED_UNIT((#5251));
#5253=MEASURE_REPRESENTATION_ITEM('volume measure',VOLUME_MEASURE(
2.845777576557E3),#5252);
#5257=CARTESIAN_POINT('centre point',(-8.343856484454E-4,-9.120314487012E-1,
-1.129784416579E1));
#5262=PRODUCT_RELATED_PRODUCT_CATEGORY('part','',(#5217));
#1=DRAUGHTING_PRE_DEFINED_COLOUR('black');
#2=COLOUR_RGB('',0.E0,0.E0,3.6E-1);
#3=COLOUR_RGB('',0.E0,0.E0,4.8E-1);
#4=DRAUGHTING_PRE_DEFINED_COLOUR('blue');
#5=COLOUR_RGB('',0.E0,5.8824E-2,4.58824E-1);
#6=COLOUR_RGB('',0.E0,1.80392E-1,4.78431E-1);
#7=COLOUR_RGB('',0.E0,3.6E-1,9.E-2);
#8=COLOUR_RGB('',0.E0,3.6E-1,2.7E-1);
#9=COLOUR_RGB('',0.E0,5.6E-1,6.4E-1);
#10=COLOUR_RGB('',0.E0,5.8E-1,8.E-1);
#11=COLOUR_RGB('',0.E0,7.1E-1,6.6E-1);
#12=COLOUR_RGB('',0.E0,7.13E-1,0.E0);
#13=COLOUR_RGB('',0.E0,9.5E-1,8.4E-1);
#14=DRAUGHTING_PRE_DEFINED_COLOUR('green');
#15=DRAUGHTING_PRE_DEFINED_COLOUR('cyan');
#16=COLOUR_RGB('',1.1765E-2,1.9608E-2,3.9216E-2);
#17=COLOUR_RGB('',4.E-2,0.E0,1.6E-1);
#18=COLOUR_RGB('',3.9216E-2,2.19608E-1,1.21569E-1);
#19=COLOUR_RGB('',3.9216E-2,3.60784E-1,2.E-1);
#20=COLOUR_RGB('',5.098E-2,7.0588E-2,1.01961E-1);
#21=COLOUR_RGB('',9.E-2,0.E0,1.2E-1);
#22=COLOUR_RGB('',9.0196E-2,1.60784E-1,1.09804E-1);
#23=COLOUR_RGB('',9.0196E-2,3.80392E-1,6.70588E-1);
#24=COLOUR_RGB('',1.E-1,0.E0,2.5E-1);
#25=COLOUR_RGB('',1.01961E-1,4.78431E-1,3.88235E-1);
#26=COLOUR_RGB('',1.09804E-1,1.4902E-1,9.0196E-2);
#27=COLOUR_RGB('',1.4902E-1,3.09804E-1,5.29412E-1);
#28=COLOUR_RGB('',1.4902E-1,4.E-1,1.60784E-1);
#29=COLOUR_RGB('',1.6E-1,3.2E-2,0.E0);
#30=COLOUR_RGB('',1.60784E-1,4.5098E-1,7.21569E-1);
#31=COLOUR_RGB('',1.6E-1,4.6E-1,6.5E-1);
#32=COLOUR_RGB('',1.6E-1,1.E0,1.6E-1);
#33=COLOUR_RGB('',2.E-1,3.2E-2,0.E0);
#34=COLOUR_RGB('',2.11765E-1,4.11765E-1,1.4902E-1);
#35=COLOUR_RGB('',2.39216E-1,2.39216E-1,2.31373E-1);
#36=COLOUR_RGB('',2.39216E-1,2.70588E-1,1.80392E-1);
#37=COLOUR_RGB('',2.5098E-1,2.90196E-1,3.29412E-1);
#38=COLOUR_RGB('',2.90196E-1,4.31373E-1,2.E-1);
#39=COLOUR_RGB('',3.1E-1,3.1E-1,5.6E-1);
#40=COLOUR_RGB('',3.09804E-1,6.58824E-1,2.E-1);
#41=COLOUR_RGB('',3.2E-1,1.5E-1,0.E0);
#42=COLOUR_RGB('',3.60784E-1,3.1373E-2,1.68627E-1);
#43=COLOUR_RGB('',3.68627E-1,2.E-1,1.21569E-1);
#44=COLOUR_RGB('',3.88235E-1,2.39216E-1,6.11765E-1);
#45=COLOUR_RGB('',4.E-1,4.E-1,4.E-1);
#46=COLOUR_RGB('',4.11765E-1,5.8824E-2,7.8431E-2);
#47=COLOUR_RGB('',4.11765E-1,3.29412E-1,2.19608E-1);
#48=COLOUR_RGB('',4.2E-1,4.2E-1,1.E0);
#49=COLOUR_RGB('',4.4E-1,8.5E-1,1.E0);
#50=COLOUR_RGB('',4.58824E-1,4.5098E-1,3.09804E-1);
#51=COLOUR_RGB('',4.70588E-1,5.09804E-1,5.4902E-1);
#52=COLOUR_RGB('',4.78431E-1,4.90196E-1,4.58824E-1);
#53=COLOUR_RGB('',4.90196E-1,3.60784E-1,2.19608E-1);
#54=COLOUR_RGB('',4.9E-1,4.9E-1,0.E0);
#55=COLOUR_RGB('',4.9E-1,1.E0,0.E0);
#56=COLOUR_RGB('',5.E-1,0.E0,0.E0);
#57=COLOUR_RGB('',5.E-1,0.E0,2.3E-1);
#58=COLOUR_RGB('',5.E-1,5.E-1,5.E-1);
#59=COLOUR_RGB('',5.21569E-1,2.19608E-1,1.68627E-1);
#60=COLOUR_RGB('',5.3E-1,0.E0,0.E0);
#61=COLOUR_RGB('',5.29412E-1,5.80392E-1,6.5098E-1);
#62=COLOUR_RGB('',5.4E-1,0.E0,4.4E-1);
#63=COLOUR_RGB('',5.5E-1,3.E-1,0.E0);
#64=COLOUR_RGB('',5.6E-1,1.E-1,5.E-2);
#65=COLOUR_RGB('',5.60784E-1,5.80392E-1,6.19608E-1);
#66=COLOUR_RGB('',5.68627E-1,5.8824E-2,4.E-1);
#67=COLOUR_RGB('',5.8E-1,2.2E-1,1.E-2);
#68=COLOUR_RGB('',5.88235E-1,1.21569E-1,1.09804E-1);
#69=COLOUR_RGB('',6.E-1,6.E-1,6.E-1);
#70=COLOUR_RGB('',6.11765E-1,5.60784E-1,3.80392E-1);
#71=COLOUR_RGB('',6.11765E-1,6.11765E-1,6.5098E-1);
#72=COLOUR_RGB('',6.2E-1,0.E0,5.5E-1);
#73=COLOUR_RGB('',6.19608E-1,6.39216E-1,6.90196E-1);
#74=COLOUR_RGB('',6.4E-1,0.E0,2.5E-1);
#75=COLOUR_RGB('',6.4E-1,1.E-2,0.E0);
#76=COLOUR_RGB('',6.39216E-1,5.4902E-1,4.78431E-1);
#77=COLOUR_RGB('',6.5098E-1,6.70588E-1,7.09804E-1);
#78=COLOUR_RGB('',6.70588E-1,1.21569E-1,1.09804E-1);
#79=COLOUR_RGB('',6.78431E-1,4.78431E-1,3.09804E-1);
#80=COLOUR_RGB('',6.8E-1,7.5E-1,1.E0);
#81=COLOUR_RGB('',6.952E-1,7.426E-1,7.9E-1);
#82=COLOUR_RGB('',7.09804E-1,7.0588E-2,2.E-1);
#83=COLOUR_RGB('',7.1E-1,3.1E-1,0.E0);
#84=COLOUR_RGB('',7.2E-1,7.2E-1,7.2E-1);
#85=COLOUR_RGB('',7.29412E-1,7.41176E-1,7.29412E-1);
#86=COLOUR_RGB('',7.41176E-1,7.29412E-1,6.70588E-1);
#87=COLOUR_RGB('',7.4E-1,1.E0,2.6E-1);
#88=COLOUR_RGB('',7.5E-1,3.E-2,0.E0);
#89=COLOUR_RGB('',7.4902E-1,8.90196E-1,7.29412E-1);
#90=COLOUR_RGB('',7.6E-1,0.E0,4.7E-1);
#91=COLOUR_RGB('',7.80392E-1,9.0196E-2,7.0588E-2);
#92=COLOUR_RGB('',7.88235E-1,2.19608E-1,5.4902E-1);
#93=COLOUR_RGB('',8.1E-1,4.E-2,0.E0);
#94=COLOUR_RGB('',8.1E-1,6.1E-1,0.E0);
#95=COLOUR_RGB('',8.2E-1,4.E-2,6.6E-1);
#96=COLOUR_RGB('',8.31373E-1,8.5098E-1,8.58824E-1);
#97=COLOUR_RGB('',8.5098E-1,7.29412E-1,5.4902E-1);
#98=COLOUR_RGB('',8.5E-1,8.5E-1,8.5E-1);
#99=COLOUR_RGB('',8.78431E-1,3.68627E-1,1.21569E-1);
#100=COLOUR_RGB('',8.784E-1,9.49E-1,1.E0);
#101=COLOUR_RGB('',8.90196E-1,5.88235E-1,1.41176E-1);
#102=COLOUR_RGB('',9.E-1,1.E0,0.E0);
#103=COLOUR_RGB('',9.09804E-1,6.11765E-1,7.09804E-1);
#104=COLOUR_RGB('',9.37E-1,7.85E-1,0.E0);
#105=COLOUR_RGB('',9.41176E-1,9.29412E-1,9.01961E-1);
#106=COLOUR_RGB('',9.5E-1,2.2E-1,8.1E-1);
#107=COLOUR_RGB('',9.6E-1,3.7E-1,3.E-1);
#108=COLOUR_RGB('',9.6E-1,7.1E-1,3.75E-1);
#109=COLOUR_RGB('',9.80392E-1,1.E0,1.E0);
#110=COLOUR_RGB('',9.88235E-1,1.09804E-1,7.8431E-2);
#111=COLOUR_RGB('',9.88235E-1,7.21569E-1,1.29412E-1);
#112=COLOUR_RGB('',9.88235E-1,9.21569E-1,8.E-1);
#113=DRAUGHTING_PRE_DEFINED_COLOUR('red');
#114=COLOUR_RGB('',1.E0,0.E0,6.1E-1);
#115=COLOUR_RGB('',1.E0,4.E-2,0.E0);
#116=COLOUR_RGB('',1.E0,2.3E-1,0.E0);
#117=COLOUR_RGB('',1.E0,3.5E-1,5.2E-1);
#118=COLOUR_RGB('',1.E0,3.6E-1,0.E0);
#119=COLOUR_RGB('',1.E0,3.88235E-1,2.11765E-1);
#120=COLOUR_RGB('',1.E0,4.9E-1,3.7E-1);
#121=COLOUR_RGB('',1.E0,5.E-1,0.E0);
#122=COLOUR_RGB('',1.E0,5.6E-1,7.8E-1);
#123=COLOUR_RGB('',1.E0,6.4E-1,4.9E-1);
#124=COLOUR_RGB('',1.E0,6.7E-1,0.E0);
#125=COLOUR_RGB('',1.E0,7.6E-1,6.5E-1);
#126=COLOUR_RGB('',1.E0,8.39216E-1,3.01961E-1);
#127=COLOUR_RGB('',1.E0,8.6E-1,4.E-2);
#128=COLOUR_RGB('',1.E0,9.60784E-1,2.58824E-1);
#129=COLOUR_RGB('',1.E0,9.60784E-1,8.90196E-1);
#130=COLOUR_RGB('',1.E0,9.8E-1,7.2E-1);
#131=DRAUGHTING_PRE_DEFINED_COLOUR('yellow');
#132=COLOUR_RGB('',1.E0,1.E0,3.9216E-2);
#133=DRAUGHTING_PRE_DEFINED_COLOUR('white');
#166=CIRCLE('',#165,3.175E0);
#179=CIRCLE('',#178,6.35E-1);
#188=CIRCLE('',#187,6.35E-1);
#201=CIRCLE('',#200,6.35E-1);
#210=CIRCLE('',#209,6.35E-1);
#227=CIRCLE('',#226,6.35E-1);
#236=CIRCLE('',#235,6.35E-1);
#249=CIRCLE('',#248,6.35E-1);
#258=CIRCLE('',#257,6.35E-1);
#307=CIRCLE('',#306,3.175E0);
#340=CIRCLE('',#339,1.5494E0);
#349=CIRCLE('',#348,1.5494E0);
#362=CIRCLE('',#361,3.81E-1);
#387=CIRCLE('',#386,3.81E-1);
#400=CIRCLE('',#399,1.5494E0);
#409=CIRCLE('',#408,1.5494E0);
#446=CIRCLE('',#445,1.5494E0);
#479=CIRCLE('',#478,1.5494E0);
#496=CIRCLE('',#495,1.5494E0);
#509=CIRCLE('',#508,3.81E-1);
#526=CIRCLE('',#525,3.81E-1);
#539=CIRCLE('',#538,1.5494E0);
#556=CIRCLE('',#555,1.5494E0);
#573=CIRCLE('',#572,1.5494E0);
#661=B_SPLINE_CURVE_WITH_KNOTS('',3,(#638,#639,#640,#641,#642,#643,#644,#645,
#646,#647,#648,#649,#650,#651,#652,#653,#654,#655,#656,#657,#658,#659,#660),
.UNSPECIFIED.,.F.,.F.,(4,1,1,1,1,1,1,1,1,1,1,1,1,1,1,1,1,1,1,1,4),(0.E0,5.E-2,
1.E-1,1.5E-1,2.E-1,2.5E-1,3.E-1,3.5E-1,4.E-1,4.5E-1,5.E-1,5.5E-1,6.E-1,6.5E-1,
7.E-1,7.5E-1,8.E-1,8.5E-1,9.E-1,9.5E-1,1.E0),.UNSPECIFIED.);
#666=CIRCLE('',#665,3.81E-1);
#683=CIRCLE('',#682,3.81E-1);
#1288=B_SPLINE_CURVE_WITH_KNOTS('',3,(#1264,#1265,#1266,#1267,#1268,#1269,#1270,
#1271,#1272,#1273,#1274,#1275,#1276,#1277,#1278,#1279,#1280,#1281,#1282,#1283,
#1284,#1285,#1286,#1287),.UNSPECIFIED.,.F.,.F.,(4,1,1,1,1,1,1,1,1,1,1,1,1,1,1,1,
1,1,1,1,1,4),(0.E0,4.761904761905E-2,9.523809523810E-2,1.428571428571E-1,
1.904761904762E-1,2.380952380952E-1,2.857142857143E-1,3.333333333333E-1,
3.809523809524E-1,4.285714285714E-1,4.761904761905E-1,5.238095238095E-1,
5.714285714286E-1,6.190476190476E-1,6.666666666667E-1,7.142857142857E-1,
7.619047619048E-1,8.095238095238E-1,8.571428571429E-1,9.047619047619E-1,
9.523809523810E-1,1.E0),.UNSPECIFIED.);
#1293=CIRCLE('',#1292,1.5494E0);
#1298=CIRCLE('',#1297,1.5494E0);
#1307=CIRCLE('',#1306,1.5494E0);
#1312=B_SPLINE_CURVE_WITH_KNOTS('',3,(#1308,#1309,#1310,#1311),.UNSPECIFIED.,
.F.,.F.,(4,4),(0.E0,1.E0),.UNSPECIFIED.);
#1319=B_SPLINE_CURVE_WITH_KNOTS('',3,(#1313,#1314,#1315,#1316,#1317,#1318),
.UNSPECIFIED.,.F.,.F.,(4,1,1,4),(0.E0,3.333333333333E-1,6.666666666667E-1,1.E0),
.UNSPECIFIED.);
#1332=CIRCLE('',#1331,8.677204593707E-1);
#1341=CIRCLE('',#1340,8.677204593707E-1);
#1350=CIRCLE('',#1349,8.677204593707E-1);
#1359=CIRCLE('',#1358,8.677204593707E-1);
#1368=B_SPLINE_CURVE_WITH_KNOTS('',3,(#1364,#1365,#1366,#1367),.UNSPECIFIED.,
.F.,.F.,(4,4),(0.E0,1.E0),.UNSPECIFIED.);
#1375=B_SPLINE_CURVE_WITH_KNOTS('',3,(#1369,#1370,#1371,#1372,#1373,#1374),
.UNSPECIFIED.,.F.,.F.,(4,1,1,4),(0.E0,3.333333333333E-1,6.666666666667E-1,1.E0),
.UNSPECIFIED.);
#1380=B_SPLINE_CURVE_WITH_KNOTS('',3,(#1376,#1377,#1378,#1379),.UNSPECIFIED.,
.F.,.F.,(4,4),(0.E0,1.E0),.UNSPECIFIED.);
#1385=B_SPLINE_CURVE_WITH_KNOTS('',3,(#1381,#1382,#1383,#1384),.UNSPECIFIED.,
.F.,.F.,(4,4),(0.E0,1.E0),.UNSPECIFIED.);
#1392=B_SPLINE_CURVE_WITH_KNOTS('',3,(#1386,#1387,#1388,#1389,#1390,#1391),
.UNSPECIFIED.,.F.,.F.,(4,1,1,4),(0.E0,3.333333333333E-1,6.666666666667E-1,1.E0),
.UNSPECIFIED.);
#1411=B_SPLINE_CURVE_WITH_KNOTS('',3,(#1405,#1406,#1407,#1408,#1409,#1410),
.UNSPECIFIED.,.F.,.F.,(4,1,1,4),(0.E0,3.333333333333E-1,6.666666666667E-1,1.E0),
.UNSPECIFIED.);
#1458=B_SPLINE_CURVE_WITH_KNOTS('',3,(#1452,#1453,#1454,#1455,#1456,#1457),
.UNSPECIFIED.,.F.,.F.,(4,1,1,4),(0.E0,3.333333333333E-1,6.666666666667E-1,1.E0),
.UNSPECIFIED.);
#1471=B_SPLINE_CURVE_WITH_KNOTS('',3,(#1467,#1468,#1469,#1470),.UNSPECIFIED.,
.F.,.F.,(4,4),(0.E0,1.E0),.UNSPECIFIED.);
#1478=B_SPLINE_CURVE_WITH_KNOTS('',3,(#1472,#1473,#1474,#1475,#1476,#1477),
.UNSPECIFIED.,.F.,.F.,(4,1,1,4),(0.E0,3.333333333333E-1,6.666666666667E-1,1.E0),
.UNSPECIFIED.);
#1483=CIRCLE('',#1482,1.5494E0);
#1492=CIRCLE('',#1491,1.5494E0);
#1497=CIRCLE('',#1496,1.5494E0);
#1534=B_SPLINE_CURVE_WITH_KNOTS('',3,(#1530,#1531,#1532,#1533),.UNSPECIFIED.,
.F.,.F.,(4,4),(0.E0,1.E0),.UNSPECIFIED.);
#1541=B_SPLINE_CURVE_WITH_KNOTS('',3,(#1535,#1536,#1537,#1538,#1539,#1540),
.UNSPECIFIED.,.F.,.F.,(4,1,1,4),(0.E0,3.333333333333E-1,6.666666666667E-1,1.E0),
.UNSPECIFIED.);
#1546=B_SPLINE_CURVE_WITH_KNOTS('',3,(#1542,#1543,#1544,#1545),.UNSPECIFIED.,
.F.,.F.,(4,4),(0.E0,1.E0),.UNSPECIFIED.);
#1551=B_SPLINE_CURVE_WITH_KNOTS('',3,(#1547,#1548,#1549,#1550),.UNSPECIFIED.,
.F.,.F.,(4,4),(0.E0,1.E0),.UNSPECIFIED.);
#1558=B_SPLINE_CURVE_WITH_KNOTS('',3,(#1552,#1553,#1554,#1555,#1556,#1557),
.UNSPECIFIED.,.F.,.F.,(4,1,1,4),(0.E0,3.333333333333E-1,6.666666666667E-1,1.E0),
.UNSPECIFIED.);
#1563=CIRCLE('',#1562,1.5494E0);
#1568=CIRCLE('',#1567,1.5494E0);
#1577=CIRCLE('',#1576,1.5494E0);
#1582=B_SPLINE_CURVE_WITH_KNOTS('',3,(#1578,#1579,#1580,#1581),.UNSPECIFIED.,
.F.,.F.,(4,4),(0.E0,1.E0),.UNSPECIFIED.);
#1589=B_SPLINE_CURVE_WITH_KNOTS('',3,(#1583,#1584,#1585,#1586,#1587,#1588),
.UNSPECIFIED.,.F.,.F.,(4,1,1,4),(0.E0,3.333333333333E-1,6.666666666667E-1,1.E0),
.UNSPECIFIED.);
#1594=CIRCLE('',#1593,1.4732E0);
#1603=CIRCLE('',#1602,1.4732E0);
#1608=CIRCLE('',#1607,1.4732E0);
#1613=CIRCLE('',#1612,1.4732E0);
#1618=CIRCLE('',#1617,1.4732E0);
#1623=CIRCLE('',#1622,1.4732E0);
#1632=B_SPLINE_CURVE_WITH_KNOTS('',3,(#1628,#1629,#1630,#1631),.UNSPECIFIED.,
.F.,.F.,(4,4),(0.E0,1.E0),.UNSPECIFIED.);
#1639=B_SPLINE_CURVE_WITH_KNOTS('',3,(#1633,#1634,#1635,#1636,#1637,#1638),
.UNSPECIFIED.,.F.,.F.,(4,1,1,4),(0.E0,3.333333333333E-1,6.666666666667E-1,1.E0),
.UNSPECIFIED.);
#1644=B_SPLINE_CURVE_WITH_KNOTS('',3,(#1640,#1641,#1642,#1643),.UNSPECIFIED.,
.F.,.F.,(4,4),(0.E0,1.E0),.UNSPECIFIED.);
#1649=B_SPLINE_CURVE_WITH_KNOTS('',3,(#1645,#1646,#1647,#1648),.UNSPECIFIED.,
.F.,.F.,(4,4),(0.E0,1.E0),.UNSPECIFIED.);
#1656=B_SPLINE_CURVE_WITH_KNOTS('',3,(#1650,#1651,#1652,#1653,#1654,#1655),
.UNSPECIFIED.,.F.,.F.,(4,1,1,4),(0.E0,3.333333333333E-1,6.666666666667E-1,1.E0),
.UNSPECIFIED.);
#1675=B_SPLINE_CURVE_WITH_KNOTS('',3,(#1669,#1670,#1671,#1672,#1673,#1674),
.UNSPECIFIED.,.F.,.F.,(4,1,1,4),(0.E0,3.333333333333E-1,6.666666666667E-1,1.E0),
.UNSPECIFIED.);
#1750=B_SPLINE_CURVE_WITH_KNOTS('',3,(#1744,#1745,#1746,#1747,#1748,#1749),
.UNSPECIFIED.,.F.,.F.,(4,1,1,4),(0.E0,3.333333333333E-1,6.666666666667E-1,1.E0),
.UNSPECIFIED.);
#1763=B_SPLINE_CURVE_WITH_KNOTS('',3,(#1759,#1760,#1761,#1762),.UNSPECIFIED.,
.F.,.F.,(4,4),(0.E0,1.E0),.UNSPECIFIED.);
#1770=B_SPLINE_CURVE_WITH_KNOTS('',3,(#1764,#1765,#1766,#1767,#1768,#1769),
.UNSPECIFIED.,.F.,.F.,(4,1,1,4),(0.E0,3.333333333333E-1,6.666666666667E-1,1.E0),
.UNSPECIFIED.);
#1775=B_SPLINE_CURVE_WITH_KNOTS('',3,(#1771,#1772,#1773,#1774),.UNSPECIFIED.,
.F.,.F.,(4,4),(0.E0,1.E0),.UNSPECIFIED.);
#1780=B_SPLINE_CURVE_WITH_KNOTS('',3,(#1776,#1777,#1778,#1779),.UNSPECIFIED.,
.F.,.F.,(4,4),(0.E0,1.E0),.UNSPECIFIED.);
#1787=B_SPLINE_CURVE_WITH_KNOTS('',3,(#1781,#1782,#1783,#1784,#1785,#1786),
.UNSPECIFIED.,.F.,.F.,(4,1,1,4),(0.E0,3.333333333333E-1,6.666666666667E-1,1.E0),
.UNSPECIFIED.);
#1792=CIRCLE('',#1791,1.5494E0);
#1797=CIRCLE('',#1796,1.5494E0);
#1806=CIRCLE('',#1805,1.5494E0);
#1815=B_SPLINE_CURVE_WITH_KNOTS('',3,(#1811,#1812,#1813,#1814),.UNSPECIFIED.,
.F.,.F.,(4,4),(0.E0,1.E0),.UNSPECIFIED.);
#1822=B_SPLINE_CURVE_WITH_KNOTS('',3,(#1816,#1817,#1818,#1819,#1820,#1821),
.UNSPECIFIED.,.F.,.F.,(4,1,1,4),(0.E0,3.333333333333E-1,6.666666666667E-1,1.E0),
.UNSPECIFIED.);
#1827=CIRCLE('',#1826,1.4732E0);
#1836=CIRCLE('',#1835,1.4732E0);
#1877=CIRCLE('',#1876,7.62E-1);
#1886=CIRCLE('',#1885,7.62E-1);
#2593=EDGE_CURVE('',#2065,#2038,#670,.T.);
#2595=EDGE_CURVE('',#2065,#2066,#454,.T.);
#2597=EDGE_CURVE('',#2096,#2066,#417,.T.);
#2599=EDGE_CURVE('',#2096,#2048,#153,.T.);
#2601=EDGE_CURVE('',#2048,#2033,#157,.T.);
#2603=EDGE_CURVE('',#2033,#2034,#161,.T.);
#2605=EDGE_CURVE('',#2034,#2037,#166,.T.);
#2607=EDGE_CURVE('',#2037,#2038,#170,.T.);
#2611=EDGE_CURVE('',#2409,#2410,#137,.T.);
#2613=EDGE_CURVE('',#2413,#2409,#141,.T.);
#2615=EDGE_CURVE('',#2413,#2414,#145,.T.);
#2617=EDGE_CURVE('',#2414,#2410,#149,.T.);
#2621=ADVANCED_FACE('',(#2610,#2620),#2592,.F.);
#2628=EDGE_CURVE('',#2426,#2410,#174,.T.);
#2630=EDGE_CURVE('',#2394,#2426,#179,.T.);
#2632=EDGE_CURVE('',#2393,#2394,#183,.T.);
#2634=EDGE_CURVE('',#2424,#2393,#188,.T.);
#2636=EDGE_CURVE('',#2409,#2424,#192,.T.);
#2640=ADVANCED_FACE('',(#2639),#2626,.T.);
#2646=EDGE_CURVE('',#2417,#2418,#278,.T.);
#2648=EDGE_CURVE('',#2430,#2417,#196,.T.);
#2650=EDGE_CURVE('',#2398,#2430,#201,.T.);
#2652=EDGE_CURVE('',#2397,#2398,#205,.T.);
#2654=EDGE_CURVE('',#2428,#2397,#210,.T.);
#2656=EDGE_CURVE('',#2418,#2428,#214,.T.);
#2660=ADVANCED_FACE('',(#2659),#2645,.T.);
#2667=EDGE_CURVE('',#2434,#2414,#240,.T.);
#2669=EDGE_CURVE('',#2426,#2434,#218,.T.);
#2674=ADVANCED_FACE('',(#2673),#2665,.T.);
#2681=EDGE_CURVE('',#2413,#2432,#222,.T.);
#2683=EDGE_CURVE('',#2432,#2401,#227,.T.);
#2685=EDGE_CURVE('',#2401,#2402,#231,.T.);
#2687=EDGE_CURVE('',#2402,#2434,#236,.T.);
#2692=ADVANCED_FACE('',(#2691),#2679,.F.);
#2698=EDGE_CURVE('',#2421,#2422,#286,.T.);
#2700=EDGE_CURVE('',#2422,#2436,#244,.T.);
#2702=EDGE_CURVE('',#2436,#2405,#249,.T.);
#2704=EDGE_CURVE('',#2405,#2406,#253,.T.);
#2706=EDGE_CURVE('',#2406,#2438,#258,.T.);
#2708=EDGE_CURVE('',#2438,#2421,#262,.T.);
#2712=ADVANCED_FACE('',(#2711),#2697,.F.);
#2720=EDGE_CURVE('',#2424,#2432,#266,.T.);
#2725=ADVANCED_FACE('',(#2724),#2717,.T.);
#2732=EDGE_CURVE('',#2393,#2401,#270,.T.);
#2738=ADVANCED_FACE('',(#2737),#2730,.T.);
#2745=EDGE_CURVE('',#2394,#2402,#274,.T.);
#2751=ADVANCED_FACE('',(#2750),#2743,.T.);
#2763=ADVANCED_FACE('',(#2762),#2756,.T.);
#2769=EDGE_CURVE('',#2098,#2050,#294,.T.);
#2771=EDGE_CURVE('',#2098,#2081,#298,.T.);
#2773=EDGE_CURVE('',#2081,#2082,#470,.T.);
#2775=EDGE_CURVE('',#2046,#2082,#678,.T.);
#2777=EDGE_CURVE('',#2045,#2046,#302,.T.);
#2779=EDGE_CURVE('',#2042,#2045,#307,.T.);
#2781=EDGE_CURVE('',#2041,#2042,#311,.T.);
#2783=EDGE_CURVE('',#2050,#2041,#315,.T.);
#2788=EDGE_CURVE('',#2422,#2418,#282,.T.);
#2791=EDGE_CURVE('',#2421,#2417,#290,.T.);
#2795=ADVANCED_FACE('',(#2786,#2794),#2768,.T.);
#2803=EDGE_CURVE('',#2428,#2436,#319,.T.);
#2808=ADVANCED_FACE('',(#2807),#2800,.T.);
#2815=EDGE_CURVE('',#2397,#2405,#323,.T.);
#2821=ADVANCED_FACE('',(#2820),#2813,.T.);
#2828=EDGE_CURVE('',#2398,#2406,#327,.T.);
#2834=ADVANCED_FACE('',(#2833),#2826,.T.);
#2841=EDGE_CURVE('',#2430,#2438,#331,.T.);
#2847=ADVANCED_FACE('',(#2846),#2839,.T.);
#2859=ADVANCED_FACE('',(#2858),#2852,.T.);
#2865=EDGE_CURVE('',#2096,#2116,#335,.T.);
#2867=EDGE_CURVE('',#2116,#2461,#340,.T.);
#2869=EDGE_CURVE('',#2461,#2462,#344,.T.);
#2871=EDGE_CURVE('',#2462,#2118,#349,.T.);
#2873=EDGE_CURVE('',#2118,#2085,#353,.T.);
#2875=EDGE_CURVE('',#2085,#2086,#357,.T.);
#2877=EDGE_CURVE('',#2088,#2086,#362,.T.);
#2879=EDGE_CURVE('',#2088,#2056,#366,.T.);
#2881=EDGE_CURVE('',#2056,#2053,#370,.T.);
#2883=EDGE_CURVE('',#2053,#2054,#374,.T.);
#2885=EDGE_CURVE('',#2100,#2054,#378,.T.);
#2887=EDGE_CURVE('',#2100,#2092,#382,.T.);
#2889=EDGE_CURVE('',#2091,#2092,#387,.T.);
#2891=EDGE_CURVE('',#2091,#2094,#391,.T.);
#2893=EDGE_CURVE('',#2094,#2120,#395,.T.);
#2895=EDGE_CURVE('',#2120,#2442,#400,.T.);
#2897=EDGE_CURVE('',#2442,#2440,#404,.T.);
#2899=EDGE_CURVE('',#2440,#2122,#409,.T.);
#2901=EDGE_CURVE('',#2122,#2098,#413,.T.);
#2904=EDGE_CURVE('',#2048,#2050,#699,.T.);
#2909=ADVANCED_FACE('',(#2908),#2864,.T.);
#2917=EDGE_CURVE('',#2066,#2128,#450,.T.);
#2919=EDGE_CURVE('',#2116,#2128,#421,.T.);
#2923=ADVANCED_FACE('',(#2922),#2914,.T.);
#2930=EDGE_CURVE('',#2118,#2136,#425,.T.);
#2932=EDGE_CURVE('',#2136,#2069,#534,.T.);
#2934=EDGE_CURVE('',#2085,#2069,#1902,.T.);
#2938=ADVANCED_FACE('',(#2937),#2928,.T.);
#2945=EDGE_CURVE('',#2094,#2078,#429,.T.);
#2947=EDGE_CURVE('',#2078,#2130,#500,.T.);
#2949=EDGE_CURVE('',#2120,#2130,#433,.T.);
#2953=ADVANCED_FACE('',(#2952),#2943,.T.);
#2960=EDGE_CURVE('',#2122,#2138,#437,.T.);
#2962=EDGE_CURVE('',#2138,#2081,#474,.T.);
#2967=ADVANCED_FACE('',(#2966),#2958,.T.);
#2973=EDGE_CURVE('',#2113,#2126,#441,.T.);
#2975=EDGE_CURVE('',#2126,#2128,#446,.T.);
#2979=EDGE_CURVE('',#2113,#2065,#458,.T.);
#2983=ADVANCED_FACE('',(#2982),#2972,.T.);
#2989=EDGE_CURVE('',#2132,#2108,#462,.T.);
#2991=EDGE_CURVE('',#2082,#2108,#466,.T.);
#2995=EDGE_CURVE('',#2138,#2132,#479,.T.);
#2999=ADVANCED_FACE('',(#2998),#2988,.T.);
#3005=EDGE_CURVE('',#2444,#2521,#483,.T.);
#3007=EDGE_CURVE('',#2521,#2530,#1683,.T.);
#3009=EDGE_CURVE('',#2534,#2530,#1735,.T.);
#3011=EDGE_CURVE('',#2525,#2534,#487,.T.);
#3013=EDGE_CURVE('',#2525,#2446,#491,.T.);
#3015=EDGE_CURVE('',#2446,#2130,#496,.T.);
#3018=EDGE_CURVE('',#2076,#2078,#504,.T.);
#3020=EDGE_CURVE('',#2075,#2076,#509,.T.);
#3022=EDGE_CURVE('',#2104,#2075,#513,.T.);
#3024=EDGE_CURVE('',#2059,#2104,#517,.T.);
#3026=EDGE_CURVE('',#2072,#2059,#521,.T.);
#3028=EDGE_CURVE('',#2070,#2072,#526,.T.);
#3030=EDGE_CURVE('',#2069,#2070,#530,.T.);
#3033=EDGE_CURVE('',#2136,#2456,#539,.T.);
#3035=EDGE_CURVE('',#2456,#2545,#543,.T.);
#3037=EDGE_CURVE('',#2545,#2538,#1419,.T.);
#3039=EDGE_CURVE('',#2537,#2538,#1423,.T.);
#3041=EDGE_CURVE('',#2549,#2537,#547,.T.);
#3043=EDGE_CURVE('',#2549,#2458,#551,.T.);
#3045=EDGE_CURVE('',#2458,#2134,#556,.T.);
#3047=EDGE_CURVE('',#2134,#2114,#560,.T.);
#3049=EDGE_CURVE('',#2110,#2114,#564,.T.);
#3051=EDGE_CURVE('',#2124,#2110,#568,.T.);
#3053=EDGE_CURVE('',#2124,#2444,#573,.T.);
#3057=EDGE_CURVE('',#2265,#2266,#577,.T.);
#3059=EDGE_CURVE('',#2266,#2268,#581,.T.);
#3061=EDGE_CURVE('',#2268,#2270,#585,.T.);
#3063=EDGE_CURVE('',#2270,#2265,#589,.T.);
#3067=EDGE_CURVE('',#2289,#2290,#593,.T.);
#3069=EDGE_CURVE('',#2290,#2292,#597,.T.);
#3071=EDGE_CURVE('',#2292,#2294,#601,.T.);
#3073=EDGE_CURVE('',#2294,#2289,#605,.T.);
#3077=EDGE_CURVE('',#2297,#2298,#609,.T.);
#3079=EDGE_CURVE('',#2298,#2300,#613,.T.);
#3081=EDGE_CURVE('',#2300,#2302,#617,.T.);
#3083=EDGE_CURVE('',#2302,#2297,#621,.T.);
#3087=EDGE_CURVE('',#2369,#2370,#625,.T.);
#3089=EDGE_CURVE('',#2370,#2372,#629,.T.);
#3091=EDGE_CURVE('',#2372,#2374,#633,.T.);
#3093=EDGE_CURVE('',#2374,#2369,#637,.T.);
#3097=ADVANCED_FACE('',(#3056,#3066,#3076,#3086,#3096),#3004,.T.);
#3104=EDGE_CURVE('',#2113,#2114,#666,.T.);
#3107=EDGE_CURVE('',#2134,#2126,#661,.T.);
#3111=ADVANCED_FACE('',(#3110),#3102,.T.);
#3121=EDGE_CURVE('',#2038,#2046,#674,.T.);
#3125=EDGE_CURVE('',#2110,#2108,#683,.T.);
#3129=ADVANCED_FACE('',(#3128),#3116,.T.);
#3136=EDGE_CURVE('',#2037,#2045,#687,.T.);
#3142=ADVANCED_FACE('',(#3141),#3134,.T.);
#3149=EDGE_CURVE('',#2034,#2042,#691,.T.);
#3155=ADVANCED_FACE('',(#3154),#3147,.T.);
#3162=EDGE_CURVE('',#2033,#2041,#695,.T.);
#3168=ADVANCED_FACE('',(#3167),#3160,.T.);
#3180=EDGE_CURVE('',#2175,#2250,#783,.T.);
#3182=EDGE_CURVE('',#2175,#2176,#703,.T.);
#3184=EDGE_CURVE('',#2176,#2224,#707,.T.);
#3186=EDGE_CURVE('',#2224,#2203,#711,.T.);
#3188=EDGE_CURVE('',#2203,#2204,#715,.T.);
#3190=EDGE_CURVE('',#2204,#2206,#719,.T.);
#3192=EDGE_CURVE('',#2206,#2208,#723,.T.);
#3194=EDGE_CURVE('',#2208,#2210,#727,.T.);
#3196=EDGE_CURVE('',#2210,#2167,#731,.T.);
#3198=EDGE_CURVE('',#2167,#2168,#735,.T.);
#3200=EDGE_CURVE('',#2179,#2168,#1099,.T.);
#3202=EDGE_CURVE('',#2179,#2180,#739,.T.);
#3204=EDGE_CURVE('',#2171,#2180,#1115,.T.);
#3206=EDGE_CURVE('',#2171,#2172,#743,.T.);
#3208=EDGE_CURVE('',#2172,#2213,#747,.T.);
#3210=EDGE_CURVE('',#2213,#2214,#751,.T.);
#3212=EDGE_CURVE('',#2214,#2216,#755,.T.);
#3214=EDGE_CURVE('',#2216,#2218,#759,.T.);
#3216=EDGE_CURVE('',#2218,#2220,#763,.T.);
#3218=EDGE_CURVE('',#2220,#2222,#767,.T.);
#3220=EDGE_CURVE('',#2222,#2242,#771,.T.);
#3222=EDGE_CURVE('',#2242,#2310,#775,.T.);
#3224=EDGE_CURVE('',#2249,#2310,#799,.T.);
#3226=EDGE_CURVE('',#2249,#2250,#779,.T.);
#3230=ADVANCED_FACE('',(#3179,#3229),#3173,.T.);
#3237=EDGE_CURVE('',#2250,#2246,#787,.T.);
#3239=EDGE_CURVE('',#2246,#2252,#879,.T.);
#3241=EDGE_CURVE('',#2252,#2308,#791,.T.);
#3243=EDGE_CURVE('',#2308,#2164,#899,.T.);
#3245=EDGE_CURVE('',#2175,#2164,#1199,.T.);
#3249=ADVANCED_FACE('',(#3248),#3235,.F.);
#3256=EDGE_CURVE('',#2249,#2245,#795,.T.);
#3258=EDGE_CURVE('',#2245,#2246,#883,.T.);
#3263=ADVANCED_FACE('',(#3262),#3254,.F.);
#3269=EDGE_CURVE('',#2254,#2306,#811,.T.);
#3271=EDGE_CURVE('',#2254,#2245,#887,.T.);
#3275=EDGE_CURVE('',#2310,#2304,#803,.T.);
#3277=EDGE_CURVE('',#2304,#2306,#907,.T.);
#3281=ADVANCED_FACE('',(#3280),#3268,.F.);
#3287=EDGE_CURVE('',#2254,#2252,#807,.T.);
#3290=EDGE_CURVE('',#2306,#2308,#903,.T.);
#3295=EDGE_CURVE('',#2321,#2322,#815,.T.);
#3297=EDGE_CURVE('',#2322,#2326,#819,.T.);
#3299=EDGE_CURVE('',#2325,#2326,#823,.T.);
#3301=EDGE_CURVE('',#2321,#2325,#827,.T.);
#3305=EDGE_CURVE('',#2337,#2338,#831,.T.);
#3307=EDGE_CURVE('',#2338,#2342,#835,.T.);
#3309=EDGE_CURVE('',#2341,#2342,#839,.T.);
#3311=EDGE_CURVE('',#2337,#2341,#843,.T.);
#3315=EDGE_CURVE('',#2353,#2354,#847,.T.);
#3317=EDGE_CURVE('',#2354,#2358,#851,.T.);
#3319=EDGE_CURVE('',#2357,#2358,#855,.T.);
#3321=EDGE_CURVE('',#2353,#2357,#859,.T.);
#3325=EDGE_CURVE('',#2385,#2386,#863,.T.);
#3327=EDGE_CURVE('',#2386,#2390,#867,.T.);
#3329=EDGE_CURVE('',#2389,#2390,#871,.T.);
#3331=EDGE_CURVE('',#2385,#2389,#875,.T.);
#3335=ADVANCED_FACE('',(#3294,#3304,#3314,#3324,#3334),#3286,.F.);
#3347=ADVANCED_FACE('',(#3346),#3340,.T.);
#3353=EDGE_CURVE('',#2141,#2142,#891,.T.);
#3355=EDGE_CURVE('',#2164,#2141,#895,.T.);
#3360=EDGE_CURVE('',#2162,#2304,#911,.T.);
#3362=EDGE_CURVE('',#2160,#2162,#915,.T.);
#3364=EDGE_CURVE('',#2158,#2160,#919,.T.);
#3366=EDGE_CURVE('',#2156,#2158,#923,.T.);
#3368=EDGE_CURVE('',#2154,#2156,#927,.T.);
#3370=EDGE_CURVE('',#2152,#2154,#931,.T.);
#3372=EDGE_CURVE('',#2150,#2152,#935,.T.);
#3374=EDGE_CURVE('',#2148,#2150,#939,.T.);
#3376=EDGE_CURVE('',#2146,#2148,#943,.T.);
#3378=EDGE_CURVE('',#2144,#2146,#947,.T.);
#3380=EDGE_CURVE('',#2142,#2144,#951,.T.);
#3384=EDGE_CURVE('',#2313,#2314,#955,.T.);
#3386=EDGE_CURVE('',#2313,#2317,#959,.T.);
#3388=EDGE_CURVE('',#2317,#2318,#963,.T.);
#3390=EDGE_CURVE('',#2314,#2318,#967,.T.);
#3394=EDGE_CURVE('',#2329,#2330,#971,.T.);
#3396=EDGE_CURVE('',#2329,#2333,#975,.T.);
#3398=EDGE_CURVE('',#2333,#2334,#979,.T.);
#3400=EDGE_CURVE('',#2330,#2334,#983,.T.);
#3404=EDGE_CURVE('',#2345,#2346,#987,.T.);
#3406=EDGE_CURVE('',#2345,#2349,#991,.T.);
#3408=EDGE_CURVE('',#2349,#2350,#995,.T.);
#3410=EDGE_CURVE('',#2346,#2350,#999,.T.);
#3414=EDGE_CURVE('',#2377,#2378,#1003,.T.);
#3416=EDGE_CURVE('',#2377,#2381,#1007,.T.);
#3418=EDGE_CURVE('',#2381,#2382,#1011,.T.);
#3420=EDGE_CURVE('',#2378,#2382,#1015,.T.);
#3424=ADVANCED_FACE('',(#3383,#3393,#3403,#3413,#3423),#3352,.T.);
#3430=EDGE_CURVE('',#2227,#2228,#1019,.T.);
#3432=EDGE_CURVE('',#2224,#2228,#1023,.T.);
#3435=EDGE_CURVE('',#2176,#2141,#1027,.T.);
#3438=EDGE_CURVE('',#2227,#2142,#1075,.T.);
#3442=ADVANCED_FACE('',(#3441),#3429,.F.);
#3449=EDGE_CURVE('',#2227,#2230,#1071,.T.);
#3451=EDGE_CURVE('',#2230,#2232,#1079,.T.);
#3453=EDGE_CURVE('',#2192,#2232,#1031,.T.);
#3455=EDGE_CURVE('',#2190,#2192,#1035,.T.);
#3457=EDGE_CURVE('',#2188,#2190,#1039,.T.);
#3459=EDGE_CURVE('',#2187,#2188,#1043,.T.);
#3461=EDGE_CURVE('',#2228,#2187,#1047,.T.);
#3465=ADVANCED_FACE('',(#3464),#3447,.T.);
#3471=EDGE_CURVE('',#2235,#2236,#1131,.T.);
#3473=EDGE_CURVE('',#2235,#2238,#1187,.T.);
#3475=EDGE_CURVE('',#2238,#2240,#1175,.T.);
#3477=EDGE_CURVE('',#2200,#2240,#1051,.T.);
#3479=EDGE_CURVE('',#2198,#2200,#1055,.T.);
#3481=EDGE_CURVE('',#2196,#2198,#1059,.T.);
#3483=EDGE_CURVE('',#2195,#2196,#1063,.T.);
#3485=EDGE_CURVE('',#2236,#2195,#1067,.T.);
#3489=ADVANCED_FACE('',(#3488),#3470,.T.);
#3498=EDGE_CURVE('',#2230,#2144,#1083,.T.);
#3502=ADVANCED_FACE('',(#3501),#3494,.F.);
#3511=EDGE_CURVE('',#2167,#2146,#1091,.T.);
#3514=EDGE_CURVE('',#2210,#2232,#1087,.T.);
#3518=ADVANCED_FACE('',(#3517),#3507,.F.);
#3527=EDGE_CURVE('',#2168,#2148,#1103,.T.);
#3531=ADVANCED_FACE('',(#3530),#3523,.F.);
#3537=EDGE_CURVE('',#2183,#2150,#1111,.T.);
#3539=EDGE_CURVE('',#2179,#2183,#1095,.T.);
#3546=ADVANCED_FACE('',(#3545),#3536,.F.);
#3552=EDGE_CURVE('',#2183,#2184,#1107,.T.);
#3556=EDGE_CURVE('',#2184,#2152,#1123,.T.);
#3560=ADVANCED_FACE('',(#3559),#3551,.F.);
#3569=EDGE_CURVE('',#2180,#2184,#1119,.T.);
#3573=ADVANCED_FACE('',(#3572),#3565,.F.);
#3583=EDGE_CURVE('',#2171,#2154,#1127,.T.);
#3587=ADVANCED_FACE('',(#3586),#3578,.F.);
#3596=EDGE_CURVE('',#2172,#2156,#1139,.T.);
#3600=ADVANCED_FACE('',(#3599),#3592,.F.);
#3607=EDGE_CURVE('',#2213,#2236,#1135,.T.);
#3612=EDGE_CURVE('',#2235,#2158,#1191,.T.);
#3616=ADVANCED_FACE('',(#3615),#3605,.F.);
#3623=EDGE_CURVE('',#2208,#2192,#1143,.T.);
#3629=ADVANCED_FACE('',(#3628),#3621,.F.);
#3638=EDGE_CURVE('',#2214,#2195,#1171,.T.);
#3642=ADVANCED_FACE('',(#3641),#3634,.F.);
#3649=EDGE_CURVE('',#2206,#2190,#1147,.T.);
#3655=ADVANCED_FACE('',(#3654),#3647,.F.);
#3662=EDGE_CURVE('',#2204,#2188,#1151,.T.);
#3668=ADVANCED_FACE('',(#3667),#3660,.F.);
#3675=EDGE_CURVE('',#2203,#2187,#1155,.T.);
#3681=ADVANCED_FACE('',(#3680),#3673,.F.);
#3688=EDGE_CURVE('',#2220,#2200,#1159,.T.);
#3691=EDGE_CURVE('',#2222,#2240,#1183,.T.);
#3695=ADVANCED_FACE('',(#3694),#3686,.F.);
#3707=ADVANCED_FACE('',(#3706),#3700,.F.);
#3714=EDGE_CURVE('',#2218,#2198,#1163,.T.);
#3720=ADVANCED_FACE('',(#3719),#3712,.F.);
#3727=EDGE_CURVE('',#2216,#2196,#1167,.T.);
#3733=ADVANCED_FACE('',(#3732),#3725,.F.);
#3745=ADVANCED_FACE('',(#3744),#3738,.F.);
#3752=EDGE_CURVE('',#2238,#2160,#1179,.T.);
#3755=EDGE_CURVE('',#2242,#2162,#1195,.T.);
#3761=ADVANCED_FACE('',(#3760),#3750,.F.);
#3773=ADVANCED_FACE('',(#3772),#3766,.F.);
#3785=ADVANCED_FACE('',(#3784),#3778,.F.);
#3797=ADVANCED_FACE('',(#3796),#3790,.F.);
#3804=EDGE_CURVE('',#2314,#2322,#1203,.T.);
#3807=EDGE_CURVE('',#2321,#2313,#1207,.T.);
#3811=ADVANCED_FACE('',(#3810),#3802,.F.);
#3818=EDGE_CURVE('',#2318,#2326,#1215,.T.);
#3824=ADVANCED_FACE('',(#3823),#3816,.T.);
#3831=EDGE_CURVE('',#2325,#2317,#1211,.T.);
#3837=ADVANCED_FACE('',(#3836),#3829,.T.);
#3849=ADVANCED_FACE('',(#3848),#3842,.T.);
#3856=EDGE_CURVE('',#2330,#2338,#1219,.T.);
#3859=EDGE_CURVE('',#2337,#2329,#1223,.T.);
#3863=ADVANCED_FACE('',(#3862),#3854,.F.);
#3870=EDGE_CURVE('',#2334,#2342,#1231,.T.);
#3876=ADVANCED_FACE('',(#3875),#3868,.T.);
#3883=EDGE_CURVE('',#2341,#2333,#1227,.T.);
#3889=ADVANCED_FACE('',(#3888),#3881,.T.);
#3901=ADVANCED_FACE('',(#3900),#3894,.T.);
#3908=EDGE_CURVE('',#2346,#2354,#1235,.T.);
#3911=EDGE_CURVE('',#2353,#2345,#1239,.T.);
#3915=ADVANCED_FACE('',(#3914),#3906,.F.);
#3922=EDGE_CURVE('',#2350,#2358,#1247,.T.);
#3928=ADVANCED_FACE('',(#3927),#3920,.T.);
#3935=EDGE_CURVE('',#2357,#2349,#1243,.T.);
#3941=ADVANCED_FACE('',(#3940),#3933,.T.);
#3953=ADVANCED_FACE('',(#3952),#3946,.T.);
#3960=EDGE_CURVE('',#2378,#2386,#1251,.T.);
#3963=EDGE_CURVE('',#2385,#2377,#1255,.T.);
#3967=ADVANCED_FACE('',(#3966),#3958,.F.);
#3974=EDGE_CURVE('',#2382,#2390,#1263,.T.);
#3980=ADVANCED_FACE('',(#3979),#3972,.T.);
#3987=EDGE_CURVE('',#2389,#2381,#1259,.T.);
#3993=ADVANCED_FACE('',(#3992),#3985,.T.);
#4005=ADVANCED_FACE('',(#4004),#3998,.T.);
#4014=EDGE_CURVE('',#2132,#2124,#1288,.T.);
#4018=ADVANCED_FACE('',(#4017),#4010,.T.);
#4024=EDGE_CURVE('',#2481,#2482,#1293,.T.);
#4026=EDGE_CURVE('',#2449,#2482,#1627,.T.);
#4028=EDGE_CURVE('',#2449,#2450,#1298,.T.);
#4030=EDGE_CURVE('',#2450,#2484,#1302,.T.);
#4032=EDGE_CURVE('',#2484,#2486,#1307,.T.);
#4034=EDGE_CURVE('',#2444,#2486,#1691,.T.);
#4041=EDGE_CURVE('',#2481,#2440,#1719,.T.);
#4045=ADVANCED_FACE('',(#4044),#4023,.T.);
#4051=EDGE_CURVE('',#2568,#2565,#1312,.T.);
#4053=EDGE_CURVE('',#2482,#2568,#1319,.T.);
#4056=EDGE_CURVE('',#2481,#2565,#1750,.T.);
#4060=ADVANCED_FACE('',(#4059),#4050,.T.);
#4066=EDGE_CURVE('',#2513,#2514,#1345,.T.);
#4068=EDGE_CURVE('',#2514,#2568,#1644,.T.);
#4071=EDGE_CURVE('',#2563,#2565,#1743,.T.);
#4073=EDGE_CURVE('',#2552,#2563,#1323,.T.);
#4075=EDGE_CURVE('',#2552,#2554,#1664,.T.);
#4077=EDGE_CURVE('',#2554,#2569,#1649,.T.);
#4079=EDGE_CURVE('',#2569,#2513,#1632,.T.);
#4083=ADVANCED_FACE('',(#4082),#4065,.F.);
#4089=EDGE_CURVE('',#2505,#2506,#1327,.T.);
#4091=EDGE_CURVE('',#2506,#2505,#1332,.T.);
#4095=ADVANCED_FACE('',(#4094),#4088,.T.);
#4101=EDGE_CURVE('',#2509,#2510,#1336,.T.);
#4103=EDGE_CURVE('',#2509,#2510,#1341,.T.);
#4107=ADVANCED_FACE('',(#4106),#4100,.T.);
#4114=EDGE_CURVE('',#2514,#2513,#1350,.T.);
#4118=ADVANCED_FACE('',(#4117),#4112,.T.);
#4124=EDGE_CURVE('',#2517,#2518,#1354,.T.);
#4126=EDGE_CURVE('',#2517,#2518,#1359,.T.);
#4130=ADVANCED_FACE('',(#4129),#4123,.T.);
#4137=EDGE_CURVE('',#2506,#2579,#1380,.T.);
#4139=EDGE_CURVE('',#2579,#2576,#1471,.T.);
#4141=EDGE_CURVE('',#2574,#2576,#1451,.T.);
#4143=EDGE_CURVE('',#2583,#2574,#1363,.T.);
#4145=EDGE_CURVE('',#2583,#2581,#1400,.T.);
#4147=EDGE_CURVE('',#2581,#2580,#1385,.T.);
#4149=EDGE_CURVE('',#2580,#2505,#1368,.T.);
#4153=ADVANCED_FACE('',(#4152),#4135,.F.);
#4160=EDGE_CURVE('',#2493,#2580,#1375,.T.);
#4162=EDGE_CURVE('',#2496,#2493,#1836,.T.);
#4164=EDGE_CURVE('',#2496,#2579,#1478,.T.);
#4170=ADVANCED_FACE('',(#4169),#4158,.T.);
#4177=EDGE_CURVE('',#2494,#2581,#1392,.T.);
#4179=EDGE_CURVE('',#2493,#2494,#1483,.T.);
#4184=ADVANCED_FACE('',(#4183),#4175,.T.);
#4190=EDGE_CURVE('',#2546,#2583,#1396,.T.);
#4192=EDGE_CURVE('',#2494,#2546,#1513,.T.);
#4198=ADVANCED_FACE('',(#4197),#4189,.T.);
#4204=EDGE_CURVE('',#2586,#2587,#1404,.T.);
#4206=EDGE_CURVE('',#2489,#2586,#1411,.T.);
#4208=EDGE_CURVE('',#2550,#2489,#1521,.T.);
#4210=EDGE_CURVE('',#2550,#2587,#1415,.T.);
#4214=ADVANCED_FACE('',(#4213),#4203,.T.);
#4220=EDGE_CURVE('',#2540,#2538,#1427,.T.);
#4223=EDGE_CURVE('',#2545,#2546,#1505,.T.);
#4227=EDGE_CURVE('',#2540,#2574,#1447,.T.);
#4231=ADVANCED_FACE('',(#4230),#4219,.F.);
#4239=EDGE_CURVE('',#2540,#2498,#1431,.T.);
#4241=EDGE_CURVE('',#2462,#2498,#1487,.T.);
#4244=EDGE_CURVE('',#2461,#2502,#1435,.T.);
#4246=EDGE_CURVE('',#2502,#2542,#1439,.T.);
#4248=EDGE_CURVE('',#2542,#2537,#1443,.T.);
#4252=ADVANCED_FACE('',(#4251),#4236,.T.);
#4260=EDGE_CURVE('',#2498,#2576,#1458,.T.);
#4265=ADVANCED_FACE('',(#4264),#4257,.T.);
#4271=EDGE_CURVE('',#2572,#2578,#1462,.T.);
#4273=EDGE_CURVE('',#2542,#2578,#1466,.T.);
#4276=EDGE_CURVE('',#2502,#2572,#1558,.T.);
#4280=ADVANCED_FACE('',(#4279),#4270,.T.);
#4288=EDGE_CURVE('',#2498,#2496,#1492,.T.);
#4293=ADVANCED_FACE('',(#4292),#4285,.T.);
#4300=EDGE_CURVE('',#2456,#2494,#1509,.T.);
#4307=EDGE_CURVE('',#2469,#2496,#1840,.T.);
#4309=EDGE_CURVE('',#2469,#2470,#1497,.T.);
#4311=EDGE_CURVE('',#2470,#2493,#1501,.T.);
#4315=ADVANCED_FACE('',(#4314),#4298,.T.);
#4327=ADVANCED_FACE('',(#4326),#4320,.T.);
#4333=EDGE_CURVE('',#2549,#2550,#1517,.T.);
#4336=EDGE_CURVE('',#2489,#2458,#1525,.T.);
#4341=ADVANCED_FACE('',(#4340),#4332,.T.);
#4349=EDGE_CURVE('',#2587,#2578,#1529,.T.);
#4356=ADVANCED_FACE('',(#4355),#4346,.F.);
#4363=EDGE_CURVE('',#2509,#2571,#1546,.T.);
#4365=EDGE_CURVE('',#2571,#2586,#1582,.T.);
#4370=EDGE_CURVE('',#2572,#2570,#1551,.T.);
#4372=EDGE_CURVE('',#2570,#2510,#1534,.T.);
#4376=ADVANCED_FACE('',(#4375),#4361,.F.);
#4383=EDGE_CURVE('',#2501,#2570,#1541,.T.);
#4385=EDGE_CURVE('',#2490,#2501,#1594,.T.);
#4387=EDGE_CURVE('',#2490,#2571,#1589,.T.);
#4393=ADVANCED_FACE('',(#4392),#4381,.T.);
#4401=EDGE_CURVE('',#2501,#2502,#1577,.T.);
#4406=ADVANCED_FACE('',(#4405),#4398,.T.);
#4412=EDGE_CURVE('',#2489,#2490,#1563,.T.);
#4414=EDGE_CURVE('',#2465,#2490,#1598,.T.);
#4416=EDGE_CURVE('',#2465,#2466,#1568,.T.);
#4418=EDGE_CURVE('',#2466,#2501,#1572,.T.);
#4430=ADVANCED_FACE('',(#4429),#4411,.T.);
#4442=ADVANCED_FACE('',(#4441),#4435,.T.);
#4450=EDGE_CURVE('',#2465,#2466,#1613,.T.);
#4455=ADVANCED_FACE('',(#4454),#4447,.T.);
#4461=EDGE_CURVE('',#2449,#2450,#1603,.T.);
#4466=ADVANCED_FACE('',(#4465),#4460,.F.);
#4472=EDGE_CURVE('',#2453,#2454,#1608,.T.);
#4474=EDGE_CURVE('',#2453,#2454,#1797,.T.);
#4478=ADVANCED_FACE('',(#4477),#4471,.F.);
#4488=ADVANCED_FACE('',(#4487),#4483,.F.);
#4494=EDGE_CURVE('',#2469,#2470,#1618,.T.);
#4499=ADVANCED_FACE('',(#4498),#4493,.F.);
#4505=EDGE_CURVE('',#2482,#2484,#1623,.T.);
#4512=ADVANCED_FACE('',(#4511),#4504,.T.);
#4519=EDGE_CURVE('',#2484,#2569,#1639,.T.);
#4527=ADVANCED_FACE('',(#4526),#4517,.T.);
#4534=EDGE_CURVE('',#2486,#2554,#1656,.T.);
#4540=ADVANCED_FACE('',(#4539),#4532,.T.);
#4546=EDGE_CURVE('',#2522,#2552,#1660,.T.);
#4548=EDGE_CURVE('',#2486,#2522,#1695,.T.);
#4554=ADVANCED_FACE('',(#4553),#4545,.T.);
#4560=EDGE_CURVE('',#2557,#2558,#1668,.T.);
#4562=EDGE_CURVE('',#2473,#2557,#1675,.T.);
#4564=EDGE_CURVE('',#2526,#2473,#1703,.T.);
#4566=EDGE_CURVE('',#2526,#2558,#1679,.T.);
#4570=ADVANCED_FACE('',(#4569),#4559,.T.);
#4576=EDGE_CURVE('',#2521,#2522,#1687,.T.);
#4580=EDGE_CURVE('',#2529,#2563,#1739,.T.);
#4582=EDGE_CURVE('',#2529,#2530,#1711,.T.);
#4587=ADVANCED_FACE('',(#4586),#4575,.F.);
#4599=ADVANCED_FACE('',(#4598),#4592,.T.);
#4605=EDGE_CURVE('',#2525,#2526,#1699,.T.);
#4608=EDGE_CURVE('',#2446,#2473,#1810,.T.);
#4613=ADVANCED_FACE('',(#4612),#4604,.T.);
#4621=EDGE_CURVE('',#2533,#2534,#1731,.T.);
#4623=EDGE_CURVE('',#2533,#2567,#1758,.T.);
#4625=EDGE_CURVE('',#2558,#2567,#1707,.T.);
#4630=ADVANCED_FACE('',(#4629),#4618,.F.);
#4637=EDGE_CURVE('',#2529,#2481,#1715,.T.);
#4641=EDGE_CURVE('',#2442,#2478,#1723,.T.);
#4643=EDGE_CURVE('',#2478,#2533,#1727,.T.);
#4649=ADVANCED_FACE('',(#4648),#4635,.T.);
#4661=ADVANCED_FACE('',(#4660),#4654,.T.);
#4667=EDGE_CURVE('',#2561,#2567,#1754,.T.);
#4671=EDGE_CURVE('',#2478,#2561,#1787,.T.);
#4675=ADVANCED_FACE('',(#4674),#4666,.T.);
#4682=EDGE_CURVE('',#2517,#2559,#1775,.T.);
#4684=EDGE_CURVE('',#2559,#2557,#1815,.T.);
#4689=EDGE_CURVE('',#2561,#2560,#1780,.T.);
#4691=EDGE_CURVE('',#2560,#2518,#1763,.T.);
#4695=ADVANCED_FACE('',(#4694),#4680,.F.);
#4702=EDGE_CURVE('',#2476,#2560,#1770,.T.);
#4704=EDGE_CURVE('',#2474,#2476,#1827,.T.);
#4706=EDGE_CURVE('',#2474,#2559,#1822,.T.);
#4712=ADVANCED_FACE('',(#4711),#4700,.T.);
#4720=EDGE_CURVE('',#2476,#2478,#1806,.T.);
#4725=ADVANCED_FACE('',(#4724),#4717,.T.);
#4731=EDGE_CURVE('',#2473,#2474,#1792,.T.);
#4733=EDGE_CURVE('',#2453,#2474,#1831,.T.);
#4736=EDGE_CURVE('',#2454,#2476,#1801,.T.);
#4746=ADVANCED_FACE('',(#4745),#4730,.T.);
#4758=ADVANCED_FACE('',(#4757),#4751,.T.);
#4770=ADVANCED_FACE('',(#4769),#4763,.T.);
#4782=ADVANCED_FACE('',(#4781),#4775,.T.);
#4789=EDGE_CURVE('',#2091,#2076,#1844,.T.);
#4795=ADVANCED_FACE('',(#4794),#4787,.T.);
#4802=EDGE_CURVE('',#2092,#2075,#1848,.T.);
#4808=ADVANCED_FACE('',(#4807),#4800,.F.);
#4814=EDGE_CURVE('',#2056,#2059,#1852,.T.);
#4817=EDGE_CURVE('',#2088,#2072,#1856,.T.);
#4822=ADVANCED_FACE('',(#4821),#4813,.T.);
#4828=EDGE_CURVE('',#2100,#2104,#1860,.T.);
#4835=ADVANCED_FACE('',(#4834),#4827,.T.);
#4843=EDGE_CURVE('',#2059,#2060,#1868,.T.);
#4845=EDGE_CURVE('',#2060,#2062,#1864,.T.);
#4847=EDGE_CURVE('',#2053,#2062,#1881,.T.);
#4851=ADVANCED_FACE('',(#4850),#4840,.T.);
#4859=EDGE_CURVE('',#2103,#2104,#1872,.T.);
#4861=EDGE_CURVE('',#2103,#2060,#1877,.T.);
#4865=ADVANCED_FACE('',(#4864),#4856,.F.);
#4872=EDGE_CURVE('',#2106,#2054,#1890,.T.);
#4874=EDGE_CURVE('',#2103,#2106,#1894,.T.);
#4880=ADVANCED_FACE('',(#4879),#4870,.T.);
#4888=EDGE_CURVE('',#2106,#2062,#1886,.T.);
#4893=ADVANCED_FACE('',(#4892),#4885,.T.);
#4905=ADVANCED_FACE('',(#4904),#4898,.T.);
#4912=EDGE_CURVE('',#2086,#2070,#1898,.T.);
#4918=ADVANCED_FACE('',(#4917),#4910,.F.);
#4930=ADVANCED_FACE('',(#4929),#4923,.T.);
#4937=EDGE_CURVE('',#2257,#2265,#1906,.T.);
#4939=EDGE_CURVE('',#2257,#2258,#1922,.T.);
#4941=EDGE_CURVE('',#2258,#2266,#1918,.T.);
#4945=ADVANCED_FACE('',(#4944),#4935,.T.);
#4952=EDGE_CURVE('',#2262,#2270,#1910,.T.);
#4954=EDGE_CURVE('',#2262,#2257,#1926,.T.);
#4959=ADVANCED_FACE('',(#4958),#4950,.T.);
#4966=EDGE_CURVE('',#2260,#2268,#1914,.T.);
#4968=EDGE_CURVE('',#2260,#2262,#1930,.T.);
#4973=ADVANCED_FACE('',(#4972),#4964,.T.);
#4981=EDGE_CURVE('',#2258,#2260,#1934,.T.);
#4986=ADVANCED_FACE('',(#4985),#4978,.T.);
#4998=ADVANCED_FACE('',(#4997),#4991,.T.);
#5005=EDGE_CURVE('',#2273,#2289,#1938,.T.);
#5007=EDGE_CURVE('',#2273,#2274,#1954,.T.);
#5009=EDGE_CURVE('',#2274,#2290,#1950,.T.);
#5013=ADVANCED_FACE('',(#5012),#5003,.T.);
#5020=EDGE_CURVE('',#2278,#2294,#1942,.T.);
#5022=EDGE_CURVE('',#2278,#2273,#1958,.T.);
#5027=ADVANCED_FACE('',(#5026),#5018,.T.);
#5034=EDGE_CURVE('',#2276,#2292,#1946,.T.);
#5036=EDGE_CURVE('',#2276,#2278,#1962,.T.);
#5041=ADVANCED_FACE('',(#5040),#5032,.T.);
#5049=EDGE_CURVE('',#2274,#2276,#1966,.T.);
#5054=ADVANCED_FACE('',(#5053),#5046,.T.);
#5066=ADVANCED_FACE('',(#5065),#5059,.T.);
#5072=EDGE_CURVE('',#2281,#2282,#1970,.T.);
#5074=EDGE_CURVE('',#2286,#2281,#1974,.T.);
#5076=EDGE_CURVE('',#2284,#2286,#1978,.T.);
#5078=EDGE_CURVE('',#2282,#2284,#1982,.T.);
#5082=ADVANCED_FACE('',(#5081),#5071,.T.);
#5089=EDGE_CURVE('',#2281,#2297,#1986,.T.);
#5092=EDGE_CURVE('',#2282,#2298,#1998,.T.);
#5096=ADVANCED_FACE('',(#5095),#5087,.T.);
#5103=EDGE_CURVE('',#2286,#2302,#1990,.T.);
#5109=ADVANCED_FACE('',(#5108),#5101,.T.);
#5116=EDGE_CURVE('',#2284,#2300,#1994,.T.);
#5122=ADVANCED_FACE('',(#5121),#5114,.T.);
#5134=ADVANCED_FACE('',(#5133),#5127,.T.);
#5141=EDGE_CURVE('',#2361,#2369,#2002,.T.);
#5143=EDGE_CURVE('',#2361,#2362,#2018,.T.);
#5145=EDGE_CURVE('',#2362,#2370,#2014,.T.);
#5149=ADVANCED_FACE('',(#5148),#5139,.T.);
#5156=EDGE_CURVE('',#2366,#2374,#2006,.T.);
#5158=EDGE_CURVE('',#2366,#2361,#2022,.T.);
#5163=ADVANCED_FACE('',(#5162),#5154,.T.);
#5170=EDGE_CURVE('',#2364,#2372,#2010,.T.);
#5172=EDGE_CURVE('',#2364,#2366,#2026,.T.);
#5177=ADVANCED_FACE('',(#5176),#5168,.T.);
#5185=EDGE_CURVE('',#2362,#2364,#2030,.T.);
#5190=ADVANCED_FACE('',(#5189),#5182,.T.);
#5202=ADVANCED_FACE('',(#5201),#5195,.T.);
#5205=(LENGTH_UNIT()NAMED_UNIT(*)SI_UNIT(.MILLI.,.METRE.));
#5206=(NAMED_UNIT(*)PLANE_ANGLE_UNIT()SI_UNIT($,.RADIAN.));
#5209=(NAMED_UNIT(*)SI_UNIT($,.STERADIAN.)SOLID_ANGLE_UNIT());
#5211=(GEOMETRIC_REPRESENTATION_CONTEXT(3)GLOBAL_UNCERTAINTY_ASSIGNED_CONTEXT((
#5210))GLOBAL_UNIT_ASSIGNED_CONTEXT((#5205,#5208,#5209))REPRESENTATION_CONTEXT(
'ID1','3'));
#5212=ADVANCED_BREP_SHAPE_REPRESENTATION('',(#5204),#5211);
#5219=PRODUCT_DEFINITION('part definition','',#5218,#5215);
#5220=PRODUCT_DEFINITION_SHAPE('','SHAPE FOR C-5520250-2.',#5219);
#5221=SHAPE_ASPECT('','solid data associated with C-5520250-2',#5220,.F.);
#5222=PROPERTY_DEFINITION('',
'shape for solid data with which properties are associated',#5221);
#5223=SHAPE_REPRESENTATION('',(#5204),#5211);
#5224=SHAPE_DEFINITION_REPRESENTATION(#5222,#5223);
#5225=(LENGTH_UNIT()NAMED_UNIT(*)SI_UNIT(.MILLI.,.METRE.));
#5229=PROPERTY_DEFINITION('geometric validation property','area of C-5520250-2',
#5221);
#5230=REPRESENTATION('surface area',(#5228),#5211);
#5231=PROPERTY_DEFINITION_REPRESENTATION(#5229,#5230);
#5232=(LENGTH_UNIT()NAMED_UNIT(*)SI_UNIT(.MILLI.,.METRE.));
#5236=PROPERTY_DEFINITION('geometric validation property',
'volume of C-5520250-2',#5221);
#5237=REPRESENTATION('volume',(#5235),#5211);
#5238=PROPERTY_DEFINITION_REPRESENTATION(#5236,#5237);
#5240=PROPERTY_DEFINITION('geometric validation property',
'centroid of C-5520250-2',#5221);
#5241=REPRESENTATION('centroid',(#5239),#5211);
#5242=PROPERTY_DEFINITION_REPRESENTATION(#5240,#5241);
#5243=(LENGTH_UNIT()NAMED_UNIT(*)SI_UNIT(.MILLI.,.METRE.));
#5247=PROPERTY_DEFINITION('geometric validation property','area of C-5520250-2',
#5220);
#5248=REPRESENTATION('surface area',(#5246),#5211);
#5249=PROPERTY_DEFINITION_REPRESENTATION(#5247,#5248);
#5250=(LENGTH_UNIT()NAMED_UNIT(*)SI_UNIT(.MILLI.,.METRE.));
#5254=PROPERTY_DEFINITION('geometric validation property',
'volume of C-5520250-2',#5220);
#5255=REPRESENTATION('volume',(#5253),#5211);
#5256=PROPERTY_DEFINITION_REPRESENTATION(#5254,#5255);
#5258=PROPERTY_DEFINITION('geometric validation property',
'centroid of C-5520250-2',#5220);
#5259=REPRESENTATION('centroid',(#5257),#5211);
#5260=PROPERTY_DEFINITION_REPRESENTATION(#5258,#5259);
#5261=SHAPE_DEFINITION_REPRESENTATION(#5220,#5212);
ENDSEC;
END-ISO-10303-21;
