ISO-10303-21;
HEADER;
FILE_DESCRIPTION( ( 'Unknown' ), '1' );
FILE_NAME( 'C:/Users/alban.klein/Documents/0-CAD-3D 2D/WTB_619_645_646_648_653_679/6450xx114822/Construction_data/6450xx114822/645004114822/645004114822.stp', 'Unknown', ( 'Unknown' ), ( 'Unknown' ), 'PSStep 18.0.17', 'Unknown', '  ' );
FILE_SCHEMA( ( 'AUTOMOTIVE_DESIGN { 1 0 10303 214 1 1 1 1 }' ) );
ENDSEC;
DATA;
#1 = PRODUCT_DEFINITION_CONTEXT( '', #21, 'design' );
#2 = APPLICATION_PROTOCOL_DEFINITION( 'international standard', 'automotive_design', 2001, #21 );
#3 = PRODUCT_CATEGORY_RELATIONSHIP( 'NONE', 'NONE', #22, #23 );
#4 = SHAPE_DEFINITION_REPRESENTATION( #24, #25 );
#5 = PRODUCT_CATEGORY_RELATIONSHIP( 'NONE', 'NONE', #22, #26 );
#6 = CONTEXT_DEPENDENT_SHAPE_REPRESENTATION( #27, #28 );
#7 = SHAPE_DEFINITION_REPRESENTATION( #29, #30 );
#8 = SHAPE_REPRESENTATION_RELATIONSHIP( 'NONE', 'NONE', #30, #31 );
#9 = CONTEXT_DEPENDENT_SHAPE_REPRESENTATION( #32, #33 );
#10 = CONTEXT_DEPENDENT_SHAPE_REPRESENTATION( #34, #35 );
#11 = CONTEXT_DEPENDENT_SHAPE_REPRESENTATION( #36, #37 );
#12 = PRODUCT_CATEGORY_RELATIONSHIP( 'NONE', 'NONE', #22, #38 );
#13 = CONTEXT_DEPENDENT_SHAPE_REPRESENTATION( #39, #40 );
#14 = SHAPE_DEFINITION_REPRESENTATION( #41, #42 );
#15 = SHAPE_REPRESENTATION_RELATIONSHIP( 'NONE', 'NONE', #42, #43 );
#16 = MECHANICAL_DESIGN_GEOMETRIC_PRESENTATION_REPRESENTATION( ' ', ( #44, #45, #46, #47, #48, #49, #50, #51, #52, #53, #54, #55, #56, #57, #58, #59, #60, #61, #62, #63, #64, #65, #66, #67, #68, #69, #70, #71, #72, #73, #74, #75, #76, #77, #78, #79, #80, #81, #82, #83, #84, #85, #86, #87, #88, #89, #90, #91, #92, #93, #94, #95, #96, #97, #98, #99, #100, #101, #102, #103, #104, #105, #106, #107, #108, #109, #110, #111, #112, #113, #114, #115, #116, #117, #118, #119, #120 ), #17 );
#17 =  ( GEOMETRIC_REPRESENTATION_CONTEXT( 3 )GLOBAL_UNCERTAINTY_ASSIGNED_CONTEXT( ( #123 ) )GLOBAL_UNIT_ASSIGNED_CONTEXT( ( #125, #126, #127 ) )REPRESENTATION_CONTEXT( 'NONE', 'WORKSPACE' ) );
#21 = APPLICATION_CONTEXT( 'core data for automotive mechanical design processes' );
#22 = PRODUCT_CATEGORY( 'part', 'NONE' );
#23 = PRODUCT_RELATED_PRODUCT_CATEGORY( 'detail', ' ', ( #129 ) );
#24 = PRODUCT_DEFINITION_SHAPE( 'NONE', 'NONE', #130 );
#25 = SHAPE_REPRESENTATION( 'Assem1', ( #131, #132, #133, #134, #135, #136 ), #137 );
#26 = PRODUCT_RELATED_PRODUCT_CATEGORY( 'detail', ' ', ( #138 ) );
#27 = ( REPRESENTATION_RELATIONSHIP( '', '', #30, #25 )REPRESENTATION_RELATIONSHIP_WITH_TRANSFORMATION( #141 )SHAPE_REPRESENTATION_RELATIONSHIP(  ) );
#28 = PRODUCT_DEFINITION_SHAPE( 'NAUO-PROD-DEF', 'NAUO-PROD-DEF', #143 );
#29 = PRODUCT_DEFINITION_SHAPE( 'NONE', 'NONE', #144 );
#30 = SHAPE_REPRESENTATION( '6450xx114822_PIN', ( #131 ), #137 );
#31 = ADVANCED_BREP_SHAPE_REPRESENTATION( '6450xx114822_PIN', ( #145 ), #17 );
#32 = ( REPRESENTATION_RELATIONSHIP( '', '', #30, #25 )REPRESENTATION_RELATIONSHIP_WITH_TRANSFORMATION( #148 )SHAPE_REPRESENTATION_RELATIONSHIP(  ) );
#33 = PRODUCT_DEFINITION_SHAPE( 'NAUO-PROD-DEF', 'NAUO-PROD-DEF', #150 );
#34 = ( REPRESENTATION_RELATIONSHIP( '', '', #30, #25 )REPRESENTATION_RELATIONSHIP_WITH_TRANSFORMATION( #153 )SHAPE_REPRESENTATION_RELATIONSHIP(  ) );
#35 = PRODUCT_DEFINITION_SHAPE( 'NAUO-PROD-DEF', 'NAUO-PROD-DEF', #155 );
#36 = ( REPRESENTATION_RELATIONSHIP( '', '', #30, #25 )REPRESENTATION_RELATIONSHIP_WITH_TRANSFORMATION( #158 )SHAPE_REPRESENTATION_RELATIONSHIP(  ) );
#37 = PRODUCT_DEFINITION_SHAPE( 'NAUO-PROD-DEF', 'NAUO-PROD-DEF', #160 );
#38 = PRODUCT_RELATED_PRODUCT_CATEGORY( 'detail', ' ', ( #161 ) );
#39 = ( REPRESENTATION_RELATIONSHIP( '', '', #42, #25 )REPRESENTATION_RELATIONSHIP_WITH_TRANSFORMATION( #164 )SHAPE_REPRESENTATION_RELATIONSHIP(  ) );
#40 = PRODUCT_DEFINITION_SHAPE( 'NAUO-PROD-DEF', 'NAUO-PROD-DEF', #166 );
#41 = PRODUCT_DEFINITION_SHAPE( 'NONE', 'NONE', #167 );
#42 = SHAPE_REPRESENTATION( '645004114822', ( #131 ), #137 );
#43 = ADVANCED_BREP_SHAPE_REPRESENTATION( '645004114822', ( #168 ), #17 );
#44 = STYLED_ITEM( '', ( #169 ), #170 );
#45 = STYLED_ITEM( '', ( #171 ), #172 );
#46 = STYLED_ITEM( '', ( #173 ), #174 );
#47 = STYLED_ITEM( '', ( #175 ), #176 );
#48 = STYLED_ITEM( '', ( #177 ), #178 );
#49 = STYLED_ITEM( '', ( #179 ), #180 );
#50 = STYLED_ITEM( '', ( #181 ), #182 );
#51 = STYLED_ITEM( '', ( #183 ), #184 );
#52 = STYLED_ITEM( '', ( #185 ), #186 );
#53 = STYLED_ITEM( '', ( #187 ), #188 );
#54 = STYLED_ITEM( '', ( #189 ), #190 );
#55 = STYLED_ITEM( '', ( #191 ), #192 );
#56 = STYLED_ITEM( '', ( #193 ), #194 );
#57 = STYLED_ITEM( '', ( #195 ), #196 );
#58 = STYLED_ITEM( '', ( #197 ), #198 );
#59 = STYLED_ITEM( '', ( #199 ), #200 );
#60 = STYLED_ITEM( '', ( #201 ), #202 );
#61 = STYLED_ITEM( '', ( #203 ), #204 );
#62 = STYLED_ITEM( '', ( #205 ), #206 );
#63 = STYLED_ITEM( '', ( #207 ), #208 );
#64 = STYLED_ITEM( '', ( #209 ), #210 );
#65 = STYLED_ITEM( '', ( #211 ), #212 );
#66 = STYLED_ITEM( '', ( #213 ), #214 );
#67 = STYLED_ITEM( '', ( #215 ), #216 );
#68 = STYLED_ITEM( '', ( #217 ), #218 );
#69 = STYLED_ITEM( '', ( #219 ), #220 );
#70 = STYLED_ITEM( '', ( #221 ), #222 );
#71 = STYLED_ITEM( '', ( #223 ), #224 );
#72 = STYLED_ITEM( '', ( #225 ), #226 );
#73 = STYLED_ITEM( '', ( #227 ), #228 );
#74 = STYLED_ITEM( '', ( #229 ), #230 );
#75 = STYLED_ITEM( '', ( #231 ), #232 );
#76 = STYLED_ITEM( '', ( #233 ), #234 );
#77 = STYLED_ITEM( '', ( #235 ), #236 );
#78 = STYLED_ITEM( '', ( #237 ), #238 );
#79 = STYLED_ITEM( '', ( #239 ), #240 );
#80 = STYLED_ITEM( '', ( #241 ), #242 );
#81 = STYLED_ITEM( '', ( #243 ), #244 );
#82 = STYLED_ITEM( '', ( #245 ), #246 );
#83 = STYLED_ITEM( '', ( #247 ), #248 );
#84 = STYLED_ITEM( '', ( #249 ), #250 );
#85 = STYLED_ITEM( '', ( #251 ), #252 );
#86 = STYLED_ITEM( '', ( #253 ), #254 );
#87 = STYLED_ITEM( '', ( #255 ), #256 );
#88 = STYLED_ITEM( '', ( #257 ), #258 );
#89 = STYLED_ITEM( '', ( #259 ), #260 );
#90 = STYLED_ITEM( '', ( #261 ), #262 );
#91 = STYLED_ITEM( '', ( #263 ), #264 );
#92 = STYLED_ITEM( '', ( #265 ), #266 );
#93 = STYLED_ITEM( '', ( #267 ), #268 );
#94 = STYLED_ITEM( '', ( #269 ), #270 );
#95 = STYLED_ITEM( '', ( #271 ), #272 );
#96 = STYLED_ITEM( '', ( #273 ), #274 );
#97 = STYLED_ITEM( '', ( #275 ), #276 );
#98 = STYLED_ITEM( '', ( #277 ), #278 );
#99 = STYLED_ITEM( '', ( #279 ), #280 );
#100 = STYLED_ITEM( '', ( #281 ), #282 );
#101 = STYLED_ITEM( '', ( #283 ), #284 );
#102 = STYLED_ITEM( '', ( #285 ), #286 );
#103 = STYLED_ITEM( '', ( #287 ), #288 );
#104 = STYLED_ITEM( '', ( #289 ), #290 );
#105 = STYLED_ITEM( '', ( #291 ), #292 );
#106 = STYLED_ITEM( '', ( #293 ), #294 );
#107 = STYLED_ITEM( '', ( #295 ), #296 );
#108 = STYLED_ITEM( '', ( #297 ), #298 );
#109 = STYLED_ITEM( '', ( #299 ), #300 );
#110 = STYLED_ITEM( '', ( #301 ), #302 );
#111 = STYLED_ITEM( '', ( #303 ), #304 );
#112 = STYLED_ITEM( '', ( #305 ), #306 );
#113 = STYLED_ITEM( '', ( #307 ), #308 );
#114 = STYLED_ITEM( '', ( #309 ), #310 );
#115 = STYLED_ITEM( '', ( #311 ), #312 );
#116 = STYLED_ITEM( '', ( #313 ), #314 );
#117 = STYLED_ITEM( '', ( #315 ), #316 );
#118 = STYLED_ITEM( '', ( #317 ), #318 );
#119 = STYLED_ITEM( '', ( #319 ), #320 );
#120 = STYLED_ITEM( '', ( #321 ), #322 );
#123 = UNCERTAINTY_MEASURE_WITH_UNIT( LENGTH_MEASURE( 0.00100000000000000 ), #125, '', '' );
#125 =  ( CONVERSION_BASED_UNIT( 'MILLIMETRE', #325 )LENGTH_UNIT(  )NAMED_UNIT( #328 ) );
#126 =  ( NAMED_UNIT( #330 )PLANE_ANGLE_UNIT(  )SI_UNIT( $, .RADIAN. ) );
#127 =  ( NAMED_UNIT( #330 )SI_UNIT( $, .STERADIAN. )SOLID_ANGLE_UNIT(  ) );
#129 = PRODUCT( 'Assem1', 'Assem1', 'PART-Assem1-DESC', ( #336 ) );
#130 = PRODUCT_DEFINITION( 'NONE', 'NONE', #337, #1 );
#131 = AXIS2_PLACEMENT_3D( '', #338, #339, #340 );
#132 = AXIS2_PLACEMENT_3D( '', #341, #342, #343 );
#133 = AXIS2_PLACEMENT_3D( '', #344, #345, #346 );
#134 = AXIS2_PLACEMENT_3D( '', #347, #348, #349 );
#135 = AXIS2_PLACEMENT_3D( '', #350, #351, #352 );
#136 = AXIS2_PLACEMENT_3D( '', #353, #354, #355 );
#137 =  ( GEOMETRIC_REPRESENTATION_CONTEXT( 3 )GLOBAL_UNCERTAINTY_ASSIGNED_CONTEXT( ( #358 ) )GLOBAL_UNIT_ASSIGNED_CONTEXT( ( #360, #361, #362 ) )REPRESENTATION_CONTEXT( 'NONE', 'WORKSPACE' ) );
#138 = PRODUCT( '6450xx114822_PIN', '6450xx114822_PIN', 'PART-6450xx114822_PIN-DESC', ( #336 ) );
#141 = ITEM_DEFINED_TRANSFORMATION( '', '', #131, #132 );
#143 = NEXT_ASSEMBLY_USAGE_OCCURRENCE( 'NAUO1', '6450xx114822_PIN', '6450xx114822_PIN', #130, #144, $ );
#144 = PRODUCT_DEFINITION( '6450xx114822_PIN', '6450xx114822_PIN', #364, #1 );
#145 = MANIFOLD_SOLID_BREP( '6450xx114822_PIN', #365 );
#148 = ITEM_DEFINED_TRANSFORMATION( '', '', #131, #133 );
#150 = NEXT_ASSEMBLY_USAGE_OCCURRENCE( 'NAUO2', '6450xx114822_PIN', '6450xx114822_PIN', #130, #144, $ );
#153 = ITEM_DEFINED_TRANSFORMATION( '', '', #131, #134 );
#155 = NEXT_ASSEMBLY_USAGE_OCCURRENCE( 'NAUO3', '6450xx114822_PIN', '6450xx114822_PIN', #130, #144, $ );
#158 = ITEM_DEFINED_TRANSFORMATION( '', '', #131, #135 );
#160 = NEXT_ASSEMBLY_USAGE_OCCURRENCE( 'NAUO4', '6450xx114822_PIN', '6450xx114822_PIN', #130, #144, $ );
#161 = PRODUCT( '645004114822', '645004114822', 'PART-645004114822-DESC', ( #336 ) );
#164 = ITEM_DEFINED_TRANSFORMATION( '', '', #131, #136 );
#166 = NEXT_ASSEMBLY_USAGE_OCCURRENCE( 'NAUO5', '645004114822', '645004114822', #130, #167, $ );
#167 = PRODUCT_DEFINITION( '645004114822', '645004114822', #366, #1 );
#168 = MANIFOLD_SOLID_BREP( '645004114822', #367 );
#169 = PRESENTATION_STYLE_ASSIGNMENT( ( #368 ) );
#170 = ADVANCED_FACE( '', ( #369 ), #370, .T. );
#171 = PRESENTATION_STYLE_ASSIGNMENT( ( #371 ) );
#172 = ADVANCED_FACE( '', ( #372 ), #373, .T. );
#173 = PRESENTATION_STYLE_ASSIGNMENT( ( #374 ) );
#174 = ADVANCED_FACE( '', ( #375 ), #376, .T. );
#175 = PRESENTATION_STYLE_ASSIGNMENT( ( #377 ) );
#176 = ADVANCED_FACE( '', ( #378 ), #379, .T. );
#177 = PRESENTATION_STYLE_ASSIGNMENT( ( #380 ) );
#178 = ADVANCED_FACE( '', ( #381 ), #382, .T. );
#179 = PRESENTATION_STYLE_ASSIGNMENT( ( #383 ) );
#180 = ADVANCED_FACE( '', ( #384 ), #385, .F. );
#181 = PRESENTATION_STYLE_ASSIGNMENT( ( #386 ) );
#182 = ADVANCED_FACE( '', ( #387 ), #388, .T. );
#183 = PRESENTATION_STYLE_ASSIGNMENT( ( #389 ) );
#184 = ADVANCED_FACE( '', ( #390 ), #391, .T. );
#185 = PRESENTATION_STYLE_ASSIGNMENT( ( #392 ) );
#186 = ADVANCED_FACE( '', ( #393 ), #394, .T. );
#187 = PRESENTATION_STYLE_ASSIGNMENT( ( #395 ) );
#188 = ADVANCED_FACE( '', ( #396 ), #397, .T. );
#189 = PRESENTATION_STYLE_ASSIGNMENT( ( #398 ) );
#190 = ADVANCED_FACE( '', ( #399 ), #400, .T. );
#191 = PRESENTATION_STYLE_ASSIGNMENT( ( #401 ) );
#192 = ADVANCED_FACE( '', ( #402 ), #403, .T. );
#193 = PRESENTATION_STYLE_ASSIGNMENT( ( #404 ) );
#194 = ADVANCED_FACE( '', ( #405 ), #406, .T. );
#195 = PRESENTATION_STYLE_ASSIGNMENT( ( #407 ) );
#196 = ADVANCED_FACE( '', ( #408 ), #409, .F. );
#197 = PRESENTATION_STYLE_ASSIGNMENT( ( #410 ) );
#198 = ADVANCED_FACE( '', ( #411 ), #412, .T. );
#199 = PRESENTATION_STYLE_ASSIGNMENT( ( #413 ) );
#200 = ADVANCED_FACE( '', ( #414 ), #415, .T. );
#201 = PRESENTATION_STYLE_ASSIGNMENT( ( #416 ) );
#202 = ADVANCED_FACE( '', ( #417 ), #418, .T. );
#203 = PRESENTATION_STYLE_ASSIGNMENT( ( #419 ) );
#204 = ADVANCED_FACE( '', ( #420 ), #421, .T. );
#205 = PRESENTATION_STYLE_ASSIGNMENT( ( #422 ) );
#206 = ADVANCED_FACE( '', ( #423 ), #424, .F. );
#207 = PRESENTATION_STYLE_ASSIGNMENT( ( #425 ) );
#208 = ADVANCED_FACE( '', ( #426, #427, #428, #429, #430 ), #431, .T. );
#209 = PRESENTATION_STYLE_ASSIGNMENT( ( #432 ) );
#210 = ADVANCED_FACE( '', ( #433 ), #434, .T. );
#211 = PRESENTATION_STYLE_ASSIGNMENT( ( #435 ) );
#212 = ADVANCED_FACE( '', ( #436 ), #437, .T. );
#213 = PRESENTATION_STYLE_ASSIGNMENT( ( #438 ) );
#214 = ADVANCED_FACE( '', ( #439 ), #440, .T. );
#215 = PRESENTATION_STYLE_ASSIGNMENT( ( #441 ) );
#216 = ADVANCED_FACE( '', ( #442 ), #443, .F. );
#217 = PRESENTATION_STYLE_ASSIGNMENT( ( #444 ) );
#218 = ADVANCED_FACE( '', ( #445 ), #446, .T. );
#219 = PRESENTATION_STYLE_ASSIGNMENT( ( #447 ) );
#220 = ADVANCED_FACE( '', ( #448 ), #449, .T. );
#221 = PRESENTATION_STYLE_ASSIGNMENT( ( #450 ) );
#222 = ADVANCED_FACE( '', ( #451 ), #452, .T. );
#223 = PRESENTATION_STYLE_ASSIGNMENT( ( #453 ) );
#224 = ADVANCED_FACE( '', ( #454 ), #455, .F. );
#225 = PRESENTATION_STYLE_ASSIGNMENT( ( #456 ) );
#226 = ADVANCED_FACE( '', ( #457 ), #458, .T. );
#227 = PRESENTATION_STYLE_ASSIGNMENT( ( #459 ) );
#228 = ADVANCED_FACE( '', ( #460 ), #461, .T. );
#229 = PRESENTATION_STYLE_ASSIGNMENT( ( #462 ) );
#230 = ADVANCED_FACE( '', ( #463 ), #464, .T. );
#231 = PRESENTATION_STYLE_ASSIGNMENT( ( #465 ) );
#232 = ADVANCED_FACE( '', ( #466 ), #467, .T. );
#233 = PRESENTATION_STYLE_ASSIGNMENT( ( #468 ) );
#234 = ADVANCED_FACE( '', ( #469 ), #470, .T. );
#235 = PRESENTATION_STYLE_ASSIGNMENT( ( #471 ) );
#236 = ADVANCED_FACE( '', ( #472 ), #473, .F. );
#237 = PRESENTATION_STYLE_ASSIGNMENT( ( #474 ) );
#238 = ADVANCED_FACE( '', ( #475 ), #476, .T. );
#239 = PRESENTATION_STYLE_ASSIGNMENT( ( #477 ) );
#240 = ADVANCED_FACE( '', ( #478 ), #479, .T. );
#241 = PRESENTATION_STYLE_ASSIGNMENT( ( #480 ) );
#242 = ADVANCED_FACE( '', ( #481 ), #482, .T. );
#243 = PRESENTATION_STYLE_ASSIGNMENT( ( #483 ) );
#244 = ADVANCED_FACE( '', ( #484, #485, #486, #487, #488 ), #489, .T. );
#245 = PRESENTATION_STYLE_ASSIGNMENT( ( #490 ) );
#246 = ADVANCED_FACE( '', ( #491 ), #492, .T. );
#247 = PRESENTATION_STYLE_ASSIGNMENT( ( #493 ) );
#248 = ADVANCED_FACE( '', ( #494, #495, #496, #497, #498 ), #499, .T. );
#249 = PRESENTATION_STYLE_ASSIGNMENT( ( #500 ) );
#250 = ADVANCED_FACE( '', ( #501 ), #502, .F. );
#251 = PRESENTATION_STYLE_ASSIGNMENT( ( #503 ) );
#252 = ADVANCED_FACE( '', ( #504 ), #505, .F. );
#253 = PRESENTATION_STYLE_ASSIGNMENT( ( #506 ) );
#254 = ADVANCED_FACE( '', ( #507 ), #508, .T. );
#255 = PRESENTATION_STYLE_ASSIGNMENT( ( #509 ) );
#256 = ADVANCED_FACE( '', ( #510 ), #511, .F. );
#257 = PRESENTATION_STYLE_ASSIGNMENT( ( #512 ) );
#258 = ADVANCED_FACE( '', ( #513 ), #514, .F. );
#259 = PRESENTATION_STYLE_ASSIGNMENT( ( #515 ) );
#260 = ADVANCED_FACE( '', ( #516 ), #517, .F. );
#261 = PRESENTATION_STYLE_ASSIGNMENT( ( #518 ) );
#262 = ADVANCED_FACE( '', ( #519 ), #520, .F. );
#263 = PRESENTATION_STYLE_ASSIGNMENT( ( #521 ) );
#264 = ADVANCED_FACE( '', ( #522 ), #523, .F. );
#265 = PRESENTATION_STYLE_ASSIGNMENT( ( #524 ) );
#266 = ADVANCED_FACE( '', ( #525 ), #526, .T. );
#267 = PRESENTATION_STYLE_ASSIGNMENT( ( #527 ) );
#268 = ADVANCED_FACE( '', ( #528 ), #529, .T. );
#269 = PRESENTATION_STYLE_ASSIGNMENT( ( #530 ) );
#270 = ADVANCED_FACE( '', ( #531 ), #532, .T. );
#271 = PRESENTATION_STYLE_ASSIGNMENT( ( #533 ) );
#272 = ADVANCED_FACE( '', ( #534 ), #535, .F. );
#273 = PRESENTATION_STYLE_ASSIGNMENT( ( #536 ) );
#274 = ADVANCED_FACE( '', ( #537 ), #538, .F. );
#275 = PRESENTATION_STYLE_ASSIGNMENT( ( #539 ) );
#276 = ADVANCED_FACE( '', ( #540 ), #541, .T. );
#277 = PRESENTATION_STYLE_ASSIGNMENT( ( #542 ) );
#278 = ADVANCED_FACE( '', ( #543 ), #544, .T. );
#279 = PRESENTATION_STYLE_ASSIGNMENT( ( #545 ) );
#280 = ADVANCED_FACE( '', ( #546 ), #547, .F. );
#281 = PRESENTATION_STYLE_ASSIGNMENT( ( #548 ) );
#282 = ADVANCED_FACE( '', ( #549 ), #550, .T. );
#283 = PRESENTATION_STYLE_ASSIGNMENT( ( #551 ) );
#284 = ADVANCED_FACE( '', ( #552 ), #553, .F. );
#285 = PRESENTATION_STYLE_ASSIGNMENT( ( #554 ) );
#286 = ADVANCED_FACE( '', ( #555 ), #556, .T. );
#287 = PRESENTATION_STYLE_ASSIGNMENT( ( #557 ) );
#288 = ADVANCED_FACE( '', ( #558 ), #559, .T. );
#289 = PRESENTATION_STYLE_ASSIGNMENT( ( #560 ) );
#290 = ADVANCED_FACE( '', ( #561 ), #562, .F. );
#291 = PRESENTATION_STYLE_ASSIGNMENT( ( #563 ) );
#292 = ADVANCED_FACE( '', ( #564 ), #565, .T. );
#293 = PRESENTATION_STYLE_ASSIGNMENT( ( #566 ) );
#294 = ADVANCED_FACE( '', ( #567 ), #568, .F. );
#295 = PRESENTATION_STYLE_ASSIGNMENT( ( #569 ) );
#296 = ADVANCED_FACE( '', ( #570 ), #571, .T. );
#297 = PRESENTATION_STYLE_ASSIGNMENT( ( #572 ) );
#298 = ADVANCED_FACE( '', ( #573 ), #574, .T. );
#299 = PRESENTATION_STYLE_ASSIGNMENT( ( #575 ) );
#300 = ADVANCED_FACE( '', ( #576 ), #577, .F. );
#301 = PRESENTATION_STYLE_ASSIGNMENT( ( #578 ) );
#302 = ADVANCED_FACE( '', ( #579 ), #580, .T. );
#303 = PRESENTATION_STYLE_ASSIGNMENT( ( #581 ) );
#304 = ADVANCED_FACE( '', ( #582 ), #583, .F. );
#305 = PRESENTATION_STYLE_ASSIGNMENT( ( #584 ) );
#306 = ADVANCED_FACE( '', ( #585 ), #586, .T. );
#307 = PRESENTATION_STYLE_ASSIGNMENT( ( #587 ) );
#308 = ADVANCED_FACE( '', ( #588 ), #589, .F. );
#309 = PRESENTATION_STYLE_ASSIGNMENT( ( #590 ) );
#310 = ADVANCED_FACE( '', ( #591 ), #592, .T. );
#311 = PRESENTATION_STYLE_ASSIGNMENT( ( #593 ) );
#312 = ADVANCED_FACE( '', ( #594 ), #595, .T. );
#313 = PRESENTATION_STYLE_ASSIGNMENT( ( #596 ) );
#314 = ADVANCED_FACE( '', ( #597 ), #598, .F. );
#315 = PRESENTATION_STYLE_ASSIGNMENT( ( #599 ) );
#316 = ADVANCED_FACE( '', ( #600 ), #601, .F. );
#317 = PRESENTATION_STYLE_ASSIGNMENT( ( #602 ) );
#318 = ADVANCED_FACE( '', ( #603 ), #604, .T. );
#319 = PRESENTATION_STYLE_ASSIGNMENT( ( #605 ) );
#320 = ADVANCED_FACE( '', ( #606 ), #607, .T. );
#321 = PRESENTATION_STYLE_ASSIGNMENT( ( #608 ) );
#322 = ADVANCED_FACE( '', ( #609 ), #610, .F. );
#325 = LENGTH_MEASURE_WITH_UNIT( LENGTH_MEASURE( 1.00000000000000 ), #611 );
#328 = DIMENSIONAL_EXPONENTS( 1.00000000000000, 0.000000000000000, 0.000000000000000, 0.000000000000000, 0.000000000000000, 0.000000000000000, 0.000000000000000 );
#330 = DIMENSIONAL_EXPONENTS( 0.000000000000000, 0.000000000000000, 0.000000000000000, 0.000000000000000, 0.000000000000000, 0.000000000000000, 0.000000000000000 );
#336 = PRODUCT_CONTEXT( '', #21, 'mechanical' );
#337 = PRODUCT_DEFINITION_FORMATION_WITH_SPECIFIED_SOURCE( ' ', 'NONE', #129, .NOT_KNOWN. );
#338 = CARTESIAN_POINT( '', ( 0.000000000000000, 0.000000000000000, 0.000000000000000 ) );
#339 = DIRECTION( '', ( 0.000000000000000, 0.000000000000000, 1.00000000000000 ) );
#340 = DIRECTION( '', ( 1.00000000000000, 0.000000000000000, 0.000000000000000 ) );
#341 = CARTESIAN_POINT( '', ( -5.94000000000000, 3.62500000000000, 3.52500000000000 ) );
#342 = DIRECTION( '', ( 0.000000000000000, 0.000000000000000, 1.00000000000000 ) );
#343 = DIRECTION( '', ( 1.00000000000000, 0.000000000000000, 0.000000000000000 ) );
#344 = CARTESIAN_POINT( '', ( -1.98000000000000, 3.62500000000000, 3.52500000000000 ) );
#345 = DIRECTION( '', ( 0.000000000000000, 0.000000000000000, 1.00000000000000 ) );
#346 = DIRECTION( '', ( 1.00000000000000, 0.000000000000000, 0.000000000000000 ) );
#347 = CARTESIAN_POINT( '', ( 1.98000000000000, 3.62500000000000, 3.52500000000000 ) );
#348 = DIRECTION( '', ( 0.000000000000000, 0.000000000000000, 1.00000000000000 ) );
#349 = DIRECTION( '', ( 1.00000000000000, 0.000000000000000, 0.000000000000000 ) );
#350 = CARTESIAN_POINT( '', ( 5.94000000000000, 3.62500000000000, 3.52500000000000 ) );
#351 = DIRECTION( '', ( 0.000000000000000, 0.000000000000000, 1.00000000000000 ) );
#352 = DIRECTION( '', ( 1.00000000000000, 0.000000000000000, 0.000000000000000 ) );
#353 = CARTESIAN_POINT( '', ( 0.000000000000000, 0.000000000000000, 0.000000000000000 ) );
#354 = DIRECTION( '', ( 0.000000000000000, 0.000000000000000, 1.00000000000000 ) );
#355 = DIRECTION( '', ( 1.00000000000000, 0.000000000000000, 0.000000000000000 ) );
#358 = UNCERTAINTY_MEASURE_WITH_UNIT( LENGTH_MEASURE( 0.00100000000000000 ), #360, '', '' );
#360 =  ( CONVERSION_BASED_UNIT( 'MILLIMETRE', #614 )LENGTH_UNIT(  )NAMED_UNIT( #617 ) );
#361 =  ( NAMED_UNIT( #619 )PLANE_ANGLE_UNIT(  )SI_UNIT( $, .RADIAN. ) );
#362 =  ( NAMED_UNIT( #619 )SI_UNIT( $, .STERADIAN. )SOLID_ANGLE_UNIT(  ) );
#364 = PRODUCT_DEFINITION_FORMATION_WITH_SPECIFIED_SOURCE( ' ', 'NONE', #138, .NOT_KNOWN. );
#365 = CLOSED_SHELL( '', ( #172, #302, #224, #188, #292, #226, #186, #228, #250, #322, #236, #272, #176, #178 ) );
#366 = PRODUCT_DEFINITION_FORMATION_WITH_SPECIFIED_SOURCE( ' ', 'NONE', #161, .NOT_KNOWN. );
#367 = CLOSED_SHELL( '', ( #278, #274, #182, #208, #312, #254, #314, #212, #284, #174, #240, #184, #210, #230, #258, #320, #232, #248, #244, #198, #214, #266, #242, #296, #282, #200, #238, #300, #252, #262, #180, #288, #202, #192, #310, #298, #206, #304, #264, #256, #318, #194, #270, #306, #204, #196, #260, #294, #216, #268, #218, #190, #246, #286, #316, #290, #280, #308, #276, #220, #222, #170, #234 ) );
#368 = SURFACE_STYLE_USAGE( .BOTH., #625 );
#369 = FACE_OUTER_BOUND( '', #626, .T. );
#370 = PLANE( '', #627 );
#371 = SURFACE_STYLE_USAGE( .BOTH., #628 );
#372 = FACE_OUTER_BOUND( '', #629, .T. );
#373 = PLANE( '', #630 );
#374 = SURFACE_STYLE_USAGE( .BOTH., #631 );
#375 = FACE_OUTER_BOUND( '', #632, .T. );
#376 = PLANE( '', #633 );
#377 = SURFACE_STYLE_USAGE( .BOTH., #634 );
#378 = FACE_OUTER_BOUND( '', #635, .T. );
#379 = PLANE( '', #636 );
#380 = SURFACE_STYLE_USAGE( .BOTH., #637 );
#381 = FACE_OUTER_BOUND( '', #638, .T. );
#382 = PLANE( '', #639 );
#383 = SURFACE_STYLE_USAGE( .BOTH., #640 );
#384 = FACE_OUTER_BOUND( '', #641, .T. );
#385 = PLANE( '', #642 );
#386 = SURFACE_STYLE_USAGE( .BOTH., #643 );
#387 = FACE_OUTER_BOUND( '', #644, .T. );
#388 = CYLINDRICAL_SURFACE( '', #645, 2.52798030670000 );
#389 = SURFACE_STYLE_USAGE( .BOTH., #646 );
#390 = FACE_OUTER_BOUND( '', #647, .T. );
#391 = PLANE( '', #648 );
#392 = SURFACE_STYLE_USAGE( .BOTH., #649 );
#393 = FACE_OUTER_BOUND( '', #650, .T. );
#394 = PLANE( '', #651 );
#395 = SURFACE_STYLE_USAGE( .BOTH., #652 );
#396 = FACE_OUTER_BOUND( '', #653, .T. );
#397 = PLANE( '', #654 );
#398 = SURFACE_STYLE_USAGE( .BOTH., #655 );
#399 = FACE_OUTER_BOUND( '', #656, .T. );
#400 = PLANE( '', #657 );
#401 = SURFACE_STYLE_USAGE( .BOTH., #658 );
#402 = FACE_OUTER_BOUND( '', #659, .T. );
#403 = PLANE( '', #660 );
#404 = SURFACE_STYLE_USAGE( .BOTH., #661 );
#405 = FACE_OUTER_BOUND( '', #662, .T. );
#406 = PLANE( '', #663 );
#407 = SURFACE_STYLE_USAGE( .BOTH., #664 );
#408 = FACE_OUTER_BOUND( '', #665, .T. );
#409 = PLANE( '', #666 );
#410 = SURFACE_STYLE_USAGE( .BOTH., #667 );
#411 = FACE_OUTER_BOUND( '', #668, .T. );
#412 = PLANE( '', #669 );
#413 = SURFACE_STYLE_USAGE( .BOTH., #670 );
#414 = FACE_OUTER_BOUND( '', #671, .T. );
#415 = PLANE( '', #672 );
#416 = SURFACE_STYLE_USAGE( .BOTH., #673 );
#417 = FACE_OUTER_BOUND( '', #674, .T. );
#418 = PLANE( '', #675 );
#419 = SURFACE_STYLE_USAGE( .BOTH., #676 );
#420 = FACE_OUTER_BOUND( '', #677, .T. );
#421 = PLANE( '', #678 );
#422 = SURFACE_STYLE_USAGE( .BOTH., #679 );
#423 = FACE_OUTER_BOUND( '', #680, .T. );
#424 = PLANE( '', #681 );
#425 = SURFACE_STYLE_USAGE( .BOTH., #682 );
#426 = FACE_BOUND( '', #683, .T. );
#427 = FACE_BOUND( '', #684, .T. );
#428 = FACE_BOUND( '', #685, .T. );
#429 = FACE_BOUND( '', #686, .T. );
#430 = FACE_OUTER_BOUND( '', #687, .T. );
#431 = PLANE( '', #688 );
#432 = SURFACE_STYLE_USAGE( .BOTH., #689 );
#433 = FACE_OUTER_BOUND( '', #690, .T. );
#434 = PLANE( '', #691 );
#435 = SURFACE_STYLE_USAGE( .BOTH., #692 );
#436 = FACE_OUTER_BOUND( '', #693, .T. );
#437 = PLANE( '', #694 );
#438 = SURFACE_STYLE_USAGE( .BOTH., #695 );
#439 = FACE_OUTER_BOUND( '', #696, .T. );
#440 = PLANE( '', #697 );
#441 = SURFACE_STYLE_USAGE( .BOTH., #698 );
#442 = FACE_OUTER_BOUND( '', #699, .T. );
#443 = PLANE( '', #700 );
#444 = SURFACE_STYLE_USAGE( .BOTH., #701 );
#445 = FACE_OUTER_BOUND( '', #702, .T. );
#446 = PLANE( '', #703 );
#447 = SURFACE_STYLE_USAGE( .BOTH., #704 );
#448 = FACE_OUTER_BOUND( '', #705, .T. );
#449 = PLANE( '', #706 );
#450 = SURFACE_STYLE_USAGE( .BOTH., #707 );
#451 = FACE_OUTER_BOUND( '', #708, .T. );
#452 = PLANE( '', #709 );
#453 = SURFACE_STYLE_USAGE( .BOTH., #710 );
#454 = FACE_OUTER_BOUND( '', #711, .T. );
#455 = PLANE( '', #712 );
#456 = SURFACE_STYLE_USAGE( .BOTH., #713 );
#457 = FACE_OUTER_BOUND( '', #714, .T. );
#458 = PLANE( '', #715 );
#459 = SURFACE_STYLE_USAGE( .BOTH., #716 );
#460 = FACE_OUTER_BOUND( '', #717, .T. );
#461 = PLANE( '', #718 );
#462 = SURFACE_STYLE_USAGE( .BOTH., #719 );
#463 = FACE_OUTER_BOUND( '', #720, .T. );
#464 = PLANE( '', #721 );
#465 = SURFACE_STYLE_USAGE( .BOTH., #722 );
#466 = FACE_OUTER_BOUND( '', #723, .T. );
#467 = CYLINDRICAL_SURFACE( '', #724, 1.65199916100000 );
#468 = SURFACE_STYLE_USAGE( .BOTH., #725 );
#469 = FACE_OUTER_BOUND( '', #726, .T. );
#470 = PLANE( '', #727 );
#471 = SURFACE_STYLE_USAGE( .BOTH., #728 );
#472 = FACE_OUTER_BOUND( '', #729, .T. );
#473 = PLANE( '', #730 );
#474 = SURFACE_STYLE_USAGE( .BOTH., #731 );
#475 = FACE_OUTER_BOUND( '', #732, .T. );
#476 = PLANE( '', #733 );
#477 = SURFACE_STYLE_USAGE( .BOTH., #734 );
#478 = FACE_OUTER_BOUND( '', #735, .T. );
#479 = CYLINDRICAL_SURFACE( '', #736, 1.64391213240000 );
#480 = SURFACE_STYLE_USAGE( .BOTH., #737 );
#481 = FACE_OUTER_BOUND( '', #738, .T. );
#482 = PLANE( '', #739 );
#483 = SURFACE_STYLE_USAGE( .BOTH., #740 );
#484 = FACE_BOUND( '', #741, .T. );
#485 = FACE_BOUND( '', #742, .T. );
#486 = FACE_BOUND( '', #743, .T. );
#487 = FACE_BOUND( '', #744, .T. );
#488 = FACE_OUTER_BOUND( '', #745, .T. );
#489 = PLANE( '', #746 );
#490 = SURFACE_STYLE_USAGE( .BOTH., #747 );
#491 = FACE_OUTER_BOUND( '', #748, .T. );
#492 = PLANE( '', #749 );
#493 = SURFACE_STYLE_USAGE( .BOTH., #750 );
#494 = FACE_BOUND( '', #751, .T. );
#495 = FACE_BOUND( '', #752, .T. );
#496 = FACE_OUTER_BOUND( '', #753, .T. );
#497 = FACE_BOUND( '', #754, .T. );
#498 = FACE_BOUND( '', #755, .T. );
#499 = PLANE( '', #756 );
#500 = SURFACE_STYLE_USAGE( .BOTH., #757 );
#501 = FACE_OUTER_BOUND( '', #758, .T. );
#502 = PLANE( '', #759 );
#503 = SURFACE_STYLE_USAGE( .BOTH., #760 );
#504 = FACE_OUTER_BOUND( '', #761, .T. );
#505 = PLANE( '', #762 );
#506 = SURFACE_STYLE_USAGE( .BOTH., #763 );
#507 = FACE_OUTER_BOUND( '', #764, .T. );
#508 = PLANE( '', #765 );
#509 = SURFACE_STYLE_USAGE( .BOTH., #766 );
#510 = FACE_OUTER_BOUND( '', #767, .T. );
#511 = PLANE( '', #768 );
#512 = SURFACE_STYLE_USAGE( .BOTH., #769 );
#513 = FACE_OUTER_BOUND( '', #770, .T. );
#514 = CYLINDRICAL_SURFACE( '', #771, 0.643912132400000 );
#515 = SURFACE_STYLE_USAGE( .BOTH., #772 );
#516 = FACE_OUTER_BOUND( '', #773, .T. );
#517 = PLANE( '', #774 );
#518 = SURFACE_STYLE_USAGE( .BOTH., #775 );
#519 = FACE_OUTER_BOUND( '', #776, .T. );
#520 = PLANE( '', #777 );
#521 = SURFACE_STYLE_USAGE( .BOTH., #778 );
#522 = FACE_OUTER_BOUND( '', #779, .T. );
#523 = PLANE( '', #780 );
#524 = SURFACE_STYLE_USAGE( .BOTH., #781 );
#525 = FACE_OUTER_BOUND( '', #782, .T. );
#526 = PLANE( '', #783 );
#527 = SURFACE_STYLE_USAGE( .BOTH., #784 );
#528 = FACE_OUTER_BOUND( '', #785, .T. );
#529 = PLANE( '', #786 );
#530 = SURFACE_STYLE_USAGE( .BOTH., #787 );
#531 = FACE_OUTER_BOUND( '', #788, .T. );
#532 = PLANE( '', #789 );
#533 = SURFACE_STYLE_USAGE( .BOTH., #790 );
#534 = FACE_OUTER_BOUND( '', #791, .T. );
#535 = PLANE( '', #792 );
#536 = SURFACE_STYLE_USAGE( .BOTH., #793 );
#537 = FACE_OUTER_BOUND( '', #794, .T. );
#538 = PLANE( '', #795 );
#539 = SURFACE_STYLE_USAGE( .BOTH., #796 );
#540 = FACE_OUTER_BOUND( '', #797, .T. );
#541 = PLANE( '', #798 );
#542 = SURFACE_STYLE_USAGE( .BOTH., #799 );
#543 = FACE_OUTER_BOUND( '', #800, .T. );
#544 = PLANE( '', #801 );
#545 = SURFACE_STYLE_USAGE( .BOTH., #802 );
#546 = FACE_OUTER_BOUND( '', #803, .T. );
#547 = PLANE( '', #804 );
#548 = SURFACE_STYLE_USAGE( .BOTH., #805 );
#549 = FACE_OUTER_BOUND( '', #806, .T. );
#550 = PLANE( '', #807 );
#551 = SURFACE_STYLE_USAGE( .BOTH., #808 );
#552 = FACE_OUTER_BOUND( '', #809, .T. );
#553 = CYLINDRICAL_SURFACE( '', #810, 0.651999161000000 );
#554 = SURFACE_STYLE_USAGE( .BOTH., #811 );
#555 = FACE_OUTER_BOUND( '', #812, .T. );
#556 = PLANE( '', #813 );
#557 = SURFACE_STYLE_USAGE( .BOTH., #814 );
#558 = FACE_OUTER_BOUND( '', #815, .T. );
#559 = PLANE( '', #816 );
#560 = SURFACE_STYLE_USAGE( .BOTH., #817 );
#561 = FACE_OUTER_BOUND( '', #818, .T. );
#562 = PLANE( '', #819 );
#563 = SURFACE_STYLE_USAGE( .BOTH., #820 );
#564 = FACE_OUTER_BOUND( '', #821, .T. );
#565 = PLANE( '', #822 );
#566 = SURFACE_STYLE_USAGE( .BOTH., #823 );
#567 = FACE_OUTER_BOUND( '', #824, .T. );
#568 = PLANE( '', #825 );
#569 = SURFACE_STYLE_USAGE( .BOTH., #826 );
#570 = FACE_OUTER_BOUND( '', #827, .T. );
#571 = PLANE( '', #828 );
#572 = SURFACE_STYLE_USAGE( .BOTH., #829 );
#573 = FACE_OUTER_BOUND( '', #830, .T. );
#574 = PLANE( '', #831 );
#575 = SURFACE_STYLE_USAGE( .BOTH., #832 );
#576 = FACE_OUTER_BOUND( '', #833, .T. );
#577 = PLANE( '', #834 );
#578 = SURFACE_STYLE_USAGE( .BOTH., #835 );
#579 = FACE_OUTER_BOUND( '', #836, .T. );
#580 = PLANE( '', #837 );
#581 = SURFACE_STYLE_USAGE( .BOTH., #838 );
#582 = FACE_OUTER_BOUND( '', #839, .T. );
#583 = PLANE( '', #840 );
#584 = SURFACE_STYLE_USAGE( .BOTH., #841 );
#585 = FACE_OUTER_BOUND( '', #842, .T. );
#586 = PLANE( '', #843 );
#587 = SURFACE_STYLE_USAGE( .BOTH., #844 );
#588 = FACE_OUTER_BOUND( '', #845, .T. );
#589 = PLANE( '', #846 );
#590 = SURFACE_STYLE_USAGE( .BOTH., #847 );
#591 = FACE_OUTER_BOUND( '', #848, .T. );
#592 = PLANE( '', #849 );
#593 = SURFACE_STYLE_USAGE( .BOTH., #850 );
#594 = FACE_OUTER_BOUND( '', #851, .T. );
#595 = PLANE( '', #852 );
#596 = SURFACE_STYLE_USAGE( .BOTH., #853 );
#597 = FACE_OUTER_BOUND( '', #854, .T. );
#598 = CYLINDRICAL_SURFACE( '', #855, 1.10000000000000 );
#599 = SURFACE_STYLE_USAGE( .BOTH., #856 );
#600 = FACE_OUTER_BOUND( '', #857, .T. );
#601 = PLANE( '', #858 );
#602 = SURFACE_STYLE_USAGE( .BOTH., #859 );
#603 = FACE_OUTER_BOUND( '', #860, .T. );
#604 = PLANE( '', #861 );
#605 = SURFACE_STYLE_USAGE( .BOTH., #862 );
#606 = FACE_OUTER_BOUND( '', #863, .T. );
#607 = PLANE( '', #864 );
#608 = SURFACE_STYLE_USAGE( .BOTH., #865 );
#609 = FACE_OUTER_BOUND( '', #866, .T. );
#610 = PLANE( '', #867 );
#611 =  ( LENGTH_UNIT(  )NAMED_UNIT( #328 )SI_UNIT( .MILLI., .METRE. ) );
#614 = LENGTH_MEASURE_WITH_UNIT( LENGTH_MEASURE( 1.00000000000000 ), #869 );
#617 = DIMENSIONAL_EXPONENTS( 1.00000000000000, 0.000000000000000, 0.000000000000000, 0.000000000000000, 0.000000000000000, 0.000000000000000, 0.000000000000000 );
#619 = DIMENSIONAL_EXPONENTS( 0.000000000000000, 0.000000000000000, 0.000000000000000, 0.000000000000000, 0.000000000000000, 0.000000000000000, 0.000000000000000 );
#625 = SURFACE_SIDE_STYLE( '', ( #870 ) );
#626 = EDGE_LOOP( '', ( #871, #872, #873, #874 ) );
#627 = AXIS2_PLACEMENT_3D( '', #875, #876, #877 );
#628 = SURFACE_SIDE_STYLE( '', ( #878 ) );
#629 = EDGE_LOOP( '', ( #879, #880, #881, #882 ) );
#630 = AXIS2_PLACEMENT_3D( '', #883, #884, #885 );
#631 = SURFACE_SIDE_STYLE( '', ( #886 ) );
#632 = EDGE_LOOP( '', ( #887, #888, #889, #890 ) );
#633 = AXIS2_PLACEMENT_3D( '', #891, #892, #893 );
#634 = SURFACE_SIDE_STYLE( '', ( #894 ) );
#635 = EDGE_LOOP( '', ( #895, #896, #897, #898 ) );
#636 = AXIS2_PLACEMENT_3D( '', #899, #900, #901 );
#637 = SURFACE_SIDE_STYLE( '', ( #902 ) );
#638 = EDGE_LOOP( '', ( #903, #904, #905, #906 ) );
#639 = AXIS2_PLACEMENT_3D( '', #907, #908, #909 );
#640 = SURFACE_SIDE_STYLE( '', ( #910 ) );
#641 = EDGE_LOOP( '', ( #911, #912, #913, #914 ) );
#642 = AXIS2_PLACEMENT_3D( '', #915, #916, #917 );
#643 = SURFACE_SIDE_STYLE( '', ( #918 ) );
#644 = EDGE_LOOP( '', ( #919, #920, #921, #922 ) );
#645 = AXIS2_PLACEMENT_3D( '', #923, #924, #925 );
#646 = SURFACE_SIDE_STYLE( '', ( #926 ) );
#647 = EDGE_LOOP( '', ( #927, #928, #929, #930 ) );
#648 = AXIS2_PLACEMENT_3D( '', #931, #932, #933 );
#649 = SURFACE_SIDE_STYLE( '', ( #934 ) );
#650 = EDGE_LOOP( '', ( #935, #936, #937, #938 ) );
#651 = AXIS2_PLACEMENT_3D( '', #939, #940, #941 );
#652 = SURFACE_SIDE_STYLE( '', ( #942 ) );
#653 = EDGE_LOOP( '', ( #943, #944, #945, #946 ) );
#654 = AXIS2_PLACEMENT_3D( '', #947, #948, #949 );
#655 = SURFACE_SIDE_STYLE( '', ( #950 ) );
#656 = EDGE_LOOP( '', ( #951, #952, #953, #954 ) );
#657 = AXIS2_PLACEMENT_3D( '', #955, #956, #957 );
#658 = SURFACE_SIDE_STYLE( '', ( #958 ) );
#659 = EDGE_LOOP( '', ( #959, #960, #961, #962 ) );
#660 = AXIS2_PLACEMENT_3D( '', #963, #964, #965 );
#661 = SURFACE_SIDE_STYLE( '', ( #966 ) );
#662 = EDGE_LOOP( '', ( #967, #968, #969, #970 ) );
#663 = AXIS2_PLACEMENT_3D( '', #971, #972, #973 );
#664 = SURFACE_SIDE_STYLE( '', ( #974 ) );
#665 = EDGE_LOOP( '', ( #975, #976, #977, #978 ) );
#666 = AXIS2_PLACEMENT_3D( '', #979, #980, #981 );
#667 = SURFACE_SIDE_STYLE( '', ( #982 ) );
#668 = EDGE_LOOP( '', ( #983, #984, #985, #986 ) );
#669 = AXIS2_PLACEMENT_3D( '', #987, #988, #989 );
#670 = SURFACE_SIDE_STYLE( '', ( #990 ) );
#671 = EDGE_LOOP( '', ( #991, #992, #993, #994 ) );
#672 = AXIS2_PLACEMENT_3D( '', #995, #996, #997 );
#673 = SURFACE_SIDE_STYLE( '', ( #998 ) );
#674 = EDGE_LOOP( '', ( #999, #1000, #1001, #1002 ) );
#675 = AXIS2_PLACEMENT_3D( '', #1003, #1004, #1005 );
#676 = SURFACE_SIDE_STYLE( '', ( #1006 ) );
#677 = EDGE_LOOP( '', ( #1007, #1008, #1009, #1010 ) );
#678 = AXIS2_PLACEMENT_3D( '', #1011, #1012, #1013 );
#679 = SURFACE_SIDE_STYLE( '', ( #1014 ) );
#680 = EDGE_LOOP( '', ( #1015, #1016, #1017, #1018 ) );
#681 = AXIS2_PLACEMENT_3D( '', #1019, #1020, #1021 );
#682 = SURFACE_SIDE_STYLE( '', ( #1022 ) );
#683 = EDGE_LOOP( '', ( #1023, #1024, #1025, #1026 ) );
#684 = EDGE_LOOP( '', ( #1027, #1028, #1029, #1030 ) );
#685 = EDGE_LOOP( '', ( #1031, #1032, #1033, #1034 ) );
#686 = EDGE_LOOP( '', ( #1035, #1036, #1037, #1038 ) );
#687 = EDGE_LOOP( '', ( #1039, #1040, #1041, #1042, #1043, #1044, #1045, #1046 ) );
#688 = AXIS2_PLACEMENT_3D( '', #1047, #1048, #1049 );
#689 = SURFACE_SIDE_STYLE( '', ( #1050 ) );
#690 = EDGE_LOOP( '', ( #1051, #1052, #1053, #1054 ) );
#691 = AXIS2_PLACEMENT_3D( '', #1055, #1056, #1057 );
#692 = SURFACE_SIDE_STYLE( '', ( #1058 ) );
#693 = EDGE_LOOP( '', ( #1059, #1060, #1061, #1062 ) );
#694 = AXIS2_PLACEMENT_3D( '', #1063, #1064, #1065 );
#695 = SURFACE_SIDE_STYLE( '', ( #1066 ) );
#696 = EDGE_LOOP( '', ( #1067, #1068, #1069, #1070 ) );
#697 = AXIS2_PLACEMENT_3D( '', #1071, #1072, #1073 );
#698 = SURFACE_SIDE_STYLE( '', ( #1074 ) );
#699 = EDGE_LOOP( '', ( #1075, #1076, #1077, #1078 ) );
#700 = AXIS2_PLACEMENT_3D( '', #1079, #1080, #1081 );
#701 = SURFACE_SIDE_STYLE( '', ( #1082 ) );
#702 = EDGE_LOOP( '', ( #1083, #1084, #1085, #1086 ) );
#703 = AXIS2_PLACEMENT_3D( '', #1087, #1088, #1089 );
#704 = SURFACE_SIDE_STYLE( '', ( #1090 ) );
#705 = EDGE_LOOP( '', ( #1091, #1092, #1093, #1094 ) );
#706 = AXIS2_PLACEMENT_3D( '', #1095, #1096, #1097 );
#707 = SURFACE_SIDE_STYLE( '', ( #1098 ) );
#708 = EDGE_LOOP( '', ( #1099, #1100, #1101, #1102 ) );
#709 = AXIS2_PLACEMENT_3D( '', #1103, #1104, #1105 );
#710 = SURFACE_SIDE_STYLE( '', ( #1106 ) );
#711 = EDGE_LOOP( '', ( #1107, #1108, #1109, #1110 ) );
#712 = AXIS2_PLACEMENT_3D( '', #1111, #1112, #1113 );
#713 = SURFACE_SIDE_STYLE( '', ( #1114 ) );
#714 = EDGE_LOOP( '', ( #1115, #1116, #1117, #1118 ) );
#715 = AXIS2_PLACEMENT_3D( '', #1119, #1120, #1121 );
#716 = SURFACE_SIDE_STYLE( '', ( #1122 ) );
#717 = EDGE_LOOP( '', ( #1123, #1124, #1125, #1126 ) );
#718 = AXIS2_PLACEMENT_3D( '', #1127, #1128, #1129 );
#719 = SURFACE_SIDE_STYLE( '', ( #1130 ) );
#720 = EDGE_LOOP( '', ( #1131, #1132, #1133, #1134 ) );
#721 = AXIS2_PLACEMENT_3D( '', #1135, #1136, #1137 );
#722 = SURFACE_SIDE_STYLE( '', ( #1138 ) );
#723 = EDGE_LOOP( '', ( #1139, #1140, #1141, #1142 ) );
#724 = AXIS2_PLACEMENT_3D( '', #1143, #1144, #1145 );
#725 = SURFACE_SIDE_STYLE( '', ( #1146 ) );
#726 = EDGE_LOOP( '', ( #1147, #1148, #1149, #1150 ) );
#727 = AXIS2_PLACEMENT_3D( '', #1151, #1152, #1153 );
#728 = SURFACE_SIDE_STYLE( '', ( #1154 ) );
#729 = EDGE_LOOP( '', ( #1155, #1156, #1157, #1158 ) );
#730 = AXIS2_PLACEMENT_3D( '', #1159, #1160, #1161 );
#731 = SURFACE_SIDE_STYLE( '', ( #1162 ) );
#732 = EDGE_LOOP( '', ( #1163, #1164, #1165, #1166 ) );
#733 = AXIS2_PLACEMENT_3D( '', #1167, #1168, #1169 );
#734 = SURFACE_SIDE_STYLE( '', ( #1170 ) );
#735 = EDGE_LOOP( '', ( #1171, #1172, #1173, #1174 ) );
#736 = AXIS2_PLACEMENT_3D( '', #1175, #1176, #1177 );
#737 = SURFACE_SIDE_STYLE( '', ( #1178 ) );
#738 = EDGE_LOOP( '', ( #1179, #1180, #1181, #1182, #1183, #1184, #1185, #1186, #1187, #1188, #1189, #1190, #1191, #1192, #1193, #1194, #1195, #1196, #1197, #1198, #1199 ) );
#739 = AXIS2_PLACEMENT_3D( '', #1200, #1201, #1202 );
#740 = SURFACE_SIDE_STYLE( '', ( #1203 ) );
#741 = EDGE_LOOP( '', ( #1204, #1205, #1206, #1207 ) );
#742 = EDGE_LOOP( '', ( #1208, #1209, #1210, #1211 ) );
#743 = EDGE_LOOP( '', ( #1212, #1213, #1214, #1215 ) );
#744 = EDGE_LOOP( '', ( #1216, #1217, #1218, #1219 ) );
#745 = EDGE_LOOP( '', ( #1220, #1221, #1222, #1223, #1224, #1225, #1226, #1227 ) );
#746 = AXIS2_PLACEMENT_3D( '', #1228, #1229, #1230 );
#747 = SURFACE_SIDE_STYLE( '', ( #1231 ) );
#748 = EDGE_LOOP( '', ( #1232, #1233, #1234, #1235 ) );
#749 = AXIS2_PLACEMENT_3D( '', #1236, #1237, #1238 );
#750 = SURFACE_SIDE_STYLE( '', ( #1239 ) );
#751 = EDGE_LOOP( '', ( #1240, #1241, #1242, #1243 ) );
#752 = EDGE_LOOP( '', ( #1244, #1245, #1246, #1247 ) );
#753 = EDGE_LOOP( '', ( #1248, #1249, #1250, #1251 ) );
#754 = EDGE_LOOP( '', ( #1252, #1253, #1254, #1255 ) );
#755 = EDGE_LOOP( '', ( #1256, #1257, #1258, #1259 ) );
#756 = AXIS2_PLACEMENT_3D( '', #1260, #1261, #1262 );
#757 = SURFACE_SIDE_STYLE( '', ( #1263 ) );
#758 = EDGE_LOOP( '', ( #1264, #1265, #1266, #1267 ) );
#759 = AXIS2_PLACEMENT_3D( '', #1268, #1269, #1270 );
#760 = SURFACE_SIDE_STYLE( '', ( #1271 ) );
#761 = EDGE_LOOP( '', ( #1272, #1273, #1274, #1275 ) );
#762 = AXIS2_PLACEMENT_3D( '', #1276, #1277, #1278 );
#763 = SURFACE_SIDE_STYLE( '', ( #1279 ) );
#764 = EDGE_LOOP( '', ( #1280, #1281, #1282, #1283 ) );
#765 = AXIS2_PLACEMENT_3D( '', #1284, #1285, #1286 );
#766 = SURFACE_SIDE_STYLE( '', ( #1287 ) );
#767 = EDGE_LOOP( '', ( #1288, #1289, #1290, #1291 ) );
#768 = AXIS2_PLACEMENT_3D( '', #1292, #1293, #1294 );
#769 = SURFACE_SIDE_STYLE( '', ( #1295 ) );
#770 = EDGE_LOOP( '', ( #1296, #1297, #1298, #1299 ) );
#771 = AXIS2_PLACEMENT_3D( '', #1300, #1301, #1302 );
#772 = SURFACE_SIDE_STYLE( '', ( #1303 ) );
#773 = EDGE_LOOP( '', ( #1304, #1305, #1306, #1307 ) );
#774 = AXIS2_PLACEMENT_3D( '', #1308, #1309, #1310 );
#775 = SURFACE_SIDE_STYLE( '', ( #1311 ) );
#776 = EDGE_LOOP( '', ( #1312, #1313, #1314, #1315 ) );
#777 = AXIS2_PLACEMENT_3D( '', #1316, #1317, #1318 );
#778 = SURFACE_SIDE_STYLE( '', ( #1319 ) );
#779 = EDGE_LOOP( '', ( #1320, #1321, #1322, #1323 ) );
#780 = AXIS2_PLACEMENT_3D( '', #1324, #1325, #1326 );
#781 = SURFACE_SIDE_STYLE( '', ( #1327 ) );
#782 = EDGE_LOOP( '', ( #1328, #1329, #1330, #1331 ) );
#783 = AXIS2_PLACEMENT_3D( '', #1332, #1333, #1334 );
#784 = SURFACE_SIDE_STYLE( '', ( #1335 ) );
#785 = EDGE_LOOP( '', ( #1336, #1337, #1338, #1339 ) );
#786 = AXIS2_PLACEMENT_3D( '', #1340, #1341, #1342 );
#787 = SURFACE_SIDE_STYLE( '', ( #1343 ) );
#788 = EDGE_LOOP( '', ( #1344, #1345, #1346, #1347 ) );
#789 = AXIS2_PLACEMENT_3D( '', #1348, #1349, #1350 );
#790 = SURFACE_SIDE_STYLE( '', ( #1351 ) );
#791 = EDGE_LOOP( '', ( #1352, #1353, #1354, #1355 ) );
#792 = AXIS2_PLACEMENT_3D( '', #1356, #1357, #1358 );
#793 = SURFACE_SIDE_STYLE( '', ( #1359 ) );
#794 = EDGE_LOOP( '', ( #1360, #1361, #1362, #1363, #1364, #1365, #1366, #1367, #1368, #1369, #1370, #1371, #1372, #1373, #1374, #1375, #1376, #1377, #1378, #1379, #1380 ) );
#795 = AXIS2_PLACEMENT_3D( '', #1381, #1382, #1383 );
#796 = SURFACE_SIDE_STYLE( '', ( #1384 ) );
#797 = EDGE_LOOP( '', ( #1385, #1386, #1387, #1388 ) );
#798 = AXIS2_PLACEMENT_3D( '', #1389, #1390, #1391 );
#799 = SURFACE_SIDE_STYLE( '', ( #1392 ) );
#800 = EDGE_LOOP( '', ( #1393, #1394, #1395, #1396 ) );
#801 = AXIS2_PLACEMENT_3D( '', #1397, #1398, #1399 );
#802 = SURFACE_SIDE_STYLE( '', ( #1400 ) );
#803 = EDGE_LOOP( '', ( #1401, #1402, #1403, #1404 ) );
#804 = AXIS2_PLACEMENT_3D( '', #1405, #1406, #1407 );
#805 = SURFACE_SIDE_STYLE( '', ( #1408 ) );
#806 = EDGE_LOOP( '', ( #1409, #1410, #1411, #1412 ) );
#807 = AXIS2_PLACEMENT_3D( '', #1413, #1414, #1415 );
#808 = SURFACE_SIDE_STYLE( '', ( #1416 ) );
#809 = EDGE_LOOP( '', ( #1417, #1418, #1419, #1420 ) );
#810 = AXIS2_PLACEMENT_3D( '', #1421, #1422, #1423 );
#811 = SURFACE_SIDE_STYLE( '', ( #1424 ) );
#812 = EDGE_LOOP( '', ( #1425, #1426, #1427, #1428 ) );
#813 = AXIS2_PLACEMENT_3D( '', #1429, #1430, #1431 );
#814 = SURFACE_SIDE_STYLE( '', ( #1432 ) );
#815 = EDGE_LOOP( '', ( #1433, #1434, #1435, #1436 ) );
#816 = AXIS2_PLACEMENT_3D( '', #1437, #1438, #1439 );
#817 = SURFACE_SIDE_STYLE( '', ( #1440 ) );
#818 = EDGE_LOOP( '', ( #1441, #1442, #1443, #1444 ) );
#819 = AXIS2_PLACEMENT_3D( '', #1445, #1446, #1447 );
#820 = SURFACE_SIDE_STYLE( '', ( #1448 ) );
#821 = EDGE_LOOP( '', ( #1449, #1450, #1451, #1452 ) );
#822 = AXIS2_PLACEMENT_3D( '', #1453, #1454, #1455 );
#823 = SURFACE_SIDE_STYLE( '', ( #1456 ) );
#824 = EDGE_LOOP( '', ( #1457, #1458, #1459, #1460 ) );
#825 = AXIS2_PLACEMENT_3D( '', #1461, #1462, #1463 );
#826 = SURFACE_SIDE_STYLE( '', ( #1464 ) );
#827 = EDGE_LOOP( '', ( #1465, #1466, #1467, #1468 ) );
#828 = AXIS2_PLACEMENT_3D( '', #1469, #1470, #1471 );
#829 = SURFACE_SIDE_STYLE( '', ( #1472 ) );
#830 = EDGE_LOOP( '', ( #1473, #1474, #1475, #1476 ) );
#831 = AXIS2_PLACEMENT_3D( '', #1477, #1478, #1479 );
#832 = SURFACE_SIDE_STYLE( '', ( #1480 ) );
#833 = EDGE_LOOP( '', ( #1481, #1482, #1483, #1484 ) );
#834 = AXIS2_PLACEMENT_3D( '', #1485, #1486, #1487 );
#835 = SURFACE_SIDE_STYLE( '', ( #1488 ) );
#836 = EDGE_LOOP( '', ( #1489, #1490, #1491, #1492 ) );
#837 = AXIS2_PLACEMENT_3D( '', #1493, #1494, #1495 );
#838 = SURFACE_SIDE_STYLE( '', ( #1496 ) );
#839 = EDGE_LOOP( '', ( #1497, #1498, #1499, #1500 ) );
#840 = AXIS2_PLACEMENT_3D( '', #1501, #1502, #1503 );
#841 = SURFACE_SIDE_STYLE( '', ( #1504 ) );
#842 = EDGE_LOOP( '', ( #1505, #1506, #1507, #1508 ) );
#843 = AXIS2_PLACEMENT_3D( '', #1509, #1510, #1511 );
#844 = SURFACE_SIDE_STYLE( '', ( #1512 ) );
#845 = EDGE_LOOP( '', ( #1513, #1514, #1515, #1516 ) );
#846 = AXIS2_PLACEMENT_3D( '', #1517, #1518, #1519 );
#847 = SURFACE_SIDE_STYLE( '', ( #1520 ) );
#848 = EDGE_LOOP( '', ( #1521, #1522, #1523, #1524 ) );
#849 = AXIS2_PLACEMENT_3D( '', #1525, #1526, #1527 );
#850 = SURFACE_SIDE_STYLE( '', ( #1528 ) );
#851 = EDGE_LOOP( '', ( #1529, #1530, #1531, #1532 ) );
#852 = AXIS2_PLACEMENT_3D( '', #1533, #1534, #1535 );
#853 = SURFACE_SIDE_STYLE( '', ( #1536 ) );
#854 = EDGE_LOOP( '', ( #1537, #1538, #1539, #1540 ) );
#855 = AXIS2_PLACEMENT_3D( '', #1541, #1542, #1543 );
#856 = SURFACE_SIDE_STYLE( '', ( #1544 ) );
#857 = EDGE_LOOP( '', ( #1545, #1546, #1547, #1548 ) );
#858 = AXIS2_PLACEMENT_3D( '', #1549, #1550, #1551 );
#859 = SURFACE_SIDE_STYLE( '', ( #1552 ) );
#860 = EDGE_LOOP( '', ( #1553, #1554, #1555, #1556 ) );
#861 = AXIS2_PLACEMENT_3D( '', #1557, #1558, #1559 );
#862 = SURFACE_SIDE_STYLE( '', ( #1560 ) );
#863 = EDGE_LOOP( '', ( #1561, #1562, #1563, #1564 ) );
#864 = AXIS2_PLACEMENT_3D( '', #1565, #1566, #1567 );
#865 = SURFACE_SIDE_STYLE( '', ( #1568 ) );
#866 = EDGE_LOOP( '', ( #1569, #1570, #1571, #1572 ) );
#867 = AXIS2_PLACEMENT_3D( '', #1573, #1574, #1575 );
#869 =  ( LENGTH_UNIT(  )NAMED_UNIT( #617 )SI_UNIT( .MILLI., .METRE. ) );
#870 = SURFACE_STYLE_FILL_AREA( #1577 );
#871 = ORIENTED_EDGE( '', *, *, #1578, .T. );
#872 = ORIENTED_EDGE( '', *, *, #1579, .F. );
#873 = ORIENTED_EDGE( '', *, *, #1580, .F. );
#874 = ORIENTED_EDGE( '', *, *, #1581, .F. );
#875 = CARTESIAN_POINT( '', ( 0.945000000000000, -1.47500000000000, -21.2041114713992 ) );
#876 = DIRECTION( '', ( -1.00000000000000, 4.33680868994202E-016, -5.37368846090189E-032 ) );
#877 = DIRECTION( '', ( -4.33680868994202E-016, -1.00000000000000, 0.000000000000000 ) );
#878 = SURFACE_STYLE_FILL_AREA( #1582 );
#879 = ORIENTED_EDGE( '', *, *, #1583, .T. );
#880 = ORIENTED_EDGE( '', *, *, #1584, .T. );
#881 = ORIENTED_EDGE( '', *, *, #1585, .T. );
#882 = ORIENTED_EDGE( '', *, *, #1586, .T. );
#883 = CARTESIAN_POINT( '', ( 0.000000000000000, 0.000000000000000, -8.72500000000000 ) );
#884 = DIRECTION( '', ( 0.000000000000000, 0.000000000000000, -1.00000000000000 ) );
#885 = DIRECTION( '', ( -1.00000000000000, 0.000000000000000, 0.000000000000000 ) );
#886 = SURFACE_STYLE_FILL_AREA( #1587 );
#887 = ORIENTED_EDGE( '', *, *, #1588, .F. );
#888 = ORIENTED_EDGE( '', *, *, #1589, .F. );
#889 = ORIENTED_EDGE( '', *, *, #1590, .T. );
#890 = ORIENTED_EDGE( '', *, *, #1591, .T. );
#891 = CARTESIAN_POINT( '', ( -7.97500000000000, 7.06723504728079, 4.89902028889820 ) );
#892 = DIRECTION( '', ( 0.000000000000000, -0.758028902232006, -0.652220962083357 ) );
#893 = DIRECTION( '', ( 0.000000000000000, 0.652220962083357, -0.758028902232006 ) );
#894 = SURFACE_STYLE_FILL_AREA( #1592 );
#895 = ORIENTED_EDGE( '', *, *, #1593, .F. );
#896 = ORIENTED_EDGE( '', *, *, #1594, .T. );
#897 = ORIENTED_EDGE( '', *, *, #1595, .T. );
#898 = ORIENTED_EDGE( '', *, *, #1596, .T. );
#899 = CARTESIAN_POINT( '', ( 0.570000000000000, -0.570000000000000, 8.72500000000000 ) );
#900 = DIRECTION( '', ( 0.000000000000000, -1.00000000000000, 0.000000000000000 ) );
#901 = DIRECTION( '', ( 0.000000000000000, 0.000000000000000, -1.00000000000000 ) );
#902 = SURFACE_STYLE_FILL_AREA( #1597 );
#903 = ORIENTED_EDGE( '', *, *, #1598, .F. );
#904 = ORIENTED_EDGE( '', *, *, #1599, .T. );
#905 = ORIENTED_EDGE( '', *, *, #1593, .T. );
#906 = ORIENTED_EDGE( '', *, *, #1600, .T. );
#907 = CARTESIAN_POINT( '', ( 0.570000000000000, 0.570000000000000, 8.72500000000000 ) );
#908 = DIRECTION( '', ( 1.00000000000000, 0.000000000000000, 0.000000000000000 ) );
#909 = DIRECTION( '', ( 0.000000000000000, 0.000000000000000, -1.00000000000000 ) );
#910 = SURFACE_STYLE_FILL_AREA( #1601 );
#911 = ORIENTED_EDGE( '', *, *, #1602, .T. );
#912 = ORIENTED_EDGE( '', *, *, #1603, .F. );
#913 = ORIENTED_EDGE( '', *, *, #1604, .F. );
#914 = ORIENTED_EDGE( '', *, *, #1605, .T. );
#915 = CARTESIAN_POINT( '', ( -5.11500000000000, 0.825000000000000, 0.400000000000000 ) );
#916 = DIRECTION( '', ( 1.00000000000000, 0.000000000000000, 0.000000000000000 ) );
#917 = DIRECTION( '', ( 0.000000000000000, 0.000000000000000, -1.00000000000000 ) );
#918 = SURFACE_STYLE_FILL_AREA( #1606 );
#919 = ORIENTED_EDGE( '', *, *, #1607, .F. );
#920 = ORIENTED_EDGE( '', *, *, #1608, .F. );
#921 = ORIENTED_EDGE( '', *, *, #1609, .T. );
#922 = ORIENTED_EDGE( '', *, *, #1610, .T. );
#923 = CARTESIAN_POINT( '', ( -7.97500000000000, 5.70122723113504, 0.927980306667346 ) );
#924 = DIRECTION( '', ( -1.00000000000000, -0.000000000000000, -0.000000000000000 ) );
#925 = DIRECTION( '', ( 0.000000000000000, 0.000000000000000, -1.00000000000000 ) );
#926 = SURFACE_STYLE_FILL_AREA( #1611 );
#927 = ORIENTED_EDGE( '', *, *, #1612, .F. );
#928 = ORIENTED_EDGE( '', *, *, #1613, .F. );
#929 = ORIENTED_EDGE( '', *, *, #1614, .T. );
#930 = ORIENTED_EDGE( '', *, *, #1615, .T. );
#931 = CARTESIAN_POINT( '', ( -7.97500000000000, 5.89798716776371, 8.97655637349260 ) );
#932 = DIRECTION( '', ( 0.000000000000000, -0.590618528500904, 0.806950899244450 ) );
#933 = DIRECTION( '', ( 0.000000000000000, -0.806950899244450, -0.590618528500904 ) );
#934 = SURFACE_STYLE_FILL_AREA( #1616 );
#935 = ORIENTED_EDGE( '', *, *, #1617, .T. );
#936 = ORIENTED_EDGE( '', *, *, #1599, .F. );
#937 = ORIENTED_EDGE( '', *, *, #1618, .F. );
#938 = ORIENTED_EDGE( '', *, *, #1619, .F. );
#939 = CARTESIAN_POINT( '', ( 0.570000000000000, 0.570000000000000, 7.82500000000000 ) );
#940 = DIRECTION( '', ( 0.932004671541296, -0.000000000000000, 0.362446261154948 ) );
#941 = DIRECTION( '', ( 0.000000000000000, 1.00000000000000, 0.000000000000000 ) );
#942 = SURFACE_STYLE_FILL_AREA( #1620 );
#943 = ORIENTED_EDGE( '', *, *, #1595, .F. );
#944 = ORIENTED_EDGE( '', *, *, #1621, .T. );
#945 = ORIENTED_EDGE( '', *, *, #1622, .T. );
#946 = ORIENTED_EDGE( '', *, *, #1623, .T. );
#947 = CARTESIAN_POINT( '', ( -0.570000000000000, -0.570000000000000, 8.72500000000000 ) );
#948 = DIRECTION( '', ( -1.00000000000000, 0.000000000000000, 0.000000000000000 ) );
#949 = DIRECTION( '', ( 0.000000000000000, 0.000000000000000, 1.00000000000000 ) );
#950 = SURFACE_STYLE_FILL_AREA( #1624 );
#951 = ORIENTED_EDGE( '', *, *, #1625, .T. );
#952 = ORIENTED_EDGE( '', *, *, #1626, .F. );
#953 = ORIENTED_EDGE( '', *, *, #1627, .F. );
#954 = ORIENTED_EDGE( '', *, *, #1628, .F. );
#955 = CARTESIAN_POINT( '', ( 5.37000000000000, 4.19500000000000, -21.2041114713992 ) );
#956 = DIRECTION( '', ( 0.000000000000000, -1.00000000000000, 1.23908819712629E-016 ) );
#957 = DIRECTION( '', ( 0.000000000000000, -1.23908819712629E-016, -1.00000000000000 ) );
#958 = SURFACE_STYLE_FILL_AREA( #1629 );
#959 = ORIENTED_EDGE( '', *, *, #1630, .T. );
#960 = ORIENTED_EDGE( '', *, *, #1631, .F. );
#961 = ORIENTED_EDGE( '', *, *, #1632, .F. );
#962 = ORIENTED_EDGE( '', *, *, #1633, .F. );
#963 = CARTESIAN_POINT( '', ( -2.55000000000000, 4.19500000000000, -21.2041114713992 ) );
#964 = DIRECTION( '', ( 0.000000000000000, -1.00000000000000, 1.23908819712629E-016 ) );
#965 = DIRECTION( '', ( 0.000000000000000, -1.23908819712629E-016, -1.00000000000000 ) );
#966 = SURFACE_STYLE_FILL_AREA( #1634 );
#967 = ORIENTED_EDGE( '', *, *, #1635, .T. );
#968 = ORIENTED_EDGE( '', *, *, #1636, .F. );
#969 = ORIENTED_EDGE( '', *, *, #1637, .F. );
#970 = ORIENTED_EDGE( '', *, *, #1638, .F. );
#971 = CARTESIAN_POINT( '', ( 1.41000000000000, 3.05500000000000, -21.2041114713992 ) );
#972 = DIRECTION( '', ( 1.00000000000000, 0.000000000000000, 0.000000000000000 ) );
#973 = DIRECTION( '', ( 0.000000000000000, 0.000000000000000, -1.00000000000000 ) );
#974 = SURFACE_STYLE_FILL_AREA( #1639 );
#975 = ORIENTED_EDGE( '', *, *, #1640, .T. );
#976 = ORIENTED_EDGE( '', *, *, #1641, .F. );
#977 = ORIENTED_EDGE( '', *, *, #1642, .F. );
#978 = ORIENTED_EDGE( '', *, *, #1643, .T. );
#979 = CARTESIAN_POINT( '', ( 2.80500000000000, -0.825000000000000, 0.400000000000000 ) );
#980 = DIRECTION( '', ( 0.000000000000000, -1.00000000000000, -2.19585250123647E-016 ) );
#981 = DIRECTION( '', ( 0.000000000000000, 2.19585250123647E-016, -1.00000000000000 ) );
#982 = SURFACE_STYLE_FILL_AREA( #1644 );
#983 = ORIENTED_EDGE( '', *, *, #1645, .F. );
#984 = ORIENTED_EDGE( '', *, *, #1646, .F. );
#985 = ORIENTED_EDGE( '', *, *, #1647, .T. );
#986 = ORIENTED_EDGE( '', *, *, #1648, .T. );
#987 = CARTESIAN_POINT( '', ( -7.97500000000000, 1.97500000000000, -1.60000000000000 ) );
#988 = DIRECTION( '', ( 0.000000000000000, 0.914917801572931, -0.403640206576295 ) );
#989 = DIRECTION( '', ( 0.000000000000000, 0.403640206576295, 0.914917801572931 ) );
#990 = SURFACE_STYLE_FILL_AREA( #1649 );
#991 = ORIENTED_EDGE( '', *, *, #1650, .T. );
#992 = ORIENTED_EDGE( '', *, *, #1651, .F. );
#993 = ORIENTED_EDGE( '', *, *, #1652, .F. );
#994 = ORIENTED_EDGE( '', *, *, #1653, .F. );
#995 = CARTESIAN_POINT( '', ( -5.37000000000000, 4.19500000000000, -21.2041114713992 ) );
#996 = DIRECTION( '', ( -1.00000000000000, 0.000000000000000, 0.000000000000000 ) );
#997 = DIRECTION( '', ( 0.000000000000000, 0.000000000000000, 1.00000000000000 ) );
#998 = SURFACE_STYLE_FILL_AREA( #1654 );
#999 = ORIENTED_EDGE( '', *, *, #1632, .T. );
#1000 = ORIENTED_EDGE( '', *, *, #1655, .F. );
#1001 = ORIENTED_EDGE( '', *, *, #1656, .F. );
#1002 = ORIENTED_EDGE( '', *, *, #1657, .F. );
#1003 = CARTESIAN_POINT( '', ( -2.55000000000000, 3.05500000000000, -21.2041114713992 ) );
#1004 = DIRECTION( '', ( 1.00000000000000, 0.000000000000000, 0.000000000000000 ) );
#1005 = DIRECTION( '', ( 0.000000000000000, 0.000000000000000, -1.00000000000000 ) );
#1006 = SURFACE_STYLE_FILL_AREA( #1658 );
#1007 = ORIENTED_EDGE( '', *, *, #1637, .T. );
#1008 = ORIENTED_EDGE( '', *, *, #1659, .F. );
#1009 = ORIENTED_EDGE( '', *, *, #1660, .F. );
#1010 = ORIENTED_EDGE( '', *, *, #1661, .F. );
#1011 = CARTESIAN_POINT( '', ( 2.55000000000000, 3.05500000000000, -21.2041114713992 ) );
#1012 = DIRECTION( '', ( 0.000000000000000, 1.00000000000000, -1.23908819712629E-016 ) );
#1013 = DIRECTION( '', ( 0.000000000000000, 1.23908819712629E-016, 1.00000000000000 ) );
#1014 = SURFACE_STYLE_FILL_AREA( #1662 );
#1015 = ORIENTED_EDGE( '', *, *, #1663, .T. );
#1016 = ORIENTED_EDGE( '', *, *, #1664, .F. );
#1017 = ORIENTED_EDGE( '', *, *, #1665, .F. );
#1018 = ORIENTED_EDGE( '', *, *, #1666, .T. );
#1019 = CARTESIAN_POINT( '', ( -1.15500000000000, -0.825000000000000, 0.400000000000000 ) );
#1020 = DIRECTION( '', ( 0.000000000000000, -1.00000000000000, -2.19585250123647E-016 ) );
#1021 = DIRECTION( '', ( 0.000000000000000, 2.19585250123647E-016, -1.00000000000000 ) );
#1022 = SURFACE_STYLE_FILL_AREA( #1667 );
#1023 = ORIENTED_EDGE( '', *, *, #1668, .T. );
#1024 = ORIENTED_EDGE( '', *, *, #1669, .T. );
#1025 = ORIENTED_EDGE( '', *, *, #1626, .T. );
#1026 = ORIENTED_EDGE( '', *, *, #1670, .T. );
#1027 = ORIENTED_EDGE( '', *, *, #1671, .T. );
#1028 = ORIENTED_EDGE( '', *, *, #1655, .T. );
#1029 = ORIENTED_EDGE( '', *, *, #1631, .T. );
#1030 = ORIENTED_EDGE( '', *, *, #1672, .T. );
#1031 = ORIENTED_EDGE( '', *, *, #1673, .T. );
#1032 = ORIENTED_EDGE( '', *, *, #1674, .T. );
#1033 = ORIENTED_EDGE( '', *, *, #1675, .T. );
#1034 = ORIENTED_EDGE( '', *, *, #1651, .T. );
#1035 = ORIENTED_EDGE( '', *, *, #1659, .T. );
#1036 = ORIENTED_EDGE( '', *, *, #1636, .T. );
#1037 = ORIENTED_EDGE( '', *, *, #1676, .T. );
#1038 = ORIENTED_EDGE( '', *, *, #1677, .T. );
#1039 = ORIENTED_EDGE( '', *, *, #1678, .T. );
#1040 = ORIENTED_EDGE( '', *, *, #1679, .T. );
#1041 = ORIENTED_EDGE( '', *, *, #1680, .T. );
#1042 = ORIENTED_EDGE( '', *, *, #1579, .T. );
#1043 = ORIENTED_EDGE( '', *, *, #1681, .T. );
#1044 = ORIENTED_EDGE( '', *, *, #1682, .F. );
#1045 = ORIENTED_EDGE( '', *, *, #1683, .F. );
#1046 = ORIENTED_EDGE( '', *, *, #1684, .T. );
#1047 = CARTESIAN_POINT( '', ( -7.97500000000000, -1.97500000000000, 1.60000000000000 ) );
#1048 = DIRECTION( '', ( 0.000000000000000, 1.23908819712629E-016, 1.00000000000000 ) );
#1049 = DIRECTION( '', ( 0.000000000000000, -1.00000000000000, 1.23908819712629E-016 ) );
#1050 = SURFACE_STYLE_FILL_AREA( #1685 );
#1051 = ORIENTED_EDGE( '', *, *, #1686, .F. );
#1052 = ORIENTED_EDGE( '', *, *, #1687, .F. );
#1053 = ORIENTED_EDGE( '', *, *, #1688, .T. );
#1054 = ORIENTED_EDGE( '', *, *, #1613, .T. );
#1055 = CARTESIAN_POINT( '', ( -7.97500000000000, 8.18438147149909, 10.6500000000000 ) );
#1056 = DIRECTION( '', ( 0.000000000000000, 0.806950899244448, 0.590618528500907 ) );
#1057 = DIRECTION( '', ( 0.000000000000000, -0.590618528500907, 0.806950899244448 ) );
#1058 = SURFACE_STYLE_FILL_AREA( #1689 );
#1059 = ORIENTED_EDGE( '', *, *, #1690, .F. );
#1060 = ORIENTED_EDGE( '', *, *, #1691, .F. );
#1061 = ORIENTED_EDGE( '', *, *, #1692, .T. );
#1062 = ORIENTED_EDGE( '', *, *, #1693, .T. );
#1063 = CARTESIAN_POINT( '', ( -7.97500000000000, 7.22500000000000, 1.07377276886496 ) );
#1064 = DIRECTION( '', ( 0.000000000000000, -1.00000000000000, 0.000000000000000 ) );
#1065 = DIRECTION( '', ( 0.000000000000000, 0.000000000000000, -1.00000000000000 ) );
#1066 = SURFACE_STYLE_FILL_AREA( #1694 );
#1067 = ORIENTED_EDGE( '', *, *, #1695, .F. );
#1068 = ORIENTED_EDGE( '', *, *, #1696, .F. );
#1069 = ORIENTED_EDGE( '', *, *, #1697, .T. );
#1070 = ORIENTED_EDGE( '', *, *, #1698, .T. );
#1071 = CARTESIAN_POINT( '', ( -7.97500000000000, 4.90000000000000, -0.750000000000000 ) );
#1072 = DIRECTION( '', ( 0.000000000000000, -0.914917801572932, -0.403640206576294 ) );
#1073 = DIRECTION( '', ( 0.000000000000000, 0.403640206576294, -0.914917801572932 ) );
#1074 = SURFACE_STYLE_FILL_AREA( #1699 );
#1075 = ORIENTED_EDGE( '', *, *, #1700, .T. );
#1076 = ORIENTED_EDGE( '', *, *, #1643, .F. );
#1077 = ORIENTED_EDGE( '', *, *, #1701, .F. );
#1078 = ORIENTED_EDGE( '', *, *, #1702, .T. );
#1079 = CARTESIAN_POINT( '', ( 2.80500000000000, 0.825000000000000, 0.400000000000000 ) );
#1080 = DIRECTION( '', ( 1.00000000000000, 0.000000000000000, 0.000000000000000 ) );
#1081 = DIRECTION( '', ( 0.000000000000000, 0.000000000000000, -1.00000000000000 ) );
#1082 = SURFACE_STYLE_FILL_AREA( #1703 );
#1083 = ORIENTED_EDGE( '', *, *, #1627, .T. );
#1084 = ORIENTED_EDGE( '', *, *, #1669, .F. );
#1085 = ORIENTED_EDGE( '', *, *, #1704, .F. );
#1086 = ORIENTED_EDGE( '', *, *, #1705, .F. );
#1087 = CARTESIAN_POINT( '', ( 5.37000000000000, 3.05500000000000, -21.2041114713992 ) );
#1088 = DIRECTION( '', ( 1.00000000000000, 0.000000000000000, 0.000000000000000 ) );
#1089 = DIRECTION( '', ( 0.000000000000000, 0.000000000000000, -1.00000000000000 ) );
#1090 = SURFACE_STYLE_FILL_AREA( #1706 );
#1091 = ORIENTED_EDGE( '', *, *, #1707, .T. );
#1092 = ORIENTED_EDGE( '', *, *, #1679, .F. );
#1093 = ORIENTED_EDGE( '', *, *, #1708, .F. );
#1094 = ORIENTED_EDGE( '', *, *, #1709, .F. );
#1095 = CARTESIAN_POINT( '', ( -0.955000000000000, -1.97500000000000, -21.2041114713992 ) );
#1096 = DIRECTION( '', ( 1.00000000000000, 0.000000000000000, 0.000000000000000 ) );
#1097 = DIRECTION( '', ( 0.000000000000000, 0.000000000000000, -1.00000000000000 ) );
#1098 = SURFACE_STYLE_FILL_AREA( #1710 );
#1099 = ORIENTED_EDGE( '', *, *, #1580, .T. );
#1100 = ORIENTED_EDGE( '', *, *, #1680, .F. );
#1101 = ORIENTED_EDGE( '', *, *, #1707, .F. );
#1102 = ORIENTED_EDGE( '', *, *, #1711, .F. );
#1103 = CARTESIAN_POINT( '', ( -0.955000000000000, -1.47500000000000, -21.2041114713992 ) );
#1104 = DIRECTION( '', ( 0.000000000000000, -1.00000000000000, 1.23908819712629E-016 ) );
#1105 = DIRECTION( '', ( 0.000000000000000, -1.23908819712629E-016, -1.00000000000000 ) );
#1106 = SURFACE_STYLE_FILL_AREA( #1712 );
#1107 = ORIENTED_EDGE( '', *, *, #1619, .T. );
#1108 = ORIENTED_EDGE( '', *, *, #1713, .T. );
#1109 = ORIENTED_EDGE( '', *, *, #1714, .T. );
#1110 = ORIENTED_EDGE( '', *, *, #1715, .T. );
#1111 = CARTESIAN_POINT( '', ( 0.000000000000000, 0.000000000000000, 8.72500000000000 ) );
#1112 = DIRECTION( '', ( 0.000000000000000, 0.000000000000000, -1.00000000000000 ) );
#1113 = DIRECTION( '', ( -1.00000000000000, 0.000000000000000, 0.000000000000000 ) );
#1114 = SURFACE_STYLE_FILL_AREA( #1716 );
#1115 = ORIENTED_EDGE( '', *, *, #1717, .T. );
#1116 = ORIENTED_EDGE( '', *, *, #1713, .F. );
#1117 = ORIENTED_EDGE( '', *, *, #1618, .T. );
#1118 = ORIENTED_EDGE( '', *, *, #1718, .F. );
#1119 = CARTESIAN_POINT( '', ( -0.570000000000000, 0.570000000000000, 7.82500000000000 ) );
#1120 = DIRECTION( '', ( 0.000000000000000, 0.932004671541296, 0.362446261154948 ) );
#1121 = DIRECTION( '', ( -1.00000000000000, 0.000000000000000, 0.000000000000000 ) );
#1122 = SURFACE_STYLE_FILL_AREA( #1719 );
#1123 = ORIENTED_EDGE( '', *, *, #1720, .T. );
#1124 = ORIENTED_EDGE( '', *, *, #1714, .F. );
#1125 = ORIENTED_EDGE( '', *, *, #1717, .F. );
#1126 = ORIENTED_EDGE( '', *, *, #1621, .F. );
#1127 = CARTESIAN_POINT( '', ( -0.570000000000000, -0.570000000000000, 7.82500000000000 ) );
#1128 = DIRECTION( '', ( -0.932004671541296, 0.000000000000000, 0.362446261154948 ) );
#1129 = DIRECTION( '', ( 0.000000000000000, -1.00000000000000, 0.000000000000000 ) );
#1130 = SURFACE_STYLE_FILL_AREA( #1721 );
#1131 = ORIENTED_EDGE( '', *, *, #1722, .F. );
#1132 = ORIENTED_EDGE( '', *, *, #1723, .F. );
#1133 = ORIENTED_EDGE( '', *, *, #1724, .T. );
#1134 = ORIENTED_EDGE( '', *, *, #1687, .T. );
#1135 = CARTESIAN_POINT( '', ( -7.97500000000000, 6.48860569626462, 8.16960547424815 ) );
#1136 = DIRECTION( '', ( 0.000000000000000, 0.590618528500906, -0.806950899244449 ) );
#1137 = DIRECTION( '', ( 0.000000000000000, 0.806950899244449, 0.590618528500906 ) );
#1138 = SURFACE_STYLE_FILL_AREA( #1725 );
#1139 = ORIENTED_EDGE( '', *, *, #1726, .F. );
#1140 = ORIENTED_EDGE( '', *, *, #1727, .F. );
#1141 = ORIENTED_EDGE( '', *, *, #1728, .T. );
#1142 = ORIENTED_EDGE( '', *, *, #1729, .T. );
#1143 = CARTESIAN_POINT( '', ( -7.97500000000000, 6.57300083904867, 4.47377276886494 ) );
#1144 = DIRECTION( '', ( -1.00000000000000, -0.000000000000000, -0.000000000000000 ) );
#1145 = DIRECTION( '', ( 0.000000000000000, 0.000000000000000, -1.00000000000000 ) );
#1146 = SURFACE_STYLE_FILL_AREA( #1730 );
#1147 = ORIENTED_EDGE( '', *, *, #1681, .F. );
#1148 = ORIENTED_EDGE( '', *, *, #1578, .F. );
#1149 = ORIENTED_EDGE( '', *, *, #1731, .T. );
#1150 = ORIENTED_EDGE( '', *, *, #1732, .F. );
#1151 = CARTESIAN_POINT( '', ( -7.97500000000000, -1.97500000000000, 1.60000000000000 ) );
#1152 = DIRECTION( '', ( 0.000000000000000, -1.00000000000000, 0.000000000000000 ) );
#1153 = DIRECTION( '', ( 0.000000000000000, 0.000000000000000, -1.00000000000000 ) );
#1154 = SURFACE_STYLE_FILL_AREA( #1733 );
#1155 = ORIENTED_EDGE( '', *, *, #1734, .T. );
#1156 = ORIENTED_EDGE( '', *, *, #1600, .F. );
#1157 = ORIENTED_EDGE( '', *, *, #1735, .F. );
#1158 = ORIENTED_EDGE( '', *, *, #1583, .F. );
#1159 = CARTESIAN_POINT( '', ( 0.220000000000000, 0.000000000000000, -8.72500000000000 ) );
#1160 = DIRECTION( '', ( -0.932004671541296, 0.000000000000000, 0.362446261154949 ) );
#1161 = DIRECTION( '', ( 0.000000000000000, -1.00000000000000, 0.000000000000000 ) );
#1162 = SURFACE_STYLE_FILL_AREA( #1736 );
#1163 = ORIENTED_EDGE( '', *, *, #1737, .T. );
#1164 = ORIENTED_EDGE( '', *, *, #1673, .F. );
#1165 = ORIENTED_EDGE( '', *, *, #1650, .F. );
#1166 = ORIENTED_EDGE( '', *, *, #1738, .F. );
#1167 = CARTESIAN_POINT( '', ( -5.37000000000000, 3.05500000000000, -21.2041114713992 ) );
#1168 = DIRECTION( '', ( 0.000000000000000, 1.00000000000000, -1.23908819712629E-016 ) );
#1169 = DIRECTION( '', ( 0.000000000000000, 1.23908819712629E-016, 1.00000000000000 ) );
#1170 = SURFACE_STYLE_FILL_AREA( #1739 );
#1171 = ORIENTED_EDGE( '', *, *, #1740, .F. );
#1172 = ORIENTED_EDGE( '', *, *, #1615, .F. );
#1173 = ORIENTED_EDGE( '', *, *, #1741, .T. );
#1174 = ORIENTED_EDGE( '', *, *, #1589, .T. );
#1175 = CARTESIAN_POINT( '', ( -7.97500000000000, 6.86891213236724, 7.65000000000000 ) );
#1176 = DIRECTION( '', ( -1.00000000000000, -0.000000000000000, -0.000000000000000 ) );
#1177 = DIRECTION( '', ( 0.000000000000000, 0.000000000000000, -1.00000000000000 ) );
#1178 = SURFACE_STYLE_FILL_AREA( #1742 );
#1179 = ORIENTED_EDGE( '', *, *, #1726, .T. );
#1180 = ORIENTED_EDGE( '', *, *, #1743, .T. );
#1181 = ORIENTED_EDGE( '', *, *, #1744, .T. );
#1182 = ORIENTED_EDGE( '', *, *, #1722, .T. );
#1183 = ORIENTED_EDGE( '', *, *, #1686, .T. );
#1184 = ORIENTED_EDGE( '', *, *, #1612, .T. );
#1185 = ORIENTED_EDGE( '', *, *, #1740, .T. );
#1186 = ORIENTED_EDGE( '', *, *, #1588, .T. );
#1187 = ORIENTED_EDGE( '', *, *, #1745, .T. );
#1188 = ORIENTED_EDGE( '', *, *, #1690, .T. );
#1189 = ORIENTED_EDGE( '', *, *, #1746, .T. );
#1190 = ORIENTED_EDGE( '', *, *, #1747, .T. );
#1191 = ORIENTED_EDGE( '', *, *, #1682, .T. );
#1192 = ORIENTED_EDGE( '', *, *, #1732, .T. );
#1193 = ORIENTED_EDGE( '', *, *, #1748, .T. );
#1194 = ORIENTED_EDGE( '', *, *, #1645, .T. );
#1195 = ORIENTED_EDGE( '', *, *, #1749, .T. );
#1196 = ORIENTED_EDGE( '', *, *, #1695, .T. );
#1197 = ORIENTED_EDGE( '', *, *, #1750, .T. );
#1198 = ORIENTED_EDGE( '', *, *, #1607, .T. );
#1199 = ORIENTED_EDGE( '', *, *, #1751, .T. );
#1200 = CARTESIAN_POINT( '', ( 7.97500000000000, 6.57300083904867, 4.47377276886494 ) );
#1201 = DIRECTION( '', ( 1.00000000000000, 0.000000000000000, 0.000000000000000 ) );
#1202 = DIRECTION( '', ( 0.000000000000000, 0.000000000000000, -1.00000000000000 ) );
#1203 = SURFACE_STYLE_FILL_AREA( #1752 );
#1204 = ORIENTED_EDGE( '', *, *, #1753, .F. );
#1205 = ORIENTED_EDGE( '', *, *, #1602, .F. );
#1206 = ORIENTED_EDGE( '', *, *, #1754, .F. );
#1207 = ORIENTED_EDGE( '', *, *, #1755, .F. );
#1208 = ORIENTED_EDGE( '', *, *, #1663, .F. );
#1209 = ORIENTED_EDGE( '', *, *, #1756, .F. );
#1210 = ORIENTED_EDGE( '', *, *, #1757, .F. );
#1211 = ORIENTED_EDGE( '', *, *, #1758, .F. );
#1212 = ORIENTED_EDGE( '', *, *, #1640, .F. );
#1213 = ORIENTED_EDGE( '', *, *, #1700, .F. );
#1214 = ORIENTED_EDGE( '', *, *, #1759, .F. );
#1215 = ORIENTED_EDGE( '', *, *, #1760, .F. );
#1216 = ORIENTED_EDGE( '', *, *, #1761, .F. );
#1217 = ORIENTED_EDGE( '', *, *, #1762, .F. );
#1218 = ORIENTED_EDGE( '', *, *, #1763, .F. );
#1219 = ORIENTED_EDGE( '', *, *, #1764, .F. );
#1220 = ORIENTED_EDGE( '', *, *, #1711, .T. );
#1221 = ORIENTED_EDGE( '', *, *, #1709, .T. );
#1222 = ORIENTED_EDGE( '', *, *, #1765, .F. );
#1223 = ORIENTED_EDGE( '', *, *, #1766, .T. );
#1224 = ORIENTED_EDGE( '', *, *, #1646, .T. );
#1225 = ORIENTED_EDGE( '', *, *, #1748, .F. );
#1226 = ORIENTED_EDGE( '', *, *, #1731, .F. );
#1227 = ORIENTED_EDGE( '', *, *, #1581, .T. );
#1228 = CARTESIAN_POINT( '', ( -7.97500000000000, -1.97500000000000, -1.60000000000000 ) );
#1229 = DIRECTION( '', ( 0.000000000000000, 2.19585250123647E-016, -1.00000000000000 ) );
#1230 = DIRECTION( '', ( 0.000000000000000, 1.00000000000000, 2.19585250123647E-016 ) );
#1231 = SURFACE_STYLE_FILL_AREA( #1767 );
#1232 = ORIENTED_EDGE( '', *, *, #1768, .T. );
#1233 = ORIENTED_EDGE( '', *, *, #1670, .F. );
#1234 = ORIENTED_EDGE( '', *, *, #1625, .F. );
#1235 = ORIENTED_EDGE( '', *, *, #1769, .F. );
#1236 = CARTESIAN_POINT( '', ( 6.51000000000000, 4.19500000000000, -21.2041114713992 ) );
#1237 = DIRECTION( '', ( -1.00000000000000, 0.000000000000000, 0.000000000000000 ) );
#1238 = DIRECTION( '', ( 0.000000000000000, 0.000000000000000, 1.00000000000000 ) );
#1239 = SURFACE_STYLE_FILL_AREA( #1770 );
#1240 = ORIENTED_EDGE( '', *, *, #1771, .T. );
#1241 = ORIENTED_EDGE( '', *, *, #1638, .T. );
#1242 = ORIENTED_EDGE( '', *, *, #1661, .T. );
#1243 = ORIENTED_EDGE( '', *, *, #1772, .T. );
#1244 = ORIENTED_EDGE( '', *, *, #1773, .T. );
#1245 = ORIENTED_EDGE( '', *, *, #1774, .T. );
#1246 = ORIENTED_EDGE( '', *, *, #1738, .T. );
#1247 = ORIENTED_EDGE( '', *, *, #1653, .T. );
#1248 = ORIENTED_EDGE( '', *, *, #1749, .F. );
#1249 = ORIENTED_EDGE( '', *, *, #1648, .F. );
#1250 = ORIENTED_EDGE( '', *, *, #1775, .T. );
#1251 = ORIENTED_EDGE( '', *, *, #1696, .T. );
#1252 = ORIENTED_EDGE( '', *, *, #1633, .T. );
#1253 = ORIENTED_EDGE( '', *, *, #1657, .T. );
#1254 = ORIENTED_EDGE( '', *, *, #1776, .T. );
#1255 = ORIENTED_EDGE( '', *, *, #1777, .T. );
#1256 = ORIENTED_EDGE( '', *, *, #1628, .T. );
#1257 = ORIENTED_EDGE( '', *, *, #1705, .T. );
#1258 = ORIENTED_EDGE( '', *, *, #1778, .T. );
#1259 = ORIENTED_EDGE( '', *, *, #1769, .T. );
#1260 = CARTESIAN_POINT( '', ( -7.97500000000000, 2.35000000000000, -0.750000000000000 ) );
#1261 = DIRECTION( '', ( 0.000000000000000, 0.000000000000000, -1.00000000000000 ) );
#1262 = DIRECTION( '', ( -1.00000000000000, 0.000000000000000, 0.000000000000000 ) );
#1263 = SURFACE_STYLE_FILL_AREA( #1779 );
#1264 = ORIENTED_EDGE( '', *, *, #1735, .T. );
#1265 = ORIENTED_EDGE( '', *, *, #1596, .F. );
#1266 = ORIENTED_EDGE( '', *, *, #1780, .T. );
#1267 = ORIENTED_EDGE( '', *, *, #1584, .F. );
#1268 = CARTESIAN_POINT( '', ( 0.000000000000000, -0.220000000000000, -8.72500000000000 ) );
#1269 = DIRECTION( '', ( 0.000000000000000, 0.932004671541296, 0.362446261154949 ) );
#1270 = DIRECTION( '', ( -1.00000000000000, 0.000000000000000, 0.000000000000000 ) );
#1271 = SURFACE_STYLE_FILL_AREA( #1781 );
#1272 = ORIENTED_EDGE( '', *, *, #1755, .T. );
#1273 = ORIENTED_EDGE( '', *, *, #1782, .F. );
#1274 = ORIENTED_EDGE( '', *, *, #1783, .F. );
#1275 = ORIENTED_EDGE( '', *, *, #1784, .T. );
#1276 = CARTESIAN_POINT( '', ( -6.76500000000000, -0.825000000000000, 0.400000000000000 ) );
#1277 = DIRECTION( '', ( -1.00000000000000, 0.000000000000000, 0.000000000000000 ) );
#1278 = DIRECTION( '', ( 0.000000000000000, 0.000000000000000, 1.00000000000000 ) );
#1279 = SURFACE_STYLE_FILL_AREA( #1785 );
#1280 = ORIENTED_EDGE( '', *, *, #1747, .F. );
#1281 = ORIENTED_EDGE( '', *, *, #1786, .F. );
#1282 = ORIENTED_EDGE( '', *, *, #1787, .T. );
#1283 = ORIENTED_EDGE( '', *, *, #1683, .T. );
#1284 = CARTESIAN_POINT( '', ( -7.97500000000000, 5.02500000000000, 1.60000000000000 ) );
#1285 = DIRECTION( '', ( 0.000000000000000, 1.00000000000000, 0.000000000000000 ) );
#1286 = DIRECTION( '', ( 0.000000000000000, 0.000000000000000, 1.00000000000000 ) );
#1287 = SURFACE_STYLE_FILL_AREA( #1788 );
#1288 = ORIENTED_EDGE( '', *, *, #1756, .T. );
#1289 = ORIENTED_EDGE( '', *, *, #1666, .F. );
#1290 = ORIENTED_EDGE( '', *, *, #1789, .F. );
#1291 = ORIENTED_EDGE( '', *, *, #1790, .T. );
#1292 = CARTESIAN_POINT( '', ( -1.15500000000000, 0.825000000000000, 0.400000000000000 ) );
#1293 = DIRECTION( '', ( 1.00000000000000, 0.000000000000000, 0.000000000000000 ) );
#1294 = DIRECTION( '', ( 0.000000000000000, 0.000000000000000, -1.00000000000000 ) );
#1295 = SURFACE_STYLE_FILL_AREA( #1791 );
#1296 = ORIENTED_EDGE( '', *, *, #1744, .F. );
#1297 = ORIENTED_EDGE( '', *, *, #1792, .F. );
#1298 = ORIENTED_EDGE( '', *, *, #1793, .T. );
#1299 = ORIENTED_EDGE( '', *, *, #1723, .T. );
#1300 = CARTESIAN_POINT( '', ( -7.97500000000000, 6.86891213236724, 7.65000000000000 ) );
#1301 = DIRECTION( '', ( -1.00000000000000, -0.000000000000000, -0.000000000000000 ) );
#1302 = DIRECTION( '', ( 0.000000000000000, 0.000000000000000, -1.00000000000000 ) );
#1303 = SURFACE_STYLE_FILL_AREA( #1794 );
#1304 = ORIENTED_EDGE( '', *, *, #1760, .T. );
#1305 = ORIENTED_EDGE( '', *, *, #1795, .F. );
#1306 = ORIENTED_EDGE( '', *, *, #1796, .F. );
#1307 = ORIENTED_EDGE( '', *, *, #1641, .T. );
#1308 = CARTESIAN_POINT( '', ( 1.15500000000000, -0.825000000000000, 0.400000000000000 ) );
#1309 = DIRECTION( '', ( -1.00000000000000, 0.000000000000000, 0.000000000000000 ) );
#1310 = DIRECTION( '', ( 0.000000000000000, 0.000000000000000, 1.00000000000000 ) );
#1311 = SURFACE_STYLE_FILL_AREA( #1797 );
#1312 = ORIENTED_EDGE( '', *, *, #1754, .T. );
#1313 = ORIENTED_EDGE( '', *, *, #1605, .F. );
#1314 = ORIENTED_EDGE( '', *, *, #1798, .F. );
#1315 = ORIENTED_EDGE( '', *, *, #1782, .T. );
#1316 = CARTESIAN_POINT( '', ( -6.76500000000000, 0.825000000000000, 0.400000000000000 ) );
#1317 = DIRECTION( '', ( 1.97127667724637E-016, 1.00000000000000, 2.19585250123647E-016 ) );
#1318 = DIRECTION( '', ( 0.000000000000000, -2.19585250123647E-016, 1.00000000000000 ) );
#1319 = SURFACE_STYLE_FILL_AREA( #1799 );
#1320 = ORIENTED_EDGE( '', *, *, #1757, .T. );
#1321 = ORIENTED_EDGE( '', *, *, #1790, .F. );
#1322 = ORIENTED_EDGE( '', *, *, #1800, .F. );
#1323 = ORIENTED_EDGE( '', *, *, #1801, .T. );
#1324 = CARTESIAN_POINT( '', ( -2.80500000000000, 0.825000000000000, 0.400000000000000 ) );
#1325 = DIRECTION( '', ( 1.97127667724637E-016, 1.00000000000000, 2.19585250123647E-016 ) );
#1326 = DIRECTION( '', ( 0.000000000000000, -2.19585250123647E-016, 1.00000000000000 ) );
#1327 = SURFACE_STYLE_FILL_AREA( #1802 );
#1328 = ORIENTED_EDGE( '', *, *, #1750, .F. );
#1329 = ORIENTED_EDGE( '', *, *, #1698, .F. );
#1330 = ORIENTED_EDGE( '', *, *, #1803, .T. );
#1331 = ORIENTED_EDGE( '', *, *, #1608, .T. );
#1332 = CARTESIAN_POINT( '', ( -7.97500000000000, 5.27500000000000, -1.60000000000000 ) );
#1333 = DIRECTION( '', ( 0.000000000000000, 0.000000000000000, -1.00000000000000 ) );
#1334 = DIRECTION( '', ( -1.00000000000000, 0.000000000000000, 0.000000000000000 ) );
#1335 = SURFACE_STYLE_FILL_AREA( #1804 );
#1336 = ORIENTED_EDGE( '', *, *, #1642, .T. );
#1337 = ORIENTED_EDGE( '', *, *, #1796, .T. );
#1338 = ORIENTED_EDGE( '', *, *, #1805, .T. );
#1339 = ORIENTED_EDGE( '', *, *, #1701, .T. );
#1340 = CARTESIAN_POINT( '', ( 0.000000000000000, -8.78341000494586E-017, 0.400000000000000 ) );
#1341 = DIRECTION( '', ( 0.000000000000000, 2.19585250123647E-016, -1.00000000000000 ) );
#1342 = DIRECTION( '', ( 0.000000000000000, 1.00000000000000, 2.19585250123647E-016 ) );
#1343 = SURFACE_STYLE_FILL_AREA( #1806 );
#1344 = ORIENTED_EDGE( '', *, *, #1807, .T. );
#1345 = ORIENTED_EDGE( '', *, *, #1676, .F. );
#1346 = ORIENTED_EDGE( '', *, *, #1635, .F. );
#1347 = ORIENTED_EDGE( '', *, *, #1771, .F. );
#1348 = CARTESIAN_POINT( '', ( 1.41000000000000, 4.19500000000000, -21.2041114713992 ) );
#1349 = DIRECTION( '', ( 0.000000000000000, -1.00000000000000, 1.23908819712629E-016 ) );
#1350 = DIRECTION( '', ( 0.000000000000000, -1.23908819712629E-016, -1.00000000000000 ) );
#1351 = SURFACE_STYLE_FILL_AREA( #1808 );
#1352 = ORIENTED_EDGE( '', *, *, #1809, .F. );
#1353 = ORIENTED_EDGE( '', *, *, #1810, .F. );
#1354 = ORIENTED_EDGE( '', *, *, #1734, .F. );
#1355 = ORIENTED_EDGE( '', *, *, #1586, .F. );
#1356 = CARTESIAN_POINT( '', ( 0.000000000000000, 0.220000000000000, -8.72500000000000 ) );
#1357 = DIRECTION( '', ( 0.000000000000000, -0.932004671541296, 0.362446261154949 ) );
#1358 = DIRECTION( '', ( 1.00000000000000, 0.000000000000000, 0.000000000000000 ) );
#1359 = SURFACE_STYLE_FILL_AREA( #1811 );
#1360 = ORIENTED_EDGE( '', *, *, #1728, .F. );
#1361 = ORIENTED_EDGE( '', *, *, #1812, .F. );
#1362 = ORIENTED_EDGE( '', *, *, #1609, .F. );
#1363 = ORIENTED_EDGE( '', *, *, #1803, .F. );
#1364 = ORIENTED_EDGE( '', *, *, #1697, .F. );
#1365 = ORIENTED_EDGE( '', *, *, #1775, .F. );
#1366 = ORIENTED_EDGE( '', *, *, #1647, .F. );
#1367 = ORIENTED_EDGE( '', *, *, #1766, .F. );
#1368 = ORIENTED_EDGE( '', *, *, #1813, .F. );
#1369 = ORIENTED_EDGE( '', *, *, #1684, .F. );
#1370 = ORIENTED_EDGE( '', *, *, #1787, .F. );
#1371 = ORIENTED_EDGE( '', *, *, #1814, .F. );
#1372 = ORIENTED_EDGE( '', *, *, #1692, .F. );
#1373 = ORIENTED_EDGE( '', *, *, #1815, .F. );
#1374 = ORIENTED_EDGE( '', *, *, #1590, .F. );
#1375 = ORIENTED_EDGE( '', *, *, #1741, .F. );
#1376 = ORIENTED_EDGE( '', *, *, #1614, .F. );
#1377 = ORIENTED_EDGE( '', *, *, #1688, .F. );
#1378 = ORIENTED_EDGE( '', *, *, #1724, .F. );
#1379 = ORIENTED_EDGE( '', *, *, #1793, .F. );
#1380 = ORIENTED_EDGE( '', *, *, #1816, .F. );
#1381 = CARTESIAN_POINT( '', ( -7.97500000000000, 6.57300083904867, 4.47377276886494 ) );
#1382 = DIRECTION( '', ( 1.00000000000000, 0.000000000000000, 0.000000000000000 ) );
#1383 = DIRECTION( '', ( 0.000000000000000, 0.000000000000000, -1.00000000000000 ) );
#1384 = SURFACE_STYLE_FILL_AREA( #1817 );
#1385 = ORIENTED_EDGE( '', *, *, #1818, .T. );
#1386 = ORIENTED_EDGE( '', *, *, #1819, .T. );
#1387 = ORIENTED_EDGE( '', *, *, #1820, .T. );
#1388 = ORIENTED_EDGE( '', *, *, #1821, .T. );
#1389 = CARTESIAN_POINT( '', ( 0.000000000000000, -8.78341000494586E-017, 0.400000000000000 ) );
#1390 = DIRECTION( '', ( 0.000000000000000, 2.19585250123647E-016, -1.00000000000000 ) );
#1391 = DIRECTION( '', ( 0.000000000000000, 1.00000000000000, 2.19585250123647E-016 ) );
#1392 = SURFACE_STYLE_FILL_AREA( #1822 );
#1393 = ORIENTED_EDGE( '', *, *, #1751, .F. );
#1394 = ORIENTED_EDGE( '', *, *, #1610, .F. );
#1395 = ORIENTED_EDGE( '', *, *, #1812, .T. );
#1396 = ORIENTED_EDGE( '', *, *, #1727, .T. );
#1397 = CARTESIAN_POINT( '', ( -7.97500000000000, 8.22500000000000, 4.47377276886498 ) );
#1398 = DIRECTION( '', ( 0.000000000000000, 1.00000000000000, -5.10212787052002E-016 ) );
#1399 = DIRECTION( '', ( 0.000000000000000, 5.10212787052002E-016, 1.00000000000000 ) );
#1400 = SURFACE_STYLE_FILL_AREA( #1823 );
#1401 = ORIENTED_EDGE( '', *, *, #1763, .T. );
#1402 = ORIENTED_EDGE( '', *, *, #1824, .F. );
#1403 = ORIENTED_EDGE( '', *, *, #1820, .F. );
#1404 = ORIENTED_EDGE( '', *, *, #1825, .T. );
#1405 = CARTESIAN_POINT( '', ( 5.11500000000000, 0.825000000000000, 0.400000000000000 ) );
#1406 = DIRECTION( '', ( 1.97127667724637E-016, 1.00000000000000, 2.19585250123647E-016 ) );
#1407 = DIRECTION( '', ( 0.000000000000000, -2.19585250123647E-016, 1.00000000000000 ) );
#1408 = SURFACE_STYLE_FILL_AREA( #1826 );
#1409 = ORIENTED_EDGE( '', *, *, #1652, .T. );
#1410 = ORIENTED_EDGE( '', *, *, #1675, .F. );
#1411 = ORIENTED_EDGE( '', *, *, #1827, .F. );
#1412 = ORIENTED_EDGE( '', *, *, #1773, .F. );
#1413 = CARTESIAN_POINT( '', ( -6.51000000000000, 4.19500000000000, -21.2041114713992 ) );
#1414 = DIRECTION( '', ( 0.000000000000000, -1.00000000000000, 1.23908819712629E-016 ) );
#1415 = DIRECTION( '', ( 0.000000000000000, -1.23908819712629E-016, -1.00000000000000 ) );
#1416 = SURFACE_STYLE_FILL_AREA( #1828 );
#1417 = ORIENTED_EDGE( '', *, *, #1745, .F. );
#1418 = ORIENTED_EDGE( '', *, *, #1591, .F. );
#1419 = ORIENTED_EDGE( '', *, *, #1815, .T. );
#1420 = ORIENTED_EDGE( '', *, *, #1691, .T. );
#1421 = CARTESIAN_POINT( '', ( -7.97500000000000, 6.57300083904865, 4.47377276886494 ) );
#1422 = DIRECTION( '', ( -1.00000000000000, -0.000000000000000, -0.000000000000000 ) );
#1423 = DIRECTION( '', ( 0.000000000000000, 0.000000000000000, -1.00000000000000 ) );
#1424 = SURFACE_STYLE_FILL_AREA( #1829 );
#1425 = ORIENTED_EDGE( '', *, *, #1704, .T. );
#1426 = ORIENTED_EDGE( '', *, *, #1668, .F. );
#1427 = ORIENTED_EDGE( '', *, *, #1768, .F. );
#1428 = ORIENTED_EDGE( '', *, *, #1778, .F. );
#1429 = CARTESIAN_POINT( '', ( 6.51000000000000, 3.05500000000000, -21.2041114713992 ) );
#1430 = DIRECTION( '', ( 0.000000000000000, 1.00000000000000, -1.23908819712629E-016 ) );
#1431 = DIRECTION( '', ( 0.000000000000000, 1.23908819712629E-016, 1.00000000000000 ) );
#1432 = SURFACE_STYLE_FILL_AREA( #1830 );
#1433 = ORIENTED_EDGE( '', *, *, #1831, .T. );
#1434 = ORIENTED_EDGE( '', *, *, #1783, .T. );
#1435 = ORIENTED_EDGE( '', *, *, #1798, .T. );
#1436 = ORIENTED_EDGE( '', *, *, #1604, .T. );
#1437 = CARTESIAN_POINT( '', ( 0.000000000000000, -8.78341000494586E-017, 0.400000000000000 ) );
#1438 = DIRECTION( '', ( 0.000000000000000, 2.19585250123647E-016, -1.00000000000000 ) );
#1439 = DIRECTION( '', ( 0.000000000000000, 1.00000000000000, 2.19585250123647E-016 ) );
#1440 = SURFACE_STYLE_FILL_AREA( #1832 );
#1441 = ORIENTED_EDGE( '', *, *, #1764, .T. );
#1442 = ORIENTED_EDGE( '', *, *, #1825, .F. );
#1443 = ORIENTED_EDGE( '', *, *, #1819, .F. );
#1444 = ORIENTED_EDGE( '', *, *, #1833, .T. );
#1445 = CARTESIAN_POINT( '', ( 5.11500000000000, -0.825000000000000, 0.400000000000000 ) );
#1446 = DIRECTION( '', ( -1.00000000000000, 0.000000000000000, 0.000000000000000 ) );
#1447 = DIRECTION( '', ( 0.000000000000000, 0.000000000000000, 1.00000000000000 ) );
#1448 = SURFACE_STYLE_FILL_AREA( #1834 );
#1449 = ORIENTED_EDGE( '', *, *, #1622, .F. );
#1450 = ORIENTED_EDGE( '', *, *, #1718, .T. );
#1451 = ORIENTED_EDGE( '', *, *, #1598, .T. );
#1452 = ORIENTED_EDGE( '', *, *, #1810, .T. );
#1453 = CARTESIAN_POINT( '', ( -0.570000000000000, 0.570000000000000, 8.72500000000000 ) );
#1454 = DIRECTION( '', ( 0.000000000000000, 1.00000000000000, 0.000000000000000 ) );
#1455 = DIRECTION( '', ( 0.000000000000000, 0.000000000000000, 1.00000000000000 ) );
#1456 = SURFACE_STYLE_FILL_AREA( #1835 );
#1457 = ORIENTED_EDGE( '', *, *, #1759, .T. );
#1458 = ORIENTED_EDGE( '', *, *, #1702, .F. );
#1459 = ORIENTED_EDGE( '', *, *, #1805, .F. );
#1460 = ORIENTED_EDGE( '', *, *, #1795, .T. );
#1461 = CARTESIAN_POINT( '', ( 1.15500000000000, 0.825000000000000, 0.400000000000000 ) );
#1462 = DIRECTION( '', ( 1.97127667724637E-016, 1.00000000000000, 2.19585250123647E-016 ) );
#1463 = DIRECTION( '', ( 0.000000000000000, -2.19585250123647E-016, 1.00000000000000 ) );
#1464 = SURFACE_STYLE_FILL_AREA( #1836 );
#1465 = ORIENTED_EDGE( '', *, *, #1827, .T. );
#1466 = ORIENTED_EDGE( '', *, *, #1674, .F. );
#1467 = ORIENTED_EDGE( '', *, *, #1737, .F. );
#1468 = ORIENTED_EDGE( '', *, *, #1774, .F. );
#1469 = CARTESIAN_POINT( '', ( -6.51000000000000, 3.05500000000000, -21.2041114713992 ) );
#1470 = DIRECTION( '', ( 1.00000000000000, 0.000000000000000, 0.000000000000000 ) );
#1471 = DIRECTION( '', ( 0.000000000000000, 0.000000000000000, -1.00000000000000 ) );
#1472 = SURFACE_STYLE_FILL_AREA( #1837 );
#1473 = ORIENTED_EDGE( '', *, *, #1656, .T. );
#1474 = ORIENTED_EDGE( '', *, *, #1671, .F. );
#1475 = ORIENTED_EDGE( '', *, *, #1838, .F. );
#1476 = ORIENTED_EDGE( '', *, *, #1776, .F. );
#1477 = CARTESIAN_POINT( '', ( -1.41000000000000, 3.05500000000000, -21.2041114713992 ) );
#1478 = DIRECTION( '', ( 0.000000000000000, 1.00000000000000, -1.23908819712629E-016 ) );
#1479 = DIRECTION( '', ( 0.000000000000000, 1.23908819712629E-016, 1.00000000000000 ) );
#1480 = SURFACE_STYLE_FILL_AREA( #1839 );
#1481 = ORIENTED_EDGE( '', *, *, #1753, .T. );
#1482 = ORIENTED_EDGE( '', *, *, #1784, .F. );
#1483 = ORIENTED_EDGE( '', *, *, #1831, .F. );
#1484 = ORIENTED_EDGE( '', *, *, #1603, .T. );
#1485 = CARTESIAN_POINT( '', ( -5.11500000000000, -0.825000000000000, 0.400000000000000 ) );
#1486 = DIRECTION( '', ( 0.000000000000000, -1.00000000000000, -2.19585250123647E-016 ) );
#1487 = DIRECTION( '', ( 0.000000000000000, 2.19585250123647E-016, -1.00000000000000 ) );
#1488 = SURFACE_STYLE_FILL_AREA( #1840 );
#1489 = ORIENTED_EDGE( '', *, *, #1617, .F. );
#1490 = ORIENTED_EDGE( '', *, *, #1715, .F. );
#1491 = ORIENTED_EDGE( '', *, *, #1720, .F. );
#1492 = ORIENTED_EDGE( '', *, *, #1594, .F. );
#1493 = CARTESIAN_POINT( '', ( 0.570000000000000, -0.570000000000000, 7.82500000000000 ) );
#1494 = DIRECTION( '', ( 0.000000000000000, -0.932004671541296, 0.362446261154948 ) );
#1495 = DIRECTION( '', ( 1.00000000000000, 0.000000000000000, 0.000000000000000 ) );
#1496 = SURFACE_STYLE_FILL_AREA( #1841 );
#1497 = ORIENTED_EDGE( '', *, *, #1758, .T. );
#1498 = ORIENTED_EDGE( '', *, *, #1801, .F. );
#1499 = ORIENTED_EDGE( '', *, *, #1842, .F. );
#1500 = ORIENTED_EDGE( '', *, *, #1664, .T. );
#1501 = CARTESIAN_POINT( '', ( -2.80500000000000, -0.825000000000000, 0.400000000000000 ) );
#1502 = DIRECTION( '', ( -1.00000000000000, 0.000000000000000, 0.000000000000000 ) );
#1503 = DIRECTION( '', ( 0.000000000000000, 0.000000000000000, 1.00000000000000 ) );
#1504 = SURFACE_STYLE_FILL_AREA( #1843 );
#1505 = ORIENTED_EDGE( '', *, *, #1660, .T. );
#1506 = ORIENTED_EDGE( '', *, *, #1677, .F. );
#1507 = ORIENTED_EDGE( '', *, *, #1807, .F. );
#1508 = ORIENTED_EDGE( '', *, *, #1772, .F. );
#1509 = CARTESIAN_POINT( '', ( 2.55000000000000, 4.19500000000000, -21.2041114713992 ) );
#1510 = DIRECTION( '', ( -1.00000000000000, 0.000000000000000, 0.000000000000000 ) );
#1511 = DIRECTION( '', ( 0.000000000000000, 0.000000000000000, 1.00000000000000 ) );
#1512 = SURFACE_STYLE_FILL_AREA( #1844 );
#1513 = ORIENTED_EDGE( '', *, *, #1762, .T. );
#1514 = ORIENTED_EDGE( '', *, *, #1845, .F. );
#1515 = ORIENTED_EDGE( '', *, *, #1821, .F. );
#1516 = ORIENTED_EDGE( '', *, *, #1824, .T. );
#1517 = CARTESIAN_POINT( '', ( 6.76500000000000, 0.825000000000000, 0.400000000000000 ) );
#1518 = DIRECTION( '', ( 1.00000000000000, 0.000000000000000, 0.000000000000000 ) );
#1519 = DIRECTION( '', ( 0.000000000000000, 0.000000000000000, -1.00000000000000 ) );
#1520 = SURFACE_STYLE_FILL_AREA( #1846 );
#1521 = ORIENTED_EDGE( '', *, *, #1838, .T. );
#1522 = ORIENTED_EDGE( '', *, *, #1672, .F. );
#1523 = ORIENTED_EDGE( '', *, *, #1630, .F. );
#1524 = ORIENTED_EDGE( '', *, *, #1777, .F. );
#1525 = CARTESIAN_POINT( '', ( -1.41000000000000, 4.19500000000000, -21.2041114713992 ) );
#1526 = DIRECTION( '', ( -1.00000000000000, 0.000000000000000, 0.000000000000000 ) );
#1527 = DIRECTION( '', ( 0.000000000000000, 0.000000000000000, 1.00000000000000 ) );
#1528 = SURFACE_STYLE_FILL_AREA( #1847 );
#1529 = ORIENTED_EDGE( '', *, *, #1765, .T. );
#1530 = ORIENTED_EDGE( '', *, *, #1708, .T. );
#1531 = ORIENTED_EDGE( '', *, *, #1678, .F. );
#1532 = ORIENTED_EDGE( '', *, *, #1813, .T. );
#1533 = CARTESIAN_POINT( '', ( -7.97500000000000, -1.97500000000000, 1.60000000000000 ) );
#1534 = DIRECTION( '', ( 0.000000000000000, -1.00000000000000, 0.000000000000000 ) );
#1535 = DIRECTION( '', ( 0.000000000000000, 0.000000000000000, -1.00000000000000 ) );
#1536 = SURFACE_STYLE_FILL_AREA( #1848 );
#1537 = ORIENTED_EDGE( '', *, *, #1746, .F. );
#1538 = ORIENTED_EDGE( '', *, *, #1693, .F. );
#1539 = ORIENTED_EDGE( '', *, *, #1814, .T. );
#1540 = ORIENTED_EDGE( '', *, *, #1786, .T. );
#1541 = CARTESIAN_POINT( '', ( -7.97500000000000, 6.12500000000000, 1.07377276886496 ) );
#1542 = DIRECTION( '', ( -1.00000000000000, -0.000000000000000, -0.000000000000000 ) );
#1543 = DIRECTION( '', ( 0.000000000000000, 0.000000000000000, -1.00000000000000 ) );
#1544 = SURFACE_STYLE_FILL_AREA( #1849 );
#1545 = ORIENTED_EDGE( '', *, *, #1761, .T. );
#1546 = ORIENTED_EDGE( '', *, *, #1833, .F. );
#1547 = ORIENTED_EDGE( '', *, *, #1818, .F. );
#1548 = ORIENTED_EDGE( '', *, *, #1845, .T. );
#1549 = CARTESIAN_POINT( '', ( 6.76500000000000, -0.825000000000000, 0.400000000000000 ) );
#1550 = DIRECTION( '', ( 0.000000000000000, -1.00000000000000, -2.19585250123647E-016 ) );
#1551 = DIRECTION( '', ( 0.000000000000000, 2.19585250123647E-016, -1.00000000000000 ) );
#1552 = SURFACE_STYLE_FILL_AREA( #1850 );
#1553 = ORIENTED_EDGE( '', *, *, #1665, .T. );
#1554 = ORIENTED_EDGE( '', *, *, #1842, .T. );
#1555 = ORIENTED_EDGE( '', *, *, #1800, .T. );
#1556 = ORIENTED_EDGE( '', *, *, #1789, .T. );
#1557 = CARTESIAN_POINT( '', ( 0.000000000000000, -8.78341000494586E-017, 0.400000000000000 ) );
#1558 = DIRECTION( '', ( 0.000000000000000, 2.19585250123647E-016, -1.00000000000000 ) );
#1559 = DIRECTION( '', ( 0.000000000000000, 1.00000000000000, 2.19585250123647E-016 ) );
#1560 = SURFACE_STYLE_FILL_AREA( #1851 );
#1561 = ORIENTED_EDGE( '', *, *, #1743, .F. );
#1562 = ORIENTED_EDGE( '', *, *, #1729, .F. );
#1563 = ORIENTED_EDGE( '', *, *, #1816, .T. );
#1564 = ORIENTED_EDGE( '', *, *, #1792, .T. );
#1565 = CARTESIAN_POINT( '', ( -7.97500000000000, 7.82526394951279, 5.55124125098156 ) );
#1566 = DIRECTION( '', ( 0.000000000000000, 0.758028902232010, 0.652220962083353 ) );
#1567 = DIRECTION( '', ( 0.000000000000000, -0.652220962083353, 0.758028902232010 ) );
#1568 = SURFACE_STYLE_FILL_AREA( #1852 );
#1569 = ORIENTED_EDGE( '', *, *, #1809, .T. );
#1570 = ORIENTED_EDGE( '', *, *, #1585, .F. );
#1571 = ORIENTED_EDGE( '', *, *, #1780, .F. );
#1572 = ORIENTED_EDGE( '', *, *, #1623, .F. );
#1573 = CARTESIAN_POINT( '', ( -0.220000000000000, 0.000000000000000, -8.72500000000000 ) );
#1574 = DIRECTION( '', ( 0.932004671541296, -0.000000000000000, 0.362446261154949 ) );
#1575 = DIRECTION( '', ( 0.000000000000000, 1.00000000000000, 0.000000000000000 ) );
#1577 = FILL_AREA_STYLE( '', ( #1853 ) );
#1578 = EDGE_CURVE( '', #1854, #1855, #1856, .T. );
#1579 = EDGE_CURVE( '', #1857, #1855, #1858, .T. );
#1580 = EDGE_CURVE( '', #1859, #1857, #1860, .T. );
#1581 = EDGE_CURVE( '', #1854, #1859, #1861, .T. );
#1582 = FILL_AREA_STYLE( '', ( #1862 ) );
#1583 = EDGE_CURVE( '', #1863, #1864, #1865, .T. );
#1584 = EDGE_CURVE( '', #1864, #1866, #1867, .T. );
#1585 = EDGE_CURVE( '', #1866, #1868, #1869, .T. );
#1586 = EDGE_CURVE( '', #1868, #1863, #1870, .T. );
#1587 = FILL_AREA_STYLE( '', ( #1871 ) );
#1588 = EDGE_CURVE( '', #1872, #1873, #1874, .T. );
#1589 = EDGE_CURVE( '', #1875, #1872, #1876, .T. );
#1590 = EDGE_CURVE( '', #1875, #1877, #1878, .T. );
#1591 = EDGE_CURVE( '', #1877, #1873, #1879, .T. );
#1592 = FILL_AREA_STYLE( '', ( #1880 ) );
#1593 = EDGE_CURVE( '', #1881, #1882, #1883, .T. );
#1594 = EDGE_CURVE( '', #1881, #1884, #1885, .T. );
#1595 = EDGE_CURVE( '', #1884, #1886, #1887, .T. );
#1596 = EDGE_CURVE( '', #1886, #1882, #1888, .T. );
#1597 = FILL_AREA_STYLE( '', ( #1889 ) );
#1598 = EDGE_CURVE( '', #1890, #1891, #1892, .T. );
#1599 = EDGE_CURVE( '', #1890, #1881, #1893, .T. );
#1600 = EDGE_CURVE( '', #1882, #1891, #1894, .T. );
#1601 = FILL_AREA_STYLE( '', ( #1895 ) );
#1602 = EDGE_CURVE( '', #1896, #1897, #1898, .T. );
#1603 = EDGE_CURVE( '', #1899, #1897, #1900, .T. );
#1604 = EDGE_CURVE( '', #1901, #1899, #1902, .T. );
#1605 = EDGE_CURVE( '', #1901, #1896, #1903, .T. );
#1606 = FILL_AREA_STYLE( '', ( #1904 ) );
#1607 = EDGE_CURVE( '', #1905, #1906, #1907, .T. );
#1608 = EDGE_CURVE( '', #1908, #1905, #1909, .T. );
#1609 = EDGE_CURVE( '', #1908, #1910, #1911, .T. );
#1610 = EDGE_CURVE( '', #1910, #1906, #1912, .T. );
#1611 = FILL_AREA_STYLE( '', ( #1913 ) );
#1612 = EDGE_CURVE( '', #1914, #1915, #1916, .T. );
#1613 = EDGE_CURVE( '', #1917, #1914, #1918, .T. );
#1614 = EDGE_CURVE( '', #1917, #1919, #1920, .T. );
#1615 = EDGE_CURVE( '', #1919, #1915, #1921, .T. );
#1616 = FILL_AREA_STYLE( '', ( #1922 ) );
#1617 = EDGE_CURVE( '', #1923, #1881, #1924, .F. );
#1618 = EDGE_CURVE( '', #1925, #1890, #1926, .F. );
#1619 = EDGE_CURVE( '', #1923, #1925, #1927, .T. );
#1620 = FILL_AREA_STYLE( '', ( #1928 ) );
#1621 = EDGE_CURVE( '', #1884, #1929, #1930, .T. );
#1622 = EDGE_CURVE( '', #1929, #1931, #1932, .T. );
#1623 = EDGE_CURVE( '', #1931, #1886, #1933, .T. );
#1624 = FILL_AREA_STYLE( '', ( #1934 ) );
#1625 = EDGE_CURVE( '', #1935, #1936, #1937, .T. );
#1626 = EDGE_CURVE( '', #1938, #1936, #1939, .T. );
#1627 = EDGE_CURVE( '', #1940, #1938, #1941, .T. );
#1628 = EDGE_CURVE( '', #1935, #1940, #1942, .T. );
#1629 = FILL_AREA_STYLE( '', ( #1943 ) );
#1630 = EDGE_CURVE( '', #1944, #1945, #1946, .T. );
#1631 = EDGE_CURVE( '', #1947, #1945, #1948, .T. );
#1632 = EDGE_CURVE( '', #1949, #1947, #1950, .T. );
#1633 = EDGE_CURVE( '', #1944, #1949, #1951, .T. );
#1634 = FILL_AREA_STYLE( '', ( #1952 ) );
#1635 = EDGE_CURVE( '', #1953, #1954, #1955, .T. );
#1636 = EDGE_CURVE( '', #1956, #1954, #1957, .T. );
#1637 = EDGE_CURVE( '', #1958, #1956, #1959, .T. );
#1638 = EDGE_CURVE( '', #1953, #1958, #1960, .T. );
#1639 = FILL_AREA_STYLE( '', ( #1961 ) );
#1640 = EDGE_CURVE( '', #1962, #1963, #1964, .T. );
#1641 = EDGE_CURVE( '', #1965, #1963, #1966, .T. );
#1642 = EDGE_CURVE( '', #1967, #1965, #1968, .T. );
#1643 = EDGE_CURVE( '', #1967, #1962, #1969, .T. );
#1644 = FILL_AREA_STYLE( '', ( #1970 ) );
#1645 = EDGE_CURVE( '', #1971, #1972, #1973, .T. );
#1646 = EDGE_CURVE( '', #1974, #1971, #1975, .T. );
#1647 = EDGE_CURVE( '', #1974, #1976, #1977, .T. );
#1648 = EDGE_CURVE( '', #1976, #1972, #1978, .T. );
#1649 = FILL_AREA_STYLE( '', ( #1979 ) );
#1650 = EDGE_CURVE( '', #1980, #1981, #1982, .T. );
#1651 = EDGE_CURVE( '', #1983, #1981, #1984, .T. );
#1652 = EDGE_CURVE( '', #1985, #1983, #1986, .T. );
#1653 = EDGE_CURVE( '', #1980, #1985, #1987, .T. );
#1654 = FILL_AREA_STYLE( '', ( #1988 ) );
#1655 = EDGE_CURVE( '', #1989, #1947, #1990, .T. );
#1656 = EDGE_CURVE( '', #1991, #1989, #1992, .T. );
#1657 = EDGE_CURVE( '', #1949, #1991, #1993, .T. );
#1658 = FILL_AREA_STYLE( '', ( #1994 ) );
#1659 = EDGE_CURVE( '', #1995, #1956, #1996, .T. );
#1660 = EDGE_CURVE( '', #1997, #1995, #1998, .T. );
#1661 = EDGE_CURVE( '', #1958, #1997, #1999, .T. );
#1662 = FILL_AREA_STYLE( '', ( #2000 ) );
#1663 = EDGE_CURVE( '', #2001, #2002, #2003, .T. );
#1664 = EDGE_CURVE( '', #2004, #2002, #2005, .T. );
#1665 = EDGE_CURVE( '', #2006, #2004, #2007, .T. );
#1666 = EDGE_CURVE( '', #2006, #2001, #2008, .T. );
#1667 = FILL_AREA_STYLE( '', ( #2009 ) );
#1668 = EDGE_CURVE( '', #2010, #2011, #2012, .T. );
#1669 = EDGE_CURVE( '', #2011, #1938, #2013, .T. );
#1670 = EDGE_CURVE( '', #1936, #2010, #2014, .T. );
#1671 = EDGE_CURVE( '', #2015, #1989, #2016, .T. );
#1672 = EDGE_CURVE( '', #1945, #2015, #2017, .T. );
#1673 = EDGE_CURVE( '', #1981, #2018, #2019, .T. );
#1674 = EDGE_CURVE( '', #2018, #2020, #2021, .T. );
#1675 = EDGE_CURVE( '', #2020, #1983, #2022, .T. );
#1676 = EDGE_CURVE( '', #1954, #2023, #2024, .T. );
#1677 = EDGE_CURVE( '', #2023, #1995, #2025, .T. );
#1678 = EDGE_CURVE( '', #2026, #2027, #2028, .T. );
#1679 = EDGE_CURVE( '', #2027, #2029, #2030, .T. );
#1680 = EDGE_CURVE( '', #2029, #1857, #2031, .T. );
#1681 = EDGE_CURVE( '', #1855, #2032, #2033, .T. );
#1682 = EDGE_CURVE( '', #2034, #2032, #2035, .T. );
#1683 = EDGE_CURVE( '', #2036, #2034, #2037, .T. );
#1684 = EDGE_CURVE( '', #2036, #2026, #2038, .T. );
#1685 = FILL_AREA_STYLE( '', ( #2039 ) );
#1686 = EDGE_CURVE( '', #2040, #1914, #2041, .T. );
#1687 = EDGE_CURVE( '', #2042, #2040, #2043, .T. );
#1688 = EDGE_CURVE( '', #2042, #1917, #2044, .T. );
#1689 = FILL_AREA_STYLE( '', ( #2045 ) );
#1690 = EDGE_CURVE( '', #2046, #2047, #2048, .T. );
#1691 = EDGE_CURVE( '', #2049, #2046, #2050, .T. );
#1692 = EDGE_CURVE( '', #2049, #2051, #2052, .T. );
#1693 = EDGE_CURVE( '', #2051, #2047, #2053, .T. );
#1694 = FILL_AREA_STYLE( '', ( #2054 ) );
#1695 = EDGE_CURVE( '', #2055, #2056, #2057, .T. );
#1696 = EDGE_CURVE( '', #2058, #2055, #2059, .T. );
#1697 = EDGE_CURVE( '', #2058, #2060, #2061, .T. );
#1698 = EDGE_CURVE( '', #2060, #2056, #2062, .T. );
#1699 = FILL_AREA_STYLE( '', ( #2063 ) );
#1700 = EDGE_CURVE( '', #2064, #1962, #2065, .T. );
#1701 = EDGE_CURVE( '', #2066, #1967, #2067, .T. );
#1702 = EDGE_CURVE( '', #2066, #2064, #2068, .T. );
#1703 = FILL_AREA_STYLE( '', ( #2069 ) );
#1704 = EDGE_CURVE( '', #2070, #2011, #2071, .T. );
#1705 = EDGE_CURVE( '', #1940, #2070, #2072, .T. );
#1706 = FILL_AREA_STYLE( '', ( #2073 ) );
#1707 = EDGE_CURVE( '', #2074, #2029, #2075, .T. );
#1708 = EDGE_CURVE( '', #2076, #2027, #2077, .T. );
#1709 = EDGE_CURVE( '', #2074, #2076, #2078, .T. );
#1710 = FILL_AREA_STYLE( '', ( #2079 ) );
#1711 = EDGE_CURVE( '', #1859, #2074, #2080, .T. );
#1712 = FILL_AREA_STYLE( '', ( #2081 ) );
#1713 = EDGE_CURVE( '', #1925, #2082, #2083, .T. );
#1714 = EDGE_CURVE( '', #2082, #2084, #2085, .T. );
#1715 = EDGE_CURVE( '', #2084, #1923, #2086, .T. );
#1716 = FILL_AREA_STYLE( '', ( #2087 ) );
#1717 = EDGE_CURVE( '', #1929, #2082, #2088, .F. );
#1718 = EDGE_CURVE( '', #1929, #1890, #2089, .T. );
#1719 = FILL_AREA_STYLE( '', ( #2090 ) );
#1720 = EDGE_CURVE( '', #1884, #2084, #2091, .F. );
#1721 = FILL_AREA_STYLE( '', ( #2092 ) );
#1722 = EDGE_CURVE( '', #2093, #2040, #2094, .T. );
#1723 = EDGE_CURVE( '', #2095, #2093, #2096, .T. );
#1724 = EDGE_CURVE( '', #2095, #2042, #2097, .T. );
#1725 = FILL_AREA_STYLE( '', ( #2098 ) );
#1726 = EDGE_CURVE( '', #2099, #2100, #2101, .T. );
#1727 = EDGE_CURVE( '', #2102, #2099, #2103, .T. );
#1728 = EDGE_CURVE( '', #2102, #2104, #2105, .T. );
#1729 = EDGE_CURVE( '', #2104, #2100, #2106, .T. );
#1730 = FILL_AREA_STYLE( '', ( #2107 ) );
#1731 = EDGE_CURVE( '', #1854, #2108, #2109, .T. );
#1732 = EDGE_CURVE( '', #2032, #2108, #2110, .T. );
#1733 = FILL_AREA_STYLE( '', ( #2111 ) );
#1734 = EDGE_CURVE( '', #1863, #1891, #2112, .T. );
#1735 = EDGE_CURVE( '', #1864, #1882, #2113, .F. );
#1736 = FILL_AREA_STYLE( '', ( #2114 ) );
#1737 = EDGE_CURVE( '', #2115, #2018, #2116, .T. );
#1738 = EDGE_CURVE( '', #2115, #1980, #2117, .T. );
#1739 = FILL_AREA_STYLE( '', ( #2118 ) );
#1740 = EDGE_CURVE( '', #1915, #1872, #2119, .T. );
#1741 = EDGE_CURVE( '', #1919, #1875, #2120, .T. );
#1742 = FILL_AREA_STYLE( '', ( #2121 ) );
#1743 = EDGE_CURVE( '', #2100, #2122, #2123, .T. );
#1744 = EDGE_CURVE( '', #2122, #2093, #2124, .T. );
#1745 = EDGE_CURVE( '', #1873, #2046, #2125, .T. );
#1746 = EDGE_CURVE( '', #2047, #2126, #2127, .T. );
#1747 = EDGE_CURVE( '', #2126, #2034, #2128, .T. );
#1748 = EDGE_CURVE( '', #2108, #1971, #2129, .T. );
#1749 = EDGE_CURVE( '', #1972, #2055, #2130, .T. );
#1750 = EDGE_CURVE( '', #2056, #1905, #2131, .T. );
#1751 = EDGE_CURVE( '', #1906, #2099, #2132, .T. );
#1752 = FILL_AREA_STYLE( '', ( #2133 ) );
#1753 = EDGE_CURVE( '', #1897, #2134, #2135, .T. );
#1754 = EDGE_CURVE( '', #2136, #1896, #2137, .T. );
#1755 = EDGE_CURVE( '', #2134, #2136, #2138, .T. );
#1756 = EDGE_CURVE( '', #2139, #2001, #2140, .T. );
#1757 = EDGE_CURVE( '', #2141, #2139, #2142, .T. );
#1758 = EDGE_CURVE( '', #2002, #2141, #2143, .T. );
#1759 = EDGE_CURVE( '', #2144, #2064, #2145, .T. );
#1760 = EDGE_CURVE( '', #1963, #2144, #2146, .T. );
#1761 = EDGE_CURVE( '', #2147, #2148, #2149, .T. );
#1762 = EDGE_CURVE( '', #2150, #2147, #2151, .T. );
#1763 = EDGE_CURVE( '', #2152, #2150, #2153, .T. );
#1764 = EDGE_CURVE( '', #2148, #2152, #2154, .T. );
#1765 = EDGE_CURVE( '', #2155, #2076, #2156, .T. );
#1766 = EDGE_CURVE( '', #2155, #1974, #2157, .T. );
#1767 = FILL_AREA_STYLE( '', ( #2158 ) );
#1768 = EDGE_CURVE( '', #2159, #2010, #2160, .T. );
#1769 = EDGE_CURVE( '', #2159, #1935, #2161, .T. );
#1770 = FILL_AREA_STYLE( '', ( #2162 ) );
#1771 = EDGE_CURVE( '', #2163, #1953, #2164, .T. );
#1772 = EDGE_CURVE( '', #1997, #2163, #2165, .T. );
#1773 = EDGE_CURVE( '', #1985, #2166, #2167, .T. );
#1774 = EDGE_CURVE( '', #2166, #2115, #2168, .T. );
#1775 = EDGE_CURVE( '', #1976, #2058, #2169, .T. );
#1776 = EDGE_CURVE( '', #1991, #2170, #2171, .T. );
#1777 = EDGE_CURVE( '', #2170, #1944, #2172, .T. );
#1778 = EDGE_CURVE( '', #2070, #2159, #2173, .T. );
#1779 = FILL_AREA_STYLE( '', ( #2174 ) );
#1780 = EDGE_CURVE( '', #1886, #1866, #2175, .F. );
#1781 = FILL_AREA_STYLE( '', ( #2176 ) );
#1782 = EDGE_CURVE( '', #2177, #2136, #2178, .T. );
#1783 = EDGE_CURVE( '', #2179, #2177, #2180, .T. );
#1784 = EDGE_CURVE( '', #2179, #2134, #2181, .T. );
#1785 = FILL_AREA_STYLE( '', ( #2182 ) );
#1786 = EDGE_CURVE( '', #2183, #2126, #2184, .T. );
#1787 = EDGE_CURVE( '', #2183, #2036, #2185, .T. );
#1788 = FILL_AREA_STYLE( '', ( #2186 ) );
#1789 = EDGE_CURVE( '', #2187, #2006, #2188, .T. );
#1790 = EDGE_CURVE( '', #2187, #2139, #2189, .T. );
#1791 = FILL_AREA_STYLE( '', ( #2190 ) );
#1792 = EDGE_CURVE( '', #2191, #2122, #2192, .T. );
#1793 = EDGE_CURVE( '', #2191, #2095, #2193, .T. );
#1794 = FILL_AREA_STYLE( '', ( #2194 ) );
#1795 = EDGE_CURVE( '', #2195, #2144, #2196, .T. );
#1796 = EDGE_CURVE( '', #1965, #2195, #2197, .T. );
#1797 = FILL_AREA_STYLE( '', ( #2198 ) );
#1798 = EDGE_CURVE( '', #2177, #1901, #2199, .T. );
#1799 = FILL_AREA_STYLE( '', ( #2200 ) );
#1800 = EDGE_CURVE( '', #2201, #2187, #2202, .T. );
#1801 = EDGE_CURVE( '', #2201, #2141, #2203, .T. );
#1802 = FILL_AREA_STYLE( '', ( #2204 ) );
#1803 = EDGE_CURVE( '', #2060, #1908, #2205, .T. );
#1804 = FILL_AREA_STYLE( '', ( #2206 ) );
#1805 = EDGE_CURVE( '', #2195, #2066, #2207, .T. );
#1806 = FILL_AREA_STYLE( '', ( #2208 ) );
#1807 = EDGE_CURVE( '', #2163, #2023, #2209, .T. );
#1808 = FILL_AREA_STYLE( '', ( #2210 ) );
#1809 = EDGE_CURVE( '', #1931, #1868, #2211, .F. );
#1810 = EDGE_CURVE( '', #1891, #1931, #2212, .T. );
#1811 = FILL_AREA_STYLE( '', ( #2213 ) );
#1812 = EDGE_CURVE( '', #1910, #2102, #2214, .T. );
#1813 = EDGE_CURVE( '', #2026, #2155, #2215, .T. );
#1814 = EDGE_CURVE( '', #2051, #2183, #2216, .T. );
#1815 = EDGE_CURVE( '', #1877, #2049, #2217, .T. );
#1816 = EDGE_CURVE( '', #2104, #2191, #2218, .T. );
#1817 = FILL_AREA_STYLE( '', ( #2219 ) );
#1818 = EDGE_CURVE( '', #2220, #2221, #2222, .T. );
#1819 = EDGE_CURVE( '', #2221, #2223, #2224, .T. );
#1820 = EDGE_CURVE( '', #2223, #2225, #2226, .T. );
#1821 = EDGE_CURVE( '', #2225, #2220, #2227, .T. );
#1822 = FILL_AREA_STYLE( '', ( #2228 ) );
#1823 = FILL_AREA_STYLE( '', ( #2229 ) );
#1824 = EDGE_CURVE( '', #2225, #2150, #2230, .T. );
#1825 = EDGE_CURVE( '', #2223, #2152, #2231, .T. );
#1826 = FILL_AREA_STYLE( '', ( #2232 ) );
#1827 = EDGE_CURVE( '', #2166, #2020, #2233, .T. );
#1828 = FILL_AREA_STYLE( '', ( #2234 ) );
#1829 = FILL_AREA_STYLE( '', ( #2235 ) );
#1830 = FILL_AREA_STYLE( '', ( #2236 ) );
#1831 = EDGE_CURVE( '', #1899, #2179, #2237, .T. );
#1832 = FILL_AREA_STYLE( '', ( #2238 ) );
#1833 = EDGE_CURVE( '', #2221, #2148, #2239, .T. );
#1834 = FILL_AREA_STYLE( '', ( #2240 ) );
#1835 = FILL_AREA_STYLE( '', ( #2241 ) );
#1836 = FILL_AREA_STYLE( '', ( #2242 ) );
#1837 = FILL_AREA_STYLE( '', ( #2243 ) );
#1838 = EDGE_CURVE( '', #2170, #2015, #2244, .T. );
#1839 = FILL_AREA_STYLE( '', ( #2245 ) );
#1840 = FILL_AREA_STYLE( '', ( #2246 ) );
#1841 = FILL_AREA_STYLE( '', ( #2247 ) );
#1842 = EDGE_CURVE( '', #2004, #2201, #2248, .T. );
#1843 = FILL_AREA_STYLE( '', ( #2249 ) );
#1844 = FILL_AREA_STYLE( '', ( #2250 ) );
#1845 = EDGE_CURVE( '', #2220, #2147, #2251, .T. );
#1846 = FILL_AREA_STYLE( '', ( #2252 ) );
#1847 = FILL_AREA_STYLE( '', ( #2253 ) );
#1848 = FILL_AREA_STYLE( '', ( #2254 ) );
#1849 = FILL_AREA_STYLE( '', ( #2255 ) );
#1850 = FILL_AREA_STYLE( '', ( #2256 ) );
#1851 = FILL_AREA_STYLE( '', ( #2257 ) );
#1852 = FILL_AREA_STYLE( '', ( #2258 ) );
#1853 = FILL_AREA_STYLE_COLOUR( '', #2259 );
#1854 = VERTEX_POINT( '', #2260 );
#1855 = VERTEX_POINT( '', #2261 );
#1856 = LINE( '', #2262, #2263 );
#1857 = VERTEX_POINT( '', #2264 );
#1858 = LINE( '', #2265, #2266 );
#1859 = VERTEX_POINT( '', #2267 );
#1860 = LINE( '', #2268, #2269 );
#1861 = LINE( '', #2270, #2271 );
#1862 = FILL_AREA_STYLE_COLOUR( '', #2272 );
#1863 = VERTEX_POINT( '', #2273 );
#1864 = VERTEX_POINT( '', #2274 );
#1865 = LINE( '', #2275, #2276 );
#1866 = VERTEX_POINT( '', #2277 );
#1867 = LINE( '', #2278, #2279 );
#1868 = VERTEX_POINT( '', #2280 );
#1869 = LINE( '', #2281, #2282 );
#1870 = LINE( '', #2283, #2284 );
#1871 = FILL_AREA_STYLE_COLOUR( '', #2285 );
#1872 = VERTEX_POINT( '', #2286 );
#1873 = VERTEX_POINT( '', #2287 );
#1874 = LINE( '', #2288, #2289 );
#1875 = VERTEX_POINT( '', #2290 );
#1876 = LINE( '', #2291, #2292 );
#1877 = VERTEX_POINT( '', #2293 );
#1878 = LINE( '', #2294, #2295 );
#1879 = LINE( '', #2296, #2297 );
#1880 = FILL_AREA_STYLE_COLOUR( '', #2298 );
#1881 = VERTEX_POINT( '', #2299 );
#1882 = VERTEX_POINT( '', #2300 );
#1883 = LINE( '', #2301, #2302 );
#1884 = VERTEX_POINT( '', #2303 );
#1885 = LINE( '', #2304, #2305 );
#1886 = VERTEX_POINT( '', #2306 );
#1887 = LINE( '', #2307, #2308 );
#1888 = LINE( '', #2309, #2310 );
#1889 = FILL_AREA_STYLE_COLOUR( '', #2311 );
#1890 = VERTEX_POINT( '', #2312 );
#1891 = VERTEX_POINT( '', #2313 );
#1892 = LINE( '', #2314, #2315 );
#1893 = LINE( '', #2316, #2317 );
#1894 = LINE( '', #2318, #2319 );
#1895 = FILL_AREA_STYLE_COLOUR( '', #2320 );
#1896 = VERTEX_POINT( '', #2321 );
#1897 = VERTEX_POINT( '', #2322 );
#1898 = LINE( '', #2323, #2324 );
#1899 = VERTEX_POINT( '', #2325 );
#1900 = LINE( '', #2326, #2327 );
#1901 = VERTEX_POINT( '', #2328 );
#1902 = LINE( '', #2329, #2330 );
#1903 = LINE( '', #2331, #2332 );
#1904 = FILL_AREA_STYLE_COLOUR( '', #2333 );
#1905 = VERTEX_POINT( '', #2334 );
#1906 = VERTEX_POINT( '', #2335 );
#1907 = CIRCLE( '', #2336, 2.52798030670000 );
#1908 = VERTEX_POINT( '', #2337 );
#1909 = LINE( '', #2338, #2339 );
#1910 = VERTEX_POINT( '', #2340 );
#1911 = CIRCLE( '', #2341, 2.52798030670000 );
#1912 = LINE( '', #2342, #2343 );
#1913 = FILL_AREA_STYLE_COLOUR( '', #2344 );
#1914 = VERTEX_POINT( '', #2345 );
#1915 = VERTEX_POINT( '', #2346 );
#1916 = LINE( '', #2347, #2348 );
#1917 = VERTEX_POINT( '', #2349 );
#1918 = LINE( '', #2350, #2351 );
#1919 = VERTEX_POINT( '', #2352 );
#1920 = LINE( '', #2353, #2354 );
#1921 = LINE( '', #2355, #2356 );
#1922 = FILL_AREA_STYLE_COLOUR( '', #2357 );
#1923 = VERTEX_POINT( '', #2358 );
#1924 = LINE( '', #2359, #2360 );
#1925 = VERTEX_POINT( '', #2361 );
#1926 = LINE( '', #2362, #2363 );
#1927 = LINE( '', #2364, #2365 );
#1928 = FILL_AREA_STYLE_COLOUR( '', #2366 );
#1929 = VERTEX_POINT( '', #2367 );
#1930 = LINE( '', #2368, #2369 );
#1931 = VERTEX_POINT( '', #2370 );
#1932 = LINE( '', #2371, #2372 );
#1933 = LINE( '', #2373, #2374 );
#1934 = FILL_AREA_STYLE_COLOUR( '', #2375 );
#1935 = VERTEX_POINT( '', #2376 );
#1936 = VERTEX_POINT( '', #2377 );
#1937 = LINE( '', #2378, #2379 );
#1938 = VERTEX_POINT( '', #2380 );
#1939 = LINE( '', #2381, #2382 );
#1940 = VERTEX_POINT( '', #2383 );
#1941 = LINE( '', #2384, #2385 );
#1942 = LINE( '', #2386, #2387 );
#1943 = FILL_AREA_STYLE_COLOUR( '', #2388 );
#1944 = VERTEX_POINT( '', #2389 );
#1945 = VERTEX_POINT( '', #2390 );
#1946 = LINE( '', #2391, #2392 );
#1947 = VERTEX_POINT( '', #2393 );
#1948 = LINE( '', #2394, #2395 );
#1949 = VERTEX_POINT( '', #2396 );
#1950 = LINE( '', #2397, #2398 );
#1951 = LINE( '', #2399, #2400 );
#1952 = FILL_AREA_STYLE_COLOUR( '', #2401 );
#1953 = VERTEX_POINT( '', #2402 );
#1954 = VERTEX_POINT( '', #2403 );
#1955 = LINE( '', #2404, #2405 );
#1956 = VERTEX_POINT( '', #2406 );
#1957 = LINE( '', #2407, #2408 );
#1958 = VERTEX_POINT( '', #2409 );
#1959 = LINE( '', #2410, #2411 );
#1960 = LINE( '', #2412, #2413 );
#1961 = FILL_AREA_STYLE_COLOUR( '', #2414 );
#1962 = VERTEX_POINT( '', #2415 );
#1963 = VERTEX_POINT( '', #2416 );
#1964 = LINE( '', #2417, #2418 );
#1965 = VERTEX_POINT( '', #2419 );
#1966 = LINE( '', #2420, #2421 );
#1967 = VERTEX_POINT( '', #2422 );
#1968 = LINE( '', #2423, #2424 );
#1969 = LINE( '', #2425, #2426 );
#1970 = FILL_AREA_STYLE_COLOUR( '', #2427 );
#1971 = VERTEX_POINT( '', #2428 );
#1972 = VERTEX_POINT( '', #2429 );
#1973 = LINE( '', #2430, #2431 );
#1974 = VERTEX_POINT( '', #2432 );
#1975 = LINE( '', #2433, #2434 );
#1976 = VERTEX_POINT( '', #2435 );
#1977 = LINE( '', #2436, #2437 );
#1978 = LINE( '', #2438, #2439 );
#1979 = FILL_AREA_STYLE_COLOUR( '', #2440 );
#1980 = VERTEX_POINT( '', #2441 );
#1981 = VERTEX_POINT( '', #2442 );
#1982 = LINE( '', #2443, #2444 );
#1983 = VERTEX_POINT( '', #2445 );
#1984 = LINE( '', #2446, #2447 );
#1985 = VERTEX_POINT( '', #2448 );
#1986 = LINE( '', #2449, #2450 );
#1987 = LINE( '', #2451, #2452 );
#1988 = FILL_AREA_STYLE_COLOUR( '', #2453 );
#1989 = VERTEX_POINT( '', #2454 );
#1990 = LINE( '', #2455, #2456 );
#1991 = VERTEX_POINT( '', #2457 );
#1992 = LINE( '', #2458, #2459 );
#1993 = LINE( '', #2460, #2461 );
#1994 = FILL_AREA_STYLE_COLOUR( '', #2462 );
#1995 = VERTEX_POINT( '', #2463 );
#1996 = LINE( '', #2464, #2465 );
#1997 = VERTEX_POINT( '', #2466 );
#1998 = LINE( '', #2467, #2468 );
#1999 = LINE( '', #2469, #2470 );
#2000 = FILL_AREA_STYLE_COLOUR( '', #2471 );
#2001 = VERTEX_POINT( '', #2472 );
#2002 = VERTEX_POINT( '', #2473 );
#2003 = LINE( '', #2474, #2475 );
#2004 = VERTEX_POINT( '', #2476 );
#2005 = LINE( '', #2477, #2478 );
#2006 = VERTEX_POINT( '', #2479 );
#2007 = LINE( '', #2480, #2481 );
#2008 = LINE( '', #2482, #2483 );
#2009 = FILL_AREA_STYLE_COLOUR( '', #2484 );
#2010 = VERTEX_POINT( '', #2485 );
#2011 = VERTEX_POINT( '', #2486 );
#2012 = LINE( '', #2487, #2488 );
#2013 = LINE( '', #2489, #2490 );
#2014 = LINE( '', #2491, #2492 );
#2015 = VERTEX_POINT( '', #2493 );
#2016 = LINE( '', #2494, #2495 );
#2017 = LINE( '', #2496, #2497 );
#2018 = VERTEX_POINT( '', #2498 );
#2019 = LINE( '', #2499, #2500 );
#2020 = VERTEX_POINT( '', #2501 );
#2021 = LINE( '', #2502, #2503 );
#2022 = LINE( '', #2504, #2505 );
#2023 = VERTEX_POINT( '', #2506 );
#2024 = LINE( '', #2507, #2508 );
#2025 = LINE( '', #2509, #2510 );
#2026 = VERTEX_POINT( '', #2511 );
#2027 = VERTEX_POINT( '', #2512 );
#2028 = LINE( '', #2513, #2514 );
#2029 = VERTEX_POINT( '', #2515 );
#2030 = LINE( '', #2516, #2517 );
#2031 = LINE( '', #2518, #2519 );
#2032 = VERTEX_POINT( '', #2520 );
#2033 = LINE( '', #2521, #2522 );
#2034 = VERTEX_POINT( '', #2523 );
#2035 = LINE( '', #2524, #2525 );
#2036 = VERTEX_POINT( '', #2526 );
#2037 = LINE( '', #2527, #2528 );
#2038 = LINE( '', #2529, #2530 );
#2039 = FILL_AREA_STYLE_COLOUR( '', #2531 );
#2040 = VERTEX_POINT( '', #2532 );
#2041 = LINE( '', #2533, #2534 );
#2042 = VERTEX_POINT( '', #2535 );
#2043 = LINE( '', #2536, #2537 );
#2044 = LINE( '', #2538, #2539 );
#2045 = FILL_AREA_STYLE_COLOUR( '', #2540 );
#2046 = VERTEX_POINT( '', #2541 );
#2047 = VERTEX_POINT( '', #2542 );
#2048 = LINE( '', #2543, #2544 );
#2049 = VERTEX_POINT( '', #2545 );
#2050 = LINE( '', #2546, #2547 );
#2051 = VERTEX_POINT( '', #2548 );
#2052 = LINE( '', #2549, #2550 );
#2053 = LINE( '', #2551, #2552 );
#2054 = FILL_AREA_STYLE_COLOUR( '', #2553 );
#2055 = VERTEX_POINT( '', #2554 );
#2056 = VERTEX_POINT( '', #2555 );
#2057 = LINE( '', #2556, #2557 );
#2058 = VERTEX_POINT( '', #2558 );
#2059 = LINE( '', #2559, #2560 );
#2060 = VERTEX_POINT( '', #2561 );
#2061 = LINE( '', #2562, #2563 );
#2062 = LINE( '', #2564, #2565 );
#2063 = FILL_AREA_STYLE_COLOUR( '', #2566 );
#2064 = VERTEX_POINT( '', #2567 );
#2065 = LINE( '', #2568, #2569 );
#2066 = VERTEX_POINT( '', #2570 );
#2067 = LINE( '', #2571, #2572 );
#2068 = LINE( '', #2573, #2574 );
#2069 = FILL_AREA_STYLE_COLOUR( '', #2575 );
#2070 = VERTEX_POINT( '', #2576 );
#2071 = LINE( '', #2577, #2578 );
#2072 = LINE( '', #2579, #2580 );
#2073 = FILL_AREA_STYLE_COLOUR( '', #2581 );
#2074 = VERTEX_POINT( '', #2582 );
#2075 = LINE( '', #2583, #2584 );
#2076 = VERTEX_POINT( '', #2585 );
#2077 = LINE( '', #2586, #2587 );
#2078 = LINE( '', #2588, #2589 );
#2079 = FILL_AREA_STYLE_COLOUR( '', #2590 );
#2080 = LINE( '', #2591, #2592 );
#2081 = FILL_AREA_STYLE_COLOUR( '', #2593 );
#2082 = VERTEX_POINT( '', #2594 );
#2083 = LINE( '', #2595, #2596 );
#2084 = VERTEX_POINT( '', #2597 );
#2085 = LINE( '', #2598, #2599 );
#2086 = LINE( '', #2600, #2601 );
#2087 = FILL_AREA_STYLE_COLOUR( '', #2602 );
#2088 = LINE( '', #2603, #2604 );
#2089 = LINE( '', #2605, #2606 );
#2090 = FILL_AREA_STYLE_COLOUR( '', #2607 );
#2091 = LINE( '', #2608, #2609 );
#2092 = FILL_AREA_STYLE_COLOUR( '', #2610 );
#2093 = VERTEX_POINT( '', #2611 );
#2094 = LINE( '', #2612, #2613 );
#2095 = VERTEX_POINT( '', #2614 );
#2096 = LINE( '', #2615, #2616 );
#2097 = LINE( '', #2617, #2618 );
#2098 = FILL_AREA_STYLE_COLOUR( '', #2619 );
#2099 = VERTEX_POINT( '', #2620 );
#2100 = VERTEX_POINT( '', #2621 );
#2101 = CIRCLE( '', #2622, 1.65199916100000 );
#2102 = VERTEX_POINT( '', #2623 );
#2103 = LINE( '', #2624, #2625 );
#2104 = VERTEX_POINT( '', #2626 );
#2105 = CIRCLE( '', #2627, 1.65199916100000 );
#2106 = LINE( '', #2628, #2629 );
#2107 = FILL_AREA_STYLE_COLOUR( '', #2630 );
#2108 = VERTEX_POINT( '', #2631 );
#2109 = LINE( '', #2632, #2633 );
#2110 = LINE( '', #2634, #2635 );
#2111 = FILL_AREA_STYLE_COLOUR( '', #2636 );
#2112 = LINE( '', #2637, #2638 );
#2113 = LINE( '', #2639, #2640 );
#2114 = FILL_AREA_STYLE_COLOUR( '', #2641 );
#2115 = VERTEX_POINT( '', #2642 );
#2116 = LINE( '', #2643, #2644 );
#2117 = LINE( '', #2645, #2646 );
#2118 = FILL_AREA_STYLE_COLOUR( '', #2647 );
#2119 = CIRCLE( '', #2648, 1.64391213240000 );
#2120 = CIRCLE( '', #2649, 1.64391213240000 );
#2121 = FILL_AREA_STYLE_COLOUR( '', #2650 );
#2122 = VERTEX_POINT( '', #2651 );
#2123 = LINE( '', #2652, #2653 );
#2124 = CIRCLE( '', #2654, 0.643912132400000 );
#2125 = CIRCLE( '', #2655, 0.651999161000000 );
#2126 = VERTEX_POINT( '', #2656 );
#2127 = CIRCLE( '', #2657, 1.10000000000000 );
#2128 = LINE( '', #2658, #2659 );
#2129 = LINE( '', #2660, #2661 );
#2130 = LINE( '', #2662, #2663 );
#2131 = LINE( '', #2664, #2665 );
#2132 = LINE( '', #2666, #2667 );
#2133 = FILL_AREA_STYLE_COLOUR( '', #2668 );
#2134 = VERTEX_POINT( '', #2669 );
#2135 = LINE( '', #2670, #2671 );
#2136 = VERTEX_POINT( '', #2672 );
#2137 = LINE( '', #2673, #2674 );
#2138 = LINE( '', #2675, #2676 );
#2139 = VERTEX_POINT( '', #2677 );
#2140 = LINE( '', #2678, #2679 );
#2141 = VERTEX_POINT( '', #2680 );
#2142 = LINE( '', #2681, #2682 );
#2143 = LINE( '', #2683, #2684 );
#2144 = VERTEX_POINT( '', #2685 );
#2145 = LINE( '', #2686, #2687 );
#2146 = LINE( '', #2688, #2689 );
#2147 = VERTEX_POINT( '', #2690 );
#2148 = VERTEX_POINT( '', #2691 );
#2149 = LINE( '', #2692, #2693 );
#2150 = VERTEX_POINT( '', #2694 );
#2151 = LINE( '', #2695, #2696 );
#2152 = VERTEX_POINT( '', #2697 );
#2153 = LINE( '', #2698, #2699 );
#2154 = LINE( '', #2700, #2701 );
#2155 = VERTEX_POINT( '', #2702 );
#2156 = LINE( '', #2703, #2704 );
#2157 = LINE( '', #2705, #2706 );
#2158 = FILL_AREA_STYLE_COLOUR( '', #2707 );
#2159 = VERTEX_POINT( '', #2708 );
#2160 = LINE( '', #2709, #2710 );
#2161 = LINE( '', #2711, #2712 );
#2162 = FILL_AREA_STYLE_COLOUR( '', #2713 );
#2163 = VERTEX_POINT( '', #2714 );
#2164 = LINE( '', #2715, #2716 );
#2165 = LINE( '', #2717, #2718 );
#2166 = VERTEX_POINT( '', #2719 );
#2167 = LINE( '', #2720, #2721 );
#2168 = LINE( '', #2722, #2723 );
#2169 = LINE( '', #2724, #2725 );
#2170 = VERTEX_POINT( '', #2726 );
#2171 = LINE( '', #2727, #2728 );
#2172 = LINE( '', #2729, #2730 );
#2173 = LINE( '', #2731, #2732 );
#2174 = FILL_AREA_STYLE_COLOUR( '', #2733 );
#2175 = LINE( '', #2734, #2735 );
#2176 = FILL_AREA_STYLE_COLOUR( '', #2736 );
#2177 = VERTEX_POINT( '', #2737 );
#2178 = LINE( '', #2738, #2739 );
#2179 = VERTEX_POINT( '', #2740 );
#2180 = LINE( '', #2741, #2742 );
#2181 = LINE( '', #2743, #2744 );
#2182 = FILL_AREA_STYLE_COLOUR( '', #2745 );
#2183 = VERTEX_POINT( '', #2746 );
#2184 = LINE( '', #2747, #2748 );
#2185 = LINE( '', #2749, #2750 );
#2186 = FILL_AREA_STYLE_COLOUR( '', #2751 );
#2187 = VERTEX_POINT( '', #2752 );
#2188 = LINE( '', #2753, #2754 );
#2189 = LINE( '', #2755, #2756 );
#2190 = FILL_AREA_STYLE_COLOUR( '', #2757 );
#2191 = VERTEX_POINT( '', #2758 );
#2192 = LINE( '', #2759, #2760 );
#2193 = CIRCLE( '', #2761, 0.643912132400000 );
#2194 = FILL_AREA_STYLE_COLOUR( '', #2762 );
#2195 = VERTEX_POINT( '', #2763 );
#2196 = LINE( '', #2764, #2765 );
#2197 = LINE( '', #2766, #2767 );
#2198 = FILL_AREA_STYLE_COLOUR( '', #2768 );
#2199 = LINE( '', #2769, #2770 );
#2200 = FILL_AREA_STYLE_COLOUR( '', #2771 );
#2201 = VERTEX_POINT( '', #2772 );
#2202 = LINE( '', #2773, #2774 );
#2203 = LINE( '', #2775, #2776 );
#2204 = FILL_AREA_STYLE_COLOUR( '', #2777 );
#2205 = LINE( '', #2778, #2779 );
#2206 = FILL_AREA_STYLE_COLOUR( '', #2780 );
#2207 = LINE( '', #2781, #2782 );
#2208 = FILL_AREA_STYLE_COLOUR( '', #2783 );
#2209 = LINE( '', #2784, #2785 );
#2210 = FILL_AREA_STYLE_COLOUR( '', #2786 );
#2211 = LINE( '', #2787, #2788 );
#2212 = LINE( '', #2789, #2790 );
#2213 = FILL_AREA_STYLE_COLOUR( '', #2791 );
#2214 = LINE( '', #2792, #2793 );
#2215 = LINE( '', #2794, #2795 );
#2216 = CIRCLE( '', #2796, 1.10000000000000 );
#2217 = CIRCLE( '', #2797, 0.651999161000000 );
#2218 = LINE( '', #2798, #2799 );
#2219 = FILL_AREA_STYLE_COLOUR( '', #2800 );
#2220 = VERTEX_POINT( '', #2801 );
#2221 = VERTEX_POINT( '', #2802 );
#2222 = LINE( '', #2803, #2804 );
#2223 = VERTEX_POINT( '', #2805 );
#2224 = LINE( '', #2806, #2807 );
#2225 = VERTEX_POINT( '', #2808 );
#2226 = LINE( '', #2809, #2810 );
#2227 = LINE( '', #2811, #2812 );
#2228 = FILL_AREA_STYLE_COLOUR( '', #2813 );
#2229 = FILL_AREA_STYLE_COLOUR( '', #2814 );
#2230 = LINE( '', #2815, #2816 );
#2231 = LINE( '', #2817, #2818 );
#2232 = FILL_AREA_STYLE_COLOUR( '', #2819 );
#2233 = LINE( '', #2820, #2821 );
#2234 = FILL_AREA_STYLE_COLOUR( '', #2822 );
#2235 = FILL_AREA_STYLE_COLOUR( '', #2823 );
#2236 = FILL_AREA_STYLE_COLOUR( '', #2824 );
#2237 = LINE( '', #2825, #2826 );
#2238 = FILL_AREA_STYLE_COLOUR( '', #2827 );
#2239 = LINE( '', #2828, #2829 );
#2240 = FILL_AREA_STYLE_COLOUR( '', #2830 );
#2241 = FILL_AREA_STYLE_COLOUR( '', #2831 );
#2242 = FILL_AREA_STYLE_COLOUR( '', #2832 );
#2243 = FILL_AREA_STYLE_COLOUR( '', #2833 );
#2244 = LINE( '', #2834, #2835 );
#2245 = FILL_AREA_STYLE_COLOUR( '', #2836 );
#2246 = FILL_AREA_STYLE_COLOUR( '', #2837 );
#2247 = FILL_AREA_STYLE_COLOUR( '', #2838 );
#2248 = LINE( '', #2839, #2840 );
#2249 = FILL_AREA_STYLE_COLOUR( '', #2841 );
#2250 = FILL_AREA_STYLE_COLOUR( '', #2842 );
#2251 = LINE( '', #2843, #2844 );
#2252 = FILL_AREA_STYLE_COLOUR( '', #2845 );
#2253 = FILL_AREA_STYLE_COLOUR( '', #2846 );
#2254 = FILL_AREA_STYLE_COLOUR( '', #2847 );
#2255 = FILL_AREA_STYLE_COLOUR( '', #2848 );
#2256 = FILL_AREA_STYLE_COLOUR( '', #2849 );
#2257 = FILL_AREA_STYLE_COLOUR( '', #2850 );
#2258 = FILL_AREA_STYLE_COLOUR( '', #2851 );
#2259 = COLOUR_RGB( '', 0.860000014300000, 0.860000014300000, 0.860000014300000 );
#2260 = CARTESIAN_POINT( '', ( 0.945000000000000, -1.97500000000000, -1.60000000000000 ) );
#2261 = CARTESIAN_POINT( '', ( 0.945000000000000, -1.97500000000000, 1.60000000000000 ) );
#2262 = CARTESIAN_POINT( '', ( 0.945000000000000, -1.97500000000000, -21.2041114713992 ) );
#2263 = VECTOR( '', #2852, 1000.00000000000 );
#2264 = CARTESIAN_POINT( '', ( 0.945000000000000, -1.47500000000000, 1.60000000000000 ) );
#2265 = CARTESIAN_POINT( '', ( 0.945000000000000, -1.47500000000000, 1.60000000000000 ) );
#2266 = VECTOR( '', #2853, 1000.00000000000 );
#2267 = CARTESIAN_POINT( '', ( 0.945000000000000, -1.47500000000000, -1.60000000000000 ) );
#2268 = CARTESIAN_POINT( '', ( 0.945000000000000, -1.47500000000000, -21.2041114713992 ) );
#2269 = VECTOR( '', #2854, 1000.00000000000 );
#2270 = CARTESIAN_POINT( '', ( 0.945000000000000, -1.97500000000000, -1.60000000000000 ) );
#2271 = VECTOR( '', #2855, 1000.00000000000 );
#2272 = COLOUR_RGB( '', 0.699999988100000, 0.699999988100000, 0.699999988100000 );
#2273 = CARTESIAN_POINT( '', ( 0.220000000000000, 0.220000000000000, -8.72500000000000 ) );
#2274 = CARTESIAN_POINT( '', ( 0.220000000000000, -0.220000000000000, -8.72500000000000 ) );
#2275 = CARTESIAN_POINT( '', ( 0.220000000000000, 0.000000000000000, -8.72500000000000 ) );
#2276 = VECTOR( '', #2856, 1000.00000000000 );
#2277 = CARTESIAN_POINT( '', ( -0.220000000000000, -0.220000000000000, -8.72500000000000 ) );
#2278 = CARTESIAN_POINT( '', ( 0.000000000000000, -0.220000000000000, -8.72500000000000 ) );
#2279 = VECTOR( '', #2857, 1000.00000000000 );
#2280 = CARTESIAN_POINT( '', ( -0.220000000000000, 0.220000000000000, -8.72500000000000 ) );
#2281 = CARTESIAN_POINT( '', ( -0.220000000000000, 0.000000000000000, -8.72500000000000 ) );
#2282 = VECTOR( '', #2858, 1000.00000000000 );
#2283 = CARTESIAN_POINT( '', ( 0.000000000000000, 0.220000000000000, -8.72500000000000 ) );
#2284 = VECTOR( '', #2859, 1000.00000000000 );
#2285 = COLOUR_RGB( '', 0.860000014300000, 0.860000014300000, 0.860000014300000 );
#2286 = CARTESIAN_POINT( '', ( 7.97500000000000, 5.62277922330302, 6.57780604744694 ) );
#2287 = CARTESIAN_POINT( '', ( 7.97500000000000, 7.06723504728079, 4.89902028889820 ) );
#2288 = CARTESIAN_POINT( '', ( 7.97500000000000, 7.06723504728079, 4.89902028889820 ) );
#2289 = VECTOR( '', #2860, 1000.00000000000 );
#2290 = CARTESIAN_POINT( '', ( -7.97500000000000, 5.62277922330302, 6.57780604744694 ) );
#2291 = CARTESIAN_POINT( '', ( -7.97500000000000, 5.62277922330302, 6.57780604744694 ) );
#2292 = VECTOR( '', #2861, 1000.00000000000 );
#2293 = CARTESIAN_POINT( '', ( -7.97500000000000, 7.06723504728079, 4.89902028889820 ) );
#2294 = CARTESIAN_POINT( '', ( -7.97500000000000, 7.06723504728079, 4.89902028889820 ) );
#2295 = VECTOR( '', #2862, 1000.00000000000 );
#2296 = CARTESIAN_POINT( '', ( -7.97500000000000, 7.06723504728079, 4.89902028889820 ) );
#2297 = VECTOR( '', #2863, 1000.00000000000 );
#2298 = COLOUR_RGB( '', 0.699999988100000, 0.699999988100000, 0.699999988100000 );
#2299 = CARTESIAN_POINT( '', ( 0.570000000000000, -0.570000000000000, 7.82500000000000 ) );
#2300 = CARTESIAN_POINT( '', ( 0.570000000000000, -0.570000000000000, -7.82500000000000 ) );
#2301 = CARTESIAN_POINT( '', ( 0.570000000000000, -0.570000000000000, 8.72500000000000 ) );
#2302 = VECTOR( '', #2864, 1000.00000000000 );
#2303 = CARTESIAN_POINT( '', ( -0.570000000000000, -0.570000000000000, 7.82500000000000 ) );
#2304 = CARTESIAN_POINT( '', ( -0.570000000000000, -0.570000000000000, 7.82500000000000 ) );
#2305 = VECTOR( '', #2865, 1000.00000000000 );
#2306 = CARTESIAN_POINT( '', ( -0.570000000000000, -0.570000000000000, -7.82500000000000 ) );
#2307 = CARTESIAN_POINT( '', ( -0.570000000000000, -0.570000000000000, 8.72500000000000 ) );
#2308 = VECTOR( '', #2866, 1000.00000000000 );
#2309 = CARTESIAN_POINT( '', ( 0.570000000000000, -0.570000000000000, -7.82500000000000 ) );
#2310 = VECTOR( '', #2867, 1000.00000000000 );
#2311 = COLOUR_RGB( '', 0.699999988100000, 0.699999988100000, 0.699999988100000 );
#2312 = CARTESIAN_POINT( '', ( 0.570000000000000, 0.570000000000000, 7.82500000000000 ) );
#2313 = CARTESIAN_POINT( '', ( 0.570000000000000, 0.570000000000000, -7.82500000000000 ) );
#2314 = CARTESIAN_POINT( '', ( 0.570000000000000, 0.570000000000000, 8.72500000000000 ) );
#2315 = VECTOR( '', #2868, 1000.00000000000 );
#2316 = CARTESIAN_POINT( '', ( 0.570000000000000, -0.570000000000000, 7.82500000000000 ) );
#2317 = VECTOR( '', #2869, 1000.00000000000 );
#2318 = CARTESIAN_POINT( '', ( 0.570000000000000, 0.570000000000000, -7.82500000000000 ) );
#2319 = VECTOR( '', #2870, 1000.00000000000 );
#2320 = COLOUR_RGB( '', 0.860000014300000, 0.860000014300000, 0.860000014300000 );
#2321 = CARTESIAN_POINT( '', ( -5.11500000000000, 0.825000000000000, -1.60000000000000 ) );
#2322 = CARTESIAN_POINT( '', ( -5.11500000000000, -0.825000000000000, -1.60000000000000 ) );
#2323 = CARTESIAN_POINT( '', ( -5.11500000000000, 0.825000000000000, -1.60000000000000 ) );
#2324 = VECTOR( '', #2871, 1000.00000000000 );
#2325 = CARTESIAN_POINT( '', ( -5.11500000000000, -0.825000000000000, 0.400000000000000 ) );
#2326 = CARTESIAN_POINT( '', ( -5.11500000000000, -0.825000000000000, 0.400000000000000 ) );
#2327 = VECTOR( '', #2872, 1000.00000000000 );
#2328 = CARTESIAN_POINT( '', ( -5.11500000000000, 0.825000000000000, 0.400000000000000 ) );
#2329 = CARTESIAN_POINT( '', ( -5.11500000000000, 0.825000000000000, 0.400000000000000 ) );
#2330 = VECTOR( '', #2873, 1000.00000000000 );
#2331 = CARTESIAN_POINT( '', ( -5.11500000000000, 0.825000000000000, 0.400000000000000 ) );
#2332 = VECTOR( '', #2874, 1000.00000000000 );
#2333 = COLOUR_RGB( '', 0.860000014300000, 0.860000014300000, 0.860000014300000 );
#2334 = CARTESIAN_POINT( '', ( 7.97500000000000, 5.70122723113504, -1.60000000000000 ) );
#2335 = CARTESIAN_POINT( '', ( 7.97500000000000, 8.22500000000000, 1.07377276886497 ) );
#2336 = AXIS2_PLACEMENT_3D( '', #2875, #2876, #2877 );
#2337 = CARTESIAN_POINT( '', ( -7.97500000000000, 5.70122723113504, -1.60000000000000 ) );
#2338 = CARTESIAN_POINT( '', ( -7.97500000000000, 5.70122723113504, -1.60000000000000 ) );
#2339 = VECTOR( '', #2878, 1000.00000000000 );
#2340 = CARTESIAN_POINT( '', ( -7.97500000000000, 8.22500000000000, 1.07377276886497 ) );
#2341 = AXIS2_PLACEMENT_3D( '', #2879, #2880, #2881 );
#2342 = CARTESIAN_POINT( '', ( -7.97500000000000, 8.22500000000000, 1.07377276886497 ) );
#2343 = VECTOR( '', #2882, 1000.00000000000 );
#2344 = COLOUR_RGB( '', 0.860000014300000, 0.860000014300000, 0.860000014300000 );
#2345 = CARTESIAN_POINT( '', ( 7.97500000000000, 8.18438147149909, 10.6500000000000 ) );
#2346 = CARTESIAN_POINT( '', ( 7.97500000000000, 5.89798716776371, 8.97655637349260 ) );
#2347 = CARTESIAN_POINT( '', ( 7.97500000000000, 5.89798716776371, 8.97655637349260 ) );
#2348 = VECTOR( '', #2883, 1000.00000000000 );
#2349 = CARTESIAN_POINT( '', ( -7.97500000000000, 8.18438147149909, 10.6500000000000 ) );
#2350 = CARTESIAN_POINT( '', ( -7.97500000000000, 8.18438147149909, 10.6500000000000 ) );
#2351 = VECTOR( '', #2884, 1000.00000000000 );
#2352 = CARTESIAN_POINT( '', ( -7.97500000000000, 5.89798716776371, 8.97655637349260 ) );
#2353 = CARTESIAN_POINT( '', ( -7.97500000000000, 5.89798716776371, 8.97655637349260 ) );
#2354 = VECTOR( '', #2885, 1000.00000000000 );
#2355 = CARTESIAN_POINT( '', ( -7.97500000000000, 5.89798716776371, 8.97655637349260 ) );
#2356 = VECTOR( '', #2886, 1000.00000000000 );
#2357 = COLOUR_RGB( '', 0.699999988100000, 0.699999988100000, 0.699999988100000 );
#2358 = CARTESIAN_POINT( '', ( 0.220000000000000, -0.220000000000000, 8.72500000000000 ) );
#2359 = CARTESIAN_POINT( '', ( 0.570000000000000, -0.570000000000000, 7.82500000000000 ) );
#2360 = VECTOR( '', #2887, 1000.00000000000 );
#2361 = CARTESIAN_POINT( '', ( 0.220000000000000, 0.220000000000000, 8.72500000000000 ) );
#2362 = CARTESIAN_POINT( '', ( 0.570000000000000, 0.570000000000000, 7.82500000000000 ) );
#2363 = VECTOR( '', #2888, 1000.00000000000 );
#2364 = CARTESIAN_POINT( '', ( 0.220000000000000, 0.570000000000000, 8.72500000000000 ) );
#2365 = VECTOR( '', #2889, 1000.00000000000 );
#2366 = COLOUR_RGB( '', 0.699999988100000, 0.699999988100000, 0.699999988100000 );
#2367 = CARTESIAN_POINT( '', ( -0.570000000000000, 0.570000000000000, 7.82500000000000 ) );
#2368 = CARTESIAN_POINT( '', ( -0.570000000000000, 0.570000000000000, 7.82500000000000 ) );
#2369 = VECTOR( '', #2890, 1000.00000000000 );
#2370 = CARTESIAN_POINT( '', ( -0.570000000000000, 0.570000000000000, -7.82500000000000 ) );
#2371 = CARTESIAN_POINT( '', ( -0.570000000000000, 0.570000000000000, 8.72500000000000 ) );
#2372 = VECTOR( '', #2891, 1000.00000000000 );
#2373 = CARTESIAN_POINT( '', ( -0.570000000000000, -0.570000000000000, -7.82500000000000 ) );
#2374 = VECTOR( '', #2892, 1000.00000000000 );
#2375 = COLOUR_RGB( '', 0.860000014300000, 0.860000014300000, 0.860000014300000 );
#2376 = CARTESIAN_POINT( '', ( 6.51000000000000, 4.19500000000000, -0.750000000000000 ) );
#2377 = CARTESIAN_POINT( '', ( 6.51000000000000, 4.19500000000000, 1.60000000000000 ) );
#2378 = CARTESIAN_POINT( '', ( 6.51000000000000, 4.19500000000000, -21.2041114713992 ) );
#2379 = VECTOR( '', #2893, 1000.00000000000 );
#2380 = CARTESIAN_POINT( '', ( 5.37000000000000, 4.19500000000000, 1.60000000000000 ) );
#2381 = CARTESIAN_POINT( '', ( 5.37000000000000, 4.19500000000000, 1.60000000000000 ) );
#2382 = VECTOR( '', #2894, 1000.00000000000 );
#2383 = CARTESIAN_POINT( '', ( 5.37000000000000, 4.19500000000000, -0.750000000000000 ) );
#2384 = CARTESIAN_POINT( '', ( 5.37000000000000, 4.19500000000000, -21.2041114713992 ) );
#2385 = VECTOR( '', #2895, 1000.00000000000 );
#2386 = CARTESIAN_POINT( '', ( -7.97500000000000, 4.19500000000000, -0.750000000000000 ) );
#2387 = VECTOR( '', #2896, 1000.00000000000 );
#2388 = COLOUR_RGB( '', 0.860000014300000, 0.860000014300000, 0.860000014300000 );
#2389 = CARTESIAN_POINT( '', ( -1.41000000000000, 4.19500000000000, -0.750000000000000 ) );
#2390 = CARTESIAN_POINT( '', ( -1.41000000000000, 4.19500000000000, 1.60000000000000 ) );
#2391 = CARTESIAN_POINT( '', ( -1.41000000000000, 4.19500000000000, -21.2041114713992 ) );
#2392 = VECTOR( '', #2897, 1000.00000000000 );
#2393 = CARTESIAN_POINT( '', ( -2.55000000000000, 4.19500000000000, 1.60000000000000 ) );
#2394 = CARTESIAN_POINT( '', ( -2.55000000000000, 4.19500000000000, 1.60000000000000 ) );
#2395 = VECTOR( '', #2898, 1000.00000000000 );
#2396 = CARTESIAN_POINT( '', ( -2.55000000000000, 4.19500000000000, -0.750000000000000 ) );
#2397 = CARTESIAN_POINT( '', ( -2.55000000000000, 4.19500000000000, -21.2041114713992 ) );
#2398 = VECTOR( '', #2899, 1000.00000000000 );
#2399 = CARTESIAN_POINT( '', ( -7.97500000000000, 4.19500000000000, -0.750000000000000 ) );
#2400 = VECTOR( '', #2900, 1000.00000000000 );
#2401 = COLOUR_RGB( '', 0.860000014300000, 0.860000014300000, 0.860000014300000 );
#2402 = CARTESIAN_POINT( '', ( 1.41000000000000, 4.19500000000000, -0.750000000000000 ) );
#2403 = CARTESIAN_POINT( '', ( 1.41000000000000, 4.19500000000000, 1.60000000000000 ) );
#2404 = CARTESIAN_POINT( '', ( 1.41000000000000, 4.19500000000000, -21.2041114713992 ) );
#2405 = VECTOR( '', #2901, 1000.00000000000 );
#2406 = CARTESIAN_POINT( '', ( 1.41000000000000, 3.05500000000000, 1.60000000000000 ) );
#2407 = CARTESIAN_POINT( '', ( 1.41000000000000, 3.05500000000000, 1.60000000000000 ) );
#2408 = VECTOR( '', #2902, 1000.00000000000 );
#2409 = CARTESIAN_POINT( '', ( 1.41000000000000, 3.05500000000000, -0.750000000000000 ) );
#2410 = CARTESIAN_POINT( '', ( 1.41000000000000, 3.05500000000000, -21.2041114713992 ) );
#2411 = VECTOR( '', #2903, 1000.00000000000 );
#2412 = CARTESIAN_POINT( '', ( 1.41000000000000, 2.35000000000000, -0.750000000000000 ) );
#2413 = VECTOR( '', #2904, 1000.00000000000 );
#2414 = COLOUR_RGB( '', 0.860000014300000, 0.860000014300000, 0.860000014300000 );
#2415 = CARTESIAN_POINT( '', ( 2.80500000000000, -0.825000000000000, -1.60000000000000 ) );
#2416 = CARTESIAN_POINT( '', ( 1.15500000000000, -0.825000000000000, -1.60000000000000 ) );
#2417 = CARTESIAN_POINT( '', ( 2.80500000000000, -0.825000000000000, -1.60000000000000 ) );
#2418 = VECTOR( '', #2905, 1000.00000000000 );
#2419 = CARTESIAN_POINT( '', ( 1.15500000000000, -0.825000000000000, 0.400000000000000 ) );
#2420 = CARTESIAN_POINT( '', ( 1.15500000000000, -0.825000000000000, 0.400000000000000 ) );
#2421 = VECTOR( '', #2906, 1000.00000000000 );
#2422 = CARTESIAN_POINT( '', ( 2.80500000000000, -0.825000000000000, 0.400000000000000 ) );
#2423 = CARTESIAN_POINT( '', ( 2.80500000000000, -0.825000000000000, 0.400000000000000 ) );
#2424 = VECTOR( '', #2907, 1000.00000000000 );
#2425 = CARTESIAN_POINT( '', ( 2.80500000000000, -0.825000000000000, 0.400000000000000 ) );
#2426 = VECTOR( '', #2908, 1000.00000000000 );
#2427 = COLOUR_RGB( '', 0.860000014300000, 0.860000014300000, 0.860000014300000 );
#2428 = CARTESIAN_POINT( '', ( 7.97500000000000, 1.97500000000000, -1.60000000000000 ) );
#2429 = CARTESIAN_POINT( '', ( 7.97500000000000, 2.35000000000000, -0.750000000000000 ) );
#2430 = CARTESIAN_POINT( '', ( 7.97500000000000, 1.97500000000000, -1.60000000000000 ) );
#2431 = VECTOR( '', #2909, 1000.00000000000 );
#2432 = CARTESIAN_POINT( '', ( -7.97500000000000, 1.97500000000000, -1.60000000000000 ) );
#2433 = CARTESIAN_POINT( '', ( -7.97500000000000, 1.97500000000000, -1.60000000000000 ) );
#2434 = VECTOR( '', #2910, 1000.00000000000 );
#2435 = CARTESIAN_POINT( '', ( -7.97500000000000, 2.35000000000000, -0.750000000000000 ) );
#2436 = CARTESIAN_POINT( '', ( -7.97500000000000, 1.97500000000000, -1.60000000000000 ) );
#2437 = VECTOR( '', #2911, 1000.00000000000 );
#2438 = CARTESIAN_POINT( '', ( -7.97500000000000, 2.35000000000000, -0.750000000000000 ) );
#2439 = VECTOR( '', #2912, 1000.00000000000 );
#2440 = COLOUR_RGB( '', 0.860000014300000, 0.860000014300000, 0.860000014300000 );
#2441 = CARTESIAN_POINT( '', ( -5.37000000000000, 3.05500000000000, -0.750000000000000 ) );
#2442 = CARTESIAN_POINT( '', ( -5.37000000000000, 3.05500000000000, 1.60000000000000 ) );
#2443 = CARTESIAN_POINT( '', ( -5.37000000000000, 3.05500000000000, -21.2041114713992 ) );
#2444 = VECTOR( '', #2913, 1000.00000000000 );
#2445 = CARTESIAN_POINT( '', ( -5.37000000000000, 4.19500000000000, 1.60000000000000 ) );
#2446 = CARTESIAN_POINT( '', ( -5.37000000000000, 4.19500000000000, 1.60000000000000 ) );
#2447 = VECTOR( '', #2914, 1000.00000000000 );
#2448 = CARTESIAN_POINT( '', ( -5.37000000000000, 4.19500000000000, -0.750000000000000 ) );
#2449 = CARTESIAN_POINT( '', ( -5.37000000000000, 4.19500000000000, -21.2041114713992 ) );
#2450 = VECTOR( '', #2915, 1000.00000000000 );
#2451 = CARTESIAN_POINT( '', ( -5.37000000000000, 2.35000000000000, -0.750000000000000 ) );
#2452 = VECTOR( '', #2916, 1000.00000000000 );
#2453 = COLOUR_RGB( '', 0.860000014300000, 0.860000014300000, 0.860000014300000 );
#2454 = CARTESIAN_POINT( '', ( -2.55000000000000, 3.05500000000000, 1.60000000000000 ) );
#2455 = CARTESIAN_POINT( '', ( -2.55000000000000, 3.05500000000000, 1.60000000000000 ) );
#2456 = VECTOR( '', #2917, 1000.00000000000 );
#2457 = CARTESIAN_POINT( '', ( -2.55000000000000, 3.05500000000000, -0.750000000000000 ) );
#2458 = CARTESIAN_POINT( '', ( -2.55000000000000, 3.05500000000000, -21.2041114713992 ) );
#2459 = VECTOR( '', #2918, 1000.00000000000 );
#2460 = CARTESIAN_POINT( '', ( -2.55000000000000, 2.35000000000000, -0.750000000000000 ) );
#2461 = VECTOR( '', #2919, 1000.00000000000 );
#2462 = COLOUR_RGB( '', 0.860000014300000, 0.860000014300000, 0.860000014300000 );
#2463 = CARTESIAN_POINT( '', ( 2.55000000000000, 3.05500000000000, 1.60000000000000 ) );
#2464 = CARTESIAN_POINT( '', ( 2.55000000000000, 3.05500000000000, 1.60000000000000 ) );
#2465 = VECTOR( '', #2920, 1000.00000000000 );
#2466 = CARTESIAN_POINT( '', ( 2.55000000000000, 3.05500000000000, -0.750000000000000 ) );
#2467 = CARTESIAN_POINT( '', ( 2.55000000000000, 3.05500000000000, -21.2041114713992 ) );
#2468 = VECTOR( '', #2921, 1000.00000000000 );
#2469 = CARTESIAN_POINT( '', ( -7.97500000000000, 3.05500000000000, -0.750000000000000 ) );
#2470 = VECTOR( '', #2922, 1000.00000000000 );
#2471 = COLOUR_RGB( '', 0.860000014300000, 0.860000014300000, 0.860000014300000 );
#2472 = CARTESIAN_POINT( '', ( -1.15500000000000, -0.825000000000000, -1.60000000000000 ) );
#2473 = CARTESIAN_POINT( '', ( -2.80500000000000, -0.825000000000000, -1.60000000000000 ) );
#2474 = CARTESIAN_POINT( '', ( -1.15500000000000, -0.825000000000000, -1.60000000000000 ) );
#2475 = VECTOR( '', #2923, 1000.00000000000 );
#2476 = CARTESIAN_POINT( '', ( -2.80500000000000, -0.825000000000000, 0.400000000000000 ) );
#2477 = CARTESIAN_POINT( '', ( -2.80500000000000, -0.825000000000000, 0.400000000000000 ) );
#2478 = VECTOR( '', #2924, 1000.00000000000 );
#2479 = CARTESIAN_POINT( '', ( -1.15500000000000, -0.825000000000000, 0.400000000000000 ) );
#2480 = CARTESIAN_POINT( '', ( -1.15500000000000, -0.825000000000000, 0.400000000000000 ) );
#2481 = VECTOR( '', #2925, 1000.00000000000 );
#2482 = CARTESIAN_POINT( '', ( -1.15500000000000, -0.825000000000000, 0.400000000000000 ) );
#2483 = VECTOR( '', #2926, 1000.00000000000 );
#2484 = COLOUR_RGB( '', 0.860000014300000, 0.860000014300000, 0.860000014300000 );
#2485 = CARTESIAN_POINT( '', ( 6.51000000000000, 3.05500000000000, 1.60000000000000 ) );
#2486 = CARTESIAN_POINT( '', ( 5.37000000000000, 3.05500000000000, 1.60000000000000 ) );
#2487 = CARTESIAN_POINT( '', ( 6.51000000000000, 3.05500000000000, 1.60000000000000 ) );
#2488 = VECTOR( '', #2927, 1000.00000000000 );
#2489 = CARTESIAN_POINT( '', ( 5.37000000000000, 3.05500000000000, 1.60000000000000 ) );
#2490 = VECTOR( '', #2928, 1000.00000000000 );
#2491 = CARTESIAN_POINT( '', ( 6.51000000000000, 4.19500000000000, 1.60000000000000 ) );
#2492 = VECTOR( '', #2929, 1000.00000000000 );
#2493 = CARTESIAN_POINT( '', ( -1.41000000000000, 3.05500000000000, 1.60000000000000 ) );
#2494 = CARTESIAN_POINT( '', ( -1.41000000000000, 3.05500000000000, 1.60000000000000 ) );
#2495 = VECTOR( '', #2930, 1000.00000000000 );
#2496 = CARTESIAN_POINT( '', ( -1.41000000000000, 4.19500000000000, 1.60000000000000 ) );
#2497 = VECTOR( '', #2931, 1000.00000000000 );
#2498 = CARTESIAN_POINT( '', ( -6.51000000000000, 3.05500000000000, 1.60000000000000 ) );
#2499 = CARTESIAN_POINT( '', ( -5.37000000000000, 3.05500000000000, 1.60000000000000 ) );
#2500 = VECTOR( '', #2932, 1000.00000000000 );
#2501 = CARTESIAN_POINT( '', ( -6.51000000000000, 4.19500000000000, 1.60000000000000 ) );
#2502 = CARTESIAN_POINT( '', ( -6.51000000000000, 3.05500000000000, 1.60000000000000 ) );
#2503 = VECTOR( '', #2933, 1000.00000000000 );
#2504 = CARTESIAN_POINT( '', ( -6.51000000000000, 4.19500000000000, 1.60000000000000 ) );
#2505 = VECTOR( '', #2934, 1000.00000000000 );
#2506 = CARTESIAN_POINT( '', ( 2.55000000000000, 4.19500000000000, 1.60000000000000 ) );
#2507 = CARTESIAN_POINT( '', ( 1.41000000000000, 4.19500000000000, 1.60000000000000 ) );
#2508 = VECTOR( '', #2935, 1000.00000000000 );
#2509 = CARTESIAN_POINT( '', ( 2.55000000000000, 4.19500000000000, 1.60000000000000 ) );
#2510 = VECTOR( '', #2936, 1000.00000000000 );
#2511 = CARTESIAN_POINT( '', ( -7.97500000000000, -1.97500000000000, 1.60000000000000 ) );
#2512 = CARTESIAN_POINT( '', ( -0.955000000000000, -1.97500000000000, 1.60000000000000 ) );
#2513 = CARTESIAN_POINT( '', ( -7.97500000000000, -1.97500000000000, 1.60000000000000 ) );
#2514 = VECTOR( '', #2937, 1000.00000000000 );
#2515 = CARTESIAN_POINT( '', ( -0.955000000000000, -1.47500000000000, 1.60000000000000 ) );
#2516 = CARTESIAN_POINT( '', ( -0.955000000000000, -1.97500000000000, 1.60000000000000 ) );
#2517 = VECTOR( '', #2938, 1000.00000000000 );
#2518 = CARTESIAN_POINT( '', ( -0.955000000000000, -1.47500000000000, 1.60000000000000 ) );
#2519 = VECTOR( '', #2939, 1000.00000000000 );
#2520 = CARTESIAN_POINT( '', ( 7.97500000000000, -1.97500000000000, 1.60000000000000 ) );
#2521 = CARTESIAN_POINT( '', ( -7.97500000000000, -1.97500000000000, 1.60000000000000 ) );
#2522 = VECTOR( '', #2940, 1000.00000000000 );
#2523 = CARTESIAN_POINT( '', ( 7.97500000000000, 5.02500000000000, 1.60000000000000 ) );
#2524 = CARTESIAN_POINT( '', ( 7.97500000000000, -1.97500000000000, 1.60000000000000 ) );
#2525 = VECTOR( '', #2941, 1000.00000000000 );
#2526 = CARTESIAN_POINT( '', ( -7.97500000000000, 5.02500000000000, 1.60000000000000 ) );
#2527 = CARTESIAN_POINT( '', ( -7.97500000000000, 5.02500000000000, 1.60000000000000 ) );
#2528 = VECTOR( '', #2942, 1000.00000000000 );
#2529 = CARTESIAN_POINT( '', ( -7.97500000000000, -1.97500000000000, 1.60000000000000 ) );
#2530 = VECTOR( '', #2943, 1000.00000000000 );
#2531 = COLOUR_RGB( '', 0.860000014300000, 0.860000014300000, 0.860000014300000 );
#2532 = CARTESIAN_POINT( '', ( 7.97500000000000, 8.77500000000000, 9.84304910075555 ) );
#2533 = CARTESIAN_POINT( '', ( 7.97500000000000, 8.18438147149909, 10.6500000000000 ) );
#2534 = VECTOR( '', #2944, 1000.00000000000 );
#2535 = CARTESIAN_POINT( '', ( -7.97500000000000, 8.77500000000000, 9.84304910075555 ) );
#2536 = CARTESIAN_POINT( '', ( -7.97500000000000, 8.77500000000000, 9.84304910075555 ) );
#2537 = VECTOR( '', #2945, 1000.00000000000 );
#2538 = CARTESIAN_POINT( '', ( -7.97500000000000, 8.18438147149909, 10.6500000000000 ) );
#2539 = VECTOR( '', #2946, 1000.00000000000 );
#2540 = COLOUR_RGB( '', 0.860000014300000, 0.860000014300000, 0.860000014300000 );
#2541 = CARTESIAN_POINT( '', ( 7.97500000000000, 7.22500000000000, 4.47377276886498 ) );
#2542 = CARTESIAN_POINT( '', ( 7.97500000000000, 7.22500000000000, 1.07377276886496 ) );
#2543 = CARTESIAN_POINT( '', ( 7.97500000000000, 7.22500000000000, 1.07377276886496 ) );
#2544 = VECTOR( '', #2947, 1000.00000000000 );
#2545 = CARTESIAN_POINT( '', ( -7.97500000000000, 7.22500000000000, 4.47377276886498 ) );
#2546 = CARTESIAN_POINT( '', ( -7.97500000000000, 7.22500000000000, 4.47377276886498 ) );
#2547 = VECTOR( '', #2948, 1000.00000000000 );
#2548 = CARTESIAN_POINT( '', ( -7.97500000000000, 7.22500000000000, 1.07377276886496 ) );
#2549 = CARTESIAN_POINT( '', ( -7.97500000000000, 7.22500000000000, 1.07377276886496 ) );
#2550 = VECTOR( '', #2949, 1000.00000000000 );
#2551 = CARTESIAN_POINT( '', ( -7.97500000000000, 7.22500000000000, 1.07377276886496 ) );
#2552 = VECTOR( '', #2950, 1000.00000000000 );
#2553 = COLOUR_RGB( '', 0.860000014300000, 0.860000014300000, 0.860000014300000 );
#2554 = CARTESIAN_POINT( '', ( 7.97500000000000, 4.90000000000000, -0.750000000000000 ) );
#2555 = CARTESIAN_POINT( '', ( 7.97500000000000, 5.27500000000000, -1.60000000000000 ) );
#2556 = CARTESIAN_POINT( '', ( 7.97500000000000, 4.90000000000000, -0.750000000000000 ) );
#2557 = VECTOR( '', #2951, 1000.00000000000 );
#2558 = CARTESIAN_POINT( '', ( -7.97500000000000, 4.90000000000000, -0.750000000000000 ) );
#2559 = CARTESIAN_POINT( '', ( -7.97500000000000, 4.90000000000000, -0.750000000000000 ) );
#2560 = VECTOR( '', #2952, 1000.00000000000 );
#2561 = CARTESIAN_POINT( '', ( -7.97500000000000, 5.27500000000000, -1.60000000000000 ) );
#2562 = CARTESIAN_POINT( '', ( -7.97500000000000, 4.90000000000000, -0.750000000000000 ) );
#2563 = VECTOR( '', #2953, 1000.00000000000 );
#2564 = CARTESIAN_POINT( '', ( -7.97500000000000, 5.27500000000000, -1.60000000000000 ) );
#2565 = VECTOR( '', #2954, 1000.00000000000 );
#2566 = COLOUR_RGB( '', 0.860000014300000, 0.860000014300000, 0.860000014300000 );
#2567 = CARTESIAN_POINT( '', ( 2.80500000000000, 0.825000000000000, -1.60000000000000 ) );
#2568 = CARTESIAN_POINT( '', ( 2.80500000000000, 0.825000000000000, -1.60000000000000 ) );
#2569 = VECTOR( '', #2955, 1000.00000000000 );
#2570 = CARTESIAN_POINT( '', ( 2.80500000000000, 0.825000000000000, 0.400000000000000 ) );
#2571 = CARTESIAN_POINT( '', ( 2.80500000000000, 0.825000000000000, 0.400000000000000 ) );
#2572 = VECTOR( '', #2956, 1000.00000000000 );
#2573 = CARTESIAN_POINT( '', ( 2.80500000000000, 0.825000000000000, 0.400000000000000 ) );
#2574 = VECTOR( '', #2957, 1000.00000000000 );
#2575 = COLOUR_RGB( '', 0.860000014300000, 0.860000014300000, 0.860000014300000 );
#2576 = CARTESIAN_POINT( '', ( 5.37000000000000, 3.05500000000000, -0.750000000000000 ) );
#2577 = CARTESIAN_POINT( '', ( 5.37000000000000, 3.05500000000000, -21.2041114713992 ) );
#2578 = VECTOR( '', #2958, 1000.00000000000 );
#2579 = CARTESIAN_POINT( '', ( 5.37000000000000, 2.35000000000000, -0.750000000000000 ) );
#2580 = VECTOR( '', #2959, 1000.00000000000 );
#2581 = COLOUR_RGB( '', 0.860000014300000, 0.860000014300000, 0.860000014300000 );
#2582 = CARTESIAN_POINT( '', ( -0.955000000000000, -1.47500000000000, -1.60000000000000 ) );
#2583 = CARTESIAN_POINT( '', ( -0.955000000000000, -1.47500000000000, -21.2041114713992 ) );
#2584 = VECTOR( '', #2960, 1000.00000000000 );
#2585 = CARTESIAN_POINT( '', ( -0.955000000000000, -1.97500000000000, -1.60000000000000 ) );
#2586 = CARTESIAN_POINT( '', ( -0.955000000000000, -1.97500000000000, -21.2041114713992 ) );
#2587 = VECTOR( '', #2961, 1000.00000000000 );
#2588 = CARTESIAN_POINT( '', ( -0.955000000000000, -1.97500000000000, -1.60000000000000 ) );
#2589 = VECTOR( '', #2962, 1000.00000000000 );
#2590 = COLOUR_RGB( '', 0.860000014300000, 0.860000014300000, 0.860000014300000 );
#2591 = CARTESIAN_POINT( '', ( -7.97500000000000, -1.47500000000000, -1.60000000000000 ) );
#2592 = VECTOR( '', #2963, 1000.00000000000 );
#2593 = COLOUR_RGB( '', 0.699999988100000, 0.699999988100000, 0.699999988100000 );
#2594 = CARTESIAN_POINT( '', ( -0.220000000000000, 0.220000000000000, 8.72500000000000 ) );
#2595 = CARTESIAN_POINT( '', ( -0.570000000000000, 0.220000000000000, 8.72500000000000 ) );
#2596 = VECTOR( '', #2964, 1000.00000000000 );
#2597 = CARTESIAN_POINT( '', ( -0.220000000000000, -0.220000000000000, 8.72500000000000 ) );
#2598 = CARTESIAN_POINT( '', ( -0.220000000000000, -0.570000000000000, 8.72500000000000 ) );
#2599 = VECTOR( '', #2965, 1000.00000000000 );
#2600 = CARTESIAN_POINT( '', ( 0.570000000000000, -0.220000000000000, 8.72500000000000 ) );
#2601 = VECTOR( '', #2966, 1000.00000000000 );
#2602 = COLOUR_RGB( '', 0.699999988100000, 0.699999988100000, 0.699999988100000 );
#2603 = CARTESIAN_POINT( '', ( -0.437630331753554, 0.437630331753554, 8.16537914691943 ) );
#2604 = VECTOR( '', #2967, 1000.00000000000 );
#2605 = CARTESIAN_POINT( '', ( 0.570000000000000, 0.570000000000000, 7.82500000000000 ) );
#2606 = VECTOR( '', #2968, 1000.00000000000 );
#2607 = COLOUR_RGB( '', 0.699999988100000, 0.699999988100000, 0.699999988100000 );
#2608 = CARTESIAN_POINT( '', ( -0.437630331753554, -0.437630331753554, 8.16537914691943 ) );
#2609 = VECTOR( '', #2969, 1000.00000000000 );
#2610 = COLOUR_RGB( '', 0.860000014300000, 0.860000014300000, 0.860000014300000 );
#2611 = CARTESIAN_POINT( '', ( 7.97500000000000, 6.48860569626462, 8.16960547424815 ) );
#2612 = CARTESIAN_POINT( '', ( 7.97500000000000, 6.48860569626462, 8.16960547424815 ) );
#2613 = VECTOR( '', #2970, 1000.00000000000 );
#2614 = CARTESIAN_POINT( '', ( -7.97500000000000, 6.48860569626462, 8.16960547424815 ) );
#2615 = CARTESIAN_POINT( '', ( -7.97500000000000, 6.48860569626462, 8.16960547424815 ) );
#2616 = VECTOR( '', #2971, 1000.00000000000 );
#2617 = CARTESIAN_POINT( '', ( -7.97500000000000, 6.48860569626462, 8.16960547424815 ) );
#2618 = VECTOR( '', #2972, 1000.00000000000 );
#2619 = COLOUR_RGB( '', 0.860000014300000, 0.860000014300000, 0.860000014300000 );
#2620 = CARTESIAN_POINT( '', ( 7.97500000000000, 8.22500000000000, 4.47377276886498 ) );
#2621 = CARTESIAN_POINT( '', ( 7.97500000000000, 7.82526394951279, 5.55124125098156 ) );
#2622 = AXIS2_PLACEMENT_3D( '', #2973, #2974, #2975 );
#2623 = CARTESIAN_POINT( '', ( -7.97500000000000, 8.22500000000000, 4.47377276886498 ) );
#2624 = CARTESIAN_POINT( '', ( -7.97500000000000, 8.22500000000000, 4.47377276886498 ) );
#2625 = VECTOR( '', #2976, 1000.00000000000 );
#2626 = CARTESIAN_POINT( '', ( -7.97500000000000, 7.82526394951279, 5.55124125098156 ) );
#2627 = AXIS2_PLACEMENT_3D( '', #2977, #2978, #2979 );
#2628 = CARTESIAN_POINT( '', ( -7.97500000000000, 7.82526394951279, 5.55124125098156 ) );
#2629 = VECTOR( '', #2980, 1000.00000000000 );
#2630 = COLOUR_RGB( '', 0.860000014300000, 0.860000014300000, 0.860000014300000 );
#2631 = CARTESIAN_POINT( '', ( 7.97500000000000, -1.97500000000000, -1.60000000000000 ) );
#2632 = CARTESIAN_POINT( '', ( -7.97500000000000, -1.97500000000000, -1.60000000000000 ) );
#2633 = VECTOR( '', #2981, 1000.00000000000 );
#2634 = CARTESIAN_POINT( '', ( 7.97500000000000, -1.97500000000000, 1.60000000000000 ) );
#2635 = VECTOR( '', #2982, 1000.00000000000 );
#2636 = COLOUR_RGB( '', 0.699999988100000, 0.699999988100000, 0.699999988100000 );
#2637 = CARTESIAN_POINT( '', ( 0.194454976303318, 0.194454976303318, -8.79068720379147 ) );
#2638 = VECTOR( '', #2983, 1000.00000000000 );
#2639 = CARTESIAN_POINT( '', ( 0.194454976303318, -0.194454976303318, -8.79068720379147 ) );
#2640 = VECTOR( '', #2984, 1000.00000000000 );
#2641 = COLOUR_RGB( '', 0.860000014300000, 0.860000014300000, 0.860000014300000 );
#2642 = CARTESIAN_POINT( '', ( -6.51000000000000, 3.05500000000000, -0.750000000000000 ) );
#2643 = CARTESIAN_POINT( '', ( -6.51000000000000, 3.05500000000000, -21.2041114713992 ) );
#2644 = VECTOR( '', #2985, 1000.00000000000 );
#2645 = CARTESIAN_POINT( '', ( -7.97500000000000, 3.05500000000000, -0.750000000000000 ) );
#2646 = VECTOR( '', #2986, 1000.00000000000 );
#2647 = COLOUR_RGB( '', 0.860000014300000, 0.860000014300000, 0.860000014300000 );
#2648 = AXIS2_PLACEMENT_3D( '', #2987, #2988, #2989 );
#2649 = AXIS2_PLACEMENT_3D( '', #2990, #2991, #2992 );
#2650 = COLOUR_RGB( '', 0.860000014300000, 0.860000014300000, 0.860000014300000 );
#2651 = CARTESIAN_POINT( '', ( 7.97500000000000, 6.38080812553503, 7.23002700953030 ) );
#2652 = CARTESIAN_POINT( '', ( 7.97500000000000, 7.82526394951279, 5.55124125098156 ) );
#2653 = VECTOR( '', #2993, 1000.00000000000 );
#2654 = AXIS2_PLACEMENT_3D( '', #2994, #2995, #2996 );
#2655 = AXIS2_PLACEMENT_3D( '', #2997, #2998, #2999 );
#2656 = CARTESIAN_POINT( '', ( 7.97500000000000, 5.02500000000000, 1.07377276886496 ) );
#2657 = AXIS2_PLACEMENT_3D( '', #3000, #3001, #3002 );
#2658 = CARTESIAN_POINT( '', ( 7.97500000000000, 5.02500000000000, 1.60000000000000 ) );
#2659 = VECTOR( '', #3003, 1000.00000000000 );
#2660 = CARTESIAN_POINT( '', ( 7.97500000000000, -1.97500000000000, -1.60000000000000 ) );
#2661 = VECTOR( '', #3004, 1000.00000000000 );
#2662 = CARTESIAN_POINT( '', ( 7.97500000000000, 2.35000000000000, -0.750000000000000 ) );
#2663 = VECTOR( '', #3005, 1000.00000000000 );
#2664 = CARTESIAN_POINT( '', ( 7.97500000000000, 5.27500000000000, -1.60000000000000 ) );
#2665 = VECTOR( '', #3006, 1000.00000000000 );
#2666 = CARTESIAN_POINT( '', ( 7.97500000000000, 8.22500000000000, 4.47377276886498 ) );
#2667 = VECTOR( '', #3007, 1000.00000000000 );
#2668 = COLOUR_RGB( '', 0.860000014300000, 0.860000014300000, 0.860000014300000 );
#2669 = CARTESIAN_POINT( '', ( -6.76500000000000, -0.825000000000000, -1.60000000000000 ) );
#2670 = CARTESIAN_POINT( '', ( -5.11500000000000, -0.825000000000000, -1.60000000000000 ) );
#2671 = VECTOR( '', #3008, 1000.00000000000 );
#2672 = CARTESIAN_POINT( '', ( -6.76500000000000, 0.825000000000000, -1.60000000000000 ) );
#2673 = CARTESIAN_POINT( '', ( -6.76500000000000, 0.825000000000000, -1.60000000000000 ) );
#2674 = VECTOR( '', #3009, 1000.00000000000 );
#2675 = CARTESIAN_POINT( '', ( -6.76500000000000, -0.825000000000000, -1.60000000000000 ) );
#2676 = VECTOR( '', #3010, 1000.00000000000 );
#2677 = CARTESIAN_POINT( '', ( -1.15500000000000, 0.825000000000000, -1.60000000000000 ) );
#2678 = CARTESIAN_POINT( '', ( -1.15500000000000, 0.825000000000000, -1.60000000000000 ) );
#2679 = VECTOR( '', #3011, 1000.00000000000 );
#2680 = CARTESIAN_POINT( '', ( -2.80500000000000, 0.825000000000000, -1.60000000000000 ) );
#2681 = CARTESIAN_POINT( '', ( -2.80500000000000, 0.825000000000000, -1.60000000000000 ) );
#2682 = VECTOR( '', #3012, 1000.00000000000 );
#2683 = CARTESIAN_POINT( '', ( -2.80500000000000, -0.825000000000000, -1.60000000000000 ) );
#2684 = VECTOR( '', #3013, 1000.00000000000 );
#2685 = CARTESIAN_POINT( '', ( 1.15500000000000, 0.825000000000000, -1.60000000000000 ) );
#2686 = CARTESIAN_POINT( '', ( 1.15500000000000, 0.825000000000000, -1.60000000000000 ) );
#2687 = VECTOR( '', #3014, 1000.00000000000 );
#2688 = CARTESIAN_POINT( '', ( 1.15500000000000, -0.825000000000000, -1.60000000000000 ) );
#2689 = VECTOR( '', #3015, 1000.00000000000 );
#2690 = CARTESIAN_POINT( '', ( 6.76500000000000, -0.825000000000000, -1.60000000000000 ) );
#2691 = CARTESIAN_POINT( '', ( 5.11500000000000, -0.825000000000000, -1.60000000000000 ) );
#2692 = CARTESIAN_POINT( '', ( 6.76500000000000, -0.825000000000000, -1.60000000000000 ) );
#2693 = VECTOR( '', #3016, 1000.00000000000 );
#2694 = CARTESIAN_POINT( '', ( 6.76500000000000, 0.825000000000000, -1.60000000000000 ) );
#2695 = CARTESIAN_POINT( '', ( 6.76500000000000, 0.825000000000000, -1.60000000000000 ) );
#2696 = VECTOR( '', #3017, 1000.00000000000 );
#2697 = CARTESIAN_POINT( '', ( 5.11500000000000, 0.825000000000000, -1.60000000000000 ) );
#2698 = CARTESIAN_POINT( '', ( 5.11500000000000, 0.825000000000000, -1.60000000000000 ) );
#2699 = VECTOR( '', #3018, 1000.00000000000 );
#2700 = CARTESIAN_POINT( '', ( 5.11500000000000, -0.825000000000000, -1.60000000000000 ) );
#2701 = VECTOR( '', #3019, 1000.00000000000 );
#2702 = CARTESIAN_POINT( '', ( -7.97500000000000, -1.97500000000000, -1.60000000000000 ) );
#2703 = CARTESIAN_POINT( '', ( -7.97500000000000, -1.97500000000000, -1.60000000000000 ) );
#2704 = VECTOR( '', #3020, 1000.00000000000 );
#2705 = CARTESIAN_POINT( '', ( -7.97500000000000, -1.97500000000000, -1.60000000000000 ) );
#2706 = VECTOR( '', #3021, 1000.00000000000 );
#2707 = COLOUR_RGB( '', 0.860000014300000, 0.860000014300000, 0.860000014300000 );
#2708 = CARTESIAN_POINT( '', ( 6.51000000000000, 3.05500000000000, -0.750000000000000 ) );
#2709 = CARTESIAN_POINT( '', ( 6.51000000000000, 3.05500000000000, -21.2041114713992 ) );
#2710 = VECTOR( '', #3022, 1000.00000000000 );
#2711 = CARTESIAN_POINT( '', ( 6.51000000000000, 2.35000000000000, -0.750000000000000 ) );
#2712 = VECTOR( '', #3023, 1000.00000000000 );
#2713 = COLOUR_RGB( '', 0.860000014300000, 0.860000014300000, 0.860000014300000 );
#2714 = CARTESIAN_POINT( '', ( 2.55000000000000, 4.19500000000000, -0.750000000000000 ) );
#2715 = CARTESIAN_POINT( '', ( -7.97500000000000, 4.19500000000000, -0.750000000000000 ) );
#2716 = VECTOR( '', #3024, 1000.00000000000 );
#2717 = CARTESIAN_POINT( '', ( 2.55000000000000, 2.35000000000000, -0.750000000000000 ) );
#2718 = VECTOR( '', #3025, 1000.00000000000 );
#2719 = CARTESIAN_POINT( '', ( -6.51000000000000, 4.19500000000000, -0.750000000000000 ) );
#2720 = CARTESIAN_POINT( '', ( -7.97500000000000, 4.19500000000000, -0.750000000000000 ) );
#2721 = VECTOR( '', #3026, 1000.00000000000 );
#2722 = CARTESIAN_POINT( '', ( -6.51000000000000, 2.35000000000000, -0.750000000000000 ) );
#2723 = VECTOR( '', #3027, 1000.00000000000 );
#2724 = CARTESIAN_POINT( '', ( -7.97500000000000, 2.35000000000000, -0.750000000000000 ) );
#2725 = VECTOR( '', #3028, 1000.00000000000 );
#2726 = CARTESIAN_POINT( '', ( -1.41000000000000, 3.05500000000000, -0.750000000000000 ) );
#2727 = CARTESIAN_POINT( '', ( -7.97500000000000, 3.05500000000000, -0.750000000000000 ) );
#2728 = VECTOR( '', #3029, 1000.00000000000 );
#2729 = CARTESIAN_POINT( '', ( -1.41000000000000, 2.35000000000000, -0.750000000000000 ) );
#2730 = VECTOR( '', #3030, 1000.00000000000 );
#2731 = CARTESIAN_POINT( '', ( -7.97500000000000, 3.05500000000000, -0.750000000000000 ) );
#2732 = VECTOR( '', #3031, 1000.00000000000 );
#2733 = COLOUR_RGB( '', 0.699999988100000, 0.699999988100000, 0.699999988100000 );
#2734 = CARTESIAN_POINT( '', ( -0.194454976303318, -0.194454976303318, -8.79068720379147 ) );
#2735 = VECTOR( '', #3032, 1000.00000000000 );
#2736 = COLOUR_RGB( '', 0.860000014300000, 0.860000014300000, 0.860000014300000 );
#2737 = CARTESIAN_POINT( '', ( -6.76500000000000, 0.825000000000000, 0.400000000000000 ) );
#2738 = CARTESIAN_POINT( '', ( -6.76500000000000, 0.825000000000000, 0.400000000000000 ) );
#2739 = VECTOR( '', #3033, 1000.00000000000 );
#2740 = CARTESIAN_POINT( '', ( -6.76500000000000, -0.825000000000000, 0.400000000000000 ) );
#2741 = CARTESIAN_POINT( '', ( -6.76500000000000, -0.825000000000000, 0.400000000000000 ) );
#2742 = VECTOR( '', #3034, 1000.00000000000 );
#2743 = CARTESIAN_POINT( '', ( -6.76500000000000, -0.825000000000000, 0.400000000000000 ) );
#2744 = VECTOR( '', #3035, 1000.00000000000 );
#2745 = COLOUR_RGB( '', 0.860000014300000, 0.860000014300000, 0.860000014300000 );
#2746 = CARTESIAN_POINT( '', ( -7.97500000000000, 5.02500000000000, 1.07377276886496 ) );
#2747 = CARTESIAN_POINT( '', ( -7.97500000000000, 5.02500000000000, 1.07377276886496 ) );
#2748 = VECTOR( '', #3036, 1000.00000000000 );
#2749 = CARTESIAN_POINT( '', ( -7.97500000000000, 5.02500000000000, 1.60000000000000 ) );
#2750 = VECTOR( '', #3037, 1000.00000000000 );
#2751 = COLOUR_RGB( '', 0.860000014300000, 0.860000014300000, 0.860000014300000 );
#2752 = CARTESIAN_POINT( '', ( -1.15500000000000, 0.825000000000000, 0.400000000000000 ) );
#2753 = CARTESIAN_POINT( '', ( -1.15500000000000, 0.825000000000000, 0.400000000000000 ) );
#2754 = VECTOR( '', #3038, 1000.00000000000 );
#2755 = CARTESIAN_POINT( '', ( -1.15500000000000, 0.825000000000000, 0.400000000000000 ) );
#2756 = VECTOR( '', #3039, 1000.00000000000 );
#2757 = COLOUR_RGB( '', 0.860000014300000, 0.860000014300000, 0.860000014300000 );
#2758 = CARTESIAN_POINT( '', ( -7.97500000000000, 6.38080812553503, 7.23002700953030 ) );
#2759 = CARTESIAN_POINT( '', ( -7.97500000000000, 6.38080812553503, 7.23002700953030 ) );
#2760 = VECTOR( '', #3040, 1000.00000000000 );
#2761 = AXIS2_PLACEMENT_3D( '', #3041, #3042, #3043 );
#2762 = COLOUR_RGB( '', 0.860000014300000, 0.860000014300000, 0.860000014300000 );
#2763 = CARTESIAN_POINT( '', ( 1.15500000000000, 0.825000000000000, 0.400000000000000 ) );
#2764 = CARTESIAN_POINT( '', ( 1.15500000000000, 0.825000000000000, 0.400000000000000 ) );
#2765 = VECTOR( '', #3044, 1000.00000000000 );
#2766 = CARTESIAN_POINT( '', ( 1.15500000000000, -0.825000000000000, 0.400000000000000 ) );
#2767 = VECTOR( '', #3045, 1000.00000000000 );
#2768 = COLOUR_RGB( '', 0.860000014300000, 0.860000014300000, 0.860000014300000 );
#2769 = CARTESIAN_POINT( '', ( -6.76500000000000, 0.825000000000000, 0.400000000000000 ) );
#2770 = VECTOR( '', #3046, 1000.00000000000 );
#2771 = COLOUR_RGB( '', 0.860000014300000, 0.860000014300000, 0.860000014300000 );
#2772 = CARTESIAN_POINT( '', ( -2.80500000000000, 0.825000000000000, 0.400000000000000 ) );
#2773 = CARTESIAN_POINT( '', ( -2.80500000000000, 0.825000000000000, 0.400000000000000 ) );
#2774 = VECTOR( '', #3047, 1000.00000000000 );
#2775 = CARTESIAN_POINT( '', ( -2.80500000000000, 0.825000000000000, 0.400000000000000 ) );
#2776 = VECTOR( '', #3048, 1000.00000000000 );
#2777 = COLOUR_RGB( '', 0.860000014300000, 0.860000014300000, 0.860000014300000 );
#2778 = CARTESIAN_POINT( '', ( -7.97500000000000, 5.27500000000000, -1.60000000000000 ) );
#2779 = VECTOR( '', #3049, 1000.00000000000 );
#2780 = COLOUR_RGB( '', 0.860000014300000, 0.860000014300000, 0.860000014300000 );
#2781 = CARTESIAN_POINT( '', ( 1.15500000000000, 0.825000000000000, 0.400000000000000 ) );
#2782 = VECTOR( '', #3050, 1000.00000000000 );
#2783 = COLOUR_RGB( '', 0.860000014300000, 0.860000014300000, 0.860000014300000 );
#2784 = CARTESIAN_POINT( '', ( 2.55000000000000, 4.19500000000000, -21.2041114713992 ) );
#2785 = VECTOR( '', #3051, 1000.00000000000 );
#2786 = COLOUR_RGB( '', 0.699999988100000, 0.699999988100000, 0.699999988100000 );
#2787 = CARTESIAN_POINT( '', ( -0.194454976303318, 0.194454976303318, -8.79068720379147 ) );
#2788 = VECTOR( '', #3052, 1000.00000000000 );
#2789 = CARTESIAN_POINT( '', ( -0.570000000000000, 0.570000000000000, -7.82500000000000 ) );
#2790 = VECTOR( '', #3053, 1000.00000000000 );
#2791 = COLOUR_RGB( '', 0.860000014300000, 0.860000014300000, 0.860000014300000 );
#2792 = CARTESIAN_POINT( '', ( -7.97500000000000, 8.22500000000000, 4.47377276886498 ) );
#2793 = VECTOR( '', #3054, 1000.00000000000 );
#2794 = CARTESIAN_POINT( '', ( -7.97500000000000, -1.97500000000000, 1.60000000000000 ) );
#2795 = VECTOR( '', #3055, 1000.00000000000 );
#2796 = AXIS2_PLACEMENT_3D( '', #3056, #3057, #3058 );
#2797 = AXIS2_PLACEMENT_3D( '', #3059, #3060, #3061 );
#2798 = CARTESIAN_POINT( '', ( -7.97500000000000, 7.82526394951279, 5.55124125098156 ) );
#2799 = VECTOR( '', #3062, 1000.00000000000 );
#2800 = COLOUR_RGB( '', 0.860000014300000, 0.860000014300000, 0.860000014300000 );
#2801 = CARTESIAN_POINT( '', ( 6.76500000000000, -0.825000000000000, 0.400000000000000 ) );
#2802 = CARTESIAN_POINT( '', ( 5.11500000000000, -0.825000000000000, 0.400000000000000 ) );
#2803 = CARTESIAN_POINT( '', ( 6.76500000000000, -0.825000000000000, 0.400000000000000 ) );
#2804 = VECTOR( '', #3063, 1000.00000000000 );
#2805 = CARTESIAN_POINT( '', ( 5.11500000000000, 0.825000000000000, 0.400000000000000 ) );
#2806 = CARTESIAN_POINT( '', ( 5.11500000000000, -0.825000000000000, 0.400000000000000 ) );
#2807 = VECTOR( '', #3064, 1000.00000000000 );
#2808 = CARTESIAN_POINT( '', ( 6.76500000000000, 0.825000000000000, 0.400000000000000 ) );
#2809 = CARTESIAN_POINT( '', ( 5.11500000000000, 0.825000000000000, 0.400000000000000 ) );
#2810 = VECTOR( '', #3065, 1000.00000000000 );
#2811 = CARTESIAN_POINT( '', ( 6.76500000000000, 0.825000000000000, 0.400000000000000 ) );
#2812 = VECTOR( '', #3066, 1000.00000000000 );
#2813 = COLOUR_RGB( '', 0.860000014300000, 0.860000014300000, 0.860000014300000 );
#2814 = COLOUR_RGB( '', 0.860000014300000, 0.860000014300000, 0.860000014300000 );
#2815 = CARTESIAN_POINT( '', ( 6.76500000000000, 0.825000000000000, 0.400000000000000 ) );
#2816 = VECTOR( '', #3067, 1000.00000000000 );
#2817 = CARTESIAN_POINT( '', ( 5.11500000000000, 0.825000000000000, 0.400000000000000 ) );
#2818 = VECTOR( '', #3068, 1000.00000000000 );
#2819 = COLOUR_RGB( '', 0.860000014300000, 0.860000014300000, 0.860000014300000 );
#2820 = CARTESIAN_POINT( '', ( -6.51000000000000, 4.19500000000000, -21.2041114713992 ) );
#2821 = VECTOR( '', #3069, 1000.00000000000 );
#2822 = COLOUR_RGB( '', 0.860000014300000, 0.860000014300000, 0.860000014300000 );
#2823 = COLOUR_RGB( '', 0.860000014300000, 0.860000014300000, 0.860000014300000 );
#2824 = COLOUR_RGB( '', 0.860000014300000, 0.860000014300000, 0.860000014300000 );
#2825 = CARTESIAN_POINT( '', ( -5.11500000000000, -0.825000000000000, 0.400000000000000 ) );
#2826 = VECTOR( '', #3070, 1000.00000000000 );
#2827 = COLOUR_RGB( '', 0.860000014300000, 0.860000014300000, 0.860000014300000 );
#2828 = CARTESIAN_POINT( '', ( 5.11500000000000, -0.825000000000000, 0.400000000000000 ) );
#2829 = VECTOR( '', #3071, 1000.00000000000 );
#2830 = COLOUR_RGB( '', 0.699999988100000, 0.699999988100000, 0.699999988100000 );
#2831 = COLOUR_RGB( '', 0.860000014300000, 0.860000014300000, 0.860000014300000 );
#2832 = COLOUR_RGB( '', 0.860000014300000, 0.860000014300000, 0.860000014300000 );
#2833 = COLOUR_RGB( '', 0.860000014300000, 0.860000014300000, 0.860000014300000 );
#2834 = CARTESIAN_POINT( '', ( -1.41000000000000, 3.05500000000000, -21.2041114713992 ) );
#2835 = VECTOR( '', #3072, 1000.00000000000 );
#2836 = COLOUR_RGB( '', 0.860000014300000, 0.860000014300000, 0.860000014300000 );
#2837 = COLOUR_RGB( '', 0.699999988100000, 0.699999988100000, 0.699999988100000 );
#2838 = COLOUR_RGB( '', 0.860000014300000, 0.860000014300000, 0.860000014300000 );
#2839 = CARTESIAN_POINT( '', ( -2.80500000000000, -0.825000000000000, 0.400000000000000 ) );
#2840 = VECTOR( '', #3073, 1000.00000000000 );
#2841 = COLOUR_RGB( '', 0.860000014300000, 0.860000014300000, 0.860000014300000 );
#2842 = COLOUR_RGB( '', 0.860000014300000, 0.860000014300000, 0.860000014300000 );
#2843 = CARTESIAN_POINT( '', ( 6.76500000000000, -0.825000000000000, 0.400000000000000 ) );
#2844 = VECTOR( '', #3074, 1000.00000000000 );
#2845 = COLOUR_RGB( '', 0.860000014300000, 0.860000014300000, 0.860000014300000 );
#2846 = COLOUR_RGB( '', 0.860000014300000, 0.860000014300000, 0.860000014300000 );
#2847 = COLOUR_RGB( '', 0.860000014300000, 0.860000014300000, 0.860000014300000 );
#2848 = COLOUR_RGB( '', 0.860000014300000, 0.860000014300000, 0.860000014300000 );
#2849 = COLOUR_RGB( '', 0.860000014300000, 0.860000014300000, 0.860000014300000 );
#2850 = COLOUR_RGB( '', 0.860000014300000, 0.860000014300000, 0.860000014300000 );
#2851 = COLOUR_RGB( '', 0.699999988100000, 0.699999988100000, 0.699999988100000 );
#2852 = DIRECTION( '', ( 0.000000000000000, 1.23908819712629E-016, 1.00000000000000 ) );
#2853 = DIRECTION( '', ( -4.33680868994202E-016, -1.00000000000000, 1.23908819712629E-016 ) );
#2854 = DIRECTION( '', ( 0.000000000000000, 1.23908819712629E-016, 1.00000000000000 ) );
#2855 = DIRECTION( '', ( 4.33680868994202E-016, 1.00000000000000, 2.19585250123647E-016 ) );
#2856 = DIRECTION( '', ( 0.000000000000000, -1.00000000000000, 0.000000000000000 ) );
#2857 = DIRECTION( '', ( -1.00000000000000, 0.000000000000000, 0.000000000000000 ) );
#2858 = DIRECTION( '', ( 0.000000000000000, 1.00000000000000, 0.000000000000000 ) );
#2859 = DIRECTION( '', ( 1.00000000000000, 0.000000000000000, 0.000000000000000 ) );
#2860 = DIRECTION( '', ( 0.000000000000000, 0.652220962083357, -0.758028902232006 ) );
#2861 = DIRECTION( '', ( 1.00000000000000, 0.000000000000000, 0.000000000000000 ) );
#2862 = DIRECTION( '', ( 0.000000000000000, 0.652220962083357, -0.758028902232006 ) );
#2863 = DIRECTION( '', ( 1.00000000000000, 0.000000000000000, 0.000000000000000 ) );
#2864 = DIRECTION( '', ( 0.000000000000000, 0.000000000000000, -1.00000000000000 ) );
#2865 = DIRECTION( '', ( -1.00000000000000, 0.000000000000000, 0.000000000000000 ) );
#2866 = DIRECTION( '', ( 0.000000000000000, 0.000000000000000, -1.00000000000000 ) );
#2867 = DIRECTION( '', ( 1.00000000000000, 0.000000000000000, 0.000000000000000 ) );
#2868 = DIRECTION( '', ( 0.000000000000000, 0.000000000000000, -1.00000000000000 ) );
#2869 = DIRECTION( '', ( 0.000000000000000, -1.00000000000000, 0.000000000000000 ) );
#2870 = DIRECTION( '', ( 0.000000000000000, 1.00000000000000, 0.000000000000000 ) );
#2871 = DIRECTION( '', ( 0.000000000000000, -1.00000000000000, -2.19585250123647E-016 ) );
#2872 = DIRECTION( '', ( 0.000000000000000, 2.19585250123647E-016, -1.00000000000000 ) );
#2873 = DIRECTION( '', ( 0.000000000000000, -1.00000000000000, -2.19585250123647E-016 ) );
#2874 = DIRECTION( '', ( 0.000000000000000, 2.19585250123647E-016, -1.00000000000000 ) );
#2875 = CARTESIAN_POINT( '', ( 7.97500000000000, 5.70122723113504, 0.927980306667346 ) );
#2876 = DIRECTION( '', ( 1.00000000000000, 0.000000000000000, 0.000000000000000 ) );
#2877 = DIRECTION( '', ( 0.000000000000000, -1.00000000000000, 0.000000000000000 ) );
#2878 = DIRECTION( '', ( 1.00000000000000, 0.000000000000000, 0.000000000000000 ) );
#2879 = CARTESIAN_POINT( '', ( -7.97500000000000, 5.70122723113504, 0.927980306667346 ) );
#2880 = DIRECTION( '', ( 1.00000000000000, 0.000000000000000, 0.000000000000000 ) );
#2881 = DIRECTION( '', ( 0.000000000000000, -1.00000000000000, 0.000000000000000 ) );
#2882 = DIRECTION( '', ( 1.00000000000000, 0.000000000000000, 0.000000000000000 ) );
#2883 = DIRECTION( '', ( 0.000000000000000, -0.806950899244450, -0.590618528500904 ) );
#2884 = DIRECTION( '', ( 1.00000000000000, 0.000000000000000, 0.000000000000000 ) );
#2885 = DIRECTION( '', ( 0.000000000000000, -0.806950899244450, -0.590618528500904 ) );
#2886 = DIRECTION( '', ( 1.00000000000000, 0.000000000000000, 0.000000000000000 ) );
#2887 = DIRECTION( '', ( -0.340754668457865, 0.340754668457865, 0.876226290320224 ) );
#2888 = DIRECTION( '', ( -0.340754668457865, -0.340754668457865, 0.876226290320224 ) );
#2889 = DIRECTION( '', ( 0.000000000000000, 1.00000000000000, 0.000000000000000 ) );
#2890 = DIRECTION( '', ( 0.000000000000000, 1.00000000000000, 0.000000000000000 ) );
#2891 = DIRECTION( '', ( 0.000000000000000, 0.000000000000000, -1.00000000000000 ) );
#2892 = DIRECTION( '', ( 0.000000000000000, -1.00000000000000, 0.000000000000000 ) );
#2893 = DIRECTION( '', ( 0.000000000000000, 1.23908819712629E-016, 1.00000000000000 ) );
#2894 = DIRECTION( '', ( 1.00000000000000, 0.000000000000000, 0.000000000000000 ) );
#2895 = DIRECTION( '', ( 0.000000000000000, 1.23908819712629E-016, 1.00000000000000 ) );
#2896 = DIRECTION( '', ( -1.00000000000000, 0.000000000000000, 0.000000000000000 ) );
#2897 = DIRECTION( '', ( 0.000000000000000, 1.23908819712629E-016, 1.00000000000000 ) );
#2898 = DIRECTION( '', ( 1.00000000000000, 0.000000000000000, 0.000000000000000 ) );
#2899 = DIRECTION( '', ( 0.000000000000000, 1.23908819712629E-016, 1.00000000000000 ) );
#2900 = DIRECTION( '', ( -1.00000000000000, 0.000000000000000, 0.000000000000000 ) );
#2901 = DIRECTION( '', ( 0.000000000000000, 1.23908819712629E-016, 1.00000000000000 ) );
#2902 = DIRECTION( '', ( 0.000000000000000, 1.00000000000000, -1.23908819712629E-016 ) );
#2903 = DIRECTION( '', ( 0.000000000000000, 1.23908819712629E-016, 1.00000000000000 ) );
#2904 = DIRECTION( '', ( 0.000000000000000, -1.00000000000000, 0.000000000000000 ) );
#2905 = DIRECTION( '', ( -1.00000000000000, 0.000000000000000, 0.000000000000000 ) );
#2906 = DIRECTION( '', ( 0.000000000000000, 2.19585250123647E-016, -1.00000000000000 ) );
#2907 = DIRECTION( '', ( -1.00000000000000, 0.000000000000000, 0.000000000000000 ) );
#2908 = DIRECTION( '', ( 0.000000000000000, 2.19585250123647E-016, -1.00000000000000 ) );
#2909 = DIRECTION( '', ( 0.000000000000000, 0.403640206576295, 0.914917801572931 ) );
#2910 = DIRECTION( '', ( 1.00000000000000, 0.000000000000000, 0.000000000000000 ) );
#2911 = DIRECTION( '', ( 0.000000000000000, 0.403640206576295, 0.914917801572931 ) );
#2912 = DIRECTION( '', ( 1.00000000000000, 0.000000000000000, 0.000000000000000 ) );
#2913 = DIRECTION( '', ( 0.000000000000000, 1.23908819712629E-016, 1.00000000000000 ) );
#2914 = DIRECTION( '', ( 0.000000000000000, -1.00000000000000, 1.23908819712629E-016 ) );
#2915 = DIRECTION( '', ( 0.000000000000000, 1.23908819712629E-016, 1.00000000000000 ) );
#2916 = DIRECTION( '', ( 0.000000000000000, 1.00000000000000, 0.000000000000000 ) );
#2917 = DIRECTION( '', ( 0.000000000000000, 1.00000000000000, -1.23908819712629E-016 ) );
#2918 = DIRECTION( '', ( 0.000000000000000, 1.23908819712629E-016, 1.00000000000000 ) );
#2919 = DIRECTION( '', ( 0.000000000000000, -1.00000000000000, 0.000000000000000 ) );
#2920 = DIRECTION( '', ( -1.00000000000000, 0.000000000000000, 0.000000000000000 ) );
#2921 = DIRECTION( '', ( 0.000000000000000, 1.23908819712629E-016, 1.00000000000000 ) );
#2922 = DIRECTION( '', ( 1.00000000000000, 0.000000000000000, 0.000000000000000 ) );
#2923 = DIRECTION( '', ( -1.00000000000000, 0.000000000000000, 0.000000000000000 ) );
#2924 = DIRECTION( '', ( 0.000000000000000, 2.19585250123647E-016, -1.00000000000000 ) );
#2925 = DIRECTION( '', ( -1.00000000000000, 0.000000000000000, 0.000000000000000 ) );
#2926 = DIRECTION( '', ( 0.000000000000000, 2.19585250123647E-016, -1.00000000000000 ) );
#2927 = DIRECTION( '', ( -1.00000000000000, 0.000000000000000, 0.000000000000000 ) );
#2928 = DIRECTION( '', ( 0.000000000000000, 1.00000000000000, -1.23908819712629E-016 ) );
#2929 = DIRECTION( '', ( 0.000000000000000, -1.00000000000000, 1.23908819712629E-016 ) );
#2930 = DIRECTION( '', ( -1.00000000000000, 0.000000000000000, 0.000000000000000 ) );
#2931 = DIRECTION( '', ( 0.000000000000000, -1.00000000000000, 1.23908819712629E-016 ) );
#2932 = DIRECTION( '', ( -1.00000000000000, 0.000000000000000, 0.000000000000000 ) );
#2933 = DIRECTION( '', ( 0.000000000000000, 1.00000000000000, -1.23908819712629E-016 ) );
#2934 = DIRECTION( '', ( 1.00000000000000, 0.000000000000000, 0.000000000000000 ) );
#2935 = DIRECTION( '', ( 1.00000000000000, 0.000000000000000, 0.000000000000000 ) );
#2936 = DIRECTION( '', ( 0.000000000000000, -1.00000000000000, 1.23908819712629E-016 ) );
#2937 = DIRECTION( '', ( 1.00000000000000, 0.000000000000000, 0.000000000000000 ) );
#2938 = DIRECTION( '', ( 0.000000000000000, 1.00000000000000, -1.23908819712629E-016 ) );
#2939 = DIRECTION( '', ( 1.00000000000000, 0.000000000000000, 0.000000000000000 ) );
#2940 = DIRECTION( '', ( 1.00000000000000, 0.000000000000000, 0.000000000000000 ) );
#2941 = DIRECTION( '', ( 0.000000000000000, -1.00000000000000, 1.23908819712629E-016 ) );
#2942 = DIRECTION( '', ( 1.00000000000000, 0.000000000000000, 0.000000000000000 ) );
#2943 = DIRECTION( '', ( 0.000000000000000, -1.00000000000000, 1.23908819712629E-016 ) );
#2944 = DIRECTION( '', ( 0.000000000000000, -0.590618528500907, 0.806950899244448 ) );
#2945 = DIRECTION( '', ( 1.00000000000000, 0.000000000000000, 0.000000000000000 ) );
#2946 = DIRECTION( '', ( 0.000000000000000, -0.590618528500907, 0.806950899244448 ) );
#2947 = DIRECTION( '', ( 0.000000000000000, 0.000000000000000, -1.00000000000000 ) );
#2948 = DIRECTION( '', ( 1.00000000000000, 0.000000000000000, 0.000000000000000 ) );
#2949 = DIRECTION( '', ( 0.000000000000000, 0.000000000000000, -1.00000000000000 ) );
#2950 = DIRECTION( '', ( 1.00000000000000, 0.000000000000000, 0.000000000000000 ) );
#2951 = DIRECTION( '', ( 0.000000000000000, 0.403640206576294, -0.914917801572932 ) );
#2952 = DIRECTION( '', ( 1.00000000000000, 0.000000000000000, 0.000000000000000 ) );
#2953 = DIRECTION( '', ( 0.000000000000000, 0.403640206576294, -0.914917801572932 ) );
#2954 = DIRECTION( '', ( 1.00000000000000, 0.000000000000000, 0.000000000000000 ) );
#2955 = DIRECTION( '', ( 0.000000000000000, -1.00000000000000, -2.19585250123647E-016 ) );
#2956 = DIRECTION( '', ( 0.000000000000000, -1.00000000000000, -2.19585250123647E-016 ) );
#2957 = DIRECTION( '', ( 0.000000000000000, 2.19585250123647E-016, -1.00000000000000 ) );
#2958 = DIRECTION( '', ( 0.000000000000000, 1.23908819712629E-016, 1.00000000000000 ) );
#2959 = DIRECTION( '', ( 0.000000000000000, -1.00000000000000, 0.000000000000000 ) );
#2960 = DIRECTION( '', ( 0.000000000000000, 1.23908819712629E-016, 1.00000000000000 ) );
#2961 = DIRECTION( '', ( 0.000000000000000, 1.23908819712629E-016, 1.00000000000000 ) );
#2962 = DIRECTION( '', ( 0.000000000000000, -1.00000000000000, -2.19585250123647E-016 ) );
#2963 = DIRECTION( '', ( -1.00000000000000, 0.000000000000000, 0.000000000000000 ) );
#2964 = DIRECTION( '', ( -1.00000000000000, 0.000000000000000, 0.000000000000000 ) );
#2965 = DIRECTION( '', ( 0.000000000000000, -1.00000000000000, 0.000000000000000 ) );
#2966 = DIRECTION( '', ( 1.00000000000000, 0.000000000000000, 0.000000000000000 ) );
#2967 = DIRECTION( '', ( -0.340754668457865, 0.340754668457865, -0.876226290320224 ) );
#2968 = DIRECTION( '', ( 1.00000000000000, 0.000000000000000, 0.000000000000000 ) );
#2969 = DIRECTION( '', ( -0.340754668457865, -0.340754668457865, -0.876226290320224 ) );
#2970 = DIRECTION( '', ( 0.000000000000000, 0.806950899244449, 0.590618528500906 ) );
#2971 = DIRECTION( '', ( 1.00000000000000, 0.000000000000000, 0.000000000000000 ) );
#2972 = DIRECTION( '', ( 0.000000000000000, 0.806950899244449, 0.590618528500906 ) );
#2973 = CARTESIAN_POINT( '', ( 7.97500000000000, 6.57300083904867, 4.47377276886494 ) );
#2974 = DIRECTION( '', ( 1.00000000000000, 0.000000000000000, 0.000000000000000 ) );
#2975 = DIRECTION( '', ( 0.000000000000000, -1.00000000000000, 0.000000000000000 ) );
#2976 = DIRECTION( '', ( 1.00000000000000, 0.000000000000000, 0.000000000000000 ) );
#2977 = CARTESIAN_POINT( '', ( -7.97500000000000, 6.57300083904867, 4.47377276886494 ) );
#2978 = DIRECTION( '', ( 1.00000000000000, 0.000000000000000, 0.000000000000000 ) );
#2979 = DIRECTION( '', ( 0.000000000000000, -1.00000000000000, 0.000000000000000 ) );
#2980 = DIRECTION( '', ( 1.00000000000000, 0.000000000000000, 0.000000000000000 ) );
#2981 = DIRECTION( '', ( 1.00000000000000, 0.000000000000000, 0.000000000000000 ) );
#2982 = DIRECTION( '', ( 0.000000000000000, 0.000000000000000, -1.00000000000000 ) );
#2983 = DIRECTION( '', ( 0.340754668457866, 0.340754668457866, 0.876226290320223 ) );
#2984 = DIRECTION( '', ( -0.340754668457866, 0.340754668457866, -0.876226290320223 ) );
#2985 = DIRECTION( '', ( 0.000000000000000, 1.23908819712629E-016, 1.00000000000000 ) );
#2986 = DIRECTION( '', ( 1.00000000000000, 0.000000000000000, 0.000000000000000 ) );
#2987 = CARTESIAN_POINT( '', ( 7.97500000000000, 6.86891213236724, 7.65000000000000 ) );
#2988 = DIRECTION( '', ( 1.00000000000000, 0.000000000000000, 0.000000000000000 ) );
#2989 = DIRECTION( '', ( 0.000000000000000, 1.00000000000000, 0.000000000000000 ) );
#2990 = CARTESIAN_POINT( '', ( -7.97500000000000, 6.86891213236724, 7.65000000000000 ) );
#2991 = DIRECTION( '', ( 1.00000000000000, 0.000000000000000, 0.000000000000000 ) );
#2992 = DIRECTION( '', ( 0.000000000000000, 1.00000000000000, 0.000000000000000 ) );
#2993 = DIRECTION( '', ( 0.000000000000000, -0.652220962083353, 0.758028902232010 ) );
#2994 = CARTESIAN_POINT( '', ( 7.97500000000000, 6.86891213236724, 7.65000000000000 ) );
#2995 = DIRECTION( '', ( -1.00000000000000, 0.000000000000000, 0.000000000000000 ) );
#2996 = DIRECTION( '', ( 0.000000000000000, 1.00000000000000, 0.000000000000000 ) );
#2997 = CARTESIAN_POINT( '', ( 7.97500000000000, 6.57300083904865, 4.47377276886494 ) );
#2998 = DIRECTION( '', ( -1.00000000000000, 0.000000000000000, 0.000000000000000 ) );
#2999 = DIRECTION( '', ( 0.000000000000000, -1.00000000000000, 0.000000000000000 ) );
#3000 = CARTESIAN_POINT( '', ( 7.97500000000000, 6.12500000000000, 1.07377276886496 ) );
#3001 = DIRECTION( '', ( -1.00000000000000, 0.000000000000000, 0.000000000000000 ) );
#3002 = DIRECTION( '', ( 0.000000000000000, 1.00000000000000, 0.000000000000000 ) );
#3003 = DIRECTION( '', ( 0.000000000000000, 0.000000000000000, 1.00000000000000 ) );
#3004 = DIRECTION( '', ( 0.000000000000000, 1.00000000000000, 2.19585250123647E-016 ) );
#3005 = DIRECTION( '', ( 0.000000000000000, 1.00000000000000, 0.000000000000000 ) );
#3006 = DIRECTION( '', ( 0.000000000000000, 1.00000000000000, 0.000000000000000 ) );
#3007 = DIRECTION( '', ( 0.000000000000000, 5.10212787052002E-016, 1.00000000000000 ) );
#3008 = DIRECTION( '', ( -1.00000000000000, 0.000000000000000, 0.000000000000000 ) );
#3009 = DIRECTION( '', ( 1.00000000000000, -1.97127667724637E-016, -4.32863282236055E-032 ) );
#3010 = DIRECTION( '', ( 0.000000000000000, 1.00000000000000, 2.19585250123647E-016 ) );
#3011 = DIRECTION( '', ( 0.000000000000000, -1.00000000000000, -2.19585250123647E-016 ) );
#3012 = DIRECTION( '', ( 1.00000000000000, -1.97127667724637E-016, -4.32863282236055E-032 ) );
#3013 = DIRECTION( '', ( 0.000000000000000, 1.00000000000000, 2.19585250123647E-016 ) );
#3014 = DIRECTION( '', ( 1.00000000000000, -1.97127667724637E-016, -4.32863282236055E-032 ) );
#3015 = DIRECTION( '', ( 0.000000000000000, 1.00000000000000, 2.19585250123647E-016 ) );
#3016 = DIRECTION( '', ( -1.00000000000000, 0.000000000000000, 0.000000000000000 ) );
#3017 = DIRECTION( '', ( 0.000000000000000, -1.00000000000000, -2.19585250123647E-016 ) );
#3018 = DIRECTION( '', ( 1.00000000000000, -1.97127667724637E-016, -4.32863282236055E-032 ) );
#3019 = DIRECTION( '', ( 0.000000000000000, 1.00000000000000, 2.19585250123647E-016 ) );
#3020 = DIRECTION( '', ( 1.00000000000000, 0.000000000000000, 0.000000000000000 ) );
#3021 = DIRECTION( '', ( 0.000000000000000, 1.00000000000000, 2.19585250123647E-016 ) );
#3022 = DIRECTION( '', ( 0.000000000000000, 1.23908819712629E-016, 1.00000000000000 ) );
#3023 = DIRECTION( '', ( 0.000000000000000, 1.00000000000000, 0.000000000000000 ) );
#3024 = DIRECTION( '', ( -1.00000000000000, 0.000000000000000, 0.000000000000000 ) );
#3025 = DIRECTION( '', ( 0.000000000000000, 1.00000000000000, 0.000000000000000 ) );
#3026 = DIRECTION( '', ( -1.00000000000000, 0.000000000000000, 0.000000000000000 ) );
#3027 = DIRECTION( '', ( 0.000000000000000, -1.00000000000000, 0.000000000000000 ) );
#3028 = DIRECTION( '', ( 0.000000000000000, 1.00000000000000, 0.000000000000000 ) );
#3029 = DIRECTION( '', ( 1.00000000000000, 0.000000000000000, 0.000000000000000 ) );
#3030 = DIRECTION( '', ( 0.000000000000000, 1.00000000000000, 0.000000000000000 ) );
#3031 = DIRECTION( '', ( 1.00000000000000, 0.000000000000000, 0.000000000000000 ) );
#3032 = DIRECTION( '', ( -0.340754668457866, -0.340754668457866, 0.876226290320223 ) );
#3033 = DIRECTION( '', ( 0.000000000000000, 2.19585250123647E-016, -1.00000000000000 ) );
#3034 = DIRECTION( '', ( 0.000000000000000, 1.00000000000000, 2.19585250123647E-016 ) );
#3035 = DIRECTION( '', ( 0.000000000000000, 2.19585250123647E-016, -1.00000000000000 ) );
#3036 = DIRECTION( '', ( 1.00000000000000, 0.000000000000000, 0.000000000000000 ) );
#3037 = DIRECTION( '', ( 0.000000000000000, 0.000000000000000, 1.00000000000000 ) );
#3038 = DIRECTION( '', ( 0.000000000000000, -1.00000000000000, -2.19585250123647E-016 ) );
#3039 = DIRECTION( '', ( 0.000000000000000, 2.19585250123647E-016, -1.00000000000000 ) );
#3040 = DIRECTION( '', ( 1.00000000000000, 0.000000000000000, 0.000000000000000 ) );
#3041 = CARTESIAN_POINT( '', ( -7.97500000000000, 6.86891213236724, 7.65000000000000 ) );
#3042 = DIRECTION( '', ( -1.00000000000000, 0.000000000000000, 0.000000000000000 ) );
#3043 = DIRECTION( '', ( 0.000000000000000, 1.00000000000000, 0.000000000000000 ) );
#3044 = DIRECTION( '', ( 0.000000000000000, 2.19585250123647E-016, -1.00000000000000 ) );
#3045 = DIRECTION( '', ( 0.000000000000000, 1.00000000000000, 2.19585250123647E-016 ) );
#3046 = DIRECTION( '', ( 1.00000000000000, -1.97127667724637E-016, -4.32863282236055E-032 ) );
#3047 = DIRECTION( '', ( 1.00000000000000, -1.97127667724637E-016, -4.32863282236055E-032 ) );
#3048 = DIRECTION( '', ( 0.000000000000000, 2.19585250123647E-016, -1.00000000000000 ) );
#3049 = DIRECTION( '', ( 0.000000000000000, 1.00000000000000, 0.000000000000000 ) );
#3050 = DIRECTION( '', ( 1.00000000000000, -1.97127667724637E-016, -4.32863282236055E-032 ) );
#3051 = DIRECTION( '', ( 0.000000000000000, 1.23908819712629E-016, 1.00000000000000 ) );
#3052 = DIRECTION( '', ( -0.340754668457866, 0.340754668457866, 0.876226290320223 ) );
#3053 = DIRECTION( '', ( -1.00000000000000, 0.000000000000000, 0.000000000000000 ) );
#3054 = DIRECTION( '', ( 0.000000000000000, 5.10212787052002E-016, 1.00000000000000 ) );
#3055 = DIRECTION( '', ( 0.000000000000000, 0.000000000000000, -1.00000000000000 ) );
#3056 = CARTESIAN_POINT( '', ( -7.97500000000000, 6.12500000000000, 1.07377276886496 ) );
#3057 = DIRECTION( '', ( -1.00000000000000, 0.000000000000000, 0.000000000000000 ) );
#3058 = DIRECTION( '', ( 0.000000000000000, 1.00000000000000, 0.000000000000000 ) );
#3059 = CARTESIAN_POINT( '', ( -7.97500000000000, 6.57300083904865, 4.47377276886494 ) );
#3060 = DIRECTION( '', ( -1.00000000000000, 0.000000000000000, 0.000000000000000 ) );
#3061 = DIRECTION( '', ( 0.000000000000000, -1.00000000000000, 0.000000000000000 ) );
#3062 = DIRECTION( '', ( 0.000000000000000, -0.652220962083353, 0.758028902232010 ) );
#3063 = DIRECTION( '', ( -1.00000000000000, 0.000000000000000, 0.000000000000000 ) );
#3064 = DIRECTION( '', ( 0.000000000000000, 1.00000000000000, 2.19585250123647E-016 ) );
#3065 = DIRECTION( '', ( 1.00000000000000, -1.97127667724637E-016, -4.32863282236055E-032 ) );
#3066 = DIRECTION( '', ( 0.000000000000000, -1.00000000000000, -2.19585250123647E-016 ) );
#3067 = DIRECTION( '', ( 0.000000000000000, 2.19585250123647E-016, -1.00000000000000 ) );
#3068 = DIRECTION( '', ( 0.000000000000000, 2.19585250123647E-016, -1.00000000000000 ) );
#3069 = DIRECTION( '', ( 0.000000000000000, 1.23908819712629E-016, 1.00000000000000 ) );
#3070 = DIRECTION( '', ( -1.00000000000000, 0.000000000000000, 0.000000000000000 ) );
#3071 = DIRECTION( '', ( 0.000000000000000, 2.19585250123647E-016, -1.00000000000000 ) );
#3072 = DIRECTION( '', ( 0.000000000000000, 1.23908819712629E-016, 1.00000000000000 ) );
#3073 = DIRECTION( '', ( 0.000000000000000, 1.00000000000000, 2.19585250123647E-016 ) );
#3074 = DIRECTION( '', ( 0.000000000000000, 2.19585250123647E-016, -1.00000000000000 ) );
ENDSEC;
END-ISO-10303-21;
